[0.000000] (-) TimerEvent: {}
[0.000149] (handsfree_imu_ros2) JobQueued: {'identifier': 'handsfree_imu_ros2', 'dependencies': OrderedDict()}
[0.000190] (wildbot_control) JobQueued: {'identifier': 'wildbot_control', 'dependencies': OrderedDict()}
[0.000208] (ydlidar_ros2_driver) JobQueued: {'identifier': 'ydlidar_ros2_driver', 'dependencies': OrderedDict()}
[0.000221] (yolo_msgs) JobQueued: {'identifier': 'yolo_msgs', 'dependencies': OrderedDict()}
[0.000233] (yolo_ros) JobQueued: {'identifier': 'yolo_ros', 'dependencies': OrderedDict({'yolo_msgs': '/workspaces/install/yolo_msgs'})}
[0.000251] (yolo_bringup) JobQueued: {'identifier': 'yolo_bringup', 'dependencies': OrderedDict({'yolo_msgs': '/workspaces/install/yolo_msgs', 'yolo_ros': '/workspaces/install/yolo_ros'})}
[0.000264] (yolo_msgs) JobStarted: {'identifier': 'yolo_msgs'}
[0.003001] (handsfree_imu_ros2) JobStarted: {'identifier': 'handsfree_imu_ros2'}
[0.005103] (wildbot_control) JobStarted: {'identifier': 'wildbot_control'}
[0.006795] (ydlidar_ros2_driver) JobStarted: {'identifier': 'ydlidar_ros2_driver'}
[0.008742] (yolo_msgs) JobProgress: {'identifier': 'yolo_msgs', 'progress': 'cmake'}
[0.008984] (yolo_msgs) JobProgress: {'identifier': 'yolo_msgs', 'progress': 'build'}
[0.009306] (yolo_msgs) Command: {'cmd': ['/usr/bin/cmake', '--build', '/workspaces/build/yolo_msgs', '--', '-j16', '-l16'], 'cwd': '/workspaces/build/yolo_msgs', 'env': OrderedDict({'HISTFILESIZE': '2147450879', 'GZ_CONFIG_PATH': '/opt/ros/jazzy/opt/sdformat_vendor/share/gz', 'HOSTNAME': '20c9a9ee66d6', 'SHLVL': '1', 'LD_LIBRARY_PATH': '/opt/ros/jazzy/opt/sdformat_vendor/lib:/opt/ros/jazzy/opt/rviz_ogre_vendor/lib:/opt/ros/jazzy/lib/x86_64-linux-gnu:/opt/ros/jazzy/opt/gz_math_vendor/lib:/opt/ros/jazzy/opt/gz_utils_vendor/lib:/opt/ros/jazzy/opt/gz_tools_vendor/lib:/opt/ros/jazzy/opt/gz_cmake_vendor/lib:/opt/ros/jazzy/lib', 'LESS': '-R', 'HOME': '/root', 'LSCOLORS': 'Gxfxcxdxdxegedabagacad', 'ROS_PYTHON_VERSION': '3', 'PAGER': 'less', 'ROS_DISTRO': 'jazzy', 'OSH': '/root/.oh-my-bash', '_': '/usr/bin/colcon', 'ROS_VERSION': '2', 'TERM': 'xterm', 'DRIVER_WS': '/robot_ws', 'PATH': '/usr/lib/ccache:/opt/ros/jazzy/opt/gz_tools_vendor/bin:/opt/ros/jazzy/bin:/usr/local/sbin:/usr/local/bin:/usr/sbin:/usr/bin:/sbin:/bin', 'ydlidar_sdk_DIR': '/usr/lib/cmake/ydlidar_sdk', 'HISTSIZE': '2147450879', 'LANG': 'C.UTF-8', 'LS_COLORS': 'rs=0:di=01;34:ln=01;36:mh=00:pi=40;33:so=01;35:do=01;35:bd=40;33;01:cd=40;33;01:or=40;31;01:mi=00:su=37;41:sg=30;43:ca=00:tw=30;42:ow=34;42:st=37;44:ex=01;32:*.tar=01;31:*.tgz=01;31:*.arc=01;31:*.arj=01;31:*.taz=01;31:*.lha=01;31:*.lz4=01;31:*.lzh=01;31:*.lzma=01;31:*.tlz=01;31:*.txz=01;31:*.tzo=01;31:*.t7z=01;31:*.zip=01;31:*.z=01;31:*.dz=01;31:*.gz=01;31:*.lrz=01;31:*.lz=01;31:*.lzo=01;31:*.xz=01;31:*.zst=01;31:*.tzst=01;31:*.bz2=01;31:*.bz=01;31:*.tbz=01;31:*.tbz2=01;31:*.tz=01;31:*.deb=01;31:*.rpm=01;31:*.jar=01;31:*.war=01;31:*.ear=01;31:*.sar=01;31:*.rar=01;31:*.alz=01;31:*.ace=01;31:*.zoo=01;31:*.cpio=01;31:*.7z=01;31:*.rz=01;31:*.cab=01;31:*.wim=01;31:*.swm=01;31:*.dwm=01;31:*.esd=01;31:*.avif=01;35:*.jpg=01;35:*.jpeg=01;35:*.mjpg=01;35:*.mjpeg=01;35:*.gif=01;35:*.bmp=01;35:*.pbm=01;35:*.pgm=01;35:*.ppm=01;35:*.tga=01;35:*.xbm=01;35:*.xpm=01;35:*.tif=01;35:*.tiff=01;35:*.png=01;35:*.svg=01;35:*.svgz=01;35:*.mng=01;35:*.pcx=01;35:*.mov=01;35:*.mpg=01;35:*.mpeg=01;35:*.m2v=01;35:*.mkv=01;35:*.webm=01;35:*.webp=01;35:*.ogm=01;35:*.mp4=01;35:*.m4v=01;35:*.mp4v=01;35:*.vob=01;35:*.qt=01;35:*.nuv=01;35:*.wmv=01;35:*.asf=01;35:*.rm=01;35:*.rmvb=01;35:*.flc=01;35:*.avi=01;35:*.fli=01;35:*.flv=01;35:*.gl=01;35:*.dl=01;35:*.xcf=01;35:*.xwd=01;35:*.yuv=01;35:*.cgm=01;35:*.emf=01;35:*.ogv=01;35:*.ogx=01;35:*.aac=00;36:*.au=00;36:*.flac=00;36:*.m4a=00;36:*.mid=00;36:*.midi=00;36:*.mka=00;36:*.mp3=00;36:*.mpc=00;36:*.ogg=00;36:*.ra=00;36:*.wav=00;36:*.oga=00;36:*.opus=00;36:*.spx=00;36:*.xspf=00;36:*~=00;90:*#=00;90:*.bak=00;90:*.crdownload=00;90:*.dpkg-dist=00;90:*.dpkg-new=00;90:*.dpkg-old=00;90:*.dpkg-tmp=00;90:*.old=00;90:*.orig=00;90:*.part=00;90:*.rej=00;90:*.rpmnew=00;90:*.rpmorig=00;90:*.rpmsave=00;90:*.swp=00;90:*.tmp=00;90:*.ucf-dist=00;90:*.ucf-new=00;90:*.ucf-old=00;90:', 'ROS_DOMAIN_ID': '0', 'AMENT_PREFIX_PATH': '/opt/ros/jazzy', 'ROS_AUTOMATIC_DISCOVERY_RANGE': 'SUBNET', 'PWD': '/workspaces/build/yolo_msgs', 'LC_ALL': 'C.UTF-8', 'PYTHONPATH': '/opt/ros/jazzy/lib/python3.12/site-packages', 'COLCON': '1', 'CMAKE_PREFIX_PATH': '/opt/ros/jazzy/opt/sdformat_vendor:/opt/ros/jazzy/opt/gz_math_vendor:/opt/ros/jazzy/opt/gz_utils_vendor:/opt/ros/jazzy/opt/gz_tools_vendor:/opt/ros/jazzy/opt/gz_cmake_vendor:/opt/ros/jazzy', 'ROS2_WS': '/workspaces'}), 'shell': False}
[0.099527] (-) TimerEvent: {}
[0.199765] (-) TimerEvent: {}
[0.214393] (yolo_msgs) StdoutLine: {'line': b'[  0%] Built target yolo_msgs__rosidl_generator_type_description\n'}
[0.214720] (yolo_msgs) StdoutLine: {'line': b'[  0%] Built target ament_cmake_python_symlink_yolo_msgs\n'}
[0.214843] (yolo_msgs) StdoutLine: {'line': b'[  0%] Built target yolo_msgs__cpp\n'}
[0.214873] (yolo_msgs) StdoutLine: {'line': b'[ 26%] Built target yolo_msgs__rosidl_generator_c\n'}
[0.214898] (yolo_msgs) StdoutLine: {'line': b'[ 45%] Built target yolo_msgs__rosidl_typesupport_cpp\n'}
[0.214921] (yolo_msgs) StdoutLine: {'line': b'[ 46%] Built target yolo_msgs__rosidl_typesupport_introspection_c\n'}
[0.214943] (yolo_msgs) StdoutLine: {'line': b'[ 56%] Built target yolo_msgs__rosidl_typesupport_c\n'}
[0.214965] (yolo_msgs) StdoutLine: {'line': b'[ 65%] Built target yolo_msgs__rosidl_typesupport_fastrtps_c\n'}
[0.214987] (yolo_msgs) StdoutLine: {'line': b'[ 75%] Built target yolo_msgs__rosidl_typesupport_introspection_cpp\n'}
[0.215010] (yolo_msgs) StdoutLine: {'line': b'[ 85%] Built target yolo_msgs__rosidl_typesupport_fastrtps_cpp\n'}
[0.215032] (yolo_msgs) StdoutLine: {'line': b'[ 85%] Built target yolo_msgs\n'}
[0.215055] (yolo_msgs) StdoutLine: {'line': b'[ 86%] Built target yolo_msgs__py\n'}
[0.215080] (yolo_msgs) StdoutLine: {'line': b'[ 96%] Built target yolo_msgs__rosidl_generator_py\n'}
[0.215104] (yolo_msgs) StdoutLine: {'line': b'running egg_info\n'}
[0.215127] (yolo_msgs) StdoutLine: {'line': b'[ 97%] Built target yolo_msgs_s__rosidl_typesupport_fastrtps_c\n'}
[0.215151] (yolo_msgs) StdoutLine: {'line': b'[ 98%] Built target yolo_msgs_s__rosidl_typesupport_c\n'}
[0.215173] (yolo_msgs) StdoutLine: {'line': b'[100%] Built target yolo_msgs_s__rosidl_typesupport_introspection_c\n'}
[0.215196] (yolo_msgs) StdoutLine: {'line': b'writing yolo_msgs.egg-info/PKG-INFO\n'}
[0.215218] (yolo_msgs) StdoutLine: {'line': b'writing dependency_links to yolo_msgs.egg-info/dependency_links.txt\n'}
[0.215241] (yolo_msgs) StdoutLine: {'line': b'writing top-level names to yolo_msgs.egg-info/top_level.txt\n'}
[0.215263] (yolo_msgs) StdoutLine: {'line': b"reading manifest file 'yolo_msgs.egg-info/SOURCES.txt'\n"}
[0.215284] (yolo_msgs) StdoutLine: {'line': b"writing manifest file 'yolo_msgs.egg-info/SOURCES.txt'\n"}
[0.215306] (yolo_msgs) StdoutLine: {'line': b'[100%] Built target ament_cmake_python_build_yolo_msgs_egg\n'}
[0.215637] (ydlidar_ros2_driver) JobProgress: {'identifier': 'ydlidar_ros2_driver', 'progress': 'cmake'}
[0.215806] (ydlidar_ros2_driver) JobProgress: {'identifier': 'ydlidar_ros2_driver', 'progress': 'build'}
[0.216072] (ydlidar_ros2_driver) Command: {'cmd': ['/usr/bin/cmake', '--build', '/workspaces/build/ydlidar_ros2_driver', '--', '-j16', '-l16'], 'cwd': '/workspaces/build/ydlidar_ros2_driver', 'env': OrderedDict({'HISTFILESIZE': '2147450879', 'GZ_CONFIG_PATH': '/opt/ros/jazzy/opt/sdformat_vendor/share/gz', 'HOSTNAME': '20c9a9ee66d6', 'SHLVL': '1', 'LD_LIBRARY_PATH': '/opt/ros/jazzy/opt/sdformat_vendor/lib:/opt/ros/jazzy/opt/rviz_ogre_vendor/lib:/opt/ros/jazzy/lib/x86_64-linux-gnu:/opt/ros/jazzy/opt/gz_math_vendor/lib:/opt/ros/jazzy/opt/gz_utils_vendor/lib:/opt/ros/jazzy/opt/gz_tools_vendor/lib:/opt/ros/jazzy/opt/gz_cmake_vendor/lib:/opt/ros/jazzy/lib', 'LESS': '-R', 'HOME': '/root', 'LSCOLORS': 'Gxfxcxdxdxegedabagacad', 'ROS_PYTHON_VERSION': '3', 'PAGER': 'less', 'ROS_DISTRO': 'jazzy', 'OSH': '/root/.oh-my-bash', '_': '/usr/bin/colcon', 'ROS_VERSION': '2', 'TERM': 'xterm', 'DRIVER_WS': '/robot_ws', 'PATH': '/usr/lib/ccache:/opt/ros/jazzy/opt/gz_tools_vendor/bin:/opt/ros/jazzy/bin:/usr/local/sbin:/usr/local/bin:/usr/sbin:/usr/bin:/sbin:/bin', 'ydlidar_sdk_DIR': '/usr/lib/cmake/ydlidar_sdk', 'HISTSIZE': '2147450879', 'LANG': 'C.UTF-8', 'LS_COLORS': 'rs=0:di=01;34:ln=01;36:mh=00:pi=40;33:so=01;35:do=01;35:bd=40;33;01:cd=40;33;01:or=40;31;01:mi=00:su=37;41:sg=30;43:ca=00:tw=30;42:ow=34;42:st=37;44:ex=01;32:*.tar=01;31:*.tgz=01;31:*.arc=01;31:*.arj=01;31:*.taz=01;31:*.lha=01;31:*.lz4=01;31:*.lzh=01;31:*.lzma=01;31:*.tlz=01;31:*.txz=01;31:*.tzo=01;31:*.t7z=01;31:*.zip=01;31:*.z=01;31:*.dz=01;31:*.gz=01;31:*.lrz=01;31:*.lz=01;31:*.lzo=01;31:*.xz=01;31:*.zst=01;31:*.tzst=01;31:*.bz2=01;31:*.bz=01;31:*.tbz=01;31:*.tbz2=01;31:*.tz=01;31:*.deb=01;31:*.rpm=01;31:*.jar=01;31:*.war=01;31:*.ear=01;31:*.sar=01;31:*.rar=01;31:*.alz=01;31:*.ace=01;31:*.zoo=01;31:*.cpio=01;31:*.7z=01;31:*.rz=01;31:*.cab=01;31:*.wim=01;31:*.swm=01;31:*.dwm=01;31:*.esd=01;31:*.avif=01;35:*.jpg=01;35:*.jpeg=01;35:*.mjpg=01;35:*.mjpeg=01;35:*.gif=01;35:*.bmp=01;35:*.pbm=01;35:*.pgm=01;35:*.ppm=01;35:*.tga=01;35:*.xbm=01;35:*.xpm=01;35:*.tif=01;35:*.tiff=01;35:*.png=01;35:*.svg=01;35:*.svgz=01;35:*.mng=01;35:*.pcx=01;35:*.mov=01;35:*.mpg=01;35:*.mpeg=01;35:*.m2v=01;35:*.mkv=01;35:*.webm=01;35:*.webp=01;35:*.ogm=01;35:*.mp4=01;35:*.m4v=01;35:*.mp4v=01;35:*.vob=01;35:*.qt=01;35:*.nuv=01;35:*.wmv=01;35:*.asf=01;35:*.rm=01;35:*.rmvb=01;35:*.flc=01;35:*.avi=01;35:*.fli=01;35:*.flv=01;35:*.gl=01;35:*.dl=01;35:*.xcf=01;35:*.xwd=01;35:*.yuv=01;35:*.cgm=01;35:*.emf=01;35:*.ogv=01;35:*.ogx=01;35:*.aac=00;36:*.au=00;36:*.flac=00;36:*.m4a=00;36:*.mid=00;36:*.midi=00;36:*.mka=00;36:*.mp3=00;36:*.mpc=00;36:*.ogg=00;36:*.ra=00;36:*.wav=00;36:*.oga=00;36:*.opus=00;36:*.spx=00;36:*.xspf=00;36:*~=00;90:*#=00;90:*.bak=00;90:*.crdownload=00;90:*.dpkg-dist=00;90:*.dpkg-new=00;90:*.dpkg-old=00;90:*.dpkg-tmp=00;90:*.old=00;90:*.orig=00;90:*.part=00;90:*.rej=00;90:*.rpmnew=00;90:*.rpmorig=00;90:*.rpmsave=00;90:*.swp=00;90:*.tmp=00;90:*.ucf-dist=00;90:*.ucf-new=00;90:*.ucf-old=00;90:', 'ROS_DOMAIN_ID': '0', 'AMENT_PREFIX_PATH': '/opt/ros/jazzy', 'ROS_AUTOMATIC_DISCOVERY_RANGE': 'SUBNET', 'PWD': '/workspaces/build/ydlidar_ros2_driver', 'LC_ALL': 'C.UTF-8', 'PYTHONPATH': '/opt/ros/jazzy/lib/python3.12/site-packages', 'COLCON': '1', 'CMAKE_PREFIX_PATH': '/opt/ros/jazzy/opt/sdformat_vendor:/opt/ros/jazzy/opt/gz_math_vendor:/opt/ros/jazzy/opt/gz_utils_vendor:/opt/ros/jazzy/opt/gz_tools_vendor:/opt/ros/jazzy/opt/gz_cmake_vendor:/opt/ros/jazzy', 'ROS2_WS': '/workspaces'}), 'shell': False}
[0.220298] (yolo_msgs) CommandEnded: {'returncode': 0}
[0.220880] (yolo_msgs) JobProgress: {'identifier': 'yolo_msgs', 'progress': 'install'}
[0.228300] (yolo_msgs) Command: {'cmd': ['/usr/bin/cmake', '--install', '/workspaces/build/yolo_msgs'], 'cwd': '/workspaces/build/yolo_msgs', 'env': OrderedDict({'HISTFILESIZE': '2147450879', 'GZ_CONFIG_PATH': '/opt/ros/jazzy/opt/sdformat_vendor/share/gz', 'HOSTNAME': '20c9a9ee66d6', 'SHLVL': '1', 'LD_LIBRARY_PATH': '/opt/ros/jazzy/opt/sdformat_vendor/lib:/opt/ros/jazzy/opt/rviz_ogre_vendor/lib:/opt/ros/jazzy/lib/x86_64-linux-gnu:/opt/ros/jazzy/opt/gz_math_vendor/lib:/opt/ros/jazzy/opt/gz_utils_vendor/lib:/opt/ros/jazzy/opt/gz_tools_vendor/lib:/opt/ros/jazzy/opt/gz_cmake_vendor/lib:/opt/ros/jazzy/lib', 'LESS': '-R', 'HOME': '/root', 'LSCOLORS': 'Gxfxcxdxdxegedabagacad', 'ROS_PYTHON_VERSION': '3', 'PAGER': 'less', 'ROS_DISTRO': 'jazzy', 'OSH': '/root/.oh-my-bash', '_': '/usr/bin/colcon', 'ROS_VERSION': '2', 'TERM': 'xterm', 'DRIVER_WS': '/robot_ws', 'PATH': '/usr/lib/ccache:/opt/ros/jazzy/opt/gz_tools_vendor/bin:/opt/ros/jazzy/bin:/usr/local/sbin:/usr/local/bin:/usr/sbin:/usr/bin:/sbin:/bin', 'ydlidar_sdk_DIR': '/usr/lib/cmake/ydlidar_sdk', 'HISTSIZE': '2147450879', 'LANG': 'C.UTF-8', 'LS_COLORS': 'rs=0:di=01;34:ln=01;36:mh=00:pi=40;33:so=01;35:do=01;35:bd=40;33;01:cd=40;33;01:or=40;31;01:mi=00:su=37;41:sg=30;43:ca=00:tw=30;42:ow=34;42:st=37;44:ex=01;32:*.tar=01;31:*.tgz=01;31:*.arc=01;31:*.arj=01;31:*.taz=01;31:*.lha=01;31:*.lz4=01;31:*.lzh=01;31:*.lzma=01;31:*.tlz=01;31:*.txz=01;31:*.tzo=01;31:*.t7z=01;31:*.zip=01;31:*.z=01;31:*.dz=01;31:*.gz=01;31:*.lrz=01;31:*.lz=01;31:*.lzo=01;31:*.xz=01;31:*.zst=01;31:*.tzst=01;31:*.bz2=01;31:*.bz=01;31:*.tbz=01;31:*.tbz2=01;31:*.tz=01;31:*.deb=01;31:*.rpm=01;31:*.jar=01;31:*.war=01;31:*.ear=01;31:*.sar=01;31:*.rar=01;31:*.alz=01;31:*.ace=01;31:*.zoo=01;31:*.cpio=01;31:*.7z=01;31:*.rz=01;31:*.cab=01;31:*.wim=01;31:*.swm=01;31:*.dwm=01;31:*.esd=01;31:*.avif=01;35:*.jpg=01;35:*.jpeg=01;35:*.mjpg=01;35:*.mjpeg=01;35:*.gif=01;35:*.bmp=01;35:*.pbm=01;35:*.pgm=01;35:*.ppm=01;35:*.tga=01;35:*.xbm=01;35:*.xpm=01;35:*.tif=01;35:*.tiff=01;35:*.png=01;35:*.svg=01;35:*.svgz=01;35:*.mng=01;35:*.pcx=01;35:*.mov=01;35:*.mpg=01;35:*.mpeg=01;35:*.m2v=01;35:*.mkv=01;35:*.webm=01;35:*.webp=01;35:*.ogm=01;35:*.mp4=01;35:*.m4v=01;35:*.mp4v=01;35:*.vob=01;35:*.qt=01;35:*.nuv=01;35:*.wmv=01;35:*.asf=01;35:*.rm=01;35:*.rmvb=01;35:*.flc=01;35:*.avi=01;35:*.fli=01;35:*.flv=01;35:*.gl=01;35:*.dl=01;35:*.xcf=01;35:*.xwd=01;35:*.yuv=01;35:*.cgm=01;35:*.emf=01;35:*.ogv=01;35:*.ogx=01;35:*.aac=00;36:*.au=00;36:*.flac=00;36:*.m4a=00;36:*.mid=00;36:*.midi=00;36:*.mka=00;36:*.mp3=00;36:*.mpc=00;36:*.ogg=00;36:*.ra=00;36:*.wav=00;36:*.oga=00;36:*.opus=00;36:*.spx=00;36:*.xspf=00;36:*~=00;90:*#=00;90:*.bak=00;90:*.crdownload=00;90:*.dpkg-dist=00;90:*.dpkg-new=00;90:*.dpkg-old=00;90:*.dpkg-tmp=00;90:*.old=00;90:*.orig=00;90:*.part=00;90:*.rej=00;90:*.rpmnew=00;90:*.rpmorig=00;90:*.rpmsave=00;90:*.swp=00;90:*.tmp=00;90:*.ucf-dist=00;90:*.ucf-new=00;90:*.ucf-old=00;90:', 'ROS_DOMAIN_ID': '0', 'AMENT_PREFIX_PATH': '/opt/ros/jazzy', 'ROS_AUTOMATIC_DISCOVERY_RANGE': 'SUBNET', 'PWD': '/workspaces/build/yolo_msgs', 'LC_ALL': 'C.UTF-8', 'PYTHONPATH': '/opt/ros/jazzy/lib/python3.12/site-packages', 'COLCON': '1', 'CMAKE_PREFIX_PATH': '/opt/ros/jazzy/opt/sdformat_vendor:/opt/ros/jazzy/opt/gz_math_vendor:/opt/ros/jazzy/opt/gz_utils_vendor:/opt/ros/jazzy/opt/gz_tools_vendor:/opt/ros/jazzy/opt/gz_cmake_vendor:/opt/ros/jazzy', 'ROS2_WS': '/workspaces'}), 'shell': False}
[0.234179] (yolo_msgs) StdoutLine: {'line': b'-- Install configuration: ""\n'}
[0.234560] (yolo_msgs) StdoutLine: {'line': b'-- Execute custom install script\n'}
[0.234650] (yolo_msgs) StdoutLine: {'line': b'-- Up-to-date symlink: /workspaces/install/yolo_msgs/share/ament_index/resource_index/rosidl_interfaces/yolo_msgs\n'}
[0.234722] (yolo_msgs) StdoutLine: {'line': b'-- Up-to-date symlink: /workspaces/install/yolo_msgs/share/yolo_msgs/msg/Point2D.json\n'}
[0.234782] (yolo_msgs) StdoutLine: {'line': b'-- Up-to-date symlink: /workspaces/install/yolo_msgs/share/yolo_msgs/msg/Vector2.json\n'}
[0.234839] (yolo_msgs) StdoutLine: {'line': b'-- Up-to-date symlink: /workspaces/install/yolo_msgs/share/yolo_msgs/msg/Pose2D.json\n'}
[0.234894] (yolo_msgs) StdoutLine: {'line': b'-- Up-to-date symlink: /workspaces/install/yolo_msgs/share/yolo_msgs/msg/BoundingBox2D.json\n'}
[0.234948] (yolo_msgs) StdoutLine: {'line': b'-- Up-to-date symlink: /workspaces/install/yolo_msgs/share/yolo_msgs/msg/BoundingBox3D.json\n'}
[0.235000] (yolo_msgs) StdoutLine: {'line': b'-- Up-to-date symlink: /workspaces/install/yolo_msgs/share/yolo_msgs/msg/Mask.json\n'}
[0.235099] (yolo_msgs) StdoutLine: {'line': b'-- Up-to-date symlink: /workspaces/install/yolo_msgs/share/yolo_msgs/msg/KeyPoint2D.json\n'}
[0.235148] (yolo_msgs) StdoutLine: {'line': b'-- Up-to-date symlink: /workspaces/install/yolo_msgs/share/yolo_msgs/msg/KeyPoint2DArray.json\n'}
[0.235193] (yolo_msgs) StdoutLine: {'line': b'-- Up-to-date symlink: /workspaces/install/yolo_msgs/share/yolo_msgs/msg/KeyPoint3D.json\n'}
[0.235220] (yolo_msgs) StdoutLine: {'line': b'-- Up-to-date symlink: /workspaces/install/yolo_msgs/share/yolo_msgs/msg/KeyPoint3DArray.json\n'}
[0.235254] (yolo_msgs) StdoutLine: {'line': b'-- Up-to-date symlink: /workspaces/install/yolo_msgs/share/yolo_msgs/msg/Detection.json\n'}
[0.235286] (yolo_msgs) StdoutLine: {'line': b'-- Up-to-date symlink: /workspaces/install/yolo_msgs/share/yolo_msgs/msg/DetectionArray.json\n'}
[0.235333] (yolo_msgs) StdoutLine: {'line': b'-- Up-to-date symlink: /workspaces/install/yolo_msgs/share/yolo_msgs/srv/SetClasses.json\n'}
[0.235807] (yolo_msgs) StdoutLine: {'line': b'-- Up-to-date symlink: /workspaces/install/yolo_msgs/include/yolo_msgs/yolo_msgs/msg/bounding_box2_d.h\n'}
[0.235843] (yolo_msgs) StdoutLine: {'line': b'-- Up-to-date symlink: /workspaces/install/yolo_msgs/include/yolo_msgs/yolo_msgs/msg/bounding_box3_d.h\n'}
[0.235898] (yolo_msgs) StdoutLine: {'line': b'-- Up-to-date symlink: /workspaces/install/yolo_msgs/include/yolo_msgs/yolo_msgs/msg/detail/bounding_box2_d__functions.h\n'}
[0.236018] (yolo_msgs) StdoutLine: {'line': b'-- Up-to-date symlink: /workspaces/install/yolo_msgs/include/yolo_msgs/yolo_msgs/msg/detail/bounding_box2_d__struct.h\n'}
[0.236134] (yolo_msgs) StdoutLine: {'line': b'-- Up-to-date symlink: /workspaces/install/yolo_msgs/include/yolo_msgs/yolo_msgs/msg/detail/bounding_box2_d__type_support.h\n'}
[0.236211] (yolo_msgs) StdoutLine: {'line': b'-- Up-to-date symlink: /workspaces/install/yolo_msgs/include/yolo_msgs/yolo_msgs/msg/detail/bounding_box3_d__functions.h\n'}
[0.236279] (yolo_msgs) StdoutLine: {'line': b'-- Up-to-date symlink: /workspaces/install/yolo_msgs/include/yolo_msgs/yolo_msgs/msg/detail/bounding_box3_d__struct.h\n'}
[0.236344] (yolo_msgs) StdoutLine: {'line': b'-- Up-to-date symlink: /workspaces/install/yolo_msgs/include/yolo_msgs/yolo_msgs/msg/detail/bounding_box3_d__type_support.h\n'}
[0.236405] (yolo_msgs) StdoutLine: {'line': b'-- Up-to-date symlink: /workspaces/install/yolo_msgs/include/yolo_msgs/yolo_msgs/msg/detail/detection__functions.h\n'}
[0.236521] (yolo_msgs) StdoutLine: {'line': b'-- Up-to-date symlink: /workspaces/install/yolo_msgs/include/yolo_msgs/yolo_msgs/msg/detail/detection__struct.h\n'}
[0.236591] (yolo_msgs) StdoutLine: {'line': b'-- Up-to-date symlink: /workspaces/install/yolo_msgs/include/yolo_msgs/yolo_msgs/msg/detail/detection__type_support.h\n'}
[0.236654] (yolo_msgs) StdoutLine: {'line': b'-- Up-to-date symlink: /workspaces/install/yolo_msgs/include/yolo_msgs/yolo_msgs/msg/detail/detection_array__functions.h\n'}
[0.236721] (yolo_msgs) StdoutLine: {'line': b'-- Up-to-date symlink: /workspaces/install/yolo_msgs/include/yolo_msgs/yolo_msgs/msg/detail/detection_array__struct.h\n'}
[0.236782] (yolo_msgs) StdoutLine: {'line': b'-- Up-to-date symlink: /workspaces/install/yolo_msgs/include/yolo_msgs/yolo_msgs/msg/detail/detection_array__type_support.h\n'}
[0.236843] (yolo_msgs) StdoutLine: {'line': b'-- Up-to-date symlink: /workspaces/install/yolo_msgs/include/yolo_msgs/yolo_msgs/msg/detail/key_point2_d__functions.h\n'}
[0.236907] (yolo_msgs) StdoutLine: {'line': b'-- Up-to-date symlink: /workspaces/install/yolo_msgs/include/yolo_msgs/yolo_msgs/msg/detail/key_point2_d__struct.h\n'}
[0.236969] (yolo_msgs) StdoutLine: {'line': b'-- Up-to-date symlink: /workspaces/install/yolo_msgs/include/yolo_msgs/yolo_msgs/msg/detail/key_point2_d__type_support.h\n'}
[0.237031] (yolo_msgs) StdoutLine: {'line': b'-- Up-to-date symlink: /workspaces/install/yolo_msgs/include/yolo_msgs/yolo_msgs/msg/detail/key_point2_d_array__functions.h\n'}
[0.237094] (yolo_msgs) StdoutLine: {'line': b'-- Up-to-date symlink: /workspaces/install/yolo_msgs/include/yolo_msgs/yolo_msgs/msg/detail/key_point2_d_array__struct.h\n'}
[0.237156] (yolo_msgs) StdoutLine: {'line': b'-- Up-to-date symlink: /workspaces/install/yolo_msgs/include/yolo_msgs/yolo_msgs/msg/detail/key_point2_d_array__type_support.h\n'}
[0.237220] (yolo_msgs) StdoutLine: {'line': b'-- Up-to-date symlink: /workspaces/install/yolo_msgs/include/yolo_msgs/yolo_msgs/msg/detail/key_point3_d__functions.h\n'}
[0.237280] (yolo_msgs) StdoutLine: {'line': b'-- Up-to-date symlink: /workspaces/install/yolo_msgs/include/yolo_msgs/yolo_msgs/msg/detail/key_point3_d__struct.h\n'}
[0.237341] (yolo_msgs) StdoutLine: {'line': b'-- Up-to-date symlink: /workspaces/install/yolo_msgs/include/yolo_msgs/yolo_msgs/msg/detail/key_point3_d__type_support.h\n'}
[0.237401] (yolo_msgs) StdoutLine: {'line': b'-- Up-to-date symlink: /workspaces/install/yolo_msgs/include/yolo_msgs/yolo_msgs/msg/detail/key_point3_d_array__functions.h\n'}
[0.237465] (yolo_msgs) StdoutLine: {'line': b'-- Up-to-date symlink: /workspaces/install/yolo_msgs/include/yolo_msgs/yolo_msgs/msg/detail/key_point3_d_array__struct.h\n'}
[0.237537] (yolo_msgs) StdoutLine: {'line': b'-- Up-to-date symlink: /workspaces/install/yolo_msgs/include/yolo_msgs/yolo_msgs/msg/detail/key_point3_d_array__type_support.h\n'}
[0.237599] (yolo_msgs) StdoutLine: {'line': b'-- Up-to-date symlink: /workspaces/install/yolo_msgs/include/yolo_msgs/yolo_msgs/msg/detail/mask__functions.h\n'}
[0.237664] (yolo_msgs) StdoutLine: {'line': b'-- Up-to-date symlink: /workspaces/install/yolo_msgs/include/yolo_msgs/yolo_msgs/msg/detail/mask__struct.h\n'}
[0.237727] (yolo_msgs) StdoutLine: {'line': b'-- Up-to-date symlink: /workspaces/install/yolo_msgs/include/yolo_msgs/yolo_msgs/msg/detail/mask__type_support.h\n'}
[0.237789] (yolo_msgs) StdoutLine: {'line': b'-- Up-to-date symlink: /workspaces/install/yolo_msgs/include/yolo_msgs/yolo_msgs/msg/detail/point2_d__functions.h\n'}
[0.237851] (yolo_msgs) StdoutLine: {'line': b'-- Up-to-date symlink: /workspaces/install/yolo_msgs/include/yolo_msgs/yolo_msgs/msg/detail/point2_d__struct.h\n'}
[0.237914] (yolo_msgs) StdoutLine: {'line': b'-- Up-to-date symlink: /workspaces/install/yolo_msgs/include/yolo_msgs/yolo_msgs/msg/detail/point2_d__type_support.h\n'}
[0.237977] (yolo_msgs) StdoutLine: {'line': b'-- Up-to-date symlink: /workspaces/install/yolo_msgs/include/yolo_msgs/yolo_msgs/msg/detail/pose2_d__functions.h\n'}
[0.238048] (yolo_msgs) StdoutLine: {'line': b'-- Up-to-date symlink: /workspaces/install/yolo_msgs/include/yolo_msgs/yolo_msgs/msg/detail/pose2_d__struct.h\n'}
[0.238111] (yolo_msgs) StdoutLine: {'line': b'-- Up-to-date symlink: /workspaces/install/yolo_msgs/include/yolo_msgs/yolo_msgs/msg/detail/pose2_d__type_support.h\n'}
[0.238172] (yolo_msgs) StdoutLine: {'line': b'-- Up-to-date symlink: /workspaces/install/yolo_msgs/include/yolo_msgs/yolo_msgs/msg/detail/vector2__functions.h\n'}
[0.238236] (yolo_msgs) StdoutLine: {'line': b'-- Up-to-date symlink: /workspaces/install/yolo_msgs/include/yolo_msgs/yolo_msgs/msg/detail/vector2__struct.h\n'}
[0.238296] (yolo_msgs) StdoutLine: {'line': b'-- Up-to-date symlink: /workspaces/install/yolo_msgs/include/yolo_msgs/yolo_msgs/msg/detail/vector2__type_support.h\n'}
[0.238360] (yolo_msgs) StdoutLine: {'line': b'-- Up-to-date symlink: /workspaces/install/yolo_msgs/include/yolo_msgs/yolo_msgs/msg/detection.h\n'}
[0.238431] (yolo_msgs) StdoutLine: {'line': b'-- Up-to-date symlink: /workspaces/install/yolo_msgs/include/yolo_msgs/yolo_msgs/msg/detection_array.h\n'}
[0.238560] (yolo_msgs) StdoutLine: {'line': b'-- Up-to-date symlink: /workspaces/install/yolo_msgs/include/yolo_msgs/yolo_msgs/msg/key_point2_d.h\n'}
[0.238621] (yolo_msgs) StdoutLine: {'line': b'-- Up-to-date symlink: /workspaces/install/yolo_msgs/include/yolo_msgs/yolo_msgs/msg/key_point2_d_array.h\n'}
[0.238683] (yolo_msgs) StdoutLine: {'line': b'-- Up-to-date symlink: /workspaces/install/yolo_msgs/include/yolo_msgs/yolo_msgs/msg/key_point3_d.h\n'}
[0.238740] (yolo_msgs) StdoutLine: {'line': b'-- Up-to-date symlink: /workspaces/install/yolo_msgs/include/yolo_msgs/yolo_msgs/msg/key_point3_d_array.h\n'}
[0.238802] (yolo_msgs) StdoutLine: {'line': b'-- Up-to-date symlink: /workspaces/install/yolo_msgs/include/yolo_msgs/yolo_msgs/msg/mask.h\n'}
[0.238862] (yolo_msgs) StdoutLine: {'line': b'-- Up-to-date symlink: /workspaces/install/yolo_msgs/include/yolo_msgs/yolo_msgs/msg/point2_d.h\n'}
[0.238923] (yolo_msgs) StdoutLine: {'line': b'-- Up-to-date symlink: /workspaces/install/yolo_msgs/include/yolo_msgs/yolo_msgs/msg/pose2_d.h\n'}
[0.238987] (yolo_msgs) StdoutLine: {'line': b'-- Up-to-date symlink: /workspaces/install/yolo_msgs/include/yolo_msgs/yolo_msgs/msg/rosidl_generator_c__visibility_control.h\n'}
[0.239048] (yolo_msgs) StdoutLine: {'line': b'-- Up-to-date symlink: /workspaces/install/yolo_msgs/include/yolo_msgs/yolo_msgs/msg/vector2.h\n'}
[0.239113] (yolo_msgs) StdoutLine: {'line': b'-- Up-to-date symlink: /workspaces/install/yolo_msgs/include/yolo_msgs/yolo_msgs/srv/detail/set_classes__functions.h\n'}
[0.239176] (yolo_msgs) StdoutLine: {'line': b'-- Up-to-date symlink: /workspaces/install/yolo_msgs/include/yolo_msgs/yolo_msgs/srv/detail/set_classes__struct.h\n'}
[0.239239] (yolo_msgs) StdoutLine: {'line': b'-- Up-to-date symlink: /workspaces/install/yolo_msgs/include/yolo_msgs/yolo_msgs/srv/detail/set_classes__type_support.h\n'}
[0.239301] (yolo_msgs) StdoutLine: {'line': b'-- Up-to-date symlink: /workspaces/install/yolo_msgs/include/yolo_msgs/yolo_msgs/srv/set_classes.h\n'}
[0.239455] (yolo_msgs) StdoutLine: {'line': b'-- Up-to-date symlink: /workspaces/install/yolo_msgs/share/yolo_msgs/environment/library_path.sh\n'}
[0.239618] (yolo_msgs) StdoutLine: {'line': b'-- Up-to-date symlink: /workspaces/install/yolo_msgs/share/yolo_msgs/environment/library_path.dsv\n'}
[0.239946] (yolo_msgs) StdoutLine: {'line': b'-- Up-to-date symlink: /workspaces/install/yolo_msgs/include/yolo_msgs/yolo_msgs/msg/detail/bounding_box2_d__rosidl_typesupport_fastrtps_c.h\n'}
[0.240009] (yolo_msgs) StdoutLine: {'line': b'-- Up-to-date symlink: /workspaces/install/yolo_msgs/include/yolo_msgs/yolo_msgs/msg/detail/bounding_box3_d__rosidl_typesupport_fastrtps_c.h\n'}
[0.240065] (yolo_msgs) StdoutLine: {'line': b'-- Up-to-date symlink: /workspaces/install/yolo_msgs/include/yolo_msgs/yolo_msgs/msg/detail/detection__rosidl_typesupport_fastrtps_c.h\n'}
[0.240124] (yolo_msgs) StdoutLine: {'line': b'-- Up-to-date symlink: /workspaces/install/yolo_msgs/include/yolo_msgs/yolo_msgs/msg/detail/detection_array__rosidl_typesupport_fastrtps_c.h\n'}
[0.240175] (yolo_msgs) StdoutLine: {'line': b'-- Up-to-date symlink: /workspaces/install/yolo_msgs/include/yolo_msgs/yolo_msgs/msg/detail/key_point2_d__rosidl_typesupport_fastrtps_c.h\n'}
[0.240232] (yolo_msgs) StdoutLine: {'line': b'-- Up-to-date symlink: /workspaces/install/yolo_msgs/include/yolo_msgs/yolo_msgs/msg/detail/key_point2_d_array__rosidl_typesupport_fastrtps_c.h\n'}
[0.240288] (yolo_msgs) StdoutLine: {'line': b'-- Up-to-date symlink: /workspaces/install/yolo_msgs/include/yolo_msgs/yolo_msgs/msg/detail/key_point3_d__rosidl_typesupport_fastrtps_c.h\n'}
[0.240339] (yolo_msgs) StdoutLine: {'line': b'-- Up-to-date symlink: /workspaces/install/yolo_msgs/include/yolo_msgs/yolo_msgs/msg/detail/key_point3_d_array__rosidl_typesupport_fastrtps_c.h\n'}
[0.240396] (yolo_msgs) StdoutLine: {'line': b'-- Up-to-date symlink: /workspaces/install/yolo_msgs/include/yolo_msgs/yolo_msgs/msg/detail/mask__rosidl_typesupport_fastrtps_c.h\n'}
[0.240439] (yolo_msgs) StdoutLine: {'line': b'-- Up-to-date symlink: /workspaces/install/yolo_msgs/include/yolo_msgs/yolo_msgs/msg/detail/point2_d__rosidl_typesupport_fastrtps_c.h\n'}
[0.240487] (yolo_msgs) StdoutLine: {'line': b'-- Up-to-date symlink: /workspaces/install/yolo_msgs/include/yolo_msgs/yolo_msgs/msg/detail/pose2_d__rosidl_typesupport_fastrtps_c.h\n'}
[0.240528] (yolo_msgs) StdoutLine: {'line': b'-- Up-to-date symlink: /workspaces/install/yolo_msgs/include/yolo_msgs/yolo_msgs/msg/detail/vector2__rosidl_typesupport_fastrtps_c.h\n'}
[0.240572] (yolo_msgs) StdoutLine: {'line': b'-- Up-to-date symlink: /workspaces/install/yolo_msgs/include/yolo_msgs/yolo_msgs/msg/rosidl_typesupport_fastrtps_c__visibility_control.h\n'}
[0.240629] (yolo_msgs) StdoutLine: {'line': b'-- Up-to-date symlink: /workspaces/install/yolo_msgs/include/yolo_msgs/yolo_msgs/srv/detail/set_classes__rosidl_typesupport_fastrtps_c.h\n'}
[0.240685] (yolo_msgs) StdoutLine: {'line': b'-- Up-to-date symlink: /workspaces/install/yolo_msgs/include/yolo_msgs/yolo_msgs/msg/detail/bounding_box2_d__rosidl_typesupport_introspection_c.h\n'}
[0.240743] (yolo_msgs) StdoutLine: {'line': b'-- Up-to-date symlink: /workspaces/install/yolo_msgs/include/yolo_msgs/yolo_msgs/msg/detail/bounding_box3_d__rosidl_typesupport_introspection_c.h\n'}
[0.240792] (yolo_msgs) StdoutLine: {'line': b'-- Up-to-date symlink: /workspaces/install/yolo_msgs/include/yolo_msgs/yolo_msgs/msg/detail/detection__rosidl_typesupport_introspection_c.h\n'}
[0.240848] (yolo_msgs) StdoutLine: {'line': b'-- Up-to-date symlink: /workspaces/install/yolo_msgs/include/yolo_msgs/yolo_msgs/msg/detail/detection_array__rosidl_typesupport_introspection_c.h\n'}
[0.240911] (yolo_msgs) StdoutLine: {'line': b'-- Up-to-date symlink: /workspaces/install/yolo_msgs/include/yolo_msgs/yolo_msgs/msg/detail/key_point2_d__rosidl_typesupport_introspection_c.h\n'}
[0.240958] (yolo_msgs) StdoutLine: {'line': b'-- Up-to-date symlink: /workspaces/install/yolo_msgs/include/yolo_msgs/yolo_msgs/msg/detail/key_point2_d_array__rosidl_typesupport_introspection_c.h\n'}
[0.241012] (yolo_msgs) StdoutLine: {'line': b'-- Up-to-date symlink: /workspaces/install/yolo_msgs/include/yolo_msgs/yolo_msgs/msg/detail/key_point3_d__rosidl_typesupport_introspection_c.h\n'}
[0.241053] (yolo_msgs) StdoutLine: {'line': b'-- Up-to-date symlink: /workspaces/install/yolo_msgs/include/yolo_msgs/yolo_msgs/msg/detail/key_point3_d_array__rosidl_typesupport_introspection_c.h\n'}
[0.241093] (yolo_msgs) StdoutLine: {'line': b'-- Up-to-date symlink: /workspaces/install/yolo_msgs/include/yolo_msgs/yolo_msgs/msg/detail/mask__rosidl_typesupport_introspection_c.h\n'}
[0.241134] (yolo_msgs) StdoutLine: {'line': b'-- Up-to-date symlink: /workspaces/install/yolo_msgs/include/yolo_msgs/yolo_msgs/msg/detail/point2_d__rosidl_typesupport_introspection_c.h\n'}
[0.241175] (yolo_msgs) StdoutLine: {'line': b'-- Up-to-date symlink: /workspaces/install/yolo_msgs/include/yolo_msgs/yolo_msgs/msg/detail/pose2_d__rosidl_typesupport_introspection_c.h\n'}
[0.241216] (yolo_msgs) StdoutLine: {'line': b'-- Up-to-date symlink: /workspaces/install/yolo_msgs/include/yolo_msgs/yolo_msgs/msg/detail/vector2__rosidl_typesupport_introspection_c.h\n'}
[0.241259] (yolo_msgs) StdoutLine: {'line': b'-- Up-to-date symlink: /workspaces/install/yolo_msgs/include/yolo_msgs/yolo_msgs/msg/rosidl_typesupport_introspection_c__visibility_control.h\n'}
[0.241300] (yolo_msgs) StdoutLine: {'line': b'-- Up-to-date symlink: /workspaces/install/yolo_msgs/include/yolo_msgs/yolo_msgs/srv/detail/set_classes__rosidl_typesupport_introspection_c.h\n'}
[0.241349] (yolo_msgs) StdoutLine: {'line': b'-- Up-to-date symlink: /workspaces/install/yolo_msgs/include/yolo_msgs/yolo_msgs/msg/bounding_box2_d.hpp\n'}
[0.241401] (yolo_msgs) StdoutLine: {'line': b'-- Up-to-date symlink: /workspaces/install/yolo_msgs/include/yolo_msgs/yolo_msgs/msg/bounding_box3_d.hpp\n'}
[0.241447] (yolo_msgs) StdoutLine: {'line': b'-- Up-to-date symlink: /workspaces/install/yolo_msgs/include/yolo_msgs/yolo_msgs/msg/detail/bounding_box2_d__builder.hpp\n'}
[0.241508] (yolo_msgs) StdoutLine: {'line': b'-- Up-to-date symlink: /workspaces/install/yolo_msgs/include/yolo_msgs/yolo_msgs/msg/detail/bounding_box2_d__struct.hpp\n'}
[0.241559] (yolo_msgs) StdoutLine: {'line': b'-- Up-to-date symlink: /workspaces/install/yolo_msgs/include/yolo_msgs/yolo_msgs/msg/detail/bounding_box2_d__traits.hpp\n'}
[0.241607] (yolo_msgs) StdoutLine: {'line': b'-- Up-to-date symlink: /workspaces/install/yolo_msgs/include/yolo_msgs/yolo_msgs/msg/detail/bounding_box2_d__type_support.hpp\n'}
[0.241655] (yolo_msgs) StdoutLine: {'line': b'-- Up-to-date symlink: /workspaces/install/yolo_msgs/include/yolo_msgs/yolo_msgs/msg/detail/bounding_box3_d__builder.hpp\n'}
[0.241698] (yolo_msgs) StdoutLine: {'line': b'-- Up-to-date symlink: /workspaces/install/yolo_msgs/include/yolo_msgs/yolo_msgs/msg/detail/bounding_box3_d__struct.hpp\n'}
[0.241746] (yolo_msgs) StdoutLine: {'line': b'-- Up-to-date symlink: /workspaces/install/yolo_msgs/include/yolo_msgs/yolo_msgs/msg/detail/bounding_box3_d__traits.hpp\n'}
[0.241827] (yolo_msgs) StdoutLine: {'line': b'-- Up-to-date symlink: /workspaces/install/yolo_msgs/include/yolo_msgs/yolo_msgs/msg/detail/bounding_box3_d__type_support.hpp\n'}
[0.241894] (yolo_msgs) StdoutLine: {'line': b'-- Up-to-date symlink: /workspaces/install/yolo_msgs/include/yolo_msgs/yolo_msgs/msg/detail/detection__builder.hpp\n'}
[0.241946] (yolo_msgs) StdoutLine: {'line': b'-- Up-to-date symlink: /workspaces/install/yolo_msgs/include/yolo_msgs/yolo_msgs/msg/detail/detection__struct.hpp\n'}
[0.241997] (yolo_msgs) StdoutLine: {'line': b'-- Up-to-date symlink: /workspaces/install/yolo_msgs/include/yolo_msgs/yolo_msgs/msg/detail/detection__traits.hpp\n'}
[0.242044] (yolo_msgs) StdoutLine: {'line': b'-- Up-to-date symlink: /workspaces/install/yolo_msgs/include/yolo_msgs/yolo_msgs/msg/detail/detection__type_support.hpp\n'}
[0.242096] (yolo_msgs) StdoutLine: {'line': b'-- Up-to-date symlink: /workspaces/install/yolo_msgs/include/yolo_msgs/yolo_msgs/msg/detail/detection_array__builder.hpp\n'}
[0.242146] (yolo_msgs) StdoutLine: {'line': b'-- Up-to-date symlink: /workspaces/install/yolo_msgs/include/yolo_msgs/yolo_msgs/msg/detail/detection_array__struct.hpp\n'}
[0.242193] (yolo_msgs) StdoutLine: {'line': b'-- Up-to-date symlink: /workspaces/install/yolo_msgs/include/yolo_msgs/yolo_msgs/msg/detail/detection_array__traits.hpp\n'}
[0.242245] (yolo_msgs) StdoutLine: {'line': b'-- Up-to-date symlink: /workspaces/install/yolo_msgs/include/yolo_msgs/yolo_msgs/msg/detail/detection_array__type_support.hpp\n'}
[0.242293] (yolo_msgs) StdoutLine: {'line': b'-- Up-to-date symlink: /workspaces/install/yolo_msgs/include/yolo_msgs/yolo_msgs/msg/detail/key_point2_d__builder.hpp\n'}
[0.242365] (yolo_msgs) StdoutLine: {'line': b'-- Up-to-date symlink: /workspaces/install/yolo_msgs/include/yolo_msgs/yolo_msgs/msg/detail/key_point2_d__struct.hpp\n'}
[0.242545] (yolo_msgs) StdoutLine: {'line': b'-- Up-to-date symlink: /workspaces/install/yolo_msgs/include/yolo_msgs/yolo_msgs/msg/detail/key_point2_d__traits.hpp\n'}
[0.242629] (yolo_msgs) StdoutLine: {'line': b'-- Up-to-date symlink: /workspaces/install/yolo_msgs/include/yolo_msgs/yolo_msgs/msg/detail/key_point2_d__type_support.hpp\n'}
[0.242721] (yolo_msgs) StdoutLine: {'line': b'-- Up-to-date symlink: /workspaces/install/yolo_msgs/include/yolo_msgs/yolo_msgs/msg/detail/key_point2_d_array__builder.hpp\n'}
[0.242780] (yolo_msgs) StdoutLine: {'line': b'-- Up-to-date symlink: /workspaces/install/yolo_msgs/include/yolo_msgs/yolo_msgs/msg/detail/key_point2_d_array__struct.hpp\n'}
[0.242836] (yolo_msgs) StdoutLine: {'line': b'-- Up-to-date symlink: /workspaces/install/yolo_msgs/include/yolo_msgs/yolo_msgs/msg/detail/key_point2_d_array__traits.hpp\n'}
[0.242891] (yolo_msgs) StdoutLine: {'line': b'-- Up-to-date symlink: /workspaces/install/yolo_msgs/include/yolo_msgs/yolo_msgs/msg/detail/key_point2_d_array__type_support.hpp\n'}
[0.242947] (yolo_msgs) StdoutLine: {'line': b'-- Up-to-date symlink: /workspaces/install/yolo_msgs/include/yolo_msgs/yolo_msgs/msg/detail/key_point3_d__builder.hpp\n'}
[0.242997] (yolo_msgs) StdoutLine: {'line': b'-- Up-to-date symlink: /workspaces/install/yolo_msgs/include/yolo_msgs/yolo_msgs/msg/detail/key_point3_d__struct.hpp\n'}
[0.243053] (yolo_msgs) StdoutLine: {'line': b'-- Up-to-date symlink: /workspaces/install/yolo_msgs/include/yolo_msgs/yolo_msgs/msg/detail/key_point3_d__traits.hpp\n'}
[0.243106] (yolo_msgs) StdoutLine: {'line': b'-- Up-to-date symlink: /workspaces/install/yolo_msgs/include/yolo_msgs/yolo_msgs/msg/detail/key_point3_d__type_support.hpp\n'}
[0.243160] (yolo_msgs) StdoutLine: {'line': b'-- Up-to-date symlink: /workspaces/install/yolo_msgs/include/yolo_msgs/yolo_msgs/msg/detail/key_point3_d_array__builder.hpp\n'}
[0.243220] (yolo_msgs) StdoutLine: {'line': b'-- Up-to-date symlink: /workspaces/install/yolo_msgs/include/yolo_msgs/yolo_msgs/msg/detail/key_point3_d_array__struct.hpp\n'}
[0.243344] (yolo_msgs) StdoutLine: {'line': b'-- Up-to-date symlink: /workspaces/install/yolo_msgs/include/yolo_msgs/yolo_msgs/msg/detail/key_point3_d_array__traits.hpp\n'}
[0.243434] (yolo_msgs) StdoutLine: {'line': b'-- Up-to-date symlink: /workspaces/install/yolo_msgs/include/yolo_msgs/yolo_msgs/msg/detail/key_point3_d_array__type_support.hpp\n'}
[0.243498] (yolo_msgs) StdoutLine: {'line': b'-- Up-to-date symlink: /workspaces/install/yolo_msgs/include/yolo_msgs/yolo_msgs/msg/detail/mask__builder.hpp\n'}
[0.243544] (yolo_msgs) StdoutLine: {'line': b'-- Up-to-date symlink: /workspaces/install/yolo_msgs/include/yolo_msgs/yolo_msgs/msg/detail/mask__struct.hpp\n'}
[0.243596] (yolo_msgs) StdoutLine: {'line': b'-- Up-to-date symlink: /workspaces/install/yolo_msgs/include/yolo_msgs/yolo_msgs/msg/detail/mask__traits.hpp\n'}
[0.243638] (yolo_msgs) StdoutLine: {'line': b'-- Up-to-date symlink: /workspaces/install/yolo_msgs/include/yolo_msgs/yolo_msgs/msg/detail/mask__type_support.hpp\n'}
[0.243679] (yolo_msgs) StdoutLine: {'line': b'-- Up-to-date symlink: /workspaces/install/yolo_msgs/include/yolo_msgs/yolo_msgs/msg/detail/point2_d__builder.hpp\n'}
[0.243721] (yolo_msgs) StdoutLine: {'line': b'-- Up-to-date symlink: /workspaces/install/yolo_msgs/include/yolo_msgs/yolo_msgs/msg/detail/point2_d__struct.hpp\n'}
[0.243762] (yolo_msgs) StdoutLine: {'line': b'-- Up-to-date symlink: /workspaces/install/yolo_msgs/include/yolo_msgs/yolo_msgs/msg/detail/point2_d__traits.hpp\n'}
[0.243802] (yolo_msgs) StdoutLine: {'line': b'-- Up-to-date symlink: /workspaces/install/yolo_msgs/include/yolo_msgs/yolo_msgs/msg/detail/point2_d__type_support.hpp\n'}
[0.243843] (yolo_msgs) StdoutLine: {'line': b'-- Up-to-date symlink: /workspaces/install/yolo_msgs/include/yolo_msgs/yolo_msgs/msg/detail/pose2_d__builder.hpp\n'}
[0.243883] (yolo_msgs) StdoutLine: {'line': b'-- Up-to-date symlink: /workspaces/install/yolo_msgs/include/yolo_msgs/yolo_msgs/msg/detail/pose2_d__struct.hpp\n'}
[0.243924] (yolo_msgs) StdoutLine: {'line': b'-- Up-to-date symlink: /workspaces/install/yolo_msgs/include/yolo_msgs/yolo_msgs/msg/detail/pose2_d__traits.hpp\n'}
[0.243964] (yolo_msgs) StdoutLine: {'line': b'-- Up-to-date symlink: /workspaces/install/yolo_msgs/include/yolo_msgs/yolo_msgs/msg/detail/pose2_d__type_support.hpp\n'}
[0.244015] (yolo_msgs) StdoutLine: {'line': b'-- Up-to-date symlink: /workspaces/install/yolo_msgs/include/yolo_msgs/yolo_msgs/msg/detail/vector2__builder.hpp\n'}
[0.244056] (yolo_msgs) StdoutLine: {'line': b'-- Up-to-date symlink: /workspaces/install/yolo_msgs/include/yolo_msgs/yolo_msgs/msg/detail/vector2__struct.hpp\n'}
[0.244097] (yolo_msgs) StdoutLine: {'line': b'-- Up-to-date symlink: /workspaces/install/yolo_msgs/include/yolo_msgs/yolo_msgs/msg/detail/vector2__traits.hpp\n'}
[0.244146] (yolo_msgs) StdoutLine: {'line': b'-- Up-to-date symlink: /workspaces/install/yolo_msgs/include/yolo_msgs/yolo_msgs/msg/detail/vector2__type_support.hpp\n'}
[0.244187] (yolo_msgs) StdoutLine: {'line': b'-- Up-to-date symlink: /workspaces/install/yolo_msgs/include/yolo_msgs/yolo_msgs/msg/detection.hpp\n'}
[0.244229] (yolo_msgs) StdoutLine: {'line': b'-- Up-to-date symlink: /workspaces/install/yolo_msgs/include/yolo_msgs/yolo_msgs/msg/detection_array.hpp\n'}
[0.244275] (yolo_msgs) StdoutLine: {'line': b'-- Up-to-date symlink: /workspaces/install/yolo_msgs/include/yolo_msgs/yolo_msgs/msg/key_point2_d.hpp\n'}
[0.244333] (yolo_msgs) StdoutLine: {'line': b'-- Up-to-date symlink: /workspaces/install/yolo_msgs/include/yolo_msgs/yolo_msgs/msg/key_point2_d_array.hpp\n'}
[0.244382] (yolo_msgs) StdoutLine: {'line': b'-- Up-to-date symlink: /workspaces/install/yolo_msgs/include/yolo_msgs/yolo_msgs/msg/key_point3_d.hpp\n'}
[0.244431] (yolo_msgs) StdoutLine: {'line': b'-- Up-to-date symlink: /workspaces/install/yolo_msgs/include/yolo_msgs/yolo_msgs/msg/key_point3_d_array.hpp\n'}
[0.244474] (yolo_msgs) StdoutLine: {'line': b'-- Up-to-date symlink: /workspaces/install/yolo_msgs/include/yolo_msgs/yolo_msgs/msg/mask.hpp\n'}
[0.244536] (yolo_msgs) StdoutLine: {'line': b'-- Up-to-date symlink: /workspaces/install/yolo_msgs/include/yolo_msgs/yolo_msgs/msg/point2_d.hpp\n'}
[0.244612] (yolo_msgs) StdoutLine: {'line': b'-- Up-to-date symlink: /workspaces/install/yolo_msgs/include/yolo_msgs/yolo_msgs/msg/pose2_d.hpp\n'}
[0.244657] (yolo_msgs) StdoutLine: {'line': b'-- Up-to-date symlink: /workspaces/install/yolo_msgs/include/yolo_msgs/yolo_msgs/msg/rosidl_generator_cpp__visibility_control.hpp\n'}
[0.244704] (yolo_msgs) StdoutLine: {'line': b'-- Up-to-date symlink: /workspaces/install/yolo_msgs/include/yolo_msgs/yolo_msgs/msg/vector2.hpp\n'}
[0.244750] (yolo_msgs) StdoutLine: {'line': b'-- Up-to-date symlink: /workspaces/install/yolo_msgs/include/yolo_msgs/yolo_msgs/srv/detail/set_classes__builder.hpp\n'}
[0.244814] (yolo_msgs) StdoutLine: {'line': b'-- Up-to-date symlink: /workspaces/install/yolo_msgs/include/yolo_msgs/yolo_msgs/srv/detail/set_classes__struct.hpp\n'}
[0.244862] (yolo_msgs) StdoutLine: {'line': b'-- Up-to-date symlink: /workspaces/install/yolo_msgs/include/yolo_msgs/yolo_msgs/srv/detail/set_classes__traits.hpp\n'}
[0.244904] (yolo_msgs) StdoutLine: {'line': b'-- Up-to-date symlink: /workspaces/install/yolo_msgs/include/yolo_msgs/yolo_msgs/srv/detail/set_classes__type_support.hpp\n'}
[0.244948] (yolo_msgs) StdoutLine: {'line': b'-- Up-to-date symlink: /workspaces/install/yolo_msgs/include/yolo_msgs/yolo_msgs/srv/set_classes.hpp\n'}
[0.244990] (yolo_msgs) StdoutLine: {'line': b'-- Up-to-date symlink: /workspaces/install/yolo_msgs/include/yolo_msgs/yolo_msgs/msg/detail/bounding_box2_d__rosidl_typesupport_fastrtps_cpp.hpp\n'}
[0.245041] (yolo_msgs) StdoutLine: {'line': b'-- Up-to-date symlink: /workspaces/install/yolo_msgs/include/yolo_msgs/yolo_msgs/msg/detail/bounding_box3_d__rosidl_typesupport_fastrtps_cpp.hpp\n'}
[0.245101] (yolo_msgs) StdoutLine: {'line': b'-- Up-to-date symlink: /workspaces/install/yolo_msgs/include/yolo_msgs/yolo_msgs/msg/detail/detection__rosidl_typesupport_fastrtps_cpp.hpp\n'}
[0.245145] (yolo_msgs) StdoutLine: {'line': b'-- Up-to-date symlink: /workspaces/install/yolo_msgs/include/yolo_msgs/yolo_msgs/msg/detail/detection_array__rosidl_typesupport_fastrtps_cpp.hpp\n'}
[0.245190] (yolo_msgs) StdoutLine: {'line': b'-- Up-to-date symlink: /workspaces/install/yolo_msgs/include/yolo_msgs/yolo_msgs/msg/detail/key_point2_d__rosidl_typesupport_fastrtps_cpp.hpp\n'}
[0.245255] (yolo_msgs) StdoutLine: {'line': b'-- Up-to-date symlink: /workspaces/install/yolo_msgs/include/yolo_msgs/yolo_msgs/msg/detail/key_point2_d_array__rosidl_typesupport_fastrtps_cpp.hpp\n'}
[0.245299] (yolo_msgs) StdoutLine: {'line': b'-- Up-to-date symlink: /workspaces/install/yolo_msgs/include/yolo_msgs/yolo_msgs/msg/detail/key_point3_d__rosidl_typesupport_fastrtps_cpp.hpp\n'}
[0.245344] (yolo_msgs) StdoutLine: {'line': b'-- Up-to-date symlink: /workspaces/install/yolo_msgs/include/yolo_msgs/yolo_msgs/msg/detail/key_point3_d_array__rosidl_typesupport_fastrtps_cpp.hpp\n'}
[0.245406] (yolo_msgs) StdoutLine: {'line': b'-- Up-to-date symlink: /workspaces/install/yolo_msgs/include/yolo_msgs/yolo_msgs/msg/detail/mask__rosidl_typesupport_fastrtps_cpp.hpp\n'}
[0.245450] (yolo_msgs) StdoutLine: {'line': b'-- Up-to-date symlink: /workspaces/install/yolo_msgs/include/yolo_msgs/yolo_msgs/msg/detail/point2_d__rosidl_typesupport_fastrtps_cpp.hpp\n'}
[0.245515] (yolo_msgs) StdoutLine: {'line': b'-- Up-to-date symlink: /workspaces/install/yolo_msgs/include/yolo_msgs/yolo_msgs/msg/detail/pose2_d__rosidl_typesupport_fastrtps_cpp.hpp\n'}
[0.245563] (yolo_msgs) StdoutLine: {'line': b'-- Up-to-date symlink: /workspaces/install/yolo_msgs/include/yolo_msgs/yolo_msgs/msg/detail/vector2__rosidl_typesupport_fastrtps_cpp.hpp\n'}
[0.245607] (yolo_msgs) StdoutLine: {'line': b'-- Up-to-date symlink: /workspaces/install/yolo_msgs/include/yolo_msgs/yolo_msgs/msg/rosidl_typesupport_fastrtps_cpp__visibility_control.h\n'}
[0.245650] (yolo_msgs) StdoutLine: {'line': b'-- Up-to-date symlink: /workspaces/install/yolo_msgs/include/yolo_msgs/yolo_msgs/srv/detail/set_classes__rosidl_typesupport_fastrtps_cpp.hpp\n'}
[0.245713] (yolo_msgs) StdoutLine: {'line': b'-- Up-to-date symlink: /workspaces/install/yolo_msgs/include/yolo_msgs/yolo_msgs/msg/detail/bounding_box2_d__rosidl_typesupport_introspection_cpp.hpp\n'}
[0.245755] (yolo_msgs) StdoutLine: {'line': b'-- Up-to-date symlink: /workspaces/install/yolo_msgs/include/yolo_msgs/yolo_msgs/msg/detail/bounding_box3_d__rosidl_typesupport_introspection_cpp.hpp\n'}
[0.245796] (yolo_msgs) StdoutLine: {'line': b'-- Up-to-date symlink: /workspaces/install/yolo_msgs/include/yolo_msgs/yolo_msgs/msg/detail/detection__rosidl_typesupport_introspection_cpp.hpp\n'}
[0.245841] (yolo_msgs) StdoutLine: {'line': b'-- Up-to-date symlink: /workspaces/install/yolo_msgs/include/yolo_msgs/yolo_msgs/msg/detail/detection_array__rosidl_typesupport_introspection_cpp.hpp\n'}
[0.245897] (yolo_msgs) StdoutLine: {'line': b'-- Up-to-date symlink: /workspaces/install/yolo_msgs/include/yolo_msgs/yolo_msgs/msg/detail/key_point2_d__rosidl_typesupport_introspection_cpp.hpp\n'}
[0.245948] (yolo_msgs) StdoutLine: {'line': b'-- Up-to-date symlink: /workspaces/install/yolo_msgs/include/yolo_msgs/yolo_msgs/msg/detail/key_point2_d_array__rosidl_typesupport_introspection_cpp.hpp\n'}
[0.245990] (yolo_msgs) StdoutLine: {'line': b'-- Up-to-date symlink: /workspaces/install/yolo_msgs/include/yolo_msgs/yolo_msgs/msg/detail/key_point3_d__rosidl_typesupport_introspection_cpp.hpp\n'}
[0.246031] (yolo_msgs) StdoutLine: {'line': b'-- Up-to-date symlink: /workspaces/install/yolo_msgs/include/yolo_msgs/yolo_msgs/msg/detail/key_point3_d_array__rosidl_typesupport_introspection_cpp.hpp\n'}
[0.246079] (yolo_msgs) StdoutLine: {'line': b'-- Up-to-date symlink: /workspaces/install/yolo_msgs/include/yolo_msgs/yolo_msgs/msg/detail/mask__rosidl_typesupport_introspection_cpp.hpp\n'}
[0.246121] (yolo_msgs) StdoutLine: {'line': b'-- Up-to-date symlink: /workspaces/install/yolo_msgs/include/yolo_msgs/yolo_msgs/msg/detail/point2_d__rosidl_typesupport_introspection_cpp.hpp\n'}
[0.246163] (yolo_msgs) StdoutLine: {'line': b'-- Up-to-date symlink: /workspaces/install/yolo_msgs/include/yolo_msgs/yolo_msgs/msg/detail/pose2_d__rosidl_typesupport_introspection_cpp.hpp\n'}
[0.246207] (yolo_msgs) StdoutLine: {'line': b'-- Up-to-date symlink: /workspaces/install/yolo_msgs/include/yolo_msgs/yolo_msgs/msg/detail/vector2__rosidl_typesupport_introspection_cpp.hpp\n'}
[0.246249] (yolo_msgs) StdoutLine: {'line': b'-- Up-to-date symlink: /workspaces/install/yolo_msgs/include/yolo_msgs/yolo_msgs/srv/detail/set_classes__rosidl_typesupport_introspection_cpp.hpp\n'}
[0.246294] (yolo_msgs) StdoutLine: {'line': b'-- Up-to-date symlink: /workspaces/install/yolo_msgs/share/yolo_msgs/environment/pythonpath.sh\n'}
[0.246337] (yolo_msgs) StdoutLine: {'line': b'-- Up-to-date symlink: /workspaces/install/yolo_msgs/share/yolo_msgs/environment/pythonpath.dsv\n'}
[0.246380] (yolo_msgs) StdoutLine: {'line': b'-- Up-to-date symlink: /workspaces/install/yolo_msgs/lib/python3.12/site-packages/yolo_msgs-4.6.0-py3.12.egg-info/PKG-INFO\n'}
[0.246427] (yolo_msgs) StdoutLine: {'line': b'-- Up-to-date symlink: /workspaces/install/yolo_msgs/lib/python3.12/site-packages/yolo_msgs-4.6.0-py3.12.egg-info/SOURCES.txt\n'}
[0.246510] (yolo_msgs) StdoutLine: {'line': b'-- Up-to-date symlink: /workspaces/install/yolo_msgs/lib/python3.12/site-packages/yolo_msgs-4.6.0-py3.12.egg-info/dependency_links.txt\n'}
[0.246558] (yolo_msgs) StdoutLine: {'line': b'-- Up-to-date symlink: /workspaces/install/yolo_msgs/lib/python3.12/site-packages/yolo_msgs-4.6.0-py3.12.egg-info/top_level.txt\n'}
[0.246649] (yolo_msgs) StdoutLine: {'line': b'-- Up-to-date symlink: /workspaces/install/yolo_msgs/lib/python3.12/site-packages/yolo_msgs/__init__.py\n'}
[0.246750] (yolo_msgs) StdoutLine: {'line': b'-- Up-to-date symlink: /workspaces/install/yolo_msgs/lib/python3.12/site-packages/yolo_msgs/_yolo_msgs_s.ep.rosidl_typesupport_c.c\n'}
[0.246804] (yolo_msgs) StdoutLine: {'line': b'-- Up-to-date symlink: /workspaces/install/yolo_msgs/lib/python3.12/site-packages/yolo_msgs/_yolo_msgs_s.ep.rosidl_typesupport_fastrtps_c.c\n'}
[0.246877] (yolo_msgs) StdoutLine: {'line': b'-- Up-to-date symlink: /workspaces/install/yolo_msgs/lib/python3.12/site-packages/yolo_msgs/_yolo_msgs_s.ep.rosidl_typesupport_introspection_c.c\n'}
[0.246922] (yolo_msgs) StdoutLine: {'line': b'-- Up-to-date symlink: /workspaces/install/yolo_msgs/lib/python3.12/site-packages/yolo_msgs/msg/__init__.py\n'}
[0.246979] (yolo_msgs) StdoutLine: {'line': b'-- Up-to-date symlink: /workspaces/install/yolo_msgs/lib/python3.12/site-packages/yolo_msgs/msg/_bounding_box2_d.py\n'}
[0.247023] (yolo_msgs) StdoutLine: {'line': b'-- Up-to-date symlink: /workspaces/install/yolo_msgs/lib/python3.12/site-packages/yolo_msgs/msg/_bounding_box2_d_s.c\n'}
[0.247067] (yolo_msgs) StdoutLine: {'line': b'-- Up-to-date symlink: /workspaces/install/yolo_msgs/lib/python3.12/site-packages/yolo_msgs/msg/_bounding_box3_d.py\n'}
[0.247118] (yolo_msgs) StdoutLine: {'line': b'-- Up-to-date symlink: /workspaces/install/yolo_msgs/lib/python3.12/site-packages/yolo_msgs/msg/_bounding_box3_d_s.c\n'}
[0.247176] (yolo_msgs) StdoutLine: {'line': b'-- Up-to-date symlink: /workspaces/install/yolo_msgs/lib/python3.12/site-packages/yolo_msgs/msg/_detection.py\n'}
[0.247230] (yolo_msgs) StdoutLine: {'line': b'-- Up-to-date symlink: /workspaces/install/yolo_msgs/lib/python3.12/site-packages/yolo_msgs/msg/_detection_array.py\n'}
[0.247273] (yolo_msgs) StdoutLine: {'line': b'-- Up-to-date symlink: /workspaces/install/yolo_msgs/lib/python3.12/site-packages/yolo_msgs/msg/_detection_array_s.c\n'}
[0.247316] (yolo_msgs) StdoutLine: {'line': b'-- Up-to-date symlink: /workspaces/install/yolo_msgs/lib/python3.12/site-packages/yolo_msgs/msg/_detection_s.c\n'}
[0.247383] (yolo_msgs) StdoutLine: {'line': b'-- Up-to-date symlink: /workspaces/install/yolo_msgs/lib/python3.12/site-packages/yolo_msgs/msg/_key_point2_d.py\n'}
[0.247428] (yolo_msgs) StdoutLine: {'line': b'-- Up-to-date symlink: /workspaces/install/yolo_msgs/lib/python3.12/site-packages/yolo_msgs/msg/_key_point2_d_array.py\n'}
[0.247477] (yolo_msgs) StdoutLine: {'line': b'-- Up-to-date symlink: /workspaces/install/yolo_msgs/lib/python3.12/site-packages/yolo_msgs/msg/_key_point2_d_array_s.c\n'}
[0.247523] (yolo_msgs) StdoutLine: {'line': b'-- Up-to-date symlink: /workspaces/install/yolo_msgs/lib/python3.12/site-packages/yolo_msgs/msg/_key_point2_d_s.c\n'}
[0.247583] (yolo_msgs) StdoutLine: {'line': b'-- Up-to-date symlink: /workspaces/install/yolo_msgs/lib/python3.12/site-packages/yolo_msgs/msg/_key_point3_d.py\n'}
[0.247629] (yolo_msgs) StdoutLine: {'line': b'-- Up-to-date symlink: /workspaces/install/yolo_msgs/lib/python3.12/site-packages/yolo_msgs/msg/_key_point3_d_array.py\n'}
[0.247670] (yolo_msgs) StdoutLine: {'line': b'-- Up-to-date symlink: /workspaces/install/yolo_msgs/lib/python3.12/site-packages/yolo_msgs/msg/_key_point3_d_array_s.c\n'}
[0.247719] (yolo_msgs) StdoutLine: {'line': b'-- Up-to-date symlink: /workspaces/install/yolo_msgs/lib/python3.12/site-packages/yolo_msgs/msg/_key_point3_d_s.c\n'}
[0.247760] (yolo_msgs) StdoutLine: {'line': b'-- Up-to-date symlink: /workspaces/install/yolo_msgs/lib/python3.12/site-packages/yolo_msgs/msg/_mask.py\n'}
[0.247807] (yolo_msgs) StdoutLine: {'line': b'-- Up-to-date symlink: /workspaces/install/yolo_msgs/lib/python3.12/site-packages/yolo_msgs/msg/_mask_s.c\n'}
[0.247855] (yolo_msgs) StdoutLine: {'line': b'-- Up-to-date symlink: /workspaces/install/yolo_msgs/lib/python3.12/site-packages/yolo_msgs/msg/_point2_d.py\n'}
[0.247899] (yolo_msgs) StdoutLine: {'line': b'-- Up-to-date symlink: /workspaces/install/yolo_msgs/lib/python3.12/site-packages/yolo_msgs/msg/_point2_d_s.c\n'}
[0.247946] (yolo_msgs) StdoutLine: {'line': b'-- Up-to-date symlink: /workspaces/install/yolo_msgs/lib/python3.12/site-packages/yolo_msgs/msg/_pose2_d.py\n'}
[0.247989] (yolo_msgs) StdoutLine: {'line': b'-- Up-to-date symlink: /workspaces/install/yolo_msgs/lib/python3.12/site-packages/yolo_msgs/msg/_pose2_d_s.c\n'}
[0.248031] (yolo_msgs) StdoutLine: {'line': b'-- Up-to-date symlink: /workspaces/install/yolo_msgs/lib/python3.12/site-packages/yolo_msgs/msg/_vector2.py\n'}
[0.248079] (yolo_msgs) StdoutLine: {'line': b'-- Up-to-date symlink: /workspaces/install/yolo_msgs/lib/python3.12/site-packages/yolo_msgs/msg/_vector2_s.c\n'}
[0.248123] (yolo_msgs) StdoutLine: {'line': b'-- Up-to-date symlink: /workspaces/install/yolo_msgs/lib/python3.12/site-packages/yolo_msgs/srv/__init__.py\n'}
[0.248166] (yolo_msgs) StdoutLine: {'line': b'-- Up-to-date symlink: /workspaces/install/yolo_msgs/lib/python3.12/site-packages/yolo_msgs/srv/_set_classes.py\n'}
[0.248214] (yolo_msgs) StdoutLine: {'line': b'-- Up-to-date symlink: /workspaces/install/yolo_msgs/lib/python3.12/site-packages/yolo_msgs/srv/_set_classes_s.c\n'}
[0.248257] (yolo_msgs) StdoutLine: {'line': b'-- Up-to-date symlink: /workspaces/install/yolo_msgs/lib/python3.12/site-packages/yolo_msgs/yolo_msgs_s__rosidl_typesupport_c.so\n'}
[0.248354] (yolo_msgs) StdoutLine: {'line': b'-- Up-to-date symlink: /workspaces/install/yolo_msgs/lib/python3.12/site-packages/yolo_msgs/yolo_msgs_s__rosidl_typesupport_fastrtps_c.so\n'}
[0.248405] (yolo_msgs) StdoutLine: {'line': b'-- Up-to-date symlink: /workspaces/install/yolo_msgs/lib/python3.12/site-packages/yolo_msgs/yolo_msgs_s__rosidl_typesupport_introspection_c.so\n'}
[0.248452] (yolo_msgs) StdoutLine: {'line': b'-- Up-to-date symlink: /workspaces/install/yolo_msgs/lib/python3.12/site-packages/yolo_msgs/yolo_msgs_s__rosidl_typesupport_fastrtps_c.so\n'}
[0.248502] (yolo_msgs) StdoutLine: {'line': b'-- Up-to-date symlink: /workspaces/install/yolo_msgs/lib/python3.12/site-packages/yolo_msgs/yolo_msgs_s__rosidl_typesupport_introspection_c.so\n'}
[0.248548] (yolo_msgs) StdoutLine: {'line': b'-- Up-to-date symlink: /workspaces/install/yolo_msgs/lib/python3.12/site-packages/yolo_msgs/yolo_msgs_s__rosidl_typesupport_c.so\n'}
[0.248592] (yolo_msgs) StdoutLine: {'line': b'-- Up-to-date symlink: /workspaces/install/yolo_msgs/share/yolo_msgs/msg/Point2D.idl\n'}
[0.248634] (yolo_msgs) StdoutLine: {'line': b'-- Up-to-date symlink: /workspaces/install/yolo_msgs/share/yolo_msgs/msg/Vector2.idl\n'}
[0.248681] (yolo_msgs) StdoutLine: {'line': b'-- Up-to-date symlink: /workspaces/install/yolo_msgs/share/yolo_msgs/msg/Pose2D.idl\n'}
[0.248724] (yolo_msgs) StdoutLine: {'line': b'-- Up-to-date symlink: /workspaces/install/yolo_msgs/share/yolo_msgs/msg/BoundingBox2D.idl\n'}
[0.248766] (yolo_msgs) StdoutLine: {'line': b'-- Up-to-date symlink: /workspaces/install/yolo_msgs/share/yolo_msgs/msg/BoundingBox3D.idl\n'}
[0.248818] (yolo_msgs) StdoutLine: {'line': b'-- Up-to-date symlink: /workspaces/install/yolo_msgs/share/yolo_msgs/msg/Mask.idl\n'}
[0.248952] (yolo_msgs) StdoutLine: {'line': b'-- Up-to-date symlink: /workspaces/install/yolo_msgs/share/yolo_msgs/msg/KeyPoint2D.idl\n'}
[0.249013] (yolo_msgs) StdoutLine: {'line': b'-- Up-to-date symlink: /workspaces/install/yolo_msgs/share/yolo_msgs/msg/KeyPoint2DArray.idl\n'}
[0.249073] (yolo_msgs) StdoutLine: {'line': b'-- Up-to-date symlink: /workspaces/install/yolo_msgs/share/yolo_msgs/msg/KeyPoint3D.idl\n'}
[0.249129] (yolo_msgs) StdoutLine: {'line': b'-- Up-to-date symlink: /workspaces/install/yolo_msgs/share/yolo_msgs/msg/KeyPoint3DArray.idl\n'}
[0.249184] (yolo_msgs) StdoutLine: {'line': b'-- Up-to-date symlink: /workspaces/install/yolo_msgs/share/yolo_msgs/msg/Detection.idl\n'}
[0.249236] (yolo_msgs) StdoutLine: {'line': b'-- Up-to-date symlink: /workspaces/install/yolo_msgs/share/yolo_msgs/msg/DetectionArray.idl\n'}
[0.249288] (yolo_msgs) StdoutLine: {'line': b'-- Up-to-date symlink: /workspaces/install/yolo_msgs/share/yolo_msgs/srv/SetClasses.idl\n'}
[0.249339] (yolo_msgs) StdoutLine: {'line': b'-- Up-to-date symlink: /workspaces/install/yolo_msgs/share/yolo_msgs/msg/Point2D.msg\n'}
[0.249391] (yolo_msgs) StdoutLine: {'line': b'-- Up-to-date symlink: /workspaces/install/yolo_msgs/share/yolo_msgs/msg/Vector2.msg\n'}
[0.249442] (yolo_msgs) StdoutLine: {'line': b'-- Up-to-date symlink: /workspaces/install/yolo_msgs/share/yolo_msgs/msg/Pose2D.msg\n'}
[0.249501] (yolo_msgs) StdoutLine: {'line': b'-- Up-to-date symlink: /workspaces/install/yolo_msgs/share/yolo_msgs/msg/BoundingBox2D.msg\n'}
[0.249551] (yolo_msgs) StdoutLine: {'line': b'-- Up-to-date symlink: /workspaces/install/yolo_msgs/share/yolo_msgs/msg/BoundingBox3D.msg\n'}
[0.249602] (yolo_msgs) StdoutLine: {'line': b'-- Up-to-date symlink: /workspaces/install/yolo_msgs/share/yolo_msgs/msg/Mask.msg\n'}
[0.249652] (yolo_msgs) StdoutLine: {'line': b'-- Up-to-date symlink: /workspaces/install/yolo_msgs/share/yolo_msgs/msg/KeyPoint2D.msg\n'}
[0.249702] (yolo_msgs) StdoutLine: {'line': b'-- Up-to-date symlink: /workspaces/install/yolo_msgs/share/yolo_msgs/msg/KeyPoint2DArray.msg\n'}
[0.249752] (yolo_msgs) StdoutLine: {'line': b'-- Up-to-date symlink: /workspaces/install/yolo_msgs/share/yolo_msgs/msg/KeyPoint3D.msg\n'}
[0.249826] (yolo_msgs) StdoutLine: {'line': b'-- Up-to-date symlink: /workspaces/install/yolo_msgs/share/yolo_msgs/msg/KeyPoint3DArray.msg\n'}
[0.249865] (yolo_msgs) StdoutLine: {'line': b'-- Up-to-date symlink: /workspaces/install/yolo_msgs/share/yolo_msgs/msg/Detection.msg\n'}
[0.249905] (yolo_msgs) StdoutLine: {'line': b'-- Up-to-date symlink: /workspaces/install/yolo_msgs/share/yolo_msgs/msg/DetectionArray.msg\n'}
[0.249949] (yolo_msgs) StdoutLine: {'line': b'-- Up-to-date symlink: /workspaces/install/yolo_msgs/share/yolo_msgs/srv/SetClasses.srv\n'}
[0.249988] (yolo_msgs) StdoutLine: {'line': b'-- Up-to-date symlink: /workspaces/install/yolo_msgs/share/ament_index/resource_index/package_run_dependencies/yolo_msgs\n'}
[0.250028] (yolo_msgs) StdoutLine: {'line': b'-- Up-to-date symlink: /workspaces/install/yolo_msgs/share/ament_index/resource_index/parent_prefix_path/yolo_msgs\n'}
[0.250067] (yolo_msgs) StdoutLine: {'line': b'-- Up-to-date symlink: /workspaces/install/yolo_msgs/share/yolo_msgs/environment/ament_prefix_path.sh\n'}
[0.250107] (yolo_msgs) StdoutLine: {'line': b'-- Up-to-date symlink: /workspaces/install/yolo_msgs/share/yolo_msgs/environment/ament_prefix_path.dsv\n'}
[0.250145] (yolo_msgs) StdoutLine: {'line': b'-- Up-to-date symlink: /workspaces/install/yolo_msgs/share/yolo_msgs/environment/path.sh\n'}
[0.250185] (yolo_msgs) StdoutLine: {'line': b'-- Up-to-date symlink: /workspaces/install/yolo_msgs/share/yolo_msgs/environment/path.dsv\n'}
[0.250224] (yolo_msgs) StdoutLine: {'line': b'-- Up-to-date symlink: /workspaces/install/yolo_msgs/share/yolo_msgs/local_setup.bash\n'}
[0.250263] (yolo_msgs) StdoutLine: {'line': b'-- Up-to-date symlink: /workspaces/install/yolo_msgs/share/yolo_msgs/local_setup.sh\n'}
[0.250304] (yolo_msgs) StdoutLine: {'line': b'-- Up-to-date symlink: /workspaces/install/yolo_msgs/share/yolo_msgs/local_setup.zsh\n'}
[0.250344] (yolo_msgs) StdoutLine: {'line': b'-- Up-to-date symlink: /workspaces/install/yolo_msgs/share/yolo_msgs/local_setup.dsv\n'}
[0.250382] (yolo_msgs) StdoutLine: {'line': b'-- Symlinking: /workspaces/install/yolo_msgs/share/yolo_msgs/package.dsv\n'}
[0.257642] (yolo_msgs) StdoutLine: {'line': b'-- Up-to-date symlink: /workspaces/install/yolo_msgs/share/ament_index/resource_index/packages/yolo_msgs\n'}
[0.257895] (yolo_msgs) StdoutLine: {'line': b'-- Up-to-date symlink: /workspaces/install/yolo_msgs/share/yolo_msgs/cmake/rosidl_cmake-extras.cmake\n'}
[0.257976] (yolo_msgs) StdoutLine: {'line': b'-- Up-to-date symlink: /workspaces/install/yolo_msgs/share/yolo_msgs/cmake/ament_cmake_export_dependencies-extras.cmake\n'}
[0.258074] (yolo_msgs) StdoutLine: {'line': b'-- Up-to-date symlink: /workspaces/install/yolo_msgs/share/yolo_msgs/cmake/ament_cmake_export_include_directories-extras.cmake\n'}
[0.258165] (yolo_msgs) StdoutLine: {'line': b'-- Up-to-date symlink: /workspaces/install/yolo_msgs/share/yolo_msgs/cmake/ament_cmake_export_libraries-extras.cmake\n'}
[0.258214] (yolo_msgs) StdoutLine: {'line': b'-- Up-to-date symlink: /workspaces/install/yolo_msgs/share/yolo_msgs/cmake/ament_cmake_export_targets-extras.cmake\n'}
[0.258283] (yolo_msgs) StdoutLine: {'line': b'-- Up-to-date symlink: /workspaces/install/yolo_msgs/share/yolo_msgs/cmake/rosidl_cmake_export_typesupport_targets-extras.cmake\n'}
[0.258342] (yolo_msgs) StdoutLine: {'line': b'-- Up-to-date symlink: /workspaces/install/yolo_msgs/share/yolo_msgs/cmake/rosidl_cmake_export_typesupport_libraries-extras.cmake\n'}
[0.258438] (yolo_msgs) StdoutLine: {'line': b'-- Up-to-date symlink: /workspaces/install/yolo_msgs/share/yolo_msgs/cmake/yolo_msgsConfig.cmake\n'}
[0.258544] (yolo_msgs) StdoutLine: {'line': b'-- Up-to-date symlink: /workspaces/install/yolo_msgs/share/yolo_msgs/cmake/yolo_msgsConfig-version.cmake\n'}
[0.258708] (yolo_msgs) StdoutLine: {'line': b'-- Up-to-date symlink: /workspaces/install/yolo_msgs/share/yolo_msgs/package.xml\n'}
[0.258835] (yolo_msgs) StdoutLine: {'line': b'-- Up-to-date: /workspaces/install/yolo_msgs/lib/libyolo_msgs__rosidl_generator_c.so\n'}
[0.259013] (yolo_msgs) StdoutLine: {'line': b'-- Up-to-date: /workspaces/install/yolo_msgs/lib/libyolo_msgs__rosidl_typesupport_fastrtps_c.so\n'}
[0.259195] (yolo_msgs) StdoutLine: {'line': b'-- Up-to-date: /workspaces/install/yolo_msgs/lib/libyolo_msgs__rosidl_typesupport_introspection_c.so\n'}
[0.259310] (yolo_msgs) StdoutLine: {'line': b'-- Up-to-date: /workspaces/install/yolo_msgs/lib/libyolo_msgs__rosidl_typesupport_c.so\n'}
[0.259447] (yolo_msgs) StdoutLine: {'line': b'-- Up-to-date: /workspaces/install/yolo_msgs/lib/libyolo_msgs__rosidl_typesupport_fastrtps_cpp.so\n'}
[0.259706] (yolo_msgs) StdoutLine: {'line': b'-- Up-to-date: /workspaces/install/yolo_msgs/lib/libyolo_msgs__rosidl_typesupport_introspection_cpp.so\n'}
[0.259806] (yolo_msgs) StdoutLine: {'line': b'-- Up-to-date: /workspaces/install/yolo_msgs/lib/libyolo_msgs__rosidl_typesupport_cpp.so\n'}
[0.261931] (ydlidar_ros2_driver) StdoutLine: {'line': b'[ 50%] Built target ydlidar_ros2_driver_client\n'}
[0.263157] (ydlidar_ros2_driver) StdoutLine: {'line': b'[100%] Built target ydlidar_ros2_driver_node\n'}
[0.269834] (ydlidar_ros2_driver) CommandEnded: {'returncode': 0}
[0.270382] (ydlidar_ros2_driver) JobProgress: {'identifier': 'ydlidar_ros2_driver', 'progress': 'install'}
[0.270788] (ydlidar_ros2_driver) Command: {'cmd': ['/usr/bin/cmake', '--install', '/workspaces/build/ydlidar_ros2_driver'], 'cwd': '/workspaces/build/ydlidar_ros2_driver', 'env': OrderedDict({'HISTFILESIZE': '2147450879', 'GZ_CONFIG_PATH': '/opt/ros/jazzy/opt/sdformat_vendor/share/gz', 'HOSTNAME': '20c9a9ee66d6', 'SHLVL': '1', 'LD_LIBRARY_PATH': '/opt/ros/jazzy/opt/sdformat_vendor/lib:/opt/ros/jazzy/opt/rviz_ogre_vendor/lib:/opt/ros/jazzy/lib/x86_64-linux-gnu:/opt/ros/jazzy/opt/gz_math_vendor/lib:/opt/ros/jazzy/opt/gz_utils_vendor/lib:/opt/ros/jazzy/opt/gz_tools_vendor/lib:/opt/ros/jazzy/opt/gz_cmake_vendor/lib:/opt/ros/jazzy/lib', 'LESS': '-R', 'HOME': '/root', 'LSCOLORS': 'Gxfxcxdxdxegedabagacad', 'ROS_PYTHON_VERSION': '3', 'PAGER': 'less', 'ROS_DISTRO': 'jazzy', 'OSH': '/root/.oh-my-bash', '_': '/usr/bin/colcon', 'ROS_VERSION': '2', 'TERM': 'xterm', 'DRIVER_WS': '/robot_ws', 'PATH': '/usr/lib/ccache:/opt/ros/jazzy/opt/gz_tools_vendor/bin:/opt/ros/jazzy/bin:/usr/local/sbin:/usr/local/bin:/usr/sbin:/usr/bin:/sbin:/bin', 'ydlidar_sdk_DIR': '/usr/lib/cmake/ydlidar_sdk', 'HISTSIZE': '2147450879', 'LANG': 'C.UTF-8', 'LS_COLORS': 'rs=0:di=01;34:ln=01;36:mh=00:pi=40;33:so=01;35:do=01;35:bd=40;33;01:cd=40;33;01:or=40;31;01:mi=00:su=37;41:sg=30;43:ca=00:tw=30;42:ow=34;42:st=37;44:ex=01;32:*.tar=01;31:*.tgz=01;31:*.arc=01;31:*.arj=01;31:*.taz=01;31:*.lha=01;31:*.lz4=01;31:*.lzh=01;31:*.lzma=01;31:*.tlz=01;31:*.txz=01;31:*.tzo=01;31:*.t7z=01;31:*.zip=01;31:*.z=01;31:*.dz=01;31:*.gz=01;31:*.lrz=01;31:*.lz=01;31:*.lzo=01;31:*.xz=01;31:*.zst=01;31:*.tzst=01;31:*.bz2=01;31:*.bz=01;31:*.tbz=01;31:*.tbz2=01;31:*.tz=01;31:*.deb=01;31:*.rpm=01;31:*.jar=01;31:*.war=01;31:*.ear=01;31:*.sar=01;31:*.rar=01;31:*.alz=01;31:*.ace=01;31:*.zoo=01;31:*.cpio=01;31:*.7z=01;31:*.rz=01;31:*.cab=01;31:*.wim=01;31:*.swm=01;31:*.dwm=01;31:*.esd=01;31:*.avif=01;35:*.jpg=01;35:*.jpeg=01;35:*.mjpg=01;35:*.mjpeg=01;35:*.gif=01;35:*.bmp=01;35:*.pbm=01;35:*.pgm=01;35:*.ppm=01;35:*.tga=01;35:*.xbm=01;35:*.xpm=01;35:*.tif=01;35:*.tiff=01;35:*.png=01;35:*.svg=01;35:*.svgz=01;35:*.mng=01;35:*.pcx=01;35:*.mov=01;35:*.mpg=01;35:*.mpeg=01;35:*.m2v=01;35:*.mkv=01;35:*.webm=01;35:*.webp=01;35:*.ogm=01;35:*.mp4=01;35:*.m4v=01;35:*.mp4v=01;35:*.vob=01;35:*.qt=01;35:*.nuv=01;35:*.wmv=01;35:*.asf=01;35:*.rm=01;35:*.rmvb=01;35:*.flc=01;35:*.avi=01;35:*.fli=01;35:*.flv=01;35:*.gl=01;35:*.dl=01;35:*.xcf=01;35:*.xwd=01;35:*.yuv=01;35:*.cgm=01;35:*.emf=01;35:*.ogv=01;35:*.ogx=01;35:*.aac=00;36:*.au=00;36:*.flac=00;36:*.m4a=00;36:*.mid=00;36:*.midi=00;36:*.mka=00;36:*.mp3=00;36:*.mpc=00;36:*.ogg=00;36:*.ra=00;36:*.wav=00;36:*.oga=00;36:*.opus=00;36:*.spx=00;36:*.xspf=00;36:*~=00;90:*#=00;90:*.bak=00;90:*.crdownload=00;90:*.dpkg-dist=00;90:*.dpkg-new=00;90:*.dpkg-old=00;90:*.dpkg-tmp=00;90:*.old=00;90:*.orig=00;90:*.part=00;90:*.rej=00;90:*.rpmnew=00;90:*.rpmorig=00;90:*.rpmsave=00;90:*.swp=00;90:*.tmp=00;90:*.ucf-dist=00;90:*.ucf-new=00;90:*.ucf-old=00;90:', 'ROS_DOMAIN_ID': '0', 'AMENT_PREFIX_PATH': '/opt/ros/jazzy', 'ROS_AUTOMATIC_DISCOVERY_RANGE': 'SUBNET', 'PWD': '/workspaces/build/ydlidar_ros2_driver', 'LC_ALL': 'C.UTF-8', 'PYTHONPATH': '/opt/ros/jazzy/lib/python3.12/site-packages', 'COLCON': '1', 'CMAKE_PREFIX_PATH': '/opt/ros/jazzy/opt/sdformat_vendor:/opt/ros/jazzy/opt/gz_math_vendor:/opt/ros/jazzy/opt/gz_utils_vendor:/opt/ros/jazzy/opt/gz_tools_vendor:/opt/ros/jazzy/opt/gz_cmake_vendor:/opt/ros/jazzy', 'ROS2_WS': '/workspaces'}), 'shell': False}
[0.275561] (ydlidar_ros2_driver) StdoutLine: {'line': b'-- Install configuration: ""\n'}
[0.275810] (ydlidar_ros2_driver) StdoutLine: {'line': b'-- Execute custom install script\n'}
[0.275957] (ydlidar_ros2_driver) StdoutLine: {'line': b'-- Up-to-date symlink: /workspaces/install/ydlidar_ros2_driver/lib/ydlidar_ros2_driver/ydlidar_ros2_driver_node\n'}
[0.276017] (ydlidar_ros2_driver) StdoutLine: {'line': b'-- Up-to-date symlink: /workspaces/install/ydlidar_ros2_driver/lib/ydlidar_ros2_driver/ydlidar_ros2_driver_client\n'}
[0.276238] (ydlidar_ros2_driver) StdoutLine: {'line': b'-- Up-to-date symlink: /workspaces/install/ydlidar_ros2_driver/share/ydlidar_ros2_driver/launch/4ros_ydlidar_launch.py\n'}
[0.276376] (ydlidar_ros2_driver) StdoutLine: {'line': b'-- Up-to-date symlink: /workspaces/install/ydlidar_ros2_driver/share/ydlidar_ros2_driver/launch/test_gmapping_launch.py\n'}
[0.276455] (ydlidar_ros2_driver) StdoutLine: {'line': b'-- Up-to-date symlink: /workspaces/install/ydlidar_ros2_driver/share/ydlidar_ros2_driver/launch/view_ydlidar_launch.py\n'}
[0.276551] (ydlidar_ros2_driver) StdoutLine: {'line': b'-- Up-to-date symlink: /workspaces/install/ydlidar_ros2_driver/share/ydlidar_ros2_driver/launch/x3_ydlidar_launch.py\n'}
[0.276604] (ydlidar_ros2_driver) StdoutLine: {'line': b'-- Up-to-date symlink: /workspaces/install/ydlidar_ros2_driver/share/ydlidar_ros2_driver/launch/ydlidar.py\n'}
[0.276657] (ydlidar_ros2_driver) StdoutLine: {'line': b'-- Up-to-date symlink: /workspaces/install/ydlidar_ros2_driver/share/ydlidar_ros2_driver/launch/ydlidar_4ros_view_launch.py\n'}
[0.276703] (ydlidar_ros2_driver) StdoutLine: {'line': b'-- Up-to-date symlink: /workspaces/install/ydlidar_ros2_driver/share/ydlidar_ros2_driver/launch/ydlidar_launch.py\n'}
[0.276751] (ydlidar_ros2_driver) StdoutLine: {'line': b'-- Up-to-date symlink: /workspaces/install/ydlidar_ros2_driver/share/ydlidar_ros2_driver/launch/ydlidar_raw_launch.py\n'}
[0.276827] (ydlidar_ros2_driver) StdoutLine: {'line': b'-- Up-to-date symlink: /workspaces/install/ydlidar_ros2_driver/share/ydlidar_ros2_driver/launch/ydlidar_x3_view_launch.py\n'}
[0.276873] (ydlidar_ros2_driver) StdoutLine: {'line': b'-- Up-to-date symlink: /workspaces/install/ydlidar_ros2_driver/share/ydlidar_ros2_driver/params/ydlidar.yaml\n'}
[0.276919] (ydlidar_ros2_driver) StdoutLine: {'line': b'-- Up-to-date symlink: /workspaces/install/ydlidar_ros2_driver/share/ydlidar_ros2_driver/params/ydlidar_4ros.yaml\n'}
[0.276971] (ydlidar_ros2_driver) StdoutLine: {'line': b'-- Up-to-date symlink: /workspaces/install/ydlidar_ros2_driver/share/ydlidar_ros2_driver/params/ydlidar_x3.yaml\n'}
[0.277017] (ydlidar_ros2_driver) StdoutLine: {'line': b'-- Up-to-date symlink: /workspaces/install/ydlidar_ros2_driver/share/ydlidar_ros2_driver/startup/initenv.sh\n'}
[0.277062] (ydlidar_ros2_driver) StdoutLine: {'line': b'-- Up-to-date symlink: /workspaces/install/ydlidar_ros2_driver/share/ydlidar_ros2_driver/config/test_gmapping.rviz\n'}
[0.277107] (ydlidar_ros2_driver) StdoutLine: {'line': b'-- Up-to-date symlink: /workspaces/install/ydlidar_ros2_driver/share/ydlidar_ros2_driver/config/ydlidar.rviz\n'}
[0.277175] (ydlidar_ros2_driver) StdoutLine: {'line': b'-- Up-to-date symlink: /workspaces/install/ydlidar_ros2_driver/share/ament_index/resource_index/package_run_dependencies/ydlidar_ros2_driver\n'}
[0.277223] (ydlidar_ros2_driver) StdoutLine: {'line': b'-- Up-to-date symlink: /workspaces/install/ydlidar_ros2_driver/share/ament_index/resource_index/parent_prefix_path/ydlidar_ros2_driver\n'}
[0.277277] (ydlidar_ros2_driver) StdoutLine: {'line': b'-- Up-to-date symlink: /workspaces/install/ydlidar_ros2_driver/share/ydlidar_ros2_driver/environment/ament_prefix_path.sh\n'}
[0.277323] (ydlidar_ros2_driver) StdoutLine: {'line': b'-- Up-to-date symlink: /workspaces/install/ydlidar_ros2_driver/share/ydlidar_ros2_driver/environment/ament_prefix_path.dsv\n'}
[0.277369] (ydlidar_ros2_driver) StdoutLine: {'line': b'-- Up-to-date symlink: /workspaces/install/ydlidar_ros2_driver/share/ydlidar_ros2_driver/environment/path.sh\n'}
[0.277414] (ydlidar_ros2_driver) StdoutLine: {'line': b'-- Up-to-date symlink: /workspaces/install/ydlidar_ros2_driver/share/ydlidar_ros2_driver/environment/path.dsv\n'}
[0.277458] (ydlidar_ros2_driver) StdoutLine: {'line': b'-- Up-to-date symlink: /workspaces/install/ydlidar_ros2_driver/share/ydlidar_ros2_driver/local_setup.bash\n'}
[0.277517] (ydlidar_ros2_driver) StdoutLine: {'line': b'-- Up-to-date symlink: /workspaces/install/ydlidar_ros2_driver/share/ydlidar_ros2_driver/local_setup.sh\n'}
[0.277577] (ydlidar_ros2_driver) StdoutLine: {'line': b'-- Up-to-date symlink: /workspaces/install/ydlidar_ros2_driver/share/ydlidar_ros2_driver/local_setup.zsh\n'}
[0.277619] (ydlidar_ros2_driver) StdoutLine: {'line': b'-- Up-to-date symlink: /workspaces/install/ydlidar_ros2_driver/share/ydlidar_ros2_driver/local_setup.dsv\n'}
[0.277666] (ydlidar_ros2_driver) StdoutLine: {'line': b'-- Symlinking: /workspaces/install/ydlidar_ros2_driver/share/ydlidar_ros2_driver/package.dsv\n'}
[0.278728] (yolo_msgs) StdoutLine: {'line': b"Listing '/workspaces/install/yolo_msgs/lib/python3.12/site-packages/yolo_msgs'...\n"}
[0.278788] (yolo_msgs) StdoutLine: {'line': b"Listing '/workspaces/install/yolo_msgs/lib/python3.12/site-packages/yolo_msgs/msg'...\n"}
[0.278831] (yolo_msgs) StdoutLine: {'line': b"Listing '/workspaces/install/yolo_msgs/lib/python3.12/site-packages/yolo_msgs/srv'...\n"}
[0.284600] (yolo_msgs) StdoutLine: {'line': b'-- Up-to-date: /workspaces/install/yolo_msgs/lib/libyolo_msgs__rosidl_generator_py.so\n'}
[0.284801] (yolo_msgs) StdoutLine: {'line': b'-- Up-to-date: /workspaces/install/yolo_msgs/share/yolo_msgs/cmake/export_yolo_msgs__rosidl_generator_cExport.cmake\n'}
[0.284848] (yolo_msgs) StdoutLine: {'line': b'-- Up-to-date: /workspaces/install/yolo_msgs/share/yolo_msgs/cmake/export_yolo_msgs__rosidl_generator_cExport-noconfig.cmake\n'}
[0.284887] (yolo_msgs) StdoutLine: {'line': b'-- Up-to-date: /workspaces/install/yolo_msgs/share/yolo_msgs/cmake/export_yolo_msgs__rosidl_typesupport_fastrtps_cExport.cmake\n'}
[0.284922] (yolo_msgs) StdoutLine: {'line': b'-- Up-to-date: /workspaces/install/yolo_msgs/share/yolo_msgs/cmake/export_yolo_msgs__rosidl_typesupport_fastrtps_cExport-noconfig.cmake\n'}
[0.284957] (yolo_msgs) StdoutLine: {'line': b'-- Up-to-date: /workspaces/install/yolo_msgs/share/yolo_msgs/cmake/yolo_msgs__rosidl_typesupport_introspection_cExport.cmake\n'}
[0.284990] (yolo_msgs) StdoutLine: {'line': b'-- Up-to-date: /workspaces/install/yolo_msgs/share/yolo_msgs/cmake/yolo_msgs__rosidl_typesupport_introspection_cExport-noconfig.cmake\n'}
[0.285023] (yolo_msgs) StdoutLine: {'line': b'-- Up-to-date: /workspaces/install/yolo_msgs/share/yolo_msgs/cmake/yolo_msgs__rosidl_typesupport_cExport.cmake\n'}
[0.285056] (yolo_msgs) StdoutLine: {'line': b'-- Up-to-date: /workspaces/install/yolo_msgs/share/yolo_msgs/cmake/yolo_msgs__rosidl_typesupport_cExport-noconfig.cmake\n'}
[0.285089] (yolo_msgs) StdoutLine: {'line': b'-- Up-to-date: /workspaces/install/yolo_msgs/share/yolo_msgs/cmake/export_yolo_msgs__rosidl_generator_cppExport.cmake\n'}
[0.285122] (yolo_msgs) StdoutLine: {'line': b'-- Up-to-date: /workspaces/install/yolo_msgs/share/yolo_msgs/cmake/export_yolo_msgs__rosidl_typesupport_fastrtps_cppExport.cmake\n'}
[0.285154] (yolo_msgs) StdoutLine: {'line': b'-- Up-to-date: /workspaces/install/yolo_msgs/share/yolo_msgs/cmake/export_yolo_msgs__rosidl_typesupport_fastrtps_cppExport-noconfig.cmake\n'}
[0.285187] (yolo_msgs) StdoutLine: {'line': b'-- Up-to-date: /workspaces/install/yolo_msgs/share/yolo_msgs/cmake/yolo_msgs__rosidl_typesupport_introspection_cppExport.cmake\n'}
[0.285226] (yolo_msgs) StdoutLine: {'line': b'-- Up-to-date: /workspaces/install/yolo_msgs/share/yolo_msgs/cmake/yolo_msgs__rosidl_typesupport_introspection_cppExport-noconfig.cmake\n'}
[0.285259] (yolo_msgs) StdoutLine: {'line': b'-- Up-to-date: /workspaces/install/yolo_msgs/share/yolo_msgs/cmake/yolo_msgs__rosidl_typesupport_cppExport.cmake\n'}
[0.285291] (yolo_msgs) StdoutLine: {'line': b'-- Up-to-date: /workspaces/install/yolo_msgs/share/yolo_msgs/cmake/yolo_msgs__rosidl_typesupport_cppExport-noconfig.cmake\n'}
[0.285339] (yolo_msgs) StdoutLine: {'line': b'-- Up-to-date: /workspaces/install/yolo_msgs/share/yolo_msgs/cmake/export_yolo_msgs__rosidl_generator_pyExport.cmake\n'}
[0.285376] (yolo_msgs) StdoutLine: {'line': b'-- Up-to-date: /workspaces/install/yolo_msgs/share/yolo_msgs/cmake/export_yolo_msgs__rosidl_generator_pyExport-noconfig.cmake\n'}
[0.287686] (yolo_msgs) CommandEnded: {'returncode': 0}
[0.288222] (ydlidar_ros2_driver) StdoutLine: {'line': b'-- Up-to-date symlink: /workspaces/install/ydlidar_ros2_driver/share/ament_index/resource_index/packages/ydlidar_ros2_driver\n'}
[0.288330] (ydlidar_ros2_driver) StdoutLine: {'line': b'-- Up-to-date symlink: /workspaces/install/ydlidar_ros2_driver/share/ydlidar_ros2_driver/cmake/ydlidar_ros2_driverConfig.cmake\n'}
[0.288379] (ydlidar_ros2_driver) StdoutLine: {'line': b'-- Up-to-date symlink: /workspaces/install/ydlidar_ros2_driver/share/ydlidar_ros2_driver/cmake/ydlidar_ros2_driverConfig-version.cmake\n'}
[0.288424] (ydlidar_ros2_driver) StdoutLine: {'line': b'-- Up-to-date symlink: /workspaces/install/ydlidar_ros2_driver/share/ydlidar_ros2_driver/package.xml\n'}
[0.299862] (-) TimerEvent: {}
[0.302875] (yolo_msgs) JobEnded: {'identifier': 'yolo_msgs', 'rc': 0}
[0.304213] (yolo_ros) JobStarted: {'identifier': 'yolo_ros'}
[0.307347] (ydlidar_ros2_driver) CommandEnded: {'returncode': 0}
[0.315523] (ydlidar_ros2_driver) JobEnded: {'identifier': 'ydlidar_ros2_driver', 'rc': 0}
[0.399963] (-) TimerEvent: {}
[0.485174] (handsfree_imu_ros2) Command: {'cmd': ['/usr/bin/python3', '-W', 'ignore:setup.py install is deprecated', '-W', 'ignore:easy_install command is deprecated', 'setup.py', 'develop', '--editable', '--build-directory', '/workspaces/build/handsfree_imu_ros2/build', '--no-deps', 'symlink_data'], 'cwd': '/workspaces/build/handsfree_imu_ros2', 'env': {'HISTFILESIZE': '2147450879', 'GZ_CONFIG_PATH': '/opt/ros/jazzy/opt/sdformat_vendor/share/gz', 'HOSTNAME': '20c9a9ee66d6', 'SHLVL': '1', 'LD_LIBRARY_PATH': '/opt/ros/jazzy/opt/sdformat_vendor/lib:/opt/ros/jazzy/opt/rviz_ogre_vendor/lib:/opt/ros/jazzy/lib/x86_64-linux-gnu:/opt/ros/jazzy/opt/gz_math_vendor/lib:/opt/ros/jazzy/opt/gz_utils_vendor/lib:/opt/ros/jazzy/opt/gz_tools_vendor/lib:/opt/ros/jazzy/opt/gz_cmake_vendor/lib:/opt/ros/jazzy/lib', 'LESS': '-R', 'HOME': '/root', 'LSCOLORS': 'Gxfxcxdxdxegedabagacad', 'ROS_PYTHON_VERSION': '3', 'PAGER': 'less', 'ROS_DISTRO': 'jazzy', 'OSH': '/root/.oh-my-bash', '_': '/usr/bin/colcon', 'ROS_VERSION': '2', 'TERM': 'xterm', 'DRIVER_WS': '/robot_ws', 'PATH': '/usr/lib/ccache:/opt/ros/jazzy/opt/gz_tools_vendor/bin:/opt/ros/jazzy/bin:/usr/local/sbin:/usr/local/bin:/usr/sbin:/usr/bin:/sbin:/bin', 'ydlidar_sdk_DIR': '/usr/lib/cmake/ydlidar_sdk', 'HISTSIZE': '2147450879', 'LANG': 'C.UTF-8', 'LS_COLORS': 'rs=0:di=01;34:ln=01;36:mh=00:pi=40;33:so=01;35:do=01;35:bd=40;33;01:cd=40;33;01:or=40;31;01:mi=00:su=37;41:sg=30;43:ca=00:tw=30;42:ow=34;42:st=37;44:ex=01;32:*.tar=01;31:*.tgz=01;31:*.arc=01;31:*.arj=01;31:*.taz=01;31:*.lha=01;31:*.lz4=01;31:*.lzh=01;31:*.lzma=01;31:*.tlz=01;31:*.txz=01;31:*.tzo=01;31:*.t7z=01;31:*.zip=01;31:*.z=01;31:*.dz=01;31:*.gz=01;31:*.lrz=01;31:*.lz=01;31:*.lzo=01;31:*.xz=01;31:*.zst=01;31:*.tzst=01;31:*.bz2=01;31:*.bz=01;31:*.tbz=01;31:*.tbz2=01;31:*.tz=01;31:*.deb=01;31:*.rpm=01;31:*.jar=01;31:*.war=01;31:*.ear=01;31:*.sar=01;31:*.rar=01;31:*.alz=01;31:*.ace=01;31:*.zoo=01;31:*.cpio=01;31:*.7z=01;31:*.rz=01;31:*.cab=01;31:*.wim=01;31:*.swm=01;31:*.dwm=01;31:*.esd=01;31:*.avif=01;35:*.jpg=01;35:*.jpeg=01;35:*.mjpg=01;35:*.mjpeg=01;35:*.gif=01;35:*.bmp=01;35:*.pbm=01;35:*.pgm=01;35:*.ppm=01;35:*.tga=01;35:*.xbm=01;35:*.xpm=01;35:*.tif=01;35:*.tiff=01;35:*.png=01;35:*.svg=01;35:*.svgz=01;35:*.mng=01;35:*.pcx=01;35:*.mov=01;35:*.mpg=01;35:*.mpeg=01;35:*.m2v=01;35:*.mkv=01;35:*.webm=01;35:*.webp=01;35:*.ogm=01;35:*.mp4=01;35:*.m4v=01;35:*.mp4v=01;35:*.vob=01;35:*.qt=01;35:*.nuv=01;35:*.wmv=01;35:*.asf=01;35:*.rm=01;35:*.rmvb=01;35:*.flc=01;35:*.avi=01;35:*.fli=01;35:*.flv=01;35:*.gl=01;35:*.dl=01;35:*.xcf=01;35:*.xwd=01;35:*.yuv=01;35:*.cgm=01;35:*.emf=01;35:*.ogv=01;35:*.ogx=01;35:*.aac=00;36:*.au=00;36:*.flac=00;36:*.m4a=00;36:*.mid=00;36:*.midi=00;36:*.mka=00;36:*.mp3=00;36:*.mpc=00;36:*.ogg=00;36:*.ra=00;36:*.wav=00;36:*.oga=00;36:*.opus=00;36:*.spx=00;36:*.xspf=00;36:*~=00;90:*#=00;90:*.bak=00;90:*.crdownload=00;90:*.dpkg-dist=00;90:*.dpkg-new=00;90:*.dpkg-old=00;90:*.dpkg-tmp=00;90:*.old=00;90:*.orig=00;90:*.part=00;90:*.rej=00;90:*.rpmnew=00;90:*.rpmorig=00;90:*.rpmsave=00;90:*.swp=00;90:*.tmp=00;90:*.ucf-dist=00;90:*.ucf-new=00;90:*.ucf-old=00;90:', 'ROS_DOMAIN_ID': '0', 'AMENT_PREFIX_PATH': '/opt/ros/jazzy', 'ROS_AUTOMATIC_DISCOVERY_RANGE': 'SUBNET', 'PWD': '/workspaces/build/handsfree_imu_ros2', 'LC_ALL': 'C.UTF-8', 'PYTHONPATH': '/workspaces/build/handsfree_imu_ros2/prefix_override:/usr/lib/python3/dist-packages/colcon_core/task/python/colcon_distutils_commands:/workspaces/install/handsfree_imu_ros2/lib/python3.12/site-packages:/opt/ros/jazzy/lib/python3.12/site-packages', 'COLCON': '1', 'CMAKE_PREFIX_PATH': '/opt/ros/jazzy/opt/sdformat_vendor:/opt/ros/jazzy/opt/gz_math_vendor:/opt/ros/jazzy/opt/gz_utils_vendor:/opt/ros/jazzy/opt/gz_tools_vendor:/opt/ros/jazzy/opt/gz_cmake_vendor', 'ROS2_WS': '/workspaces'}, 'shell': False}
[0.492075] (wildbot_control) Command: {'cmd': ['/usr/bin/python3', '-W', 'ignore:setup.py install is deprecated', '-W', 'ignore:easy_install command is deprecated', 'setup.py', 'develop', '--editable', '--build-directory', '/workspaces/build/wildbot_control/build', '--no-deps', 'symlink_data'], 'cwd': '/workspaces/build/wildbot_control', 'env': {'HISTFILESIZE': '2147450879', 'GZ_CONFIG_PATH': '/opt/ros/jazzy/opt/sdformat_vendor/share/gz', 'HOSTNAME': '20c9a9ee66d6', 'SHLVL': '1', 'LD_LIBRARY_PATH': '/opt/ros/jazzy/opt/sdformat_vendor/lib:/opt/ros/jazzy/opt/rviz_ogre_vendor/lib:/opt/ros/jazzy/lib/x86_64-linux-gnu:/opt/ros/jazzy/opt/gz_math_vendor/lib:/opt/ros/jazzy/opt/gz_utils_vendor/lib:/opt/ros/jazzy/opt/gz_tools_vendor/lib:/opt/ros/jazzy/opt/gz_cmake_vendor/lib:/opt/ros/jazzy/lib', 'LESS': '-R', 'HOME': '/root', 'LSCOLORS': 'Gxfxcxdxdxegedabagacad', 'ROS_PYTHON_VERSION': '3', 'PAGER': 'less', 'ROS_DISTRO': 'jazzy', 'OSH': '/root/.oh-my-bash', '_': '/usr/bin/colcon', 'ROS_VERSION': '2', 'TERM': 'xterm', 'DRIVER_WS': '/robot_ws', 'PATH': '/usr/lib/ccache:/opt/ros/jazzy/opt/gz_tools_vendor/bin:/opt/ros/jazzy/bin:/usr/local/sbin:/usr/local/bin:/usr/sbin:/usr/bin:/sbin:/bin', 'ydlidar_sdk_DIR': '/usr/lib/cmake/ydlidar_sdk', 'HISTSIZE': '2147450879', 'LANG': 'C.UTF-8', 'LS_COLORS': 'rs=0:di=01;34:ln=01;36:mh=00:pi=40;33:so=01;35:do=01;35:bd=40;33;01:cd=40;33;01:or=40;31;01:mi=00:su=37;41:sg=30;43:ca=00:tw=30;42:ow=34;42:st=37;44:ex=01;32:*.tar=01;31:*.tgz=01;31:*.arc=01;31:*.arj=01;31:*.taz=01;31:*.lha=01;31:*.lz4=01;31:*.lzh=01;31:*.lzma=01;31:*.tlz=01;31:*.txz=01;31:*.tzo=01;31:*.t7z=01;31:*.zip=01;31:*.z=01;31:*.dz=01;31:*.gz=01;31:*.lrz=01;31:*.lz=01;31:*.lzo=01;31:*.xz=01;31:*.zst=01;31:*.tzst=01;31:*.bz2=01;31:*.bz=01;31:*.tbz=01;31:*.tbz2=01;31:*.tz=01;31:*.deb=01;31:*.rpm=01;31:*.jar=01;31:*.war=01;31:*.ear=01;31:*.sar=01;31:*.rar=01;31:*.alz=01;31:*.ace=01;31:*.zoo=01;31:*.cpio=01;31:*.7z=01;31:*.rz=01;31:*.cab=01;31:*.wim=01;31:*.swm=01;31:*.dwm=01;31:*.esd=01;31:*.avif=01;35:*.jpg=01;35:*.jpeg=01;35:*.mjpg=01;35:*.mjpeg=01;35:*.gif=01;35:*.bmp=01;35:*.pbm=01;35:*.pgm=01;35:*.ppm=01;35:*.tga=01;35:*.xbm=01;35:*.xpm=01;35:*.tif=01;35:*.tiff=01;35:*.png=01;35:*.svg=01;35:*.svgz=01;35:*.mng=01;35:*.pcx=01;35:*.mov=01;35:*.mpg=01;35:*.mpeg=01;35:*.m2v=01;35:*.mkv=01;35:*.webm=01;35:*.webp=01;35:*.ogm=01;35:*.mp4=01;35:*.m4v=01;35:*.mp4v=01;35:*.vob=01;35:*.qt=01;35:*.nuv=01;35:*.wmv=01;35:*.asf=01;35:*.rm=01;35:*.rmvb=01;35:*.flc=01;35:*.avi=01;35:*.fli=01;35:*.flv=01;35:*.gl=01;35:*.dl=01;35:*.xcf=01;35:*.xwd=01;35:*.yuv=01;35:*.cgm=01;35:*.emf=01;35:*.ogv=01;35:*.ogx=01;35:*.aac=00;36:*.au=00;36:*.flac=00;36:*.m4a=00;36:*.mid=00;36:*.midi=00;36:*.mka=00;36:*.mp3=00;36:*.mpc=00;36:*.ogg=00;36:*.ra=00;36:*.wav=00;36:*.oga=00;36:*.opus=00;36:*.spx=00;36:*.xspf=00;36:*~=00;90:*#=00;90:*.bak=00;90:*.crdownload=00;90:*.dpkg-dist=00;90:*.dpkg-new=00;90:*.dpkg-old=00;90:*.dpkg-tmp=00;90:*.old=00;90:*.orig=00;90:*.part=00;90:*.rej=00;90:*.rpmnew=00;90:*.rpmorig=00;90:*.rpmsave=00;90:*.swp=00;90:*.tmp=00;90:*.ucf-dist=00;90:*.ucf-new=00;90:*.ucf-old=00;90:', 'ROS_DOMAIN_ID': '0', 'AMENT_PREFIX_PATH': '/opt/ros/jazzy', 'ROS_AUTOMATIC_DISCOVERY_RANGE': 'SUBNET', 'PWD': '/workspaces/build/wildbot_control', 'LC_ALL': 'C.UTF-8', 'PYTHONPATH': '/workspaces/build/wildbot_control/prefix_override:/usr/lib/python3/dist-packages/colcon_core/task/python/colcon_distutils_commands:/workspaces/install/wildbot_control/lib/python3.12/site-packages:/opt/ros/jazzy/lib/python3.12/site-packages', 'COLCON': '1', 'CMAKE_PREFIX_PATH': '/opt/ros/jazzy/opt/sdformat_vendor:/opt/ros/jazzy/opt/gz_math_vendor:/opt/ros/jazzy/opt/gz_utils_vendor:/opt/ros/jazzy/opt/gz_tools_vendor:/opt/ros/jazzy/opt/gz_cmake_vendor', 'ROS2_WS': '/workspaces'}, 'shell': False}
[0.500078] (-) TimerEvent: {}
[0.600375] (-) TimerEvent: {}
[0.634445] (wildbot_control) StdoutLine: {'line': b'running develop\n'}
[0.634693] (handsfree_imu_ros2) StdoutLine: {'line': b'running develop\n'}
[0.690062] (wildbot_control) StdoutLine: {'line': b'running egg_info\n'}
[0.690250] (handsfree_imu_ros2) StdoutLine: {'line': b'running egg_info\n'}
[0.695289] (handsfree_imu_ros2) StdoutLine: {'line': b'writing handsfree_imu_ros2.egg-info/PKG-INFO\n'}
[0.695448] (wildbot_control) StdoutLine: {'line': b'writing wildbot_control.egg-info/PKG-INFO\n'}
[0.695532] (wildbot_control) StdoutLine: {'line': b'writing dependency_links to wildbot_control.egg-info/dependency_links.txt\n'}
[0.695610] (handsfree_imu_ros2) StdoutLine: {'line': b'writing dependency_links to handsfree_imu_ros2.egg-info/dependency_links.txt\n'}
[0.695692] (wildbot_control) StdoutLine: {'line': b'writing entry points to wildbot_control.egg-info/entry_points.txt\n'}
[0.695737] (wildbot_control) StdoutLine: {'line': b'writing requirements to wildbot_control.egg-info/requires.txt\n'}
[0.695779] (handsfree_imu_ros2) StdoutLine: {'line': b'writing entry points to handsfree_imu_ros2.egg-info/entry_points.txt\n'}
[0.695822] (handsfree_imu_ros2) StdoutLine: {'line': b'writing requirements to handsfree_imu_ros2.egg-info/requires.txt\n'}
[0.695863] (handsfree_imu_ros2) StdoutLine: {'line': b'writing top-level names to handsfree_imu_ros2.egg-info/top_level.txt\n'}
[0.695904] (wildbot_control) StdoutLine: {'line': b'writing top-level names to wildbot_control.egg-info/top_level.txt\n'}
[0.699502] (yolo_ros) Command: {'cmd': ['/usr/bin/python3', '-W', 'ignore:setup.py install is deprecated', '-W', 'ignore:easy_install command is deprecated', 'setup.py', 'develop', '--editable', '--build-directory', '/workspaces/build/yolo_ros/build', '--no-deps', 'symlink_data'], 'cwd': '/workspaces/build/yolo_ros', 'env': {'HISTFILESIZE': '2147450879', 'GZ_CONFIG_PATH': '/opt/ros/jazzy/opt/sdformat_vendor/share/gz', 'HOSTNAME': '20c9a9ee66d6', 'SHLVL': '1', 'LD_LIBRARY_PATH': '/workspaces/install/yolo_msgs/lib:/opt/ros/jazzy/opt/sdformat_vendor/lib:/opt/ros/jazzy/opt/rviz_ogre_vendor/lib:/opt/ros/jazzy/lib/x86_64-linux-gnu:/opt/ros/jazzy/opt/gz_math_vendor/lib:/opt/ros/jazzy/opt/gz_utils_vendor/lib:/opt/ros/jazzy/opt/gz_tools_vendor/lib:/opt/ros/jazzy/opt/gz_cmake_vendor/lib:/opt/ros/jazzy/lib', 'LESS': '-R', 'HOME': '/root', 'LSCOLORS': 'Gxfxcxdxdxegedabagacad', 'ROS_PYTHON_VERSION': '3', 'PAGER': 'less', 'ROS_DISTRO': 'jazzy', 'OSH': '/root/.oh-my-bash', '_': '/usr/bin/colcon', 'ROS_VERSION': '2', 'TERM': 'xterm', 'DRIVER_WS': '/robot_ws', 'PATH': '/usr/lib/ccache:/opt/ros/jazzy/opt/gz_tools_vendor/bin:/opt/ros/jazzy/bin:/usr/local/sbin:/usr/local/bin:/usr/sbin:/usr/bin:/sbin:/bin', 'ydlidar_sdk_DIR': '/usr/lib/cmake/ydlidar_sdk', 'HISTSIZE': '2147450879', 'LANG': 'C.UTF-8', 'LS_COLORS': 'rs=0:di=01;34:ln=01;36:mh=00:pi=40;33:so=01;35:do=01;35:bd=40;33;01:cd=40;33;01:or=40;31;01:mi=00:su=37;41:sg=30;43:ca=00:tw=30;42:ow=34;42:st=37;44:ex=01;32:*.tar=01;31:*.tgz=01;31:*.arc=01;31:*.arj=01;31:*.taz=01;31:*.lha=01;31:*.lz4=01;31:*.lzh=01;31:*.lzma=01;31:*.tlz=01;31:*.txz=01;31:*.tzo=01;31:*.t7z=01;31:*.zip=01;31:*.z=01;31:*.dz=01;31:*.gz=01;31:*.lrz=01;31:*.lz=01;31:*.lzo=01;31:*.xz=01;31:*.zst=01;31:*.tzst=01;31:*.bz2=01;31:*.bz=01;31:*.tbz=01;31:*.tbz2=01;31:*.tz=01;31:*.deb=01;31:*.rpm=01;31:*.jar=01;31:*.war=01;31:*.ear=01;31:*.sar=01;31:*.rar=01;31:*.alz=01;31:*.ace=01;31:*.zoo=01;31:*.cpio=01;31:*.7z=01;31:*.rz=01;31:*.cab=01;31:*.wim=01;31:*.swm=01;31:*.dwm=01;31:*.esd=01;31:*.avif=01;35:*.jpg=01;35:*.jpeg=01;35:*.mjpg=01;35:*.mjpeg=01;35:*.gif=01;35:*.bmp=01;35:*.pbm=01;35:*.pgm=01;35:*.ppm=01;35:*.tga=01;35:*.xbm=01;35:*.xpm=01;35:*.tif=01;35:*.tiff=01;35:*.png=01;35:*.svg=01;35:*.svgz=01;35:*.mng=01;35:*.pcx=01;35:*.mov=01;35:*.mpg=01;35:*.mpeg=01;35:*.m2v=01;35:*.mkv=01;35:*.webm=01;35:*.webp=01;35:*.ogm=01;35:*.mp4=01;35:*.m4v=01;35:*.mp4v=01;35:*.vob=01;35:*.qt=01;35:*.nuv=01;35:*.wmv=01;35:*.asf=01;35:*.rm=01;35:*.rmvb=01;35:*.flc=01;35:*.avi=01;35:*.fli=01;35:*.flv=01;35:*.gl=01;35:*.dl=01;35:*.xcf=01;35:*.xwd=01;35:*.yuv=01;35:*.cgm=01;35:*.emf=01;35:*.ogv=01;35:*.ogx=01;35:*.aac=00;36:*.au=00;36:*.flac=00;36:*.m4a=00;36:*.mid=00;36:*.midi=00;36:*.mka=00;36:*.mp3=00;36:*.mpc=00;36:*.ogg=00;36:*.ra=00;36:*.wav=00;36:*.oga=00;36:*.opus=00;36:*.spx=00;36:*.xspf=00;36:*~=00;90:*#=00;90:*.bak=00;90:*.crdownload=00;90:*.dpkg-dist=00;90:*.dpkg-new=00;90:*.dpkg-old=00;90:*.dpkg-tmp=00;90:*.old=00;90:*.orig=00;90:*.part=00;90:*.rej=00;90:*.rpmnew=00;90:*.rpmorig=00;90:*.rpmsave=00;90:*.swp=00;90:*.tmp=00;90:*.ucf-dist=00;90:*.ucf-new=00;90:*.ucf-old=00;90:', 'ROS_DOMAIN_ID': '0', 'AMENT_PREFIX_PATH': '/workspaces/install/yolo_msgs:/opt/ros/jazzy', 'ROS_AUTOMATIC_DISCOVERY_RANGE': 'SUBNET', 'PWD': '/workspaces/build/yolo_ros', 'LC_ALL': 'C.UTF-8', 'PYTHONPATH': '/workspaces/build/yolo_ros/prefix_override:/usr/lib/python3/dist-packages/colcon_core/task/python/colcon_distutils_commands:/workspaces/install/yolo_ros/lib/python3.12/site-packages:/workspaces/install/yolo_msgs/lib/python3.12/site-packages:/opt/ros/jazzy/lib/python3.12/site-packages', 'COLCON': '1', 'CMAKE_PREFIX_PATH': '/workspaces/install/yolo_msgs:/opt/ros/jazzy/opt/sdformat_vendor:/opt/ros/jazzy/opt/gz_math_vendor:/opt/ros/jazzy/opt/gz_utils_vendor:/opt/ros/jazzy/opt/gz_tools_vendor:/opt/ros/jazzy/opt/gz_cmake_vendor', 'ROS2_WS': '/workspaces'}, 'shell': False}
[0.700583] (-) TimerEvent: {}
[0.706350] (handsfree_imu_ros2) StdoutLine: {'line': b"reading manifest file 'handsfree_imu_ros2.egg-info/SOURCES.txt'\n"}
[0.706511] (wildbot_control) StdoutLine: {'line': b"reading manifest file 'wildbot_control.egg-info/SOURCES.txt'\n"}
[0.706798] (handsfree_imu_ros2) StdoutLine: {'line': b"writing manifest file 'handsfree_imu_ros2.egg-info/SOURCES.txt'\n"}
[0.706862] (wildbot_control) StdoutLine: {'line': b"writing manifest file 'wildbot_control.egg-info/SOURCES.txt'\n"}
[0.713424] (wildbot_control) StdoutLine: {'line': b'running build_ext\n'}
[0.713682] (handsfree_imu_ros2) StdoutLine: {'line': b'running build_ext\n'}
[0.713749] (handsfree_imu_ros2) StdoutLine: {'line': b'Creating /workspaces/install/handsfree_imu_ros2/lib/python3.12/site-packages/handsfree-imu-ros2.egg-link (link to .)\n'}
[0.713799] (wildbot_control) StdoutLine: {'line': b'Creating /workspaces/install/wildbot_control/lib/python3.12/site-packages/wildbot-control.egg-link (link to .)\n'}
[0.713877] (wildbot_control) StdoutLine: {'line': b'Installing yaw_hold_node script to /workspaces/install/wildbot_control/lib/wildbot_control\n'}
[0.713925] (handsfree_imu_ros2) StdoutLine: {'line': b'Installing imu_a9_node script to /workspaces/install/handsfree_imu_ros2/lib/handsfree_imu_ros2\n'}
[0.714006] (wildbot_control) StdoutLine: {'line': b'\n'}
[0.714065] (wildbot_control) StdoutLine: {'line': b'Installed /workspaces/build/wildbot_control\n'}
[0.714124] (wildbot_control) StdoutLine: {'line': b'running symlink_data\n'}
[0.714195] (handsfree_imu_ros2) StdoutLine: {'line': b'\n'}
[0.714240] (handsfree_imu_ros2) StdoutLine: {'line': b'Installed /workspaces/build/handsfree_imu_ros2\n'}
[0.714294] (handsfree_imu_ros2) StdoutLine: {'line': b'running symlink_data\n'}
[0.743450] (wildbot_control) CommandEnded: {'returncode': 0}
[0.747693] (wildbot_control) JobEnded: {'identifier': 'wildbot_control', 'rc': 0}
[0.748415] (handsfree_imu_ros2) CommandEnded: {'returncode': 0}
[0.751585] (handsfree_imu_ros2) JobEnded: {'identifier': 'handsfree_imu_ros2', 'rc': 0}
[0.800671] (-) TimerEvent: {}
[0.830574] (yolo_ros) StdoutLine: {'line': b'running develop\n'}
[0.884538] (yolo_ros) StdoutLine: {'line': b'running egg_info\n'}
[0.889820] (yolo_ros) StdoutLine: {'line': b'writing yolo_ros.egg-info/PKG-INFO\n'}
[0.889991] (yolo_ros) StdoutLine: {'line': b'writing dependency_links to yolo_ros.egg-info/dependency_links.txt\n'}
[0.890094] (yolo_ros) StdoutLine: {'line': b'writing entry points to yolo_ros.egg-info/entry_points.txt\n'}
[0.890147] (yolo_ros) StdoutLine: {'line': b'writing requirements to yolo_ros.egg-info/requires.txt\n'}
[0.890178] (yolo_ros) StdoutLine: {'line': b'writing top-level names to yolo_ros.egg-info/top_level.txt\n'}
[0.900653] (yolo_ros) StdoutLine: {'line': b"reading manifest file 'yolo_ros.egg-info/SOURCES.txt'\n"}
[0.900719] (-) TimerEvent: {}
[0.901025] (yolo_ros) StdoutLine: {'line': b"writing manifest file 'yolo_ros.egg-info/SOURCES.txt'\n"}
[0.907125] (yolo_ros) StdoutLine: {'line': b'running build_ext\n'}
[0.907223] (yolo_ros) StdoutLine: {'line': b'Creating /workspaces/install/yolo_ros/lib/python3.12/site-packages/yolo-ros.egg-link (link to .)\n'}
[0.907552] (yolo_ros) StdoutLine: {'line': b'Installing debug_node script to /workspaces/install/yolo_ros/lib/yolo_ros\n'}
[0.907670] (yolo_ros) StdoutLine: {'line': b'Installing detect_3d_node script to /workspaces/install/yolo_ros/lib/yolo_ros\n'}
[0.907733] (yolo_ros) StdoutLine: {'line': b'Installing tracking_node script to /workspaces/install/yolo_ros/lib/yolo_ros\n'}
[0.907802] (yolo_ros) StdoutLine: {'line': b'Installing yolo_node script to /workspaces/install/yolo_ros/lib/yolo_ros\n'}
[0.907862] (yolo_ros) StdoutLine: {'line': b'\n'}
[0.907909] (yolo_ros) StdoutLine: {'line': b'Installed /workspaces/build/yolo_ros\n'}
[0.907953] (yolo_ros) StdoutLine: {'line': b'running symlink_data\n'}
[0.931540] (yolo_ros) CommandEnded: {'returncode': 0}
[0.935300] (yolo_ros) JobEnded: {'identifier': 'yolo_ros', 'rc': 0}
[0.935725] (yolo_bringup) JobStarted: {'identifier': 'yolo_bringup'}
[0.940491] (yolo_bringup) JobProgress: {'identifier': 'yolo_bringup', 'progress': 'cmake'}
[0.940710] (yolo_bringup) JobProgress: {'identifier': 'yolo_bringup', 'progress': 'build'}
[0.940924] (yolo_bringup) Command: {'cmd': ['/usr/bin/cmake', '--build', '/workspaces/build/yolo_bringup', '--', '-j16', '-l16'], 'cwd': '/workspaces/build/yolo_bringup', 'env': OrderedDict({'HISTFILESIZE': '2147450879', 'GZ_CONFIG_PATH': '/opt/ros/jazzy/opt/sdformat_vendor/share/gz', 'HOSTNAME': '20c9a9ee66d6', 'SHLVL': '1', 'LD_LIBRARY_PATH': '/workspaces/install/yolo_msgs/lib:/opt/ros/jazzy/opt/sdformat_vendor/lib:/opt/ros/jazzy/opt/rviz_ogre_vendor/lib:/opt/ros/jazzy/lib/x86_64-linux-gnu:/opt/ros/jazzy/opt/gz_math_vendor/lib:/opt/ros/jazzy/opt/gz_utils_vendor/lib:/opt/ros/jazzy/opt/gz_tools_vendor/lib:/opt/ros/jazzy/opt/gz_cmake_vendor/lib:/opt/ros/jazzy/lib', 'LESS': '-R', 'HOME': '/root', 'LSCOLORS': 'Gxfxcxdxdxegedabagacad', 'ROS_PYTHON_VERSION': '3', 'PAGER': 'less', 'ROS_DISTRO': 'jazzy', 'OSH': '/root/.oh-my-bash', '_': '/usr/bin/colcon', 'ROS_VERSION': '2', 'TERM': 'xterm', 'DRIVER_WS': '/robot_ws', 'PATH': '/usr/lib/ccache:/opt/ros/jazzy/opt/gz_tools_vendor/bin:/opt/ros/jazzy/bin:/usr/local/sbin:/usr/local/bin:/usr/sbin:/usr/bin:/sbin:/bin', 'ydlidar_sdk_DIR': '/usr/lib/cmake/ydlidar_sdk', 'HISTSIZE': '2147450879', 'LANG': 'C.UTF-8', 'LS_COLORS': 'rs=0:di=01;34:ln=01;36:mh=00:pi=40;33:so=01;35:do=01;35:bd=40;33;01:cd=40;33;01:or=40;31;01:mi=00:su=37;41:sg=30;43:ca=00:tw=30;42:ow=34;42:st=37;44:ex=01;32:*.tar=01;31:*.tgz=01;31:*.arc=01;31:*.arj=01;31:*.taz=01;31:*.lha=01;31:*.lz4=01;31:*.lzh=01;31:*.lzma=01;31:*.tlz=01;31:*.txz=01;31:*.tzo=01;31:*.t7z=01;31:*.zip=01;31:*.z=01;31:*.dz=01;31:*.gz=01;31:*.lrz=01;31:*.lz=01;31:*.lzo=01;31:*.xz=01;31:*.zst=01;31:*.tzst=01;31:*.bz2=01;31:*.bz=01;31:*.tbz=01;31:*.tbz2=01;31:*.tz=01;31:*.deb=01;31:*.rpm=01;31:*.jar=01;31:*.war=01;31:*.ear=01;31:*.sar=01;31:*.rar=01;31:*.alz=01;31:*.ace=01;31:*.zoo=01;31:*.cpio=01;31:*.7z=01;31:*.rz=01;31:*.cab=01;31:*.wim=01;31:*.swm=01;31:*.dwm=01;31:*.esd=01;31:*.avif=01;35:*.jpg=01;35:*.jpeg=01;35:*.mjpg=01;35:*.mjpeg=01;35:*.gif=01;35:*.bmp=01;35:*.pbm=01;35:*.pgm=01;35:*.ppm=01;35:*.tga=01;35:*.xbm=01;35:*.xpm=01;35:*.tif=01;35:*.tiff=01;35:*.png=01;35:*.svg=01;35:*.svgz=01;35:*.mng=01;35:*.pcx=01;35:*.mov=01;35:*.mpg=01;35:*.mpeg=01;35:*.m2v=01;35:*.mkv=01;35:*.webm=01;35:*.webp=01;35:*.ogm=01;35:*.mp4=01;35:*.m4v=01;35:*.mp4v=01;35:*.vob=01;35:*.qt=01;35:*.nuv=01;35:*.wmv=01;35:*.asf=01;35:*.rm=01;35:*.rmvb=01;35:*.flc=01;35:*.avi=01;35:*.fli=01;35:*.flv=01;35:*.gl=01;35:*.dl=01;35:*.xcf=01;35:*.xwd=01;35:*.yuv=01;35:*.cgm=01;35:*.emf=01;35:*.ogv=01;35:*.ogx=01;35:*.aac=00;36:*.au=00;36:*.flac=00;36:*.m4a=00;36:*.mid=00;36:*.midi=00;36:*.mka=00;36:*.mp3=00;36:*.mpc=00;36:*.ogg=00;36:*.ra=00;36:*.wav=00;36:*.oga=00;36:*.opus=00;36:*.spx=00;36:*.xspf=00;36:*~=00;90:*#=00;90:*.bak=00;90:*.crdownload=00;90:*.dpkg-dist=00;90:*.dpkg-new=00;90:*.dpkg-old=00;90:*.dpkg-tmp=00;90:*.old=00;90:*.orig=00;90:*.part=00;90:*.rej=00;90:*.rpmnew=00;90:*.rpmorig=00;90:*.rpmsave=00;90:*.swp=00;90:*.tmp=00;90:*.ucf-dist=00;90:*.ucf-new=00;90:*.ucf-old=00;90:', 'ROS_DOMAIN_ID': '0', 'AMENT_PREFIX_PATH': '/workspaces/install/yolo_ros:/workspaces/install/yolo_msgs:/opt/ros/jazzy', 'ROS_AUTOMATIC_DISCOVERY_RANGE': 'SUBNET', 'PWD': '/workspaces/build/yolo_bringup', 'LC_ALL': 'C.UTF-8', 'PYTHONPATH': '/workspaces/build/yolo_ros:/workspaces/install/yolo_ros/lib/python3.12/site-packages:/workspaces/install/yolo_msgs/lib/python3.12/site-packages:/opt/ros/jazzy/lib/python3.12/site-packages', 'COLCON': '1', 'CMAKE_PREFIX_PATH': '/workspaces/install/yolo_msgs:/opt/ros/jazzy/opt/sdformat_vendor:/opt/ros/jazzy/opt/gz_math_vendor:/opt/ros/jazzy/opt/gz_utils_vendor:/opt/ros/jazzy/opt/gz_tools_vendor:/opt/ros/jazzy/opt/gz_cmake_vendor:/opt/ros/jazzy', 'ROS2_WS': '/workspaces'}), 'shell': False}
[0.966025] (yolo_bringup) CommandEnded: {'returncode': 0}
[0.966388] (yolo_bringup) JobProgress: {'identifier': 'yolo_bringup', 'progress': 'install'}
[0.966461] (yolo_bringup) Command: {'cmd': ['/usr/bin/cmake', '--install', '/workspaces/build/yolo_bringup'], 'cwd': '/workspaces/build/yolo_bringup', 'env': OrderedDict({'HISTFILESIZE': '2147450879', 'GZ_CONFIG_PATH': '/opt/ros/jazzy/opt/sdformat_vendor/share/gz', 'HOSTNAME': '20c9a9ee66d6', 'SHLVL': '1', 'LD_LIBRARY_PATH': '/workspaces/install/yolo_msgs/lib:/opt/ros/jazzy/opt/sdformat_vendor/lib:/opt/ros/jazzy/opt/rviz_ogre_vendor/lib:/opt/ros/jazzy/lib/x86_64-linux-gnu:/opt/ros/jazzy/opt/gz_math_vendor/lib:/opt/ros/jazzy/opt/gz_utils_vendor/lib:/opt/ros/jazzy/opt/gz_tools_vendor/lib:/opt/ros/jazzy/opt/gz_cmake_vendor/lib:/opt/ros/jazzy/lib', 'LESS': '-R', 'HOME': '/root', 'LSCOLORS': 'Gxfxcxdxdxegedabagacad', 'ROS_PYTHON_VERSION': '3', 'PAGER': 'less', 'ROS_DISTRO': 'jazzy', 'OSH': '/root/.oh-my-bash', '_': '/usr/bin/colcon', 'ROS_VERSION': '2', 'TERM': 'xterm', 'DRIVER_WS': '/robot_ws', 'PATH': '/usr/lib/ccache:/opt/ros/jazzy/opt/gz_tools_vendor/bin:/opt/ros/jazzy/bin:/usr/local/sbin:/usr/local/bin:/usr/sbin:/usr/bin:/sbin:/bin', 'ydlidar_sdk_DIR': '/usr/lib/cmake/ydlidar_sdk', 'HISTSIZE': '2147450879', 'LANG': 'C.UTF-8', 'LS_COLORS': 'rs=0:di=01;34:ln=01;36:mh=00:pi=40;33:so=01;35:do=01;35:bd=40;33;01:cd=40;33;01:or=40;31;01:mi=00:su=37;41:sg=30;43:ca=00:tw=30;42:ow=34;42:st=37;44:ex=01;32:*.tar=01;31:*.tgz=01;31:*.arc=01;31:*.arj=01;31:*.taz=01;31:*.lha=01;31:*.lz4=01;31:*.lzh=01;31:*.lzma=01;31:*.tlz=01;31:*.txz=01;31:*.tzo=01;31:*.t7z=01;31:*.zip=01;31:*.z=01;31:*.dz=01;31:*.gz=01;31:*.lrz=01;31:*.lz=01;31:*.lzo=01;31:*.xz=01;31:*.zst=01;31:*.tzst=01;31:*.bz2=01;31:*.bz=01;31:*.tbz=01;31:*.tbz2=01;31:*.tz=01;31:*.deb=01;31:*.rpm=01;31:*.jar=01;31:*.war=01;31:*.ear=01;31:*.sar=01;31:*.rar=01;31:*.alz=01;31:*.ace=01;31:*.zoo=01;31:*.cpio=01;31:*.7z=01;31:*.rz=01;31:*.cab=01;31:*.wim=01;31:*.swm=01;31:*.dwm=01;31:*.esd=01;31:*.avif=01;35:*.jpg=01;35:*.jpeg=01;35:*.mjpg=01;35:*.mjpeg=01;35:*.gif=01;35:*.bmp=01;35:*.pbm=01;35:*.pgm=01;35:*.ppm=01;35:*.tga=01;35:*.xbm=01;35:*.xpm=01;35:*.tif=01;35:*.tiff=01;35:*.png=01;35:*.svg=01;35:*.svgz=01;35:*.mng=01;35:*.pcx=01;35:*.mov=01;35:*.mpg=01;35:*.mpeg=01;35:*.m2v=01;35:*.mkv=01;35:*.webm=01;35:*.webp=01;35:*.ogm=01;35:*.mp4=01;35:*.m4v=01;35:*.mp4v=01;35:*.vob=01;35:*.qt=01;35:*.nuv=01;35:*.wmv=01;35:*.asf=01;35:*.rm=01;35:*.rmvb=01;35:*.flc=01;35:*.avi=01;35:*.fli=01;35:*.flv=01;35:*.gl=01;35:*.dl=01;35:*.xcf=01;35:*.xwd=01;35:*.yuv=01;35:*.cgm=01;35:*.emf=01;35:*.ogv=01;35:*.ogx=01;35:*.aac=00;36:*.au=00;36:*.flac=00;36:*.m4a=00;36:*.mid=00;36:*.midi=00;36:*.mka=00;36:*.mp3=00;36:*.mpc=00;36:*.ogg=00;36:*.ra=00;36:*.wav=00;36:*.oga=00;36:*.opus=00;36:*.spx=00;36:*.xspf=00;36:*~=00;90:*#=00;90:*.bak=00;90:*.crdownload=00;90:*.dpkg-dist=00;90:*.dpkg-new=00;90:*.dpkg-old=00;90:*.dpkg-tmp=00;90:*.old=00;90:*.orig=00;90:*.part=00;90:*.rej=00;90:*.rpmnew=00;90:*.rpmorig=00;90:*.rpmsave=00;90:*.swp=00;90:*.tmp=00;90:*.ucf-dist=00;90:*.ucf-new=00;90:*.ucf-old=00;90:', 'ROS_DOMAIN_ID': '0', 'AMENT_PREFIX_PATH': '/workspaces/install/yolo_ros:/workspaces/install/yolo_msgs:/opt/ros/jazzy', 'ROS_AUTOMATIC_DISCOVERY_RANGE': 'SUBNET', 'PWD': '/workspaces/build/yolo_bringup', 'LC_ALL': 'C.UTF-8', 'PYTHONPATH': '/workspaces/build/yolo_ros:/workspaces/install/yolo_ros/lib/python3.12/site-packages:/workspaces/install/yolo_msgs/lib/python3.12/site-packages:/opt/ros/jazzy/lib/python3.12/site-packages', 'COLCON': '1', 'CMAKE_PREFIX_PATH': '/workspaces/install/yolo_msgs:/opt/ros/jazzy/opt/sdformat_vendor:/opt/ros/jazzy/opt/gz_math_vendor:/opt/ros/jazzy/opt/gz_utils_vendor:/opt/ros/jazzy/opt/gz_tools_vendor:/opt/ros/jazzy/opt/gz_cmake_vendor:/opt/ros/jazzy', 'ROS2_WS': '/workspaces'}), 'shell': False}
[0.970317] (yolo_bringup) StdoutLine: {'line': b'-- Install configuration: ""\n'}
[0.970599] (yolo_bringup) StdoutLine: {'line': b'-- Execute custom install script\n'}
[0.971196] (yolo_bringup) StdoutLine: {'line': b'-- Up-to-date symlink: /workspaces/install/yolo_bringup/share/yolo_bringup//launch/yolo-world.launch.py\n'}
[0.971272] (yolo_bringup) StdoutLine: {'line': b'-- Up-to-date symlink: /workspaces/install/yolo_bringup/share/yolo_bringup//launch/yolo-world.launch.py:Zone.Identifier\n'}
[0.971337] (yolo_bringup) StdoutLine: {'line': b'-- Up-to-date symlink: /workspaces/install/yolo_bringup/share/yolo_bringup//launch/yolo.launch.py\n'}
[0.971400] (yolo_bringup) StdoutLine: {'line': b'-- Up-to-date symlink: /workspaces/install/yolo_bringup/share/yolo_bringup//launch/yolo.launch.py:Zone.Identifier\n'}
[0.971461] (yolo_bringup) StdoutLine: {'line': b'-- Up-to-date symlink: /workspaces/install/yolo_bringup/share/yolo_bringup//launch/yoloe.launch.py\n'}
[0.971532] (yolo_bringup) StdoutLine: {'line': b'-- Up-to-date symlink: /workspaces/install/yolo_bringup/share/yolo_bringup//launch/yoloe.launch.py:Zone.Identifier\n'}
[0.971592] (yolo_bringup) StdoutLine: {'line': b'-- Up-to-date symlink: /workspaces/install/yolo_bringup/share/yolo_bringup//launch/yolov10.launch.py\n'}
[0.971655] (yolo_bringup) StdoutLine: {'line': b'-- Up-to-date symlink: /workspaces/install/yolo_bringup/share/yolo_bringup//launch/yolov10.launch.py:Zone.Identifier\n'}
[0.971714] (yolo_bringup) StdoutLine: {'line': b'-- Up-to-date symlink: /workspaces/install/yolo_bringup/share/yolo_bringup//launch/yolov11.launch.py\n'}
[0.971775] (yolo_bringup) StdoutLine: {'line': b'-- Up-to-date symlink: /workspaces/install/yolo_bringup/share/yolo_bringup//launch/yolov11.launch.py:Zone.Identifier\n'}
[0.971837] (yolo_bringup) StdoutLine: {'line': b'-- Up-to-date symlink: /workspaces/install/yolo_bringup/share/yolo_bringup//launch/yolov12.launch.py\n'}
[0.971897] (yolo_bringup) StdoutLine: {'line': b'-- Up-to-date symlink: /workspaces/install/yolo_bringup/share/yolo_bringup//launch/yolov12.launch.py:Zone.Identifier\n'}
[0.971960] (yolo_bringup) StdoutLine: {'line': b'-- Up-to-date symlink: /workspaces/install/yolo_bringup/share/yolo_bringup//launch/yolov26.launch.py\n'}
[0.972023] (yolo_bringup) StdoutLine: {'line': b'-- Up-to-date symlink: /workspaces/install/yolo_bringup/share/yolo_bringup//launch/yolov26.launch.py:Zone.Identifier\n'}
[0.972082] (yolo_bringup) StdoutLine: {'line': b'-- Up-to-date symlink: /workspaces/install/yolo_bringup/share/yolo_bringup//launch/yolov5.launch.py\n'}
[0.972143] (yolo_bringup) StdoutLine: {'line': b'-- Up-to-date symlink: /workspaces/install/yolo_bringup/share/yolo_bringup//launch/yolov5.launch.py:Zone.Identifier\n'}
[0.972206] (yolo_bringup) StdoutLine: {'line': b'-- Up-to-date symlink: /workspaces/install/yolo_bringup/share/yolo_bringup//launch/yolov8.launch.py\n'}
[0.972268] (yolo_bringup) StdoutLine: {'line': b'-- Up-to-date symlink: /workspaces/install/yolo_bringup/share/yolo_bringup//launch/yolov8.launch.py:Zone.Identifier\n'}
[0.972327] (yolo_bringup) StdoutLine: {'line': b'-- Up-to-date symlink: /workspaces/install/yolo_bringup/share/yolo_bringup//launch/yolov9.launch.py\n'}
[0.972386] (yolo_bringup) StdoutLine: {'line': b'-- Up-to-date symlink: /workspaces/install/yolo_bringup/share/yolo_bringup//launch/yolov9.launch.py:Zone.Identifier\n'}
[0.972565] (yolo_bringup) StdoutLine: {'line': b'-- Up-to-date symlink: /workspaces/install/yolo_bringup/share/ament_index/resource_index/package_run_dependencies/yolo_bringup\n'}
[0.972666] (yolo_bringup) StdoutLine: {'line': b'-- Up-to-date symlink: /workspaces/install/yolo_bringup/share/ament_index/resource_index/parent_prefix_path/yolo_bringup\n'}
[0.972778] (yolo_bringup) StdoutLine: {'line': b'-- Up-to-date symlink: /workspaces/install/yolo_bringup/share/yolo_bringup/environment/ament_prefix_path.sh\n'}
[0.972870] (yolo_bringup) StdoutLine: {'line': b'-- Up-to-date symlink: /workspaces/install/yolo_bringup/share/yolo_bringup/environment/ament_prefix_path.dsv\n'}
[0.972993] (yolo_bringup) StdoutLine: {'line': b'-- Up-to-date symlink: /workspaces/install/yolo_bringup/share/yolo_bringup/environment/path.sh\n'}
[0.973084] (yolo_bringup) StdoutLine: {'line': b'-- Up-to-date symlink: /workspaces/install/yolo_bringup/share/yolo_bringup/environment/path.dsv\n'}
[0.973179] (yolo_bringup) StdoutLine: {'line': b'-- Up-to-date symlink: /workspaces/install/yolo_bringup/share/yolo_bringup/local_setup.bash\n'}
[0.973276] (yolo_bringup) StdoutLine: {'line': b'-- Up-to-date symlink: /workspaces/install/yolo_bringup/share/yolo_bringup/local_setup.sh\n'}
[0.973360] (yolo_bringup) StdoutLine: {'line': b'-- Up-to-date symlink: /workspaces/install/yolo_bringup/share/yolo_bringup/local_setup.zsh\n'}
[0.973444] (yolo_bringup) StdoutLine: {'line': b'-- Up-to-date symlink: /workspaces/install/yolo_bringup/share/yolo_bringup/local_setup.dsv\n'}
[0.973519] (yolo_bringup) StdoutLine: {'line': b'-- Symlinking: /workspaces/install/yolo_bringup/share/yolo_bringup/package.dsv\n'}
[0.977993] (yolo_bringup) StdoutLine: {'line': b'-- Up-to-date symlink: /workspaces/install/yolo_bringup/share/ament_index/resource_index/packages/yolo_bringup\n'}
[0.978077] (yolo_bringup) StdoutLine: {'line': b'-- Up-to-date symlink: /workspaces/install/yolo_bringup/share/yolo_bringup/cmake/yolo_bringupConfig.cmake\n'}
[0.978138] (yolo_bringup) StdoutLine: {'line': b'-- Up-to-date symlink: /workspaces/install/yolo_bringup/share/yolo_bringup/cmake/yolo_bringupConfig-version.cmake\n'}
[0.978243] (yolo_bringup) StdoutLine: {'line': b'-- Up-to-date symlink: /workspaces/install/yolo_bringup/share/yolo_bringup/package.xml\n'}
[0.979644] (yolo_bringup) CommandEnded: {'returncode': 0}
[0.985448] (yolo_bringup) JobEnded: {'identifier': 'yolo_bringup', 'rc': 0}
[0.985972] (-) EventReactorShutdown: {}
