[0.073s] DEBUG:colcon:Command line arguments: ['/usr/bin/colcon', 'build', '--symlink-install']
[0.074s] DEBUG:colcon:Parsed command line arguments: Namespace(log_base=None, log_level=None, verb_name='build', build_base='build', install_base='install', merge_install=False, symlink_install=True, test_result_base=None, continue_on_error=False, executor='parallel', parallel_workers=16, event_handlers=None, ignore_user_meta=False, metas=['./colcon.meta'], base_paths=['.'], packages_ignore=None, packages_ignore_regex=None, paths=None, packages_up_to=None, packages_up_to_regex=None, packages_above=None, packages_above_and_dependencies=None, packages_above_depth=None, packages_select_by_dep=None, packages_skip_by_dep=None, packages_skip_up_to=None, packages_select_build_failed=False, packages_skip_build_finished=False, packages_select_test_failures=False, packages_skip_test_passed=False, packages_select=None, packages_skip=None, packages_select_regex=None, packages_skip_regex=None, packages_start=None, packages_end=None, cmake_args=None, cmake_target=None, cmake_target_skip_unavailable=False, cmake_clean_cache=False, cmake_clean_first=False, cmake_force_configure=False, ament_cmake_args=None, catkin_cmake_args=None, catkin_skip_building_tests=False, mixin_files=None, mixin=None, verb_parser=<colcon_mixin.mixin.mixin_argument.MixinArgumentDecorator object at 0x7cf7d065a3f0>, verb_extension=<colcon_core.verb.build.BuildVerb object at 0x7cf7d065a090>, main=<bound method BuildVerb.main of <colcon_core.verb.build.BuildVerb object at 0x7cf7d065a090>>, mixin_verb=('build',))
[0.102s] Level 1:colcon.colcon_core.package_discovery:discover_packages(colcon_meta) check parameters
[0.102s] INFO:colcon.colcon_metadata.package_discovery.colcon_meta:Using configuration from '/root/.colcon/metadata/default/Gazebo.meta'
[0.102s] INFO:colcon.colcon_metadata.package_discovery.colcon_meta:Using configuration from '/root/.colcon/metadata/default/fastdds.meta'
[0.103s] INFO:colcon.colcon_metadata.package_discovery.colcon_meta:Using configuration from '/root/.colcon/metadata/default/fastrtps.meta'
[0.103s] Level 1:colcon.colcon_core.package_discovery:discover_packages(recursive) check parameters
[0.103s] Level 1:colcon.colcon_core.package_discovery:discover_packages(ignore) check parameters
[0.103s] Level 1:colcon.colcon_core.package_discovery:discover_packages(path) check parameters
[0.103s] Level 1:colcon.colcon_core.package_discovery:discover_packages(colcon_meta) discover
[0.103s] Level 1:colcon.colcon_core.package_discovery:discover_packages(recursive) discover
[0.103s] INFO:colcon.colcon_core.package_discovery:Crawling recursively for packages in '/workspaces'
[0.103s] Level 1:colcon.colcon_core.package_identification:_identify(.) by extensions ['ignore', 'ignore_ament_install']
[0.103s] Level 1:colcon.colcon_core.package_identification:_identify(.) by extension 'ignore'
[0.103s] Level 1:colcon.colcon_core.package_identification:_identify(.) by extension 'ignore_ament_install'
[0.103s] Level 1:colcon.colcon_core.package_identification:_identify(.) by extensions ['colcon_pkg']
[0.103s] Level 1:colcon.colcon_core.package_identification:_identify(.) by extension 'colcon_pkg'
[0.103s] Level 1:colcon.colcon_core.package_identification:_identify(.) by extensions ['colcon_meta']
[0.103s] Level 1:colcon.colcon_core.package_identification:_identify(.) by extension 'colcon_meta'
[0.103s] Level 1:colcon.colcon_core.package_identification:_identify(.) by extensions ['ros']
[0.103s] Level 1:colcon.colcon_core.package_identification:_identify(.) by extension 'ros'
[0.121s] Level 1:colcon.colcon_core.package_identification:_identify(.) by extensions ['cmake', 'python']
[0.121s] Level 1:colcon.colcon_core.package_identification:_identify(.) by extension 'cmake'
[0.121s] Level 1:colcon.colcon_core.package_identification:_identify(.) by extension 'python'
[0.121s] Level 1:colcon.colcon_core.package_identification:_identify(.) by extensions ['python_setup_py']
[0.121s] Level 1:colcon.colcon_core.package_identification:_identify(.) by extension 'python_setup_py'
[0.121s] Level 1:colcon.colcon_core.package_identification:_identify(build) by extensions ['ignore', 'ignore_ament_install']
[0.122s] Level 1:colcon.colcon_core.package_identification:_identify(build) by extension 'ignore'
[0.122s] Level 1:colcon.colcon_core.package_identification:_identify(build) ignored
[0.122s] Level 1:colcon.colcon_core.package_identification:_identify(docker) by extensions ['ignore', 'ignore_ament_install']
[0.122s] Level 1:colcon.colcon_core.package_identification:_identify(docker) by extension 'ignore'
[0.122s] Level 1:colcon.colcon_core.package_identification:_identify(docker) by extension 'ignore_ament_install'
[0.122s] Level 1:colcon.colcon_core.package_identification:_identify(docker) by extensions ['colcon_pkg']
[0.122s] Level 1:colcon.colcon_core.package_identification:_identify(docker) by extension 'colcon_pkg'
[0.122s] Level 1:colcon.colcon_core.package_identification:_identify(docker) by extensions ['colcon_meta']
[0.122s] Level 1:colcon.colcon_core.package_identification:_identify(docker) by extension 'colcon_meta'
[0.122s] Level 1:colcon.colcon_core.package_identification:_identify(docker) by extensions ['ros']
[0.122s] Level 1:colcon.colcon_core.package_identification:_identify(docker) by extension 'ros'
[0.122s] Level 1:colcon.colcon_core.package_identification:_identify(docker) by extensions ['cmake', 'python']
[0.122s] Level 1:colcon.colcon_core.package_identification:_identify(docker) by extension 'cmake'
[0.122s] Level 1:colcon.colcon_core.package_identification:_identify(docker) by extension 'python'
[0.122s] Level 1:colcon.colcon_core.package_identification:_identify(docker) by extensions ['python_setup_py']
[0.122s] Level 1:colcon.colcon_core.package_identification:_identify(docker) by extension 'python_setup_py'
[0.122s] Level 1:colcon.colcon_core.package_identification:_identify(docker/compose) by extensions ['ignore', 'ignore_ament_install']
[0.122s] Level 1:colcon.colcon_core.package_identification:_identify(docker/compose) by extension 'ignore'
[0.122s] Level 1:colcon.colcon_core.package_identification:_identify(docker/compose) by extension 'ignore_ament_install'
[0.122s] Level 1:colcon.colcon_core.package_identification:_identify(docker/compose) by extensions ['colcon_pkg']
[0.122s] Level 1:colcon.colcon_core.package_identification:_identify(docker/compose) by extension 'colcon_pkg'
[0.122s] Level 1:colcon.colcon_core.package_identification:_identify(docker/compose) by extensions ['colcon_meta']
[0.122s] Level 1:colcon.colcon_core.package_identification:_identify(docker/compose) by extension 'colcon_meta'
[0.122s] Level 1:colcon.colcon_core.package_identification:_identify(docker/compose) by extensions ['ros']
[0.122s] Level 1:colcon.colcon_core.package_identification:_identify(docker/compose) by extension 'ros'
[0.122s] Level 1:colcon.colcon_core.package_identification:_identify(docker/compose) by extensions ['cmake', 'python']
[0.122s] Level 1:colcon.colcon_core.package_identification:_identify(docker/compose) by extension 'cmake'
[0.122s] Level 1:colcon.colcon_core.package_identification:_identify(docker/compose) by extension 'python'
[0.122s] Level 1:colcon.colcon_core.package_identification:_identify(docker/compose) by extensions ['python_setup_py']
[0.122s] Level 1:colcon.colcon_core.package_identification:_identify(docker/compose) by extension 'python_setup_py'
[0.122s] Level 1:colcon.colcon_core.package_identification:_identify(docker/compose/configs) by extensions ['ignore', 'ignore_ament_install']
[0.122s] Level 1:colcon.colcon_core.package_identification:_identify(docker/compose/configs) by extension 'ignore'
[0.122s] Level 1:colcon.colcon_core.package_identification:_identify(docker/compose/configs) by extension 'ignore_ament_install'
[0.122s] Level 1:colcon.colcon_core.package_identification:_identify(docker/compose/configs) by extensions ['colcon_pkg']
[0.122s] Level 1:colcon.colcon_core.package_identification:_identify(docker/compose/configs) by extension 'colcon_pkg'
[0.123s] Level 1:colcon.colcon_core.package_identification:_identify(docker/compose/configs) by extensions ['colcon_meta']
[0.123s] Level 1:colcon.colcon_core.package_identification:_identify(docker/compose/configs) by extension 'colcon_meta'
[0.123s] Level 1:colcon.colcon_core.package_identification:_identify(docker/compose/configs) by extensions ['ros']
[0.123s] Level 1:colcon.colcon_core.package_identification:_identify(docker/compose/configs) by extension 'ros'
[0.123s] Level 1:colcon.colcon_core.package_identification:_identify(docker/compose/configs) by extensions ['cmake', 'python']
[0.123s] Level 1:colcon.colcon_core.package_identification:_identify(docker/compose/configs) by extension 'cmake'
[0.123s] Level 1:colcon.colcon_core.package_identification:_identify(docker/compose/configs) by extension 'python'
[0.123s] Level 1:colcon.colcon_core.package_identification:_identify(docker/compose/configs) by extensions ['python_setup_py']
[0.123s] Level 1:colcon.colcon_core.package_identification:_identify(docker/compose/configs) by extension 'python_setup_py'
[0.123s] Level 1:colcon.colcon_core.package_identification:_identify(docker/compose/launch) by extensions ['ignore', 'ignore_ament_install']
[0.123s] Level 1:colcon.colcon_core.package_identification:_identify(docker/compose/launch) by extension 'ignore'
[0.123s] Level 1:colcon.colcon_core.package_identification:_identify(docker/compose/launch) by extension 'ignore_ament_install'
[0.123s] Level 1:colcon.colcon_core.package_identification:_identify(docker/compose/launch) by extensions ['colcon_pkg']
[0.123s] Level 1:colcon.colcon_core.package_identification:_identify(docker/compose/launch) by extension 'colcon_pkg'
[0.123s] Level 1:colcon.colcon_core.package_identification:_identify(docker/compose/launch) by extensions ['colcon_meta']
[0.123s] Level 1:colcon.colcon_core.package_identification:_identify(docker/compose/launch) by extension 'colcon_meta'
[0.123s] Level 1:colcon.colcon_core.package_identification:_identify(docker/compose/launch) by extensions ['ros']
[0.123s] Level 1:colcon.colcon_core.package_identification:_identify(docker/compose/launch) by extension 'ros'
[0.123s] Level 1:colcon.colcon_core.package_identification:_identify(docker/compose/launch) by extensions ['cmake', 'python']
[0.123s] Level 1:colcon.colcon_core.package_identification:_identify(docker/compose/launch) by extension 'cmake'
[0.123s] Level 1:colcon.colcon_core.package_identification:_identify(docker/compose/launch) by extension 'python'
[0.123s] Level 1:colcon.colcon_core.package_identification:_identify(docker/compose/launch) by extensions ['python_setup_py']
[0.123s] Level 1:colcon.colcon_core.package_identification:_identify(docker/compose/launch) by extension 'python_setup_py'
[0.123s] Level 1:colcon.colcon_core.package_identification:_identify(install) by extensions ['ignore', 'ignore_ament_install']
[0.123s] Level 1:colcon.colcon_core.package_identification:_identify(install) by extension 'ignore'
[0.123s] Level 1:colcon.colcon_core.package_identification:_identify(install) ignored
[0.123s] Level 1:colcon.colcon_core.package_identification:_identify(log) by extensions ['ignore', 'ignore_ament_install']
[0.123s] Level 1:colcon.colcon_core.package_identification:_identify(log) by extension 'ignore'
[0.123s] Level 1:colcon.colcon_core.package_identification:_identify(log) ignored
[0.123s] Level 1:colcon.colcon_core.package_identification:_identify(photos) by extensions ['ignore', 'ignore_ament_install']
[0.123s] Level 1:colcon.colcon_core.package_identification:_identify(photos) by extension 'ignore'
[0.123s] Level 1:colcon.colcon_core.package_identification:_identify(photos) by extension 'ignore_ament_install'
[0.123s] Level 1:colcon.colcon_core.package_identification:_identify(photos) by extensions ['colcon_pkg']
[0.123s] Level 1:colcon.colcon_core.package_identification:_identify(photos) by extension 'colcon_pkg'
[0.124s] Level 1:colcon.colcon_core.package_identification:_identify(photos) by extensions ['colcon_meta']
[0.124s] Level 1:colcon.colcon_core.package_identification:_identify(photos) by extension 'colcon_meta'
[0.124s] Level 1:colcon.colcon_core.package_identification:_identify(photos) by extensions ['ros']
[0.124s] Level 1:colcon.colcon_core.package_identification:_identify(photos) by extension 'ros'
[0.124s] Level 1:colcon.colcon_core.package_identification:_identify(photos) by extensions ['cmake', 'python']
[0.124s] Level 1:colcon.colcon_core.package_identification:_identify(photos) by extension 'cmake'
[0.124s] Level 1:colcon.colcon_core.package_identification:_identify(photos) by extension 'python'
[0.124s] Level 1:colcon.colcon_core.package_identification:_identify(photos) by extensions ['python_setup_py']
[0.124s] Level 1:colcon.colcon_core.package_identification:_identify(photos) by extension 'python_setup_py'
[0.124s] Level 1:colcon.colcon_core.package_identification:_identify(scripts) by extensions ['ignore', 'ignore_ament_install']
[0.124s] Level 1:colcon.colcon_core.package_identification:_identify(scripts) by extension 'ignore'
[0.124s] Level 1:colcon.colcon_core.package_identification:_identify(scripts) by extension 'ignore_ament_install'
[0.124s] Level 1:colcon.colcon_core.package_identification:_identify(scripts) by extensions ['colcon_pkg']
[0.124s] Level 1:colcon.colcon_core.package_identification:_identify(scripts) by extension 'colcon_pkg'
[0.124s] Level 1:colcon.colcon_core.package_identification:_identify(scripts) by extensions ['colcon_meta']
[0.124s] Level 1:colcon.colcon_core.package_identification:_identify(scripts) by extension 'colcon_meta'
[0.124s] Level 1:colcon.colcon_core.package_identification:_identify(scripts) by extensions ['ros']
[0.124s] Level 1:colcon.colcon_core.package_identification:_identify(scripts) by extension 'ros'
[0.124s] Level 1:colcon.colcon_core.package_identification:_identify(scripts) by extensions ['cmake', 'python']
[0.124s] Level 1:colcon.colcon_core.package_identification:_identify(scripts) by extension 'cmake'
[0.124s] Level 1:colcon.colcon_core.package_identification:_identify(scripts) by extension 'python'
[0.124s] Level 1:colcon.colcon_core.package_identification:_identify(scripts) by extensions ['python_setup_py']
[0.124s] Level 1:colcon.colcon_core.package_identification:_identify(scripts) by extension 'python_setup_py'
[0.124s] Level 1:colcon.colcon_core.package_identification:_identify(workspaces) by extensions ['ignore', 'ignore_ament_install']
[0.124s] Level 1:colcon.colcon_core.package_identification:_identify(workspaces) by extension 'ignore'
[0.124s] Level 1:colcon.colcon_core.package_identification:_identify(workspaces) by extension 'ignore_ament_install'
[0.124s] Level 1:colcon.colcon_core.package_identification:_identify(workspaces) by extensions ['colcon_pkg']
[0.124s] Level 1:colcon.colcon_core.package_identification:_identify(workspaces) by extension 'colcon_pkg'
[0.124s] Level 1:colcon.colcon_core.package_identification:_identify(workspaces) by extensions ['colcon_meta']
[0.124s] Level 1:colcon.colcon_core.package_identification:_identify(workspaces) by extension 'colcon_meta'
[0.124s] Level 1:colcon.colcon_core.package_identification:_identify(workspaces) by extensions ['ros']
[0.124s] Level 1:colcon.colcon_core.package_identification:_identify(workspaces) by extension 'ros'
[0.124s] Level 1:colcon.colcon_core.package_identification:_identify(workspaces) by extensions ['cmake', 'python']
[0.124s] Level 1:colcon.colcon_core.package_identification:_identify(workspaces) by extension 'cmake'
[0.124s] Level 1:colcon.colcon_core.package_identification:_identify(workspaces) by extension 'python'
[0.124s] Level 1:colcon.colcon_core.package_identification:_identify(workspaces) by extensions ['python_setup_py']
[0.124s] Level 1:colcon.colcon_core.package_identification:_identify(workspaces) by extension 'python_setup_py'
[0.124s] Level 1:colcon.colcon_core.package_identification:_identify(workspaces/imu_ws) by extensions ['ignore', 'ignore_ament_install']
[0.125s] Level 1:colcon.colcon_core.package_identification:_identify(workspaces/imu_ws) by extension 'ignore'
[0.125s] Level 1:colcon.colcon_core.package_identification:_identify(workspaces/imu_ws) by extension 'ignore_ament_install'
[0.125s] Level 1:colcon.colcon_core.package_identification:_identify(workspaces/imu_ws) by extensions ['colcon_pkg']
[0.125s] Level 1:colcon.colcon_core.package_identification:_identify(workspaces/imu_ws) by extension 'colcon_pkg'
[0.125s] Level 1:colcon.colcon_core.package_identification:_identify(workspaces/imu_ws) by extensions ['colcon_meta']
[0.125s] Level 1:colcon.colcon_core.package_identification:_identify(workspaces/imu_ws) by extension 'colcon_meta'
[0.125s] Level 1:colcon.colcon_core.package_identification:_identify(workspaces/imu_ws) by extensions ['ros']
[0.125s] Level 1:colcon.colcon_core.package_identification:_identify(workspaces/imu_ws) by extension 'ros'
[0.125s] Level 1:colcon.colcon_core.package_identification:_identify(workspaces/imu_ws) by extensions ['cmake', 'python']
[0.125s] Level 1:colcon.colcon_core.package_identification:_identify(workspaces/imu_ws) by extension 'cmake'
[0.125s] Level 1:colcon.colcon_core.package_identification:_identify(workspaces/imu_ws) by extension 'python'
[0.125s] Level 1:colcon.colcon_core.package_identification:_identify(workspaces/imu_ws) by extensions ['python_setup_py']
[0.125s] Level 1:colcon.colcon_core.package_identification:_identify(workspaces/imu_ws) by extension 'python_setup_py'
[0.125s] Level 1:colcon.colcon_core.package_identification:_identify(workspaces/imu_ws/build) by extensions ['ignore', 'ignore_ament_install']
[0.125s] Level 1:colcon.colcon_core.package_identification:_identify(workspaces/imu_ws/build) by extension 'ignore'
[0.125s] Level 1:colcon.colcon_core.package_identification:_identify(workspaces/imu_ws/build) ignored
[0.125s] Level 1:colcon.colcon_core.package_identification:_identify(workspaces/imu_ws/install) by extensions ['ignore', 'ignore_ament_install']
[0.125s] Level 1:colcon.colcon_core.package_identification:_identify(workspaces/imu_ws/install) by extension 'ignore'
[0.125s] Level 1:colcon.colcon_core.package_identification:_identify(workspaces/imu_ws/install) ignored
[0.125s] Level 1:colcon.colcon_core.package_identification:_identify(workspaces/imu_ws/log) by extensions ['ignore', 'ignore_ament_install']
[0.125s] Level 1:colcon.colcon_core.package_identification:_identify(workspaces/imu_ws/log) by extension 'ignore'
[0.125s] Level 1:colcon.colcon_core.package_identification:_identify(workspaces/imu_ws/log) ignored
[0.125s] Level 1:colcon.colcon_core.package_identification:_identify(workspaces/imu_ws/src) by extensions ['ignore', 'ignore_ament_install']
[0.125s] Level 1:colcon.colcon_core.package_identification:_identify(workspaces/imu_ws/src) by extension 'ignore'
[0.125s] Level 1:colcon.colcon_core.package_identification:_identify(workspaces/imu_ws/src) by extension 'ignore_ament_install'
[0.125s] Level 1:colcon.colcon_core.package_identification:_identify(workspaces/imu_ws/src) by extensions ['colcon_pkg']
[0.125s] Level 1:colcon.colcon_core.package_identification:_identify(workspaces/imu_ws/src) by extension 'colcon_pkg'
[0.125s] Level 1:colcon.colcon_core.package_identification:_identify(workspaces/imu_ws/src) by extensions ['colcon_meta']
[0.125s] Level 1:colcon.colcon_core.package_identification:_identify(workspaces/imu_ws/src) by extension 'colcon_meta'
[0.125s] Level 1:colcon.colcon_core.package_identification:_identify(workspaces/imu_ws/src) by extensions ['ros']
[0.125s] Level 1:colcon.colcon_core.package_identification:_identify(workspaces/imu_ws/src) by extension 'ros'
[0.125s] Level 1:colcon.colcon_core.package_identification:_identify(workspaces/imu_ws/src) by extensions ['cmake', 'python']
[0.125s] Level 1:colcon.colcon_core.package_identification:_identify(workspaces/imu_ws/src) by extension 'cmake'
[0.125s] Level 1:colcon.colcon_core.package_identification:_identify(workspaces/imu_ws/src) by extension 'python'
[0.125s] Level 1:colcon.colcon_core.package_identification:_identify(workspaces/imu_ws/src) by extensions ['python_setup_py']
[0.125s] Level 1:colcon.colcon_core.package_identification:_identify(workspaces/imu_ws/src) by extension 'python_setup_py'
[0.125s] Level 1:colcon.colcon_core.package_identification:_identify(workspaces/imu_ws/src/handsfree_imu_ros2) by extensions ['ignore', 'ignore_ament_install']
[0.126s] Level 1:colcon.colcon_core.package_identification:_identify(workspaces/imu_ws/src/handsfree_imu_ros2) by extension 'ignore'
[0.126s] Level 1:colcon.colcon_core.package_identification:_identify(workspaces/imu_ws/src/handsfree_imu_ros2) by extension 'ignore_ament_install'
[0.126s] Level 1:colcon.colcon_core.package_identification:_identify(workspaces/imu_ws/src/handsfree_imu_ros2) by extensions ['colcon_pkg']
[0.126s] Level 1:colcon.colcon_core.package_identification:_identify(workspaces/imu_ws/src/handsfree_imu_ros2) by extension 'colcon_pkg'
[0.126s] Level 1:colcon.colcon_core.package_identification:_identify(workspaces/imu_ws/src/handsfree_imu_ros2) by extensions ['colcon_meta']
[0.126s] Level 1:colcon.colcon_core.package_identification:_identify(workspaces/imu_ws/src/handsfree_imu_ros2) by extension 'colcon_meta'
[0.126s] Level 1:colcon.colcon_core.package_identification:_identify(workspaces/imu_ws/src/handsfree_imu_ros2) by extensions ['ros']
[0.126s] Level 1:colcon.colcon_core.package_identification:_identify(workspaces/imu_ws/src/handsfree_imu_ros2) by extension 'ros'
[0.128s] DEBUG:colcon.colcon_core.package_identification:Package 'workspaces/imu_ws/src/handsfree_imu_ros2' with type 'ros.ament_python' and name 'handsfree_imu_ros2'
[0.128s] Level 1:colcon.colcon_core.package_identification:_identify(workspaces/imu_ws/src/wildbot_control) by extensions ['ignore', 'ignore_ament_install']
[0.128s] Level 1:colcon.colcon_core.package_identification:_identify(workspaces/imu_ws/src/wildbot_control) by extension 'ignore'
[0.128s] Level 1:colcon.colcon_core.package_identification:_identify(workspaces/imu_ws/src/wildbot_control) by extension 'ignore_ament_install'
[0.128s] Level 1:colcon.colcon_core.package_identification:_identify(workspaces/imu_ws/src/wildbot_control) by extensions ['colcon_pkg']
[0.128s] Level 1:colcon.colcon_core.package_identification:_identify(workspaces/imu_ws/src/wildbot_control) by extension 'colcon_pkg'
[0.128s] Level 1:colcon.colcon_core.package_identification:_identify(workspaces/imu_ws/src/wildbot_control) by extensions ['colcon_meta']
[0.128s] Level 1:colcon.colcon_core.package_identification:_identify(workspaces/imu_ws/src/wildbot_control) by extension 'colcon_meta'
[0.128s] Level 1:colcon.colcon_core.package_identification:_identify(workspaces/imu_ws/src/wildbot_control) by extensions ['ros']
[0.128s] Level 1:colcon.colcon_core.package_identification:_identify(workspaces/imu_ws/src/wildbot_control) by extension 'ros'
[0.128s] DEBUG:colcon.colcon_core.package_identification:Package 'workspaces/imu_ws/src/wildbot_control' with type 'ros.ament_python' and name 'wildbot_control'
[0.128s] Level 1:colcon.colcon_core.package_identification:_identify(workspaces/src) by extensions ['ignore', 'ignore_ament_install']
[0.128s] Level 1:colcon.colcon_core.package_identification:_identify(workspaces/src) by extension 'ignore'
[0.128s] Level 1:colcon.colcon_core.package_identification:_identify(workspaces/src) by extension 'ignore_ament_install'
[0.129s] Level 1:colcon.colcon_core.package_identification:_identify(workspaces/src) by extensions ['colcon_pkg']
[0.129s] Level 1:colcon.colcon_core.package_identification:_identify(workspaces/src) by extension 'colcon_pkg'
[0.129s] Level 1:colcon.colcon_core.package_identification:_identify(workspaces/src) by extensions ['colcon_meta']
[0.129s] Level 1:colcon.colcon_core.package_identification:_identify(workspaces/src) by extension 'colcon_meta'
[0.129s] Level 1:colcon.colcon_core.package_identification:_identify(workspaces/src) by extensions ['ros']
[0.129s] Level 1:colcon.colcon_core.package_identification:_identify(workspaces/src) by extension 'ros'
[0.129s] Level 1:colcon.colcon_core.package_identification:_identify(workspaces/src) by extensions ['cmake', 'python']
[0.129s] Level 1:colcon.colcon_core.package_identification:_identify(workspaces/src) by extension 'cmake'
[0.129s] Level 1:colcon.colcon_core.package_identification:_identify(workspaces/src) by extension 'python'
[0.129s] Level 1:colcon.colcon_core.package_identification:_identify(workspaces/src) by extensions ['python_setup_py']
[0.129s] Level 1:colcon.colcon_core.package_identification:_identify(workspaces/src) by extension 'python_setup_py'
[0.129s] Level 1:colcon.colcon_core.package_identification:_identify(workspaces/src/arm_ik) by extensions ['ignore', 'ignore_ament_install']
[0.129s] Level 1:colcon.colcon_core.package_identification:_identify(workspaces/src/arm_ik) by extension 'ignore'
[0.129s] Level 1:colcon.colcon_core.package_identification:_identify(workspaces/src/arm_ik) by extension 'ignore_ament_install'
[0.129s] Level 1:colcon.colcon_core.package_identification:_identify(workspaces/src/arm_ik) by extensions ['colcon_pkg']
[0.129s] Level 1:colcon.colcon_core.package_identification:_identify(workspaces/src/arm_ik) by extension 'colcon_pkg'
[0.129s] Level 1:colcon.colcon_core.package_identification:_identify(workspaces/src/arm_ik) by extensions ['colcon_meta']
[0.129s] Level 1:colcon.colcon_core.package_identification:_identify(workspaces/src/arm_ik) by extension 'colcon_meta'
[0.129s] Level 1:colcon.colcon_core.package_identification:_identify(workspaces/src/arm_ik) by extensions ['ros']
[0.129s] Level 1:colcon.colcon_core.package_identification:_identify(workspaces/src/arm_ik) by extension 'ros'
[0.129s] DEBUG:colcon.colcon_core.package_identification:Package 'workspaces/src/arm_ik' with type 'ros.ament_python' and name 'arm_ik'
[0.129s] Level 1:colcon.colcon_core.package_identification:_identify(workspaces/src/wildbot_localization) by extensions ['ignore', 'ignore_ament_install']
[0.129s] Level 1:colcon.colcon_core.package_identification:_identify(workspaces/src/wildbot_localization) by extension 'ignore'
[0.129s] Level 1:colcon.colcon_core.package_identification:_identify(workspaces/src/wildbot_localization) by extension 'ignore_ament_install'
[0.129s] Level 1:colcon.colcon_core.package_identification:_identify(workspaces/src/wildbot_localization) by extensions ['colcon_pkg']
[0.129s] Level 1:colcon.colcon_core.package_identification:_identify(workspaces/src/wildbot_localization) by extension 'colcon_pkg'
[0.129s] Level 1:colcon.colcon_core.package_identification:_identify(workspaces/src/wildbot_localization) by extensions ['colcon_meta']
[0.129s] Level 1:colcon.colcon_core.package_identification:_identify(workspaces/src/wildbot_localization) by extension 'colcon_meta'
[0.129s] Level 1:colcon.colcon_core.package_identification:_identify(workspaces/src/wildbot_localization) by extensions ['ros']
[0.129s] Level 1:colcon.colcon_core.package_identification:_identify(workspaces/src/wildbot_localization) by extension 'ros'
[0.130s] DEBUG:colcon.colcon_core.package_identification:Package 'workspaces/src/wildbot_localization' with type 'ros.ament_cmake' and name 'wildbot_localization'
[0.130s] Level 1:colcon.colcon_core.package_identification:_identify(workspaces/src/wildbot_slam) by extensions ['ignore', 'ignore_ament_install']
[0.130s] Level 1:colcon.colcon_core.package_identification:_identify(workspaces/src/wildbot_slam) by extension 'ignore'
[0.130s] Level 1:colcon.colcon_core.package_identification:_identify(workspaces/src/wildbot_slam) by extension 'ignore_ament_install'
[0.130s] Level 1:colcon.colcon_core.package_identification:_identify(workspaces/src/wildbot_slam) by extensions ['colcon_pkg']
[0.130s] Level 1:colcon.colcon_core.package_identification:_identify(workspaces/src/wildbot_slam) by extension 'colcon_pkg'
[0.130s] Level 1:colcon.colcon_core.package_identification:_identify(workspaces/src/wildbot_slam) by extensions ['colcon_meta']
[0.130s] Level 1:colcon.colcon_core.package_identification:_identify(workspaces/src/wildbot_slam) by extension 'colcon_meta'
[0.130s] Level 1:colcon.colcon_core.package_identification:_identify(workspaces/src/wildbot_slam) by extensions ['ros']
[0.130s] Level 1:colcon.colcon_core.package_identification:_identify(workspaces/src/wildbot_slam) by extension 'ros'
[0.130s] DEBUG:colcon.colcon_core.package_identification:Package 'workspaces/src/wildbot_slam' with type 'ros.ament_cmake' and name 'wildbot_slam'
[0.130s] Level 1:colcon.colcon_core.package_identification:_identify(workspaces/src/ydlidar_ros2_driver) by extensions ['ignore', 'ignore_ament_install']
[0.130s] Level 1:colcon.colcon_core.package_identification:_identify(workspaces/src/ydlidar_ros2_driver) by extension 'ignore'
[0.130s] Level 1:colcon.colcon_core.package_identification:_identify(workspaces/src/ydlidar_ros2_driver) by extension 'ignore_ament_install'
[0.130s] Level 1:colcon.colcon_core.package_identification:_identify(workspaces/src/ydlidar_ros2_driver) by extensions ['colcon_pkg']
[0.130s] Level 1:colcon.colcon_core.package_identification:_identify(workspaces/src/ydlidar_ros2_driver) by extension 'colcon_pkg'
[0.130s] Level 1:colcon.colcon_core.package_identification:_identify(workspaces/src/ydlidar_ros2_driver) by extensions ['colcon_meta']
[0.130s] Level 1:colcon.colcon_core.package_identification:_identify(workspaces/src/ydlidar_ros2_driver) by extension 'colcon_meta'
[0.130s] Level 1:colcon.colcon_core.package_identification:_identify(workspaces/src/ydlidar_ros2_driver) by extensions ['ros']
[0.130s] Level 1:colcon.colcon_core.package_identification:_identify(workspaces/src/ydlidar_ros2_driver) by extension 'ros'
[0.131s] DEBUG:colcon.colcon_core.package_identification:Package 'workspaces/src/ydlidar_ros2_driver' with type 'ros.ament_cmake' and name 'ydlidar_ros2_driver'
[0.131s] Level 1:colcon.colcon_core.package_identification:_identify(workspaces/src/yolo_ros-main) by extensions ['ignore', 'ignore_ament_install']
[0.131s] Level 1:colcon.colcon_core.package_identification:_identify(workspaces/src/yolo_ros-main) by extension 'ignore'
[0.131s] Level 1:colcon.colcon_core.package_identification:_identify(workspaces/src/yolo_ros-main) by extension 'ignore_ament_install'
[0.131s] Level 1:colcon.colcon_core.package_identification:_identify(workspaces/src/yolo_ros-main) by extensions ['colcon_pkg']
[0.131s] Level 1:colcon.colcon_core.package_identification:_identify(workspaces/src/yolo_ros-main) by extension 'colcon_pkg'
[0.131s] Level 1:colcon.colcon_core.package_identification:_identify(workspaces/src/yolo_ros-main) by extensions ['colcon_meta']
[0.131s] Level 1:colcon.colcon_core.package_identification:_identify(workspaces/src/yolo_ros-main) by extension 'colcon_meta'
[0.131s] Level 1:colcon.colcon_core.package_identification:_identify(workspaces/src/yolo_ros-main) by extensions ['ros']
[0.131s] Level 1:colcon.colcon_core.package_identification:_identify(workspaces/src/yolo_ros-main) by extension 'ros'
[0.131s] Level 1:colcon.colcon_core.package_identification:_identify(workspaces/src/yolo_ros-main) by extensions ['cmake', 'python']
[0.131s] Level 1:colcon.colcon_core.package_identification:_identify(workspaces/src/yolo_ros-main) by extension 'cmake'
[0.131s] Level 1:colcon.colcon_core.package_identification:_identify(workspaces/src/yolo_ros-main) by extension 'python'
[0.131s] Level 1:colcon.colcon_core.package_identification:_identify(workspaces/src/yolo_ros-main) by extensions ['python_setup_py']
[0.131s] Level 1:colcon.colcon_core.package_identification:_identify(workspaces/src/yolo_ros-main) by extension 'python_setup_py'
[0.131s] Level 1:colcon.colcon_core.package_identification:_identify(workspaces/src/yolo_ros-main/docs) by extensions ['ignore', 'ignore_ament_install']
[0.131s] Level 1:colcon.colcon_core.package_identification:_identify(workspaces/src/yolo_ros-main/docs) by extension 'ignore'
[0.131s] Level 1:colcon.colcon_core.package_identification:_identify(workspaces/src/yolo_ros-main/docs) by extension 'ignore_ament_install'
[0.131s] Level 1:colcon.colcon_core.package_identification:_identify(workspaces/src/yolo_ros-main/docs) by extensions ['colcon_pkg']
[0.131s] Level 1:colcon.colcon_core.package_identification:_identify(workspaces/src/yolo_ros-main/docs) by extension 'colcon_pkg'
[0.131s] Level 1:colcon.colcon_core.package_identification:_identify(workspaces/src/yolo_ros-main/docs) by extensions ['colcon_meta']
[0.131s] Level 1:colcon.colcon_core.package_identification:_identify(workspaces/src/yolo_ros-main/docs) by extension 'colcon_meta'
[0.131s] Level 1:colcon.colcon_core.package_identification:_identify(workspaces/src/yolo_ros-main/docs) by extensions ['ros']
[0.131s] Level 1:colcon.colcon_core.package_identification:_identify(workspaces/src/yolo_ros-main/docs) by extension 'ros'
[0.131s] Level 1:colcon.colcon_core.package_identification:_identify(workspaces/src/yolo_ros-main/docs) by extensions ['cmake', 'python']
[0.131s] Level 1:colcon.colcon_core.package_identification:_identify(workspaces/src/yolo_ros-main/docs) by extension 'cmake'
[0.131s] Level 1:colcon.colcon_core.package_identification:_identify(workspaces/src/yolo_ros-main/docs) by extension 'python'
[0.131s] Level 1:colcon.colcon_core.package_identification:_identify(workspaces/src/yolo_ros-main/docs) by extensions ['python_setup_py']
[0.131s] Level 1:colcon.colcon_core.package_identification:_identify(workspaces/src/yolo_ros-main/docs) by extension 'python_setup_py'
[0.131s] Level 1:colcon.colcon_core.package_identification:_identify(workspaces/src/yolo_ros-main/model) by extensions ['ignore', 'ignore_ament_install']
[0.131s] Level 1:colcon.colcon_core.package_identification:_identify(workspaces/src/yolo_ros-main/model) by extension 'ignore'
[0.131s] Level 1:colcon.colcon_core.package_identification:_identify(workspaces/src/yolo_ros-main/model) by extension 'ignore_ament_install'
[0.131s] Level 1:colcon.colcon_core.package_identification:_identify(workspaces/src/yolo_ros-main/model) by extensions ['colcon_pkg']
[0.132s] Level 1:colcon.colcon_core.package_identification:_identify(workspaces/src/yolo_ros-main/model) by extension 'colcon_pkg'
[0.132s] Level 1:colcon.colcon_core.package_identification:_identify(workspaces/src/yolo_ros-main/model) by extensions ['colcon_meta']
[0.132s] Level 1:colcon.colcon_core.package_identification:_identify(workspaces/src/yolo_ros-main/model) by extension 'colcon_meta'
[0.132s] Level 1:colcon.colcon_core.package_identification:_identify(workspaces/src/yolo_ros-main/model) by extensions ['ros']
[0.132s] Level 1:colcon.colcon_core.package_identification:_identify(workspaces/src/yolo_ros-main/model) by extension 'ros'
[0.132s] Level 1:colcon.colcon_core.package_identification:_identify(workspaces/src/yolo_ros-main/model) by extensions ['cmake', 'python']
[0.132s] Level 1:colcon.colcon_core.package_identification:_identify(workspaces/src/yolo_ros-main/model) by extension 'cmake'
[0.132s] Level 1:colcon.colcon_core.package_identification:_identify(workspaces/src/yolo_ros-main/model) by extension 'python'
[0.132s] Level 1:colcon.colcon_core.package_identification:_identify(workspaces/src/yolo_ros-main/model) by extensions ['python_setup_py']
[0.132s] Level 1:colcon.colcon_core.package_identification:_identify(workspaces/src/yolo_ros-main/model) by extension 'python_setup_py'
[0.132s] Level 1:colcon.colcon_core.package_identification:_identify(workspaces/src/yolo_ros-main/yolo_bringup) by extensions ['ignore', 'ignore_ament_install']
[0.132s] Level 1:colcon.colcon_core.package_identification:_identify(workspaces/src/yolo_ros-main/yolo_bringup) by extension 'ignore'
[0.132s] Level 1:colcon.colcon_core.package_identification:_identify(workspaces/src/yolo_ros-main/yolo_bringup) by extension 'ignore_ament_install'
[0.132s] Level 1:colcon.colcon_core.package_identification:_identify(workspaces/src/yolo_ros-main/yolo_bringup) by extensions ['colcon_pkg']
[0.132s] Level 1:colcon.colcon_core.package_identification:_identify(workspaces/src/yolo_ros-main/yolo_bringup) by extension 'colcon_pkg'
[0.132s] Level 1:colcon.colcon_core.package_identification:_identify(workspaces/src/yolo_ros-main/yolo_bringup) by extensions ['colcon_meta']
[0.132s] Level 1:colcon.colcon_core.package_identification:_identify(workspaces/src/yolo_ros-main/yolo_bringup) by extension 'colcon_meta'
[0.132s] Level 1:colcon.colcon_core.package_identification:_identify(workspaces/src/yolo_ros-main/yolo_bringup) by extensions ['ros']
[0.132s] Level 1:colcon.colcon_core.package_identification:_identify(workspaces/src/yolo_ros-main/yolo_bringup) by extension 'ros'
[0.132s] DEBUG:colcon.colcon_core.package_identification:Package 'workspaces/src/yolo_ros-main/yolo_bringup' with type 'ros.ament_cmake' and name 'yolo_bringup'
[0.132s] Level 1:colcon.colcon_core.package_identification:_identify(workspaces/src/yolo_ros-main/yolo_msgs) by extensions ['ignore', 'ignore_ament_install']
[0.132s] Level 1:colcon.colcon_core.package_identification:_identify(workspaces/src/yolo_ros-main/yolo_msgs) by extension 'ignore'
[0.132s] Level 1:colcon.colcon_core.package_identification:_identify(workspaces/src/yolo_ros-main/yolo_msgs) by extension 'ignore_ament_install'
[0.132s] Level 1:colcon.colcon_core.package_identification:_identify(workspaces/src/yolo_ros-main/yolo_msgs) by extensions ['colcon_pkg']
[0.132s] Level 1:colcon.colcon_core.package_identification:_identify(workspaces/src/yolo_ros-main/yolo_msgs) by extension 'colcon_pkg'
[0.132s] Level 1:colcon.colcon_core.package_identification:_identify(workspaces/src/yolo_ros-main/yolo_msgs) by extensions ['colcon_meta']
[0.132s] Level 1:colcon.colcon_core.package_identification:_identify(workspaces/src/yolo_ros-main/yolo_msgs) by extension 'colcon_meta'
[0.132s] Level 1:colcon.colcon_core.package_identification:_identify(workspaces/src/yolo_ros-main/yolo_msgs) by extensions ['ros']
[0.132s] Level 1:colcon.colcon_core.package_identification:_identify(workspaces/src/yolo_ros-main/yolo_msgs) by extension 'ros'
[0.133s] DEBUG:colcon.colcon_core.package_identification:Package 'workspaces/src/yolo_ros-main/yolo_msgs' with type 'ros.ament_cmake' and name 'yolo_msgs'
[0.133s] Level 1:colcon.colcon_core.package_identification:_identify(workspaces/src/yolo_ros-main/yolo_ros) by extensions ['ignore', 'ignore_ament_install']
[0.133s] Level 1:colcon.colcon_core.package_identification:_identify(workspaces/src/yolo_ros-main/yolo_ros) by extension 'ignore'
[0.133s] Level 1:colcon.colcon_core.package_identification:_identify(workspaces/src/yolo_ros-main/yolo_ros) by extension 'ignore_ament_install'
[0.133s] Level 1:colcon.colcon_core.package_identification:_identify(workspaces/src/yolo_ros-main/yolo_ros) by extensions ['colcon_pkg']
[0.133s] Level 1:colcon.colcon_core.package_identification:_identify(workspaces/src/yolo_ros-main/yolo_ros) by extension 'colcon_pkg'
[0.133s] Level 1:colcon.colcon_core.package_identification:_identify(workspaces/src/yolo_ros-main/yolo_ros) by extensions ['colcon_meta']
[0.133s] Level 1:colcon.colcon_core.package_identification:_identify(workspaces/src/yolo_ros-main/yolo_ros) by extension 'colcon_meta'
[0.133s] Level 1:colcon.colcon_core.package_identification:_identify(workspaces/src/yolo_ros-main/yolo_ros) by extensions ['ros']
[0.133s] Level 1:colcon.colcon_core.package_identification:_identify(workspaces/src/yolo_ros-main/yolo_ros) by extension 'ros'
[0.133s] DEBUG:colcon.colcon_core.package_identification:Package 'workspaces/src/yolo_ros-main/yolo_ros' with type 'ros.ament_python' and name 'yolo_ros'
[0.133s] Level 1:colcon.colcon_core.package_discovery:discover_packages(recursive) using defaults
[0.133s] Level 1:colcon.colcon_core.package_discovery:discover_packages(ignore) discover
[0.133s] Level 1:colcon.colcon_core.package_discovery:discover_packages(ignore) using defaults
[0.133s] Level 1:colcon.colcon_core.package_discovery:discover_packages(path) discover
[0.133s] Level 1:colcon.colcon_core.package_discovery:discover_packages(path) using defaults
[0.147s] Level 5:colcon.colcon_core.verb:set package 'arm_ik' build argument 'cmake_args' from command line to 'None'
[0.147s] Level 5:colcon.colcon_core.verb:set package 'arm_ik' build argument 'cmake_target' from command line to 'None'
[0.147s] Level 5:colcon.colcon_core.verb:set package 'arm_ik' build argument 'cmake_target_skip_unavailable' from command line to 'False'
[0.147s] Level 5:colcon.colcon_core.verb:set package 'arm_ik' build argument 'cmake_clean_cache' from command line to 'False'
[0.147s] Level 5:colcon.colcon_core.verb:set package 'arm_ik' build argument 'cmake_clean_first' from command line to 'False'
[0.147s] Level 5:colcon.colcon_core.verb:set package 'arm_ik' build argument 'cmake_force_configure' from command line to 'False'
[0.147s] Level 5:colcon.colcon_core.verb:set package 'arm_ik' build argument 'ament_cmake_args' from command line to 'None'
[0.147s] Level 5:colcon.colcon_core.verb:set package 'arm_ik' build argument 'catkin_cmake_args' from command line to 'None'
[0.147s] Level 5:colcon.colcon_core.verb:set package 'arm_ik' build argument 'catkin_skip_building_tests' from command line to 'False'
[0.147s] DEBUG:colcon.colcon_core.verb:Building package 'arm_ik' with the following arguments: {'ament_cmake_args': None, 'build_base': '/workspaces/build/arm_ik', 'catkin_cmake_args': None, 'catkin_skip_building_tests': False, 'cmake_args': None, 'cmake_clean_cache': False, 'cmake_clean_first': False, 'cmake_force_configure': False, 'cmake_target': None, 'cmake_target_skip_unavailable': False, 'install_base': '/workspaces/install/arm_ik', 'merge_install': False, 'path': '/workspaces/workspaces/src/arm_ik', 'symlink_install': True, 'test_result_base': None}
[0.147s] Level 5:colcon.colcon_core.verb:set package 'handsfree_imu_ros2' build argument 'cmake_args' from command line to 'None'
[0.147s] Level 5:colcon.colcon_core.verb:set package 'handsfree_imu_ros2' build argument 'cmake_target' from command line to 'None'
[0.147s] Level 5:colcon.colcon_core.verb:set package 'handsfree_imu_ros2' build argument 'cmake_target_skip_unavailable' from command line to 'False'
[0.147s] Level 5:colcon.colcon_core.verb:set package 'handsfree_imu_ros2' build argument 'cmake_clean_cache' from command line to 'False'
[0.147s] Level 5:colcon.colcon_core.verb:set package 'handsfree_imu_ros2' build argument 'cmake_clean_first' from command line to 'False'
[0.147s] Level 5:colcon.colcon_core.verb:set package 'handsfree_imu_ros2' build argument 'cmake_force_configure' from command line to 'False'
[0.147s] Level 5:colcon.colcon_core.verb:set package 'handsfree_imu_ros2' build argument 'ament_cmake_args' from command line to 'None'
[0.147s] Level 5:colcon.colcon_core.verb:set package 'handsfree_imu_ros2' build argument 'catkin_cmake_args' from command line to 'None'
[0.147s] Level 5:colcon.colcon_core.verb:set package 'handsfree_imu_ros2' build argument 'catkin_skip_building_tests' from command line to 'False'
[0.147s] DEBUG:colcon.colcon_core.verb:Building package 'handsfree_imu_ros2' with the following arguments: {'ament_cmake_args': None, 'build_base': '/workspaces/build/handsfree_imu_ros2', 'catkin_cmake_args': None, 'catkin_skip_building_tests': False, 'cmake_args': None, 'cmake_clean_cache': False, 'cmake_clean_first': False, 'cmake_force_configure': False, 'cmake_target': None, 'cmake_target_skip_unavailable': False, 'install_base': '/workspaces/install/handsfree_imu_ros2', 'merge_install': False, 'path': '/workspaces/workspaces/imu_ws/src/handsfree_imu_ros2', 'symlink_install': True, 'test_result_base': None}
[0.147s] Level 5:colcon.colcon_core.verb:set package 'wildbot_control' build argument 'cmake_args' from command line to 'None'
[0.147s] Level 5:colcon.colcon_core.verb:set package 'wildbot_control' build argument 'cmake_target' from command line to 'None'
[0.147s] Level 5:colcon.colcon_core.verb:set package 'wildbot_control' build argument 'cmake_target_skip_unavailable' from command line to 'False'
[0.147s] Level 5:colcon.colcon_core.verb:set package 'wildbot_control' build argument 'cmake_clean_cache' from command line to 'False'
[0.147s] Level 5:colcon.colcon_core.verb:set package 'wildbot_control' build argument 'cmake_clean_first' from command line to 'False'
[0.147s] Level 5:colcon.colcon_core.verb:set package 'wildbot_control' build argument 'cmake_force_configure' from command line to 'False'
[0.147s] Level 5:colcon.colcon_core.verb:set package 'wildbot_control' build argument 'ament_cmake_args' from command line to 'None'
[0.147s] Level 5:colcon.colcon_core.verb:set package 'wildbot_control' build argument 'catkin_cmake_args' from command line to 'None'
[0.147s] Level 5:colcon.colcon_core.verb:set package 'wildbot_control' build argument 'catkin_skip_building_tests' from command line to 'False'
[0.147s] DEBUG:colcon.colcon_core.verb:Building package 'wildbot_control' with the following arguments: {'ament_cmake_args': None, 'build_base': '/workspaces/build/wildbot_control', 'catkin_cmake_args': None, 'catkin_skip_building_tests': False, 'cmake_args': None, 'cmake_clean_cache': False, 'cmake_clean_first': False, 'cmake_force_configure': False, 'cmake_target': None, 'cmake_target_skip_unavailable': False, 'install_base': '/workspaces/install/wildbot_control', 'merge_install': False, 'path': '/workspaces/workspaces/imu_ws/src/wildbot_control', 'symlink_install': True, 'test_result_base': None}
[0.148s] Level 5:colcon.colcon_core.verb:set package 'wildbot_localization' build argument 'cmake_args' from command line to 'None'
[0.148s] Level 5:colcon.colcon_core.verb:set package 'wildbot_localization' build argument 'cmake_target' from command line to 'None'
[0.148s] Level 5:colcon.colcon_core.verb:set package 'wildbot_localization' build argument 'cmake_target_skip_unavailable' from command line to 'False'
[0.148s] Level 5:colcon.colcon_core.verb:set package 'wildbot_localization' build argument 'cmake_clean_cache' from command line to 'False'
[0.148s] Level 5:colcon.colcon_core.verb:set package 'wildbot_localization' build argument 'cmake_clean_first' from command line to 'False'
[0.148s] Level 5:colcon.colcon_core.verb:set package 'wildbot_localization' build argument 'cmake_force_configure' from command line to 'False'
[0.148s] Level 5:colcon.colcon_core.verb:set package 'wildbot_localization' build argument 'ament_cmake_args' from command line to 'None'
[0.148s] Level 5:colcon.colcon_core.verb:set package 'wildbot_localization' build argument 'catkin_cmake_args' from command line to 'None'
[0.148s] Level 5:colcon.colcon_core.verb:set package 'wildbot_localization' build argument 'catkin_skip_building_tests' from command line to 'False'
[0.148s] DEBUG:colcon.colcon_core.verb:Building package 'wildbot_localization' with the following arguments: {'ament_cmake_args': None, 'build_base': '/workspaces/build/wildbot_localization', 'catkin_cmake_args': None, 'catkin_skip_building_tests': False, 'cmake_args': None, 'cmake_clean_cache': False, 'cmake_clean_first': False, 'cmake_force_configure': False, 'cmake_target': None, 'cmake_target_skip_unavailable': False, 'install_base': '/workspaces/install/wildbot_localization', 'merge_install': False, 'path': '/workspaces/workspaces/src/wildbot_localization', 'symlink_install': True, 'test_result_base': None}
[0.148s] Level 5:colcon.colcon_core.verb:set package 'wildbot_slam' build argument 'cmake_args' from command line to 'None'
[0.148s] Level 5:colcon.colcon_core.verb:set package 'wildbot_slam' build argument 'cmake_target' from command line to 'None'
[0.148s] Level 5:colcon.colcon_core.verb:set package 'wildbot_slam' build argument 'cmake_target_skip_unavailable' from command line to 'False'
[0.148s] Level 5:colcon.colcon_core.verb:set package 'wildbot_slam' build argument 'cmake_clean_cache' from command line to 'False'
[0.148s] Level 5:colcon.colcon_core.verb:set package 'wildbot_slam' build argument 'cmake_clean_first' from command line to 'False'
[0.148s] Level 5:colcon.colcon_core.verb:set package 'wildbot_slam' build argument 'cmake_force_configure' from command line to 'False'
[0.148s] Level 5:colcon.colcon_core.verb:set package 'wildbot_slam' build argument 'ament_cmake_args' from command line to 'None'
[0.148s] Level 5:colcon.colcon_core.verb:set package 'wildbot_slam' build argument 'catkin_cmake_args' from command line to 'None'
[0.148s] Level 5:colcon.colcon_core.verb:set package 'wildbot_slam' build argument 'catkin_skip_building_tests' from command line to 'False'
[0.148s] DEBUG:colcon.colcon_core.verb:Building package 'wildbot_slam' with the following arguments: {'ament_cmake_args': None, 'build_base': '/workspaces/build/wildbot_slam', 'catkin_cmake_args': None, 'catkin_skip_building_tests': False, 'cmake_args': None, 'cmake_clean_cache': False, 'cmake_clean_first': False, 'cmake_force_configure': False, 'cmake_target': None, 'cmake_target_skip_unavailable': False, 'install_base': '/workspaces/install/wildbot_slam', 'merge_install': False, 'path': '/workspaces/workspaces/src/wildbot_slam', 'symlink_install': True, 'test_result_base': None}
[0.148s] Level 5:colcon.colcon_core.verb:set package 'ydlidar_ros2_driver' build argument 'cmake_args' from command line to 'None'
[0.148s] Level 5:colcon.colcon_core.verb:set package 'ydlidar_ros2_driver' build argument 'cmake_target' from command line to 'None'
[0.148s] Level 5:colcon.colcon_core.verb:set package 'ydlidar_ros2_driver' build argument 'cmake_target_skip_unavailable' from command line to 'False'
[0.148s] Level 5:colcon.colcon_core.verb:set package 'ydlidar_ros2_driver' build argument 'cmake_clean_cache' from command line to 'False'
[0.148s] Level 5:colcon.colcon_core.verb:set package 'ydlidar_ros2_driver' build argument 'cmake_clean_first' from command line to 'False'
[0.148s] Level 5:colcon.colcon_core.verb:set package 'ydlidar_ros2_driver' build argument 'cmake_force_configure' from command line to 'False'
[0.148s] Level 5:colcon.colcon_core.verb:set package 'ydlidar_ros2_driver' build argument 'ament_cmake_args' from command line to 'None'
[0.148s] Level 5:colcon.colcon_core.verb:set package 'ydlidar_ros2_driver' build argument 'catkin_cmake_args' from command line to 'None'
[0.148s] Level 5:colcon.colcon_core.verb:set package 'ydlidar_ros2_driver' build argument 'catkin_skip_building_tests' from command line to 'False'
[0.148s] DEBUG:colcon.colcon_core.verb:Building package 'ydlidar_ros2_driver' with the following arguments: {'ament_cmake_args': None, 'build_base': '/workspaces/build/ydlidar_ros2_driver', 'catkin_cmake_args': None, 'catkin_skip_building_tests': False, 'cmake_args': None, 'cmake_clean_cache': False, 'cmake_clean_first': False, 'cmake_force_configure': False, 'cmake_target': None, 'cmake_target_skip_unavailable': False, 'install_base': '/workspaces/install/ydlidar_ros2_driver', 'merge_install': False, 'path': '/workspaces/workspaces/src/ydlidar_ros2_driver', 'symlink_install': True, 'test_result_base': None}
[0.148s] Level 5:colcon.colcon_core.verb:set package 'yolo_msgs' build argument 'cmake_args' from command line to 'None'
[0.148s] Level 5:colcon.colcon_core.verb:set package 'yolo_msgs' build argument 'cmake_target' from command line to 'None'
[0.148s] Level 5:colcon.colcon_core.verb:set package 'yolo_msgs' build argument 'cmake_target_skip_unavailable' from command line to 'False'
[0.148s] Level 5:colcon.colcon_core.verb:set package 'yolo_msgs' build argument 'cmake_clean_cache' from command line to 'False'
[0.148s] Level 5:colcon.colcon_core.verb:set package 'yolo_msgs' build argument 'cmake_clean_first' from command line to 'False'
[0.148s] Level 5:colcon.colcon_core.verb:set package 'yolo_msgs' build argument 'cmake_force_configure' from command line to 'False'
[0.148s] Level 5:colcon.colcon_core.verb:set package 'yolo_msgs' build argument 'ament_cmake_args' from command line to 'None'
[0.148s] Level 5:colcon.colcon_core.verb:set package 'yolo_msgs' build argument 'catkin_cmake_args' from command line to 'None'
[0.148s] Level 5:colcon.colcon_core.verb:set package 'yolo_msgs' build argument 'catkin_skip_building_tests' from command line to 'False'
[0.148s] DEBUG:colcon.colcon_core.verb:Building package 'yolo_msgs' with the following arguments: {'ament_cmake_args': None, 'build_base': '/workspaces/build/yolo_msgs', 'catkin_cmake_args': None, 'catkin_skip_building_tests': False, 'cmake_args': None, 'cmake_clean_cache': False, 'cmake_clean_first': False, 'cmake_force_configure': False, 'cmake_target': None, 'cmake_target_skip_unavailable': False, 'install_base': '/workspaces/install/yolo_msgs', 'merge_install': False, 'path': '/workspaces/workspaces/src/yolo_ros-main/yolo_msgs', 'symlink_install': True, 'test_result_base': None}
[0.148s] Level 5:colcon.colcon_core.verb:set package 'yolo_ros' build argument 'cmake_args' from command line to 'None'
[0.149s] Level 5:colcon.colcon_core.verb:set package 'yolo_ros' build argument 'cmake_target' from command line to 'None'
[0.149s] Level 5:colcon.colcon_core.verb:set package 'yolo_ros' build argument 'cmake_target_skip_unavailable' from command line to 'False'
[0.149s] Level 5:colcon.colcon_core.verb:set package 'yolo_ros' build argument 'cmake_clean_cache' from command line to 'False'
[0.149s] Level 5:colcon.colcon_core.verb:set package 'yolo_ros' build argument 'cmake_clean_first' from command line to 'False'
[0.149s] Level 5:colcon.colcon_core.verb:set package 'yolo_ros' build argument 'cmake_force_configure' from command line to 'False'
[0.149s] Level 5:colcon.colcon_core.verb:set package 'yolo_ros' build argument 'ament_cmake_args' from command line to 'None'
[0.149s] Level 5:colcon.colcon_core.verb:set package 'yolo_ros' build argument 'catkin_cmake_args' from command line to 'None'
[0.149s] Level 5:colcon.colcon_core.verb:set package 'yolo_ros' build argument 'catkin_skip_building_tests' from command line to 'False'
[0.149s] DEBUG:colcon.colcon_core.verb:Building package 'yolo_ros' with the following arguments: {'ament_cmake_args': None, 'build_base': '/workspaces/build/yolo_ros', 'catkin_cmake_args': None, 'catkin_skip_building_tests': False, 'cmake_args': None, 'cmake_clean_cache': False, 'cmake_clean_first': False, 'cmake_force_configure': False, 'cmake_target': None, 'cmake_target_skip_unavailable': False, 'install_base': '/workspaces/install/yolo_ros', 'merge_install': False, 'path': '/workspaces/workspaces/src/yolo_ros-main/yolo_ros', 'symlink_install': True, 'test_result_base': None}
[0.149s] Level 5:colcon.colcon_core.verb:set package 'yolo_bringup' build argument 'cmake_args' from command line to 'None'
[0.149s] Level 5:colcon.colcon_core.verb:set package 'yolo_bringup' build argument 'cmake_target' from command line to 'None'
[0.149s] Level 5:colcon.colcon_core.verb:set package 'yolo_bringup' build argument 'cmake_target_skip_unavailable' from command line to 'False'
[0.149s] Level 5:colcon.colcon_core.verb:set package 'yolo_bringup' build argument 'cmake_clean_cache' from command line to 'False'
[0.149s] Level 5:colcon.colcon_core.verb:set package 'yolo_bringup' build argument 'cmake_clean_first' from command line to 'False'
[0.149s] Level 5:colcon.colcon_core.verb:set package 'yolo_bringup' build argument 'cmake_force_configure' from command line to 'False'
[0.149s] Level 5:colcon.colcon_core.verb:set package 'yolo_bringup' build argument 'ament_cmake_args' from command line to 'None'
[0.149s] Level 5:colcon.colcon_core.verb:set package 'yolo_bringup' build argument 'catkin_cmake_args' from command line to 'None'
[0.149s] Level 5:colcon.colcon_core.verb:set package 'yolo_bringup' build argument 'catkin_skip_building_tests' from command line to 'False'
[0.149s] DEBUG:colcon.colcon_core.verb:Building package 'yolo_bringup' with the following arguments: {'ament_cmake_args': None, 'build_base': '/workspaces/build/yolo_bringup', 'catkin_cmake_args': None, 'catkin_skip_building_tests': False, 'cmake_args': None, 'cmake_clean_cache': False, 'cmake_clean_first': False, 'cmake_force_configure': False, 'cmake_target': None, 'cmake_target_skip_unavailable': False, 'install_base': '/workspaces/install/yolo_bringup', 'merge_install': False, 'path': '/workspaces/workspaces/src/yolo_ros-main/yolo_bringup', 'symlink_install': True, 'test_result_base': None}
[0.149s] INFO:colcon.colcon_core.executor:Executing jobs using 'parallel' executor
[0.150s] DEBUG:colcon.colcon_parallel_executor.executor.parallel:run_until_complete
[0.150s] INFO:colcon.colcon_ros.task.ament_cmake.build:Building ROS package in '/workspaces/workspaces/src/yolo_ros-main/yolo_msgs' with build type 'ament_cmake'
[0.150s] INFO:colcon.colcon_cmake.task.cmake.build:Building CMake package in '/workspaces/workspaces/src/yolo_ros-main/yolo_msgs'
[0.152s] INFO:colcon.colcon_core.plugin_system:Skipping extension 'colcon_core.shell.bat': Not used on non-Windows systems
[0.152s] INFO:colcon.colcon_core.shell:Skip shell extension 'powershell' for command environment: Not usable outside of PowerShell
[0.152s] DEBUG:colcon.colcon_core.shell:Skip shell extension 'dsv' for command environment
[0.156s] INFO:colcon.colcon_ros.task.ament_python.build:Building ROS package in '/workspaces/workspaces/src/arm_ik' with build type 'ament_python'
[0.156s] Level 1:colcon.colcon_core.shell:create_environment_hook('arm_ik', 'ament_prefix_path')
[0.156s] INFO:colcon.colcon_core.shell:Creating environment hook '/workspaces/install/arm_ik/share/arm_ik/hook/ament_prefix_path.ps1'
[0.157s] INFO:colcon.colcon_core.shell:Creating environment descriptor '/workspaces/install/arm_ik/share/arm_ik/hook/ament_prefix_path.dsv'
[0.157s] INFO:colcon.colcon_core.shell:Creating environment hook '/workspaces/install/arm_ik/share/arm_ik/hook/ament_prefix_path.sh'
[0.158s] INFO:colcon.colcon_core.shell:Skip shell extension 'powershell' for command environment: Not usable outside of PowerShell
[0.158s] DEBUG:colcon.colcon_core.shell:Skip shell extension 'dsv' for command environment
[0.160s] INFO:colcon.colcon_ros.task.ament_python.build:Building ROS package in '/workspaces/workspaces/imu_ws/src/handsfree_imu_ros2' with build type 'ament_python'
[0.160s] Level 1:colcon.colcon_core.shell:create_environment_hook('handsfree_imu_ros2', 'ament_prefix_path')
[0.161s] INFO:colcon.colcon_core.shell:Creating environment hook '/workspaces/install/handsfree_imu_ros2/share/handsfree_imu_ros2/hook/ament_prefix_path.ps1'
[0.161s] INFO:colcon.colcon_core.shell:Creating environment descriptor '/workspaces/install/handsfree_imu_ros2/share/handsfree_imu_ros2/hook/ament_prefix_path.dsv'
[0.161s] INFO:colcon.colcon_core.shell:Creating environment hook '/workspaces/install/handsfree_imu_ros2/share/handsfree_imu_ros2/hook/ament_prefix_path.sh'
[0.161s] INFO:colcon.colcon_core.shell:Skip shell extension 'powershell' for command environment: Not usable outside of PowerShell
[0.161s] DEBUG:colcon.colcon_core.shell:Skip shell extension 'dsv' for command environment
[0.164s] INFO:colcon.colcon_ros.task.ament_python.build:Building ROS package in '/workspaces/workspaces/imu_ws/src/wildbot_control' with build type 'ament_python'
[0.164s] Level 1:colcon.colcon_core.shell:create_environment_hook('wildbot_control', 'ament_prefix_path')
[0.164s] INFO:colcon.colcon_core.shell:Creating environment hook '/workspaces/install/wildbot_control/share/wildbot_control/hook/ament_prefix_path.ps1'
[0.165s] INFO:colcon.colcon_core.shell:Creating environment descriptor '/workspaces/install/wildbot_control/share/wildbot_control/hook/ament_prefix_path.dsv'
[0.165s] INFO:colcon.colcon_core.shell:Creating environment hook '/workspaces/install/wildbot_control/share/wildbot_control/hook/ament_prefix_path.sh'
[0.165s] INFO:colcon.colcon_core.shell:Skip shell extension 'powershell' for command environment: Not usable outside of PowerShell
[0.165s] DEBUG:colcon.colcon_core.shell:Skip shell extension 'dsv' for command environment
[0.168s] INFO:colcon.colcon_ros.task.ament_cmake.build:Building ROS package in '/workspaces/workspaces/src/wildbot_localization' with build type 'ament_cmake'
[0.168s] INFO:colcon.colcon_cmake.task.cmake.build:Building CMake package in '/workspaces/workspaces/src/wildbot_localization'
[0.168s] INFO:colcon.colcon_core.shell:Skip shell extension 'powershell' for command environment: Not usable outside of PowerShell
[0.168s] DEBUG:colcon.colcon_core.shell:Skip shell extension 'dsv' for command environment
[0.171s] INFO:colcon.colcon_ros.task.ament_cmake.build:Building ROS package in '/workspaces/workspaces/src/wildbot_slam' with build type 'ament_cmake'
[0.171s] INFO:colcon.colcon_cmake.task.cmake.build:Building CMake package in '/workspaces/workspaces/src/wildbot_slam'
[0.171s] INFO:colcon.colcon_core.shell:Skip shell extension 'powershell' for command environment: Not usable outside of PowerShell
[0.171s] DEBUG:colcon.colcon_core.shell:Skip shell extension 'dsv' for command environment
[0.174s] INFO:colcon.colcon_ros.task.ament_cmake.build:Building ROS package in '/workspaces/workspaces/src/ydlidar_ros2_driver' with build type 'ament_cmake'
[0.174s] INFO:colcon.colcon_cmake.task.cmake.build:Building CMake package in '/workspaces/workspaces/src/ydlidar_ros2_driver'
[0.174s] INFO:colcon.colcon_core.shell:Skip shell extension 'powershell' for command environment: Not usable outside of PowerShell
[0.175s] DEBUG:colcon.colcon_core.shell:Skip shell extension 'dsv' for command environment
[0.181s] DEBUG:colcon.colcon_core.event_handler.log_command:Invoking command in '/workspaces/build/yolo_msgs': CMAKE_PREFIX_PATH=${CMAKE_PREFIX_PATH}:/workspaces/install/yolo_ros:/workspaces/install/wildbot_control:/workspaces/install/handsfree_imu_ros2:/workspaces/install/arm_ik:/robot_ws/install/lidar_pkg:/opt/ros/jazzy /usr/bin/cmake --build /workspaces/build/yolo_msgs -- -j16 -l16
[0.320s] INFO:colcon.colcon_core.task.python.build:Building Python package in '/workspaces/workspaces/src/arm_ik'
[0.320s] INFO:colcon.colcon_core.shell:Skip shell extension 'powershell' for command environment: Not usable outside of PowerShell
[0.320s] DEBUG:colcon.colcon_core.shell:Skip shell extension 'dsv' for command environment
[0.456s] INFO:colcon.colcon_core.task.python.build:Building Python package in '/workspaces/workspaces/imu_ws/src/handsfree_imu_ros2'
[0.456s] INFO:colcon.colcon_core.shell:Skip shell extension 'powershell' for command environment: Not usable outside of PowerShell
[0.456s] DEBUG:colcon.colcon_core.shell:Skip shell extension 'dsv' for command environment
[0.586s] INFO:colcon.colcon_core.task.python.build:Building Python package in '/workspaces/workspaces/imu_ws/src/wildbot_control'
[0.586s] INFO:colcon.colcon_core.shell:Skip shell extension 'powershell' for command environment: Not usable outside of PowerShell
[0.586s] DEBUG:colcon.colcon_core.shell:Skip shell extension 'dsv' for command environment
[0.591s] DEBUG:colcon.colcon_core.event_handler.log_command:Invoking command in '/workspaces/build/wildbot_localization': CMAKE_PREFIX_PATH=${CMAKE_PREFIX_PATH}:/workspaces/install/yolo_ros:/workspaces/install/wildbot_control:/workspaces/install/handsfree_imu_ros2:/workspaces/install/arm_ik:/robot_ws/install/lidar_pkg:/opt/ros/jazzy /usr/bin/cmake --build /workspaces/build/wildbot_localization -- -j16 -l16
[0.592s] DEBUG:colcon.colcon_core.event_handler.log_command:Invoking command in '/workspaces/build/wildbot_slam': CMAKE_PREFIX_PATH=${CMAKE_PREFIX_PATH}:/workspaces/install/yolo_ros:/workspaces/install/wildbot_control:/workspaces/install/handsfree_imu_ros2:/workspaces/install/arm_ik:/robot_ws/install/lidar_pkg:/opt/ros/jazzy /usr/bin/cmake --build /workspaces/build/wildbot_slam -- -j16 -l16
[0.596s] DEBUG:colcon.colcon_core.event_handler.log_command:Invoked command in '/workspaces/build/yolo_msgs' returned '0': CMAKE_PREFIX_PATH=${CMAKE_PREFIX_PATH}:/workspaces/install/yolo_ros:/workspaces/install/wildbot_control:/workspaces/install/handsfree_imu_ros2:/workspaces/install/arm_ik:/robot_ws/install/lidar_pkg:/opt/ros/jazzy /usr/bin/cmake --build /workspaces/build/yolo_msgs -- -j16 -l16
[0.602s] DEBUG:colcon.colcon_core.event_handler.log_command:Invoking command in '/workspaces/build/yolo_msgs': CMAKE_PREFIX_PATH=${CMAKE_PREFIX_PATH}:/workspaces/install/yolo_ros:/workspaces/install/wildbot_control:/workspaces/install/handsfree_imu_ros2:/workspaces/install/arm_ik:/robot_ws/install/lidar_pkg:/opt/ros/jazzy /usr/bin/cmake --install /workspaces/build/yolo_msgs
[0.605s] DEBUG:colcon.colcon_core.event_handler.log_command:Invoking command in '/workspaces/build/ydlidar_ros2_driver': CMAKE_PREFIX_PATH=${CMAKE_PREFIX_PATH}:/workspaces/install/yolo_ros:/workspaces/install/wildbot_control:/workspaces/install/handsfree_imu_ros2:/workspaces/install/arm_ik:/robot_ws/install/lidar_pkg:/opt/ros/jazzy /usr/bin/cmake --build /workspaces/build/ydlidar_ros2_driver -- -j16 -l16
[0.621s] DEBUG:colcon.colcon_core.event_handler.log_command:Invoked command in '/workspaces/build/wildbot_localization' returned '0': CMAKE_PREFIX_PATH=${CMAKE_PREFIX_PATH}:/workspaces/install/yolo_ros:/workspaces/install/wildbot_control:/workspaces/install/handsfree_imu_ros2:/workspaces/install/arm_ik:/robot_ws/install/lidar_pkg:/opt/ros/jazzy /usr/bin/cmake --build /workspaces/build/wildbot_localization -- -j16 -l16
[0.624s] DEBUG:colcon.colcon_core.event_handler.log_command:Invoking command in '/workspaces/build/wildbot_localization': CMAKE_PREFIX_PATH=${CMAKE_PREFIX_PATH}:/workspaces/install/yolo_ros:/workspaces/install/wildbot_control:/workspaces/install/handsfree_imu_ros2:/workspaces/install/arm_ik:/robot_ws/install/lidar_pkg:/opt/ros/jazzy /usr/bin/cmake --install /workspaces/build/wildbot_localization
[0.625s] DEBUG:colcon.colcon_core.event_handler.log_command:Invoked command in '/workspaces/build/wildbot_slam' returned '0': CMAKE_PREFIX_PATH=${CMAKE_PREFIX_PATH}:/workspaces/install/yolo_ros:/workspaces/install/wildbot_control:/workspaces/install/handsfree_imu_ros2:/workspaces/install/arm_ik:/robot_ws/install/lidar_pkg:/opt/ros/jazzy /usr/bin/cmake --build /workspaces/build/wildbot_slam -- -j16 -l16
[0.627s] DEBUG:colcon.colcon_core.event_handler.log_command:Invoking command in '/workspaces/build/wildbot_slam': CMAKE_PREFIX_PATH=${CMAKE_PREFIX_PATH}:/workspaces/install/yolo_ros:/workspaces/install/wildbot_control:/workspaces/install/handsfree_imu_ros2:/workspaces/install/arm_ik:/robot_ws/install/lidar_pkg:/opt/ros/jazzy /usr/bin/cmake --install /workspaces/build/wildbot_slam
[0.642s] Level 1:colcon.colcon_core.environment:create_environment_scripts_only(wildbot_slam)
[0.643s] DEBUG:colcon.colcon_core.event_handler.log_command:Invoked command in '/workspaces/build/wildbot_slam' returned '0': CMAKE_PREFIX_PATH=${CMAKE_PREFIX_PATH}:/workspaces/install/yolo_ros:/workspaces/install/wildbot_control:/workspaces/install/handsfree_imu_ros2:/workspaces/install/arm_ik:/robot_ws/install/lidar_pkg:/opt/ros/jazzy /usr/bin/cmake --install /workspaces/build/wildbot_slam
[0.644s] Level 1:colcon.colcon_core.environment:checking '/workspaces/install/wildbot_slam' for CMake module files
[0.645s] Level 1:colcon.colcon_core.environment:checking '/workspaces/install/wildbot_slam' for CMake config files
[0.645s] Level 1:colcon.colcon_core.shell:create_environment_hook('wildbot_slam', 'cmake_prefix_path')
[0.645s] INFO:colcon.colcon_core.shell:Creating environment hook '/workspaces/install/wildbot_slam/share/wildbot_slam/hook/cmake_prefix_path.ps1'
[0.645s] INFO:colcon.colcon_core.shell:Creating environment descriptor '/workspaces/install/wildbot_slam/share/wildbot_slam/hook/cmake_prefix_path.dsv'
[0.645s] INFO:colcon.colcon_core.shell:Creating environment hook '/workspaces/install/wildbot_slam/share/wildbot_slam/hook/cmake_prefix_path.sh'
[0.646s] Level 1:colcon.colcon_core.environment:checking '/workspaces/install/wildbot_slam/bin'
[0.646s] Level 1:colcon.colcon_core.environment:checking '/workspaces/install/wildbot_slam/lib/pkgconfig/wildbot_slam.pc'
[0.646s] Level 1:colcon.colcon_core.environment:checking '/workspaces/install/wildbot_slam/lib/python3.12/site-packages'
[0.646s] Level 1:colcon.colcon_core.environment:checking '/workspaces/install/wildbot_slam/bin'
[0.646s] INFO:colcon.colcon_core.shell:Creating package script '/workspaces/install/wildbot_slam/share/wildbot_slam/package.ps1'
[0.647s] INFO:colcon.colcon_core.shell:Creating package descriptor '/workspaces/install/wildbot_slam/share/wildbot_slam/package.dsv'
[0.647s] INFO:colcon.colcon_core.shell:Creating package script '/workspaces/install/wildbot_slam/share/wildbot_slam/package.sh'
[0.648s] INFO:colcon.colcon_core.shell:Creating package script '/workspaces/install/wildbot_slam/share/wildbot_slam/package.bash'
[0.648s] INFO:colcon.colcon_core.shell:Creating package script '/workspaces/install/wildbot_slam/share/wildbot_slam/package.zsh'
[0.648s] Level 1:colcon.colcon_core.environment:create_file_with_runtime_dependencies(/workspaces/install/wildbot_slam/share/colcon-core/packages/wildbot_slam)
[0.649s] Level 1:colcon.colcon_core.environment:create_environment_scripts_only(wildbot_slam)
[0.649s] Level 1:colcon.colcon_core.environment:checking '/workspaces/install/wildbot_slam' for CMake module files
[0.649s] Level 1:colcon.colcon_core.environment:checking '/workspaces/install/wildbot_slam' for CMake config files
[0.649s] Level 1:colcon.colcon_core.shell:create_environment_hook('wildbot_slam', 'cmake_prefix_path')
[0.649s] INFO:colcon.colcon_core.shell:Creating environment hook '/workspaces/install/wildbot_slam/share/wildbot_slam/hook/cmake_prefix_path.ps1'
[0.650s] INFO:colcon.colcon_core.shell:Creating environment descriptor '/workspaces/install/wildbot_slam/share/wildbot_slam/hook/cmake_prefix_path.dsv'
[0.650s] INFO:colcon.colcon_core.shell:Creating environment hook '/workspaces/install/wildbot_slam/share/wildbot_slam/hook/cmake_prefix_path.sh'
[0.650s] Level 1:colcon.colcon_core.environment:checking '/workspaces/install/wildbot_slam/bin'
[0.650s] Level 1:colcon.colcon_core.environment:checking '/workspaces/install/wildbot_slam/lib/pkgconfig/wildbot_slam.pc'
[0.650s] Level 1:colcon.colcon_core.environment:checking '/workspaces/install/wildbot_slam/lib/python3.12/site-packages'
[0.651s] Level 1:colcon.colcon_core.environment:checking '/workspaces/install/wildbot_slam/bin'
[0.651s] INFO:colcon.colcon_core.shell:Creating package script '/workspaces/install/wildbot_slam/share/wildbot_slam/package.ps1'
[0.651s] INFO:colcon.colcon_core.shell:Creating package descriptor '/workspaces/install/wildbot_slam/share/wildbot_slam/package.dsv'
[0.652s] INFO:colcon.colcon_core.shell:Creating package script '/workspaces/install/wildbot_slam/share/wildbot_slam/package.sh'
[0.652s] INFO:colcon.colcon_core.shell:Creating package script '/workspaces/install/wildbot_slam/share/wildbot_slam/package.bash'
[0.653s] INFO:colcon.colcon_core.shell:Creating package script '/workspaces/install/wildbot_slam/share/wildbot_slam/package.zsh'
[0.653s] Level 1:colcon.colcon_core.environment:create_file_with_runtime_dependencies(/workspaces/install/wildbot_slam/share/colcon-core/packages/wildbot_slam)
[0.654s] Level 1:colcon.colcon_core.environment:create_environment_scripts_only(wildbot_localization)
[0.655s] Level 1:colcon.colcon_core.environment:checking '/workspaces/install/wildbot_localization' for CMake module files
[0.655s] DEBUG:colcon.colcon_core.event_handler.log_command:Invoked command in '/workspaces/build/wildbot_localization' returned '0': CMAKE_PREFIX_PATH=${CMAKE_PREFIX_PATH}:/workspaces/install/yolo_ros:/workspaces/install/wildbot_control:/workspaces/install/handsfree_imu_ros2:/workspaces/install/arm_ik:/robot_ws/install/lidar_pkg:/opt/ros/jazzy /usr/bin/cmake --install /workspaces/build/wildbot_localization
[0.656s] Level 1:colcon.colcon_core.environment:checking '/workspaces/install/wildbot_localization' for CMake config files
[0.656s] Level 1:colcon.colcon_core.shell:create_environment_hook('wildbot_localization', 'cmake_prefix_path')
[0.656s] INFO:colcon.colcon_core.shell:Creating environment hook '/workspaces/install/wildbot_localization/share/wildbot_localization/hook/cmake_prefix_path.ps1'
[0.656s] INFO:colcon.colcon_core.shell:Creating environment descriptor '/workspaces/install/wildbot_localization/share/wildbot_localization/hook/cmake_prefix_path.dsv'
[0.656s] INFO:colcon.colcon_core.shell:Creating environment hook '/workspaces/install/wildbot_localization/share/wildbot_localization/hook/cmake_prefix_path.sh'
[0.657s] Level 1:colcon.colcon_core.environment:checking '/workspaces/install/wildbot_localization/bin'
[0.657s] Level 1:colcon.colcon_core.environment:checking '/workspaces/install/wildbot_localization/lib/pkgconfig/wildbot_localization.pc'
[0.657s] Level 1:colcon.colcon_core.environment:checking '/workspaces/install/wildbot_localization/lib/python3.12/site-packages'
[0.657s] Level 1:colcon.colcon_core.environment:checking '/workspaces/install/wildbot_localization/bin'
[0.657s] INFO:colcon.colcon_core.shell:Creating package script '/workspaces/install/wildbot_localization/share/wildbot_localization/package.ps1'
[0.658s] INFO:colcon.colcon_core.shell:Creating package descriptor '/workspaces/install/wildbot_localization/share/wildbot_localization/package.dsv'
[0.658s] INFO:colcon.colcon_core.shell:Creating package script '/workspaces/install/wildbot_localization/share/wildbot_localization/package.sh'
[0.658s] INFO:colcon.colcon_core.shell:Creating package script '/workspaces/install/wildbot_localization/share/wildbot_localization/package.bash'
[0.659s] INFO:colcon.colcon_core.shell:Creating package script '/workspaces/install/wildbot_localization/share/wildbot_localization/package.zsh'
[0.659s] Level 1:colcon.colcon_core.environment:create_file_with_runtime_dependencies(/workspaces/install/wildbot_localization/share/colcon-core/packages/wildbot_localization)
[0.659s] Level 1:colcon.colcon_core.environment:create_environment_scripts_only(wildbot_localization)
[0.659s] Level 1:colcon.colcon_core.environment:checking '/workspaces/install/wildbot_localization' for CMake module files
[0.660s] Level 1:colcon.colcon_core.environment:checking '/workspaces/install/wildbot_localization' for CMake config files
[0.660s] Level 1:colcon.colcon_core.shell:create_environment_hook('wildbot_localization', 'cmake_prefix_path')
[0.660s] INFO:colcon.colcon_core.shell:Creating environment hook '/workspaces/install/wildbot_localization/share/wildbot_localization/hook/cmake_prefix_path.ps1'
[0.660s] INFO:colcon.colcon_core.shell:Creating environment descriptor '/workspaces/install/wildbot_localization/share/wildbot_localization/hook/cmake_prefix_path.dsv'
[0.660s] INFO:colcon.colcon_core.shell:Creating environment hook '/workspaces/install/wildbot_localization/share/wildbot_localization/hook/cmake_prefix_path.sh'
[0.661s] Level 1:colcon.colcon_core.environment:checking '/workspaces/install/wildbot_localization/bin'
[0.661s] Level 1:colcon.colcon_core.environment:checking '/workspaces/install/wildbot_localization/lib/pkgconfig/wildbot_localization.pc'
[0.661s] Level 1:colcon.colcon_core.environment:checking '/workspaces/install/wildbot_localization/lib/python3.12/site-packages'
[0.661s] Level 1:colcon.colcon_core.environment:checking '/workspaces/install/wildbot_localization/bin'
[0.661s] INFO:colcon.colcon_core.shell:Creating package script '/workspaces/install/wildbot_localization/share/wildbot_localization/package.ps1'
[0.662s] INFO:colcon.colcon_core.shell:Creating package descriptor '/workspaces/install/wildbot_localization/share/wildbot_localization/package.dsv'
[0.662s] INFO:colcon.colcon_core.shell:Creating package script '/workspaces/install/wildbot_localization/share/wildbot_localization/package.sh'
[0.662s] INFO:colcon.colcon_core.shell:Creating package script '/workspaces/install/wildbot_localization/share/wildbot_localization/package.bash'
[0.663s] INFO:colcon.colcon_core.shell:Creating package script '/workspaces/install/wildbot_localization/share/wildbot_localization/package.zsh'
[0.663s] Level 1:colcon.colcon_core.environment:create_file_with_runtime_dependencies(/workspaces/install/wildbot_localization/share/colcon-core/packages/wildbot_localization)
[0.705s] Level 1:colcon.colcon_core.environment:create_environment_scripts_only(yolo_msgs)
[0.706s] Level 1:colcon.colcon_core.environment:checking '/workspaces/install/yolo_msgs' for CMake module files
[0.706s] DEBUG:colcon.colcon_core.event_handler.log_command:Invoked command in '/workspaces/build/yolo_msgs' returned '0': CMAKE_PREFIX_PATH=${CMAKE_PREFIX_PATH}:/workspaces/install/yolo_ros:/workspaces/install/wildbot_control:/workspaces/install/handsfree_imu_ros2:/workspaces/install/arm_ik:/robot_ws/install/lidar_pkg:/opt/ros/jazzy /usr/bin/cmake --install /workspaces/build/yolo_msgs
[0.707s] Level 1:colcon.colcon_core.environment:checking '/workspaces/install/yolo_msgs' for CMake config files
[0.707s] Level 1:colcon.colcon_core.shell:create_environment_hook('yolo_msgs', 'cmake_prefix_path')
[0.708s] INFO:colcon.colcon_core.shell:Creating environment hook '/workspaces/install/yolo_msgs/share/yolo_msgs/hook/cmake_prefix_path.ps1'
[0.708s] INFO:colcon.colcon_core.shell:Creating environment descriptor '/workspaces/install/yolo_msgs/share/yolo_msgs/hook/cmake_prefix_path.dsv'
[0.708s] INFO:colcon.colcon_core.shell:Creating environment hook '/workspaces/install/yolo_msgs/share/yolo_msgs/hook/cmake_prefix_path.sh'
[0.709s] Level 1:colcon.colcon_core.environment:checking '/workspaces/install/yolo_msgs/lib'
[0.709s] Level 1:colcon.colcon_core.shell:create_environment_hook('yolo_msgs', 'ld_library_path_lib')
[0.710s] INFO:colcon.colcon_core.shell:Creating environment hook '/workspaces/install/yolo_msgs/share/yolo_msgs/hook/ld_library_path_lib.ps1'
[0.710s] INFO:colcon.colcon_core.shell:Creating environment descriptor '/workspaces/install/yolo_msgs/share/yolo_msgs/hook/ld_library_path_lib.dsv'
[0.710s] INFO:colcon.colcon_core.shell:Creating environment hook '/workspaces/install/yolo_msgs/share/yolo_msgs/hook/ld_library_path_lib.sh'
[0.711s] Level 1:colcon.colcon_core.environment:checking '/workspaces/install/yolo_msgs/bin'
[0.711s] Level 1:colcon.colcon_core.environment:checking '/workspaces/install/yolo_msgs/lib/pkgconfig/yolo_msgs.pc'
[0.711s] Level 1:colcon.colcon_core.environment:checking '/workspaces/install/yolo_msgs/lib/python3.12/site-packages'
[0.711s] Level 1:colcon.colcon_core.shell:create_environment_hook('yolo_msgs', 'pythonpath')
[0.712s] INFO:colcon.colcon_core.shell:Creating environment hook '/workspaces/install/yolo_msgs/share/yolo_msgs/hook/pythonpath.ps1'
[0.712s] INFO:colcon.colcon_core.shell:Creating environment descriptor '/workspaces/install/yolo_msgs/share/yolo_msgs/hook/pythonpath.dsv'
[0.712s] INFO:colcon.colcon_core.shell:Creating environment hook '/workspaces/install/yolo_msgs/share/yolo_msgs/hook/pythonpath.sh'
[0.713s] Level 1:colcon.colcon_core.environment:checking '/workspaces/install/yolo_msgs/bin'
[0.713s] INFO:colcon.colcon_core.shell:Creating package script '/workspaces/install/yolo_msgs/share/yolo_msgs/package.ps1'
[0.714s] INFO:colcon.colcon_core.shell:Creating package descriptor '/workspaces/install/yolo_msgs/share/yolo_msgs/package.dsv'
[0.714s] INFO:colcon.colcon_core.shell:Creating package script '/workspaces/install/yolo_msgs/share/yolo_msgs/package.sh'
[0.715s] INFO:colcon.colcon_core.shell:Creating package script '/workspaces/install/yolo_msgs/share/yolo_msgs/package.bash'
[0.715s] INFO:colcon.colcon_core.shell:Creating package script '/workspaces/install/yolo_msgs/share/yolo_msgs/package.zsh'
[0.715s] Level 1:colcon.colcon_core.environment:create_file_with_runtime_dependencies(/workspaces/install/yolo_msgs/share/colcon-core/packages/yolo_msgs)
[0.716s] Level 1:colcon.colcon_core.environment:create_environment_scripts_only(yolo_msgs)
[0.716s] Level 1:colcon.colcon_core.environment:checking '/workspaces/install/yolo_msgs' for CMake module files
[0.717s] Level 1:colcon.colcon_core.environment:checking '/workspaces/install/yolo_msgs' for CMake config files
[0.717s] Level 1:colcon.colcon_core.shell:create_environment_hook('yolo_msgs', 'cmake_prefix_path')
[0.718s] INFO:colcon.colcon_core.shell:Creating environment hook '/workspaces/install/yolo_msgs/share/yolo_msgs/hook/cmake_prefix_path.ps1'
[0.718s] INFO:colcon.colcon_core.shell:Creating environment descriptor '/workspaces/install/yolo_msgs/share/yolo_msgs/hook/cmake_prefix_path.dsv'
[0.719s] INFO:colcon.colcon_core.shell:Creating environment hook '/workspaces/install/yolo_msgs/share/yolo_msgs/hook/cmake_prefix_path.sh'
[0.720s] Level 1:colcon.colcon_core.environment:checking '/workspaces/install/yolo_msgs/lib'
[0.720s] Level 1:colcon.colcon_core.shell:create_environment_hook('yolo_msgs', 'ld_library_path_lib')
[0.720s] INFO:colcon.colcon_core.shell:Creating environment hook '/workspaces/install/yolo_msgs/share/yolo_msgs/hook/ld_library_path_lib.ps1'
[0.720s] INFO:colcon.colcon_core.shell:Creating environment descriptor '/workspaces/install/yolo_msgs/share/yolo_msgs/hook/ld_library_path_lib.dsv'
[0.721s] INFO:colcon.colcon_core.shell:Creating environment hook '/workspaces/install/yolo_msgs/share/yolo_msgs/hook/ld_library_path_lib.sh'
[0.721s] Level 1:colcon.colcon_core.environment:checking '/workspaces/install/yolo_msgs/bin'
[0.721s] Level 1:colcon.colcon_core.environment:checking '/workspaces/install/yolo_msgs/lib/pkgconfig/yolo_msgs.pc'
[0.722s] Level 1:colcon.colcon_core.environment:checking '/workspaces/install/yolo_msgs/lib/python3.12/site-packages'
[0.722s] Level 1:colcon.colcon_core.shell:create_environment_hook('yolo_msgs', 'pythonpath')
[0.722s] INFO:colcon.colcon_core.shell:Creating environment hook '/workspaces/install/yolo_msgs/share/yolo_msgs/hook/pythonpath.ps1'
[0.723s] INFO:colcon.colcon_core.shell:Creating environment descriptor '/workspaces/install/yolo_msgs/share/yolo_msgs/hook/pythonpath.dsv'
[0.723s] INFO:colcon.colcon_core.shell:Creating environment hook '/workspaces/install/yolo_msgs/share/yolo_msgs/hook/pythonpath.sh'
[0.724s] Level 1:colcon.colcon_core.environment:checking '/workspaces/install/yolo_msgs/bin'
[0.724s] INFO:colcon.colcon_core.shell:Creating package script '/workspaces/install/yolo_msgs/share/yolo_msgs/package.ps1'
[0.724s] INFO:colcon.colcon_core.shell:Creating package descriptor '/workspaces/install/yolo_msgs/share/yolo_msgs/package.dsv'
[0.725s] INFO:colcon.colcon_core.shell:Creating package script '/workspaces/install/yolo_msgs/share/yolo_msgs/package.sh'
[0.725s] INFO:colcon.colcon_core.shell:Creating package script '/workspaces/install/yolo_msgs/share/yolo_msgs/package.bash'
[0.725s] INFO:colcon.colcon_core.shell:Creating package script '/workspaces/install/yolo_msgs/share/yolo_msgs/package.zsh'
[0.725s] Level 1:colcon.colcon_core.environment:create_file_with_runtime_dependencies(/workspaces/install/yolo_msgs/share/colcon-core/packages/yolo_msgs)
[0.725s] INFO:colcon.colcon_ros.task.ament_python.build:Building ROS package in '/workspaces/workspaces/src/yolo_ros-main/yolo_ros' with build type 'ament_python'
[0.726s] Level 1:colcon.colcon_core.shell:create_environment_hook('yolo_ros', 'ament_prefix_path')
[0.726s] INFO:colcon.colcon_core.shell:Creating environment hook '/workspaces/install/yolo_ros/share/yolo_ros/hook/ament_prefix_path.ps1'
[0.726s] INFO:colcon.colcon_core.shell:Creating environment descriptor '/workspaces/install/yolo_ros/share/yolo_ros/hook/ament_prefix_path.dsv'
[0.727s] INFO:colcon.colcon_core.shell:Creating environment hook '/workspaces/install/yolo_ros/share/yolo_ros/hook/ament_prefix_path.sh'
[0.727s] INFO:colcon.colcon_core.shell:Skip shell extension 'powershell' for command environment: Not usable outside of PowerShell
[0.727s] DEBUG:colcon.colcon_core.shell:Skip shell extension 'dsv' for command environment
[0.893s] INFO:colcon.colcon_core.task.python.build:Building Python package in '/workspaces/workspaces/src/yolo_ros-main/yolo_ros'
[0.893s] INFO:colcon.colcon_core.shell:Skip shell extension 'powershell' for command environment: Not usable outside of PowerShell
[0.893s] DEBUG:colcon.colcon_core.shell:Skip shell extension 'dsv' for command environment
[0.905s] DEBUG:colcon.colcon_core.event_handler.log_command:Invoking command in '/workspaces/build/handsfree_imu_ros2': PYTHONPATH=/workspaces/build/handsfree_imu_ros2/prefix_override:/usr/lib/python3/dist-packages/colcon_core/task/python/colcon_distutils_commands:/workspaces/install/handsfree_imu_ros2/lib/python3.12/site-packages:${PYTHONPATH} /usr/bin/python3 -W ignore:setup.py install is deprecated -W ignore:easy_install command is deprecated setup.py develop --editable --build-directory /workspaces/build/handsfree_imu_ros2/build --no-deps symlink_data
[0.906s] DEBUG:colcon.colcon_core.task.python.build:While undoing a previous installation files outside the Python library path are being ignored: /workspaces/install/arm_ik/share/ament_index/resource_index/packages/arm_ik
[0.906s] DEBUG:colcon.colcon_core.task.python.build:While undoing a previous installation files outside the Python library path are being ignored: /workspaces/install/arm_ik/share/arm_ik/package.xml
[0.906s] DEBUG:colcon.colcon_core.task.python.build:While undoing a previous installation files outside the Python library path are being ignored: /workspaces/install/arm_ik/bin/ik_node
[0.907s] DEBUG:colcon.colcon_core.event_handler.log_command:Invoking command in '/workspaces/build/arm_ik': PYTHONPATH=/workspaces/build/arm_ik/prefix_override:/usr/lib/python3/dist-packages/colcon_core/task/python/colcon_distutils_commands:/workspaces/install/arm_ik/lib/python3.12/site-packages:${PYTHONPATH} /usr/bin/python3 -W ignore:setup.py install is deprecated -W ignore:easy_install command is deprecated setup.py develop --editable --build-directory /workspaces/build/arm_ik/build --no-deps symlink_data --force
[0.938s] DEBUG:colcon.colcon_core.event_handler.log_command:Invoking command in '/workspaces/build/wildbot_control': PYTHONPATH=/workspaces/build/wildbot_control/prefix_override:/usr/lib/python3/dist-packages/colcon_core/task/python/colcon_distutils_commands:/workspaces/install/wildbot_control/lib/python3.12/site-packages:${PYTHONPATH} /usr/bin/python3 -W ignore:setup.py install is deprecated -W ignore:easy_install command is deprecated setup.py develop --editable --build-directory /workspaces/build/wildbot_control/build --no-deps symlink_data
[1.169s] Level 1:colcon.colcon_core.shell:create_environment_hook('arm_ik', 'pythonpath_develop')
[1.169s] INFO:colcon.colcon_core.shell:Creating environment hook '/workspaces/build/arm_ik/share/arm_ik/hook/pythonpath_develop.ps1'
[1.169s] DEBUG:colcon.colcon_core.event_handler.log_command:Invoked command in '/workspaces/build/arm_ik' returned '0': PYTHONPATH=/workspaces/build/arm_ik/prefix_override:/usr/lib/python3/dist-packages/colcon_core/task/python/colcon_distutils_commands:/workspaces/install/arm_ik/lib/python3.12/site-packages:${PYTHONPATH} /usr/bin/python3 -W ignore:setup.py install is deprecated -W ignore:easy_install command is deprecated setup.py develop --editable --build-directory /workspaces/build/arm_ik/build --no-deps symlink_data --force
[1.170s] INFO:colcon.colcon_core.shell:Creating environment descriptor '/workspaces/build/arm_ik/share/arm_ik/hook/pythonpath_develop.dsv'
[1.170s] INFO:colcon.colcon_core.shell:Creating environment hook '/workspaces/build/arm_ik/share/arm_ik/hook/pythonpath_develop.sh'
[1.171s] Level 1:colcon.colcon_core.environment:checking '/workspaces/install/arm_ik' for CMake module files
[1.171s] Level 1:colcon.colcon_core.environment:checking '/workspaces/install/arm_ik' for CMake config files
[1.172s] Level 1:colcon.colcon_core.environment:checking '/workspaces/install/arm_ik/lib'
[1.172s] Level 1:colcon.colcon_core.environment:checking '/workspaces/install/arm_ik/bin'
[1.172s] Level 1:colcon.colcon_core.shell:create_environment_hook('arm_ik', 'path')
[1.172s] INFO:colcon.colcon_core.shell:Creating environment hook '/workspaces/install/arm_ik/share/arm_ik/hook/path.ps1'
[1.173s] INFO:colcon.colcon_core.shell:Creating environment descriptor '/workspaces/install/arm_ik/share/arm_ik/hook/path.dsv'
[1.173s] INFO:colcon.colcon_core.shell:Creating environment hook '/workspaces/install/arm_ik/share/arm_ik/hook/path.sh'
[1.173s] Level 1:colcon.colcon_core.environment:checking '/workspaces/install/arm_ik/lib/pkgconfig/arm_ik.pc'
[1.173s] Level 1:colcon.colcon_core.environment:checking '/workspaces/install/arm_ik/lib/python3.12/site-packages'
[1.173s] Level 1:colcon.colcon_core.shell:create_environment_hook('arm_ik', 'pythonpath')
[1.174s] INFO:colcon.colcon_core.shell:Creating environment hook '/workspaces/install/arm_ik/share/arm_ik/hook/pythonpath.ps1'
[1.174s] INFO:colcon.colcon_core.shell:Creating environment descriptor '/workspaces/install/arm_ik/share/arm_ik/hook/pythonpath.dsv'
[1.174s] INFO:colcon.colcon_core.shell:Creating environment hook '/workspaces/install/arm_ik/share/arm_ik/hook/pythonpath.sh'
[1.175s] Level 1:colcon.colcon_core.environment:checking '/workspaces/install/arm_ik/bin'
[1.175s] Level 1:colcon.colcon_core.shell:create_environment_hook('arm_ik', 'pythonscriptspath')
[1.175s] INFO:colcon.colcon_core.shell:Creating environment hook '/workspaces/install/arm_ik/share/arm_ik/hook/pythonscriptspath.ps1'
[1.175s] INFO:colcon.colcon_core.shell:Creating environment descriptor '/workspaces/install/arm_ik/share/arm_ik/hook/pythonscriptspath.dsv'
[1.176s] INFO:colcon.colcon_core.shell:Creating environment hook '/workspaces/install/arm_ik/share/arm_ik/hook/pythonscriptspath.sh'
[1.176s] Level 1:colcon.colcon_core.environment:create_environment_scripts_only(arm_ik)
[1.176s] INFO:colcon.colcon_core.shell:Creating package script '/workspaces/install/arm_ik/share/arm_ik/package.ps1'
[1.177s] INFO:colcon.colcon_core.shell:Creating package descriptor '/workspaces/install/arm_ik/share/arm_ik/package.dsv'
[1.177s] INFO:colcon.colcon_core.shell:Creating package script '/workspaces/install/arm_ik/share/arm_ik/package.sh'
[1.178s] INFO:colcon.colcon_core.shell:Creating package script '/workspaces/install/arm_ik/share/arm_ik/package.bash'
[1.178s] INFO:colcon.colcon_core.shell:Creating package script '/workspaces/install/arm_ik/share/arm_ik/package.zsh'
[1.178s] Level 1:colcon.colcon_core.environment:create_file_with_runtime_dependencies(/workspaces/install/arm_ik/share/colcon-core/packages/arm_ik)
[1.211s] DEBUG:colcon.colcon_core.event_handler.log_command:Invoking command in '/workspaces/build/yolo_ros': CMAKE_PREFIX_PATH=/workspaces/install/yolo_msgs:/workspaces/install/yolo_bringup:/workspaces/install/ydlidar_ros2_driver:/workspaces/install/wildbot_slam:/workspaces/install/wildbot_localization:/robot_ws/install/orbbec_description:/robot_ws/install/orbbec_camera:/robot_ws/install/orbbec_camera_msgs:/robot_ws/install/oradar_lidar:/robot_ws/install/kros_car:/robot_ws/install/kros_car_description:/opt/ros/jazzy/opt/sdformat_vendor:/opt/ros/jazzy/opt/gz_math_vendor:/opt/ros/jazzy/opt/gz_utils_vendor:/opt/ros/jazzy/opt/gz_tools_vendor:/opt/ros/jazzy/opt/gz_cmake_vendor PYTHONPATH=/workspaces/build/yolo_ros/prefix_override:/usr/lib/python3/dist-packages/colcon_core/task/python/colcon_distutils_commands:/workspaces/install/yolo_ros/lib/python3.12/site-packages:/workspaces/install/yolo_msgs/lib/python3.12/site-packages:/workspaces/build/yolo_ros:/workspaces/install/yolo_ros/lib/python3.12/site-packages:/workspaces/build/wildbot_control:/workspaces/install/wildbot_control/lib/python3.12/site-packages:/workspaces/build/handsfree_imu_ros2:/workspaces/install/handsfree_imu_ros2/lib/python3.12/site-packages:/workspaces/install/arm_ik/lib/python3.12/site-packages:/robot_ws/install/orbbec_camera_msgs/lib/python3.12/site-packages:/robot_ws/build/lidar_pkg:/robot_ws/install/lidar_pkg/lib/python3.12/site-packages:/opt/ros/jazzy/lib/python3.12/site-packages /usr/bin/python3 -W ignore:setup.py install is deprecated -W ignore:easy_install command is deprecated setup.py develop --editable --build-directory /workspaces/build/yolo_ros/build --no-deps symlink_data
[1.225s] Level 1:colcon.colcon_core.shell:create_environment_hook('wildbot_control', 'pythonpath_develop')
[1.225s] INFO:colcon.colcon_core.shell:Creating environment hook '/workspaces/build/wildbot_control/share/wildbot_control/hook/pythonpath_develop.ps1'
[1.226s] DEBUG:colcon.colcon_core.event_handler.log_command:Invoked command in '/workspaces/build/wildbot_control' returned '0': PYTHONPATH=/workspaces/build/wildbot_control/prefix_override:/usr/lib/python3/dist-packages/colcon_core/task/python/colcon_distutils_commands:/workspaces/install/wildbot_control/lib/python3.12/site-packages:${PYTHONPATH} /usr/bin/python3 -W ignore:setup.py install is deprecated -W ignore:easy_install command is deprecated setup.py develop --editable --build-directory /workspaces/build/wildbot_control/build --no-deps symlink_data
[1.226s] INFO:colcon.colcon_core.shell:Creating environment descriptor '/workspaces/build/wildbot_control/share/wildbot_control/hook/pythonpath_develop.dsv'
[1.227s] INFO:colcon.colcon_core.shell:Creating environment hook '/workspaces/build/wildbot_control/share/wildbot_control/hook/pythonpath_develop.sh'
[1.227s] Level 1:colcon.colcon_core.environment:checking '/workspaces/install/wildbot_control' for CMake module files
[1.228s] Level 1:colcon.colcon_core.environment:checking '/workspaces/install/wildbot_control' for CMake config files
[1.228s] Level 1:colcon.colcon_core.environment:checking '/workspaces/install/wildbot_control/lib'
[1.228s] Level 1:colcon.colcon_core.environment:checking '/workspaces/install/wildbot_control/bin'
[1.228s] Level 1:colcon.colcon_core.environment:checking '/workspaces/install/wildbot_control/lib/pkgconfig/wildbot_control.pc'
[1.228s] Level 1:colcon.colcon_core.environment:checking '/workspaces/install/wildbot_control/lib/python3.12/site-packages'
[1.228s] Level 1:colcon.colcon_core.shell:create_environment_hook('wildbot_control', 'pythonpath')
[1.229s] INFO:colcon.colcon_core.shell:Creating environment hook '/workspaces/install/wildbot_control/share/wildbot_control/hook/pythonpath.ps1'
[1.229s] INFO:colcon.colcon_core.shell:Creating environment descriptor '/workspaces/install/wildbot_control/share/wildbot_control/hook/pythonpath.dsv'
[1.229s] INFO:colcon.colcon_core.shell:Creating environment hook '/workspaces/install/wildbot_control/share/wildbot_control/hook/pythonpath.sh'
[1.230s] Level 1:colcon.colcon_core.environment:checking '/workspaces/install/wildbot_control/bin'
[1.230s] Level 1:colcon.colcon_core.environment:create_environment_scripts_only(wildbot_control)
[1.230s] INFO:colcon.colcon_core.shell:Creating package script '/workspaces/install/wildbot_control/share/wildbot_control/package.ps1'
[1.231s] INFO:colcon.colcon_core.shell:Creating package descriptor '/workspaces/install/wildbot_control/share/wildbot_control/package.dsv'
[1.231s] INFO:colcon.colcon_core.shell:Creating package script '/workspaces/install/wildbot_control/share/wildbot_control/package.sh'
[1.232s] INFO:colcon.colcon_core.shell:Creating package script '/workspaces/install/wildbot_control/share/wildbot_control/package.bash'
[1.232s] INFO:colcon.colcon_core.shell:Creating package script '/workspaces/install/wildbot_control/share/wildbot_control/package.zsh'
[1.232s] Level 1:colcon.colcon_core.environment:create_file_with_runtime_dependencies(/workspaces/install/wildbot_control/share/colcon-core/packages/wildbot_control)
[1.233s] Level 1:colcon.colcon_core.shell:create_environment_hook('handsfree_imu_ros2', 'pythonpath_develop')
[1.233s] INFO:colcon.colcon_core.shell:Creating environment hook '/workspaces/build/handsfree_imu_ros2/share/handsfree_imu_ros2/hook/pythonpath_develop.ps1'
[1.234s] DEBUG:colcon.colcon_core.event_handler.log_command:Invoked command in '/workspaces/build/handsfree_imu_ros2' returned '0': PYTHONPATH=/workspaces/build/handsfree_imu_ros2/prefix_override:/usr/lib/python3/dist-packages/colcon_core/task/python/colcon_distutils_commands:/workspaces/install/handsfree_imu_ros2/lib/python3.12/site-packages:${PYTHONPATH} /usr/bin/python3 -W ignore:setup.py install is deprecated -W ignore:easy_install command is deprecated setup.py develop --editable --build-directory /workspaces/build/handsfree_imu_ros2/build --no-deps symlink_data
[1.234s] INFO:colcon.colcon_core.shell:Creating environment descriptor '/workspaces/build/handsfree_imu_ros2/share/handsfree_imu_ros2/hook/pythonpath_develop.dsv'
[1.234s] INFO:colcon.colcon_core.shell:Creating environment hook '/workspaces/build/handsfree_imu_ros2/share/handsfree_imu_ros2/hook/pythonpath_develop.sh'
[1.234s] Level 1:colcon.colcon_core.environment:checking '/workspaces/install/handsfree_imu_ros2' for CMake module files
[1.234s] Level 1:colcon.colcon_core.environment:checking '/workspaces/install/handsfree_imu_ros2' for CMake config files
[1.235s] Level 1:colcon.colcon_core.environment:checking '/workspaces/install/handsfree_imu_ros2/lib'
[1.235s] Level 1:colcon.colcon_core.environment:checking '/workspaces/install/handsfree_imu_ros2/bin'
[1.235s] Level 1:colcon.colcon_core.environment:checking '/workspaces/install/handsfree_imu_ros2/lib/pkgconfig/handsfree_imu_ros2.pc'
[1.235s] Level 1:colcon.colcon_core.environment:checking '/workspaces/install/handsfree_imu_ros2/lib/python3.12/site-packages'
[1.235s] Level 1:colcon.colcon_core.shell:create_environment_hook('handsfree_imu_ros2', 'pythonpath')
[1.235s] INFO:colcon.colcon_core.shell:Creating environment hook '/workspaces/install/handsfree_imu_ros2/share/handsfree_imu_ros2/hook/pythonpath.ps1'
[1.235s] INFO:colcon.colcon_core.shell:Creating environment descriptor '/workspaces/install/handsfree_imu_ros2/share/handsfree_imu_ros2/hook/pythonpath.dsv'
[1.235s] INFO:colcon.colcon_core.shell:Creating environment hook '/workspaces/install/handsfree_imu_ros2/share/handsfree_imu_ros2/hook/pythonpath.sh'
[1.235s] Level 1:colcon.colcon_core.environment:checking '/workspaces/install/handsfree_imu_ros2/bin'
[1.236s] Level 1:colcon.colcon_core.environment:create_environment_scripts_only(handsfree_imu_ros2)
[1.236s] INFO:colcon.colcon_core.shell:Creating package script '/workspaces/install/handsfree_imu_ros2/share/handsfree_imu_ros2/package.ps1'
[1.236s] INFO:colcon.colcon_core.shell:Creating package descriptor '/workspaces/install/handsfree_imu_ros2/share/handsfree_imu_ros2/package.dsv'
[1.236s] INFO:colcon.colcon_core.shell:Creating package script '/workspaces/install/handsfree_imu_ros2/share/handsfree_imu_ros2/package.sh'
[1.236s] INFO:colcon.colcon_core.shell:Creating package script '/workspaces/install/handsfree_imu_ros2/share/handsfree_imu_ros2/package.bash'
[1.236s] INFO:colcon.colcon_core.shell:Creating package script '/workspaces/install/handsfree_imu_ros2/share/handsfree_imu_ros2/package.zsh'
[1.237s] Level 1:colcon.colcon_core.environment:create_file_with_runtime_dependencies(/workspaces/install/handsfree_imu_ros2/share/colcon-core/packages/handsfree_imu_ros2)
[1.502s] Level 1:colcon.colcon_core.shell:create_environment_hook('yolo_ros', 'pythonpath_develop')
[1.502s] INFO:colcon.colcon_core.shell:Creating environment hook '/workspaces/build/yolo_ros/share/yolo_ros/hook/pythonpath_develop.ps1'
[1.503s] DEBUG:colcon.colcon_core.event_handler.log_command:Invoked command in '/workspaces/build/yolo_ros' returned '0': CMAKE_PREFIX_PATH=/workspaces/install/yolo_msgs:/workspaces/install/yolo_bringup:/workspaces/install/ydlidar_ros2_driver:/workspaces/install/wildbot_slam:/workspaces/install/wildbot_localization:/robot_ws/install/orbbec_description:/robot_ws/install/orbbec_camera:/robot_ws/install/orbbec_camera_msgs:/robot_ws/install/oradar_lidar:/robot_ws/install/kros_car:/robot_ws/install/kros_car_description:/opt/ros/jazzy/opt/sdformat_vendor:/opt/ros/jazzy/opt/gz_math_vendor:/opt/ros/jazzy/opt/gz_utils_vendor:/opt/ros/jazzy/opt/gz_tools_vendor:/opt/ros/jazzy/opt/gz_cmake_vendor PYTHONPATH=/workspaces/build/yolo_ros/prefix_override:/usr/lib/python3/dist-packages/colcon_core/task/python/colcon_distutils_commands:/workspaces/install/yolo_ros/lib/python3.12/site-packages:/workspaces/install/yolo_msgs/lib/python3.12/site-packages:/workspaces/build/yolo_ros:/workspaces/install/yolo_ros/lib/python3.12/site-packages:/workspaces/build/wildbot_control:/workspaces/install/wildbot_control/lib/python3.12/site-packages:/workspaces/build/handsfree_imu_ros2:/workspaces/install/handsfree_imu_ros2/lib/python3.12/site-packages:/workspaces/install/arm_ik/lib/python3.12/site-packages:/robot_ws/install/orbbec_camera_msgs/lib/python3.12/site-packages:/robot_ws/build/lidar_pkg:/robot_ws/install/lidar_pkg/lib/python3.12/site-packages:/opt/ros/jazzy/lib/python3.12/site-packages /usr/bin/python3 -W ignore:setup.py install is deprecated -W ignore:easy_install command is deprecated setup.py develop --editable --build-directory /workspaces/build/yolo_ros/build --no-deps symlink_data
[1.503s] INFO:colcon.colcon_core.shell:Creating environment descriptor '/workspaces/build/yolo_ros/share/yolo_ros/hook/pythonpath_develop.dsv'
[1.503s] INFO:colcon.colcon_core.shell:Creating environment hook '/workspaces/build/yolo_ros/share/yolo_ros/hook/pythonpath_develop.sh'
[1.504s] Level 1:colcon.colcon_core.environment:checking '/workspaces/install/yolo_ros' for CMake module files
[1.504s] Level 1:colcon.colcon_core.environment:checking '/workspaces/install/yolo_ros' for CMake config files
[1.504s] Level 1:colcon.colcon_core.environment:checking '/workspaces/install/yolo_ros/lib'
[1.504s] Level 1:colcon.colcon_core.environment:checking '/workspaces/install/yolo_ros/bin'
[1.504s] Level 1:colcon.colcon_core.environment:checking '/workspaces/install/yolo_ros/lib/pkgconfig/yolo_ros.pc'
[1.504s] Level 1:colcon.colcon_core.environment:checking '/workspaces/install/yolo_ros/lib/python3.12/site-packages'
[1.504s] Level 1:colcon.colcon_core.shell:create_environment_hook('yolo_ros', 'pythonpath')
[1.504s] INFO:colcon.colcon_core.shell:Creating environment hook '/workspaces/install/yolo_ros/share/yolo_ros/hook/pythonpath.ps1'
[1.505s] INFO:colcon.colcon_core.shell:Creating environment descriptor '/workspaces/install/yolo_ros/share/yolo_ros/hook/pythonpath.dsv'
[1.505s] INFO:colcon.colcon_core.shell:Creating environment hook '/workspaces/install/yolo_ros/share/yolo_ros/hook/pythonpath.sh'
[1.505s] Level 1:colcon.colcon_core.environment:checking '/workspaces/install/yolo_ros/bin'
[1.505s] Level 1:colcon.colcon_core.environment:create_environment_scripts_only(yolo_ros)
[1.505s] INFO:colcon.colcon_core.shell:Creating package script '/workspaces/install/yolo_ros/share/yolo_ros/package.ps1'
[1.505s] INFO:colcon.colcon_core.shell:Creating package descriptor '/workspaces/install/yolo_ros/share/yolo_ros/package.dsv'
[1.506s] INFO:colcon.colcon_core.shell:Creating package script '/workspaces/install/yolo_ros/share/yolo_ros/package.sh'
[1.506s] INFO:colcon.colcon_core.shell:Creating package script '/workspaces/install/yolo_ros/share/yolo_ros/package.bash'
[1.506s] INFO:colcon.colcon_core.shell:Creating package script '/workspaces/install/yolo_ros/share/yolo_ros/package.zsh'
[1.506s] Level 1:colcon.colcon_core.environment:create_file_with_runtime_dependencies(/workspaces/install/yolo_ros/share/colcon-core/packages/yolo_ros)
[1.506s] INFO:colcon.colcon_ros.task.ament_cmake.build:Building ROS package in '/workspaces/workspaces/src/yolo_ros-main/yolo_bringup' with build type 'ament_cmake'
[1.506s] INFO:colcon.colcon_cmake.task.cmake.build:Building CMake package in '/workspaces/workspaces/src/yolo_ros-main/yolo_bringup'
[1.507s] INFO:colcon.colcon_core.shell:Skip shell extension 'powershell' for command environment: Not usable outside of PowerShell
[1.507s] DEBUG:colcon.colcon_core.shell:Skip shell extension 'dsv' for command environment
[1.514s] DEBUG:colcon.colcon_core.event_handler.log_command:Invoking command in '/workspaces/build/yolo_bringup': AMENT_PREFIX_PATH=/workspaces/install/yolo_ros:/workspaces/install/yolo_bringup:/workspaces/install/yolo_msgs:/workspaces/install/ydlidar_ros2_driver:/workspaces/install/wildbot_slam:/workspaces/install/wildbot_localization:/workspaces/install/wildbot_control:/workspaces/install/handsfree_imu_ros2:/workspaces/install/arm_ik:/robot_ws/install/orbbec_description:/robot_ws/install/orbbec_camera:/robot_ws/install/orbbec_camera_msgs:/robot_ws/install/oradar_lidar:/robot_ws/install/lidar_pkg:/robot_ws/install/kros_car:/robot_ws/install/kros_car_description:/opt/ros/jazzy CMAKE_PREFIX_PATH=/workspaces/install/yolo_msgs:/workspaces/install/yolo_bringup:/workspaces/install/ydlidar_ros2_driver:/workspaces/install/wildbot_slam:/workspaces/install/wildbot_localization:/robot_ws/install/orbbec_description:/robot_ws/install/orbbec_camera:/robot_ws/install/orbbec_camera_msgs:/robot_ws/install/oradar_lidar:/robot_ws/install/kros_car:/robot_ws/install/kros_car_description:/opt/ros/jazzy/opt/sdformat_vendor:/opt/ros/jazzy/opt/gz_math_vendor:/opt/ros/jazzy/opt/gz_utils_vendor:/opt/ros/jazzy/opt/gz_tools_vendor:/opt/ros/jazzy/opt/gz_cmake_vendor:/workspaces/install/yolo_ros:/workspaces/install/wildbot_control:/workspaces/install/handsfree_imu_ros2:/workspaces/install/arm_ik:/robot_ws/install/lidar_pkg:/opt/ros/jazzy /usr/bin/cmake --build /workspaces/build/yolo_bringup -- -j16 -l16
[1.543s] DEBUG:colcon.colcon_core.event_handler.log_command:Invoked command in '/workspaces/build/yolo_bringup' returned '0': AMENT_PREFIX_PATH=/workspaces/install/yolo_ros:/workspaces/install/yolo_bringup:/workspaces/install/yolo_msgs:/workspaces/install/ydlidar_ros2_driver:/workspaces/install/wildbot_slam:/workspaces/install/wildbot_localization:/workspaces/install/wildbot_control:/workspaces/install/handsfree_imu_ros2:/workspaces/install/arm_ik:/robot_ws/install/orbbec_description:/robot_ws/install/orbbec_camera:/robot_ws/install/orbbec_camera_msgs:/robot_ws/install/oradar_lidar:/robot_ws/install/lidar_pkg:/robot_ws/install/kros_car:/robot_ws/install/kros_car_description:/opt/ros/jazzy CMAKE_PREFIX_PATH=/workspaces/install/yolo_msgs:/workspaces/install/yolo_bringup:/workspaces/install/ydlidar_ros2_driver:/workspaces/install/wildbot_slam:/workspaces/install/wildbot_localization:/robot_ws/install/orbbec_description:/robot_ws/install/orbbec_camera:/robot_ws/install/orbbec_camera_msgs:/robot_ws/install/oradar_lidar:/robot_ws/install/kros_car:/robot_ws/install/kros_car_description:/opt/ros/jazzy/opt/sdformat_vendor:/opt/ros/jazzy/opt/gz_math_vendor:/opt/ros/jazzy/opt/gz_utils_vendor:/opt/ros/jazzy/opt/gz_tools_vendor:/opt/ros/jazzy/opt/gz_cmake_vendor:/workspaces/install/yolo_ros:/workspaces/install/wildbot_control:/workspaces/install/handsfree_imu_ros2:/workspaces/install/arm_ik:/robot_ws/install/lidar_pkg:/opt/ros/jazzy /usr/bin/cmake --build /workspaces/build/yolo_bringup -- -j16 -l16
[1.543s] DEBUG:colcon.colcon_core.event_handler.log_command:Invoking command in '/workspaces/build/yolo_bringup': AMENT_PREFIX_PATH=/workspaces/install/yolo_ros:/workspaces/install/yolo_bringup:/workspaces/install/yolo_msgs:/workspaces/install/ydlidar_ros2_driver:/workspaces/install/wildbot_slam:/workspaces/install/wildbot_localization:/workspaces/install/wildbot_control:/workspaces/install/handsfree_imu_ros2:/workspaces/install/arm_ik:/robot_ws/install/orbbec_description:/robot_ws/install/orbbec_camera:/robot_ws/install/orbbec_camera_msgs:/robot_ws/install/oradar_lidar:/robot_ws/install/lidar_pkg:/robot_ws/install/kros_car:/robot_ws/install/kros_car_description:/opt/ros/jazzy CMAKE_PREFIX_PATH=/workspaces/install/yolo_msgs:/workspaces/install/yolo_bringup:/workspaces/install/ydlidar_ros2_driver:/workspaces/install/wildbot_slam:/workspaces/install/wildbot_localization:/robot_ws/install/orbbec_description:/robot_ws/install/orbbec_camera:/robot_ws/install/orbbec_camera_msgs:/robot_ws/install/oradar_lidar:/robot_ws/install/kros_car:/robot_ws/install/kros_car_description:/opt/ros/jazzy/opt/sdformat_vendor:/opt/ros/jazzy/opt/gz_math_vendor:/opt/ros/jazzy/opt/gz_utils_vendor:/opt/ros/jazzy/opt/gz_tools_vendor:/opt/ros/jazzy/opt/gz_cmake_vendor:/workspaces/install/yolo_ros:/workspaces/install/wildbot_control:/workspaces/install/handsfree_imu_ros2:/workspaces/install/arm_ik:/robot_ws/install/lidar_pkg:/opt/ros/jazzy /usr/bin/cmake --install /workspaces/build/yolo_bringup
[1.556s] Level 1:colcon.colcon_core.environment:create_environment_scripts_only(yolo_bringup)
[1.556s] Level 1:colcon.colcon_core.environment:checking '/workspaces/install/yolo_bringup' for CMake module files
[1.557s] DEBUG:colcon.colcon_core.event_handler.log_command:Invoked command in '/workspaces/build/yolo_bringup' returned '0': AMENT_PREFIX_PATH=/workspaces/install/yolo_ros:/workspaces/install/yolo_bringup:/workspaces/install/yolo_msgs:/workspaces/install/ydlidar_ros2_driver:/workspaces/install/wildbot_slam:/workspaces/install/wildbot_localization:/workspaces/install/wildbot_control:/workspaces/install/handsfree_imu_ros2:/workspaces/install/arm_ik:/robot_ws/install/orbbec_description:/robot_ws/install/orbbec_camera:/robot_ws/install/orbbec_camera_msgs:/robot_ws/install/oradar_lidar:/robot_ws/install/lidar_pkg:/robot_ws/install/kros_car:/robot_ws/install/kros_car_description:/opt/ros/jazzy CMAKE_PREFIX_PATH=/workspaces/install/yolo_msgs:/workspaces/install/yolo_bringup:/workspaces/install/ydlidar_ros2_driver:/workspaces/install/wildbot_slam:/workspaces/install/wildbot_localization:/robot_ws/install/orbbec_description:/robot_ws/install/orbbec_camera:/robot_ws/install/orbbec_camera_msgs:/robot_ws/install/oradar_lidar:/robot_ws/install/kros_car:/robot_ws/install/kros_car_description:/opt/ros/jazzy/opt/sdformat_vendor:/opt/ros/jazzy/opt/gz_math_vendor:/opt/ros/jazzy/opt/gz_utils_vendor:/opt/ros/jazzy/opt/gz_tools_vendor:/opt/ros/jazzy/opt/gz_cmake_vendor:/workspaces/install/yolo_ros:/workspaces/install/wildbot_control:/workspaces/install/handsfree_imu_ros2:/workspaces/install/arm_ik:/robot_ws/install/lidar_pkg:/opt/ros/jazzy /usr/bin/cmake --install /workspaces/build/yolo_bringup
[1.557s] Level 1:colcon.colcon_core.environment:checking '/workspaces/install/yolo_bringup' for CMake config files
[1.557s] Level 1:colcon.colcon_core.shell:create_environment_hook('yolo_bringup', 'cmake_prefix_path')
[1.557s] INFO:colcon.colcon_core.shell:Creating environment hook '/workspaces/install/yolo_bringup/share/yolo_bringup/hook/cmake_prefix_path.ps1'
[1.557s] INFO:colcon.colcon_core.shell:Creating environment descriptor '/workspaces/install/yolo_bringup/share/yolo_bringup/hook/cmake_prefix_path.dsv'
[1.558s] INFO:colcon.colcon_core.shell:Creating environment hook '/workspaces/install/yolo_bringup/share/yolo_bringup/hook/cmake_prefix_path.sh'
[1.558s] Level 1:colcon.colcon_core.environment:checking '/workspaces/install/yolo_bringup/bin'
[1.558s] Level 1:colcon.colcon_core.environment:checking '/workspaces/install/yolo_bringup/lib/pkgconfig/yolo_bringup.pc'
[1.558s] Level 1:colcon.colcon_core.environment:checking '/workspaces/install/yolo_bringup/lib/python3.12/site-packages'
[1.558s] Level 1:colcon.colcon_core.environment:checking '/workspaces/install/yolo_bringup/bin'
[1.558s] INFO:colcon.colcon_core.shell:Creating package script '/workspaces/install/yolo_bringup/share/yolo_bringup/package.ps1'
[1.559s] INFO:colcon.colcon_core.shell:Creating package descriptor '/workspaces/install/yolo_bringup/share/yolo_bringup/package.dsv'
[1.559s] INFO:colcon.colcon_core.shell:Creating package script '/workspaces/install/yolo_bringup/share/yolo_bringup/package.sh'
[1.559s] INFO:colcon.colcon_core.shell:Creating package script '/workspaces/install/yolo_bringup/share/yolo_bringup/package.bash'
[1.559s] INFO:colcon.colcon_core.shell:Creating package script '/workspaces/install/yolo_bringup/share/yolo_bringup/package.zsh'
[1.559s] Level 1:colcon.colcon_core.environment:create_file_with_runtime_dependencies(/workspaces/install/yolo_bringup/share/colcon-core/packages/yolo_bringup)
[1.560s] Level 1:colcon.colcon_core.environment:create_environment_scripts_only(yolo_bringup)
[1.560s] Level 1:colcon.colcon_core.environment:checking '/workspaces/install/yolo_bringup' for CMake module files
[1.560s] Level 1:colcon.colcon_core.environment:checking '/workspaces/install/yolo_bringup' for CMake config files
[1.560s] Level 1:colcon.colcon_core.shell:create_environment_hook('yolo_bringup', 'cmake_prefix_path')
[1.560s] INFO:colcon.colcon_core.shell:Creating environment hook '/workspaces/install/yolo_bringup/share/yolo_bringup/hook/cmake_prefix_path.ps1'
[1.560s] INFO:colcon.colcon_core.shell:Creating environment descriptor '/workspaces/install/yolo_bringup/share/yolo_bringup/hook/cmake_prefix_path.dsv'
[1.561s] INFO:colcon.colcon_core.shell:Creating environment hook '/workspaces/install/yolo_bringup/share/yolo_bringup/hook/cmake_prefix_path.sh'
[1.561s] Level 1:colcon.colcon_core.environment:checking '/workspaces/install/yolo_bringup/bin'
[1.561s] Level 1:colcon.colcon_core.environment:checking '/workspaces/install/yolo_bringup/lib/pkgconfig/yolo_bringup.pc'
[1.561s] Level 1:colcon.colcon_core.environment:checking '/workspaces/install/yolo_bringup/lib/python3.12/site-packages'
[1.561s] Level 1:colcon.colcon_core.environment:checking '/workspaces/install/yolo_bringup/bin'
[1.561s] INFO:colcon.colcon_core.shell:Creating package script '/workspaces/install/yolo_bringup/share/yolo_bringup/package.ps1'
[1.562s] INFO:colcon.colcon_core.shell:Creating package descriptor '/workspaces/install/yolo_bringup/share/yolo_bringup/package.dsv'
[1.562s] INFO:colcon.colcon_core.shell:Creating package script '/workspaces/install/yolo_bringup/share/yolo_bringup/package.sh'
[1.562s] INFO:colcon.colcon_core.shell:Creating package script '/workspaces/install/yolo_bringup/share/yolo_bringup/package.bash'
[1.562s] INFO:colcon.colcon_core.shell:Creating package script '/workspaces/install/yolo_bringup/share/yolo_bringup/package.zsh'
[1.562s] Level 1:colcon.colcon_core.environment:create_file_with_runtime_dependencies(/workspaces/install/yolo_bringup/share/colcon-core/packages/yolo_bringup)
[4.426s] DEBUG:colcon.colcon_core.event_handler.log_command:Invoked command in '/workspaces/build/ydlidar_ros2_driver' returned '0': CMAKE_PREFIX_PATH=${CMAKE_PREFIX_PATH}:/workspaces/install/yolo_ros:/workspaces/install/wildbot_control:/workspaces/install/handsfree_imu_ros2:/workspaces/install/arm_ik:/robot_ws/install/lidar_pkg:/opt/ros/jazzy /usr/bin/cmake --build /workspaces/build/ydlidar_ros2_driver -- -j16 -l16
[4.427s] DEBUG:colcon.colcon_core.event_handler.log_command:Invoking command in '/workspaces/build/ydlidar_ros2_driver': CMAKE_PREFIX_PATH=${CMAKE_PREFIX_PATH}:/workspaces/install/yolo_ros:/workspaces/install/wildbot_control:/workspaces/install/handsfree_imu_ros2:/workspaces/install/arm_ik:/robot_ws/install/lidar_pkg:/opt/ros/jazzy /usr/bin/cmake --install /workspaces/build/ydlidar_ros2_driver
[4.438s] Level 1:colcon.colcon_core.environment:create_environment_scripts_only(ydlidar_ros2_driver)
[4.439s] DEBUG:colcon.colcon_core.event_handler.log_command:Invoked command in '/workspaces/build/ydlidar_ros2_driver' returned '0': CMAKE_PREFIX_PATH=${CMAKE_PREFIX_PATH}:/workspaces/install/yolo_ros:/workspaces/install/wildbot_control:/workspaces/install/handsfree_imu_ros2:/workspaces/install/arm_ik:/robot_ws/install/lidar_pkg:/opt/ros/jazzy /usr/bin/cmake --install /workspaces/build/ydlidar_ros2_driver
[4.439s] Level 1:colcon.colcon_core.environment:checking '/workspaces/install/ydlidar_ros2_driver' for CMake module files
[4.439s] Level 1:colcon.colcon_core.environment:checking '/workspaces/install/ydlidar_ros2_driver' for CMake config files
[4.440s] Level 1:colcon.colcon_core.shell:create_environment_hook('ydlidar_ros2_driver', 'cmake_prefix_path')
[4.440s] INFO:colcon.colcon_core.shell:Creating environment hook '/workspaces/install/ydlidar_ros2_driver/share/ydlidar_ros2_driver/hook/cmake_prefix_path.ps1'
[4.440s] INFO:colcon.colcon_core.shell:Creating environment descriptor '/workspaces/install/ydlidar_ros2_driver/share/ydlidar_ros2_driver/hook/cmake_prefix_path.dsv'
[4.440s] INFO:colcon.colcon_core.shell:Creating environment hook '/workspaces/install/ydlidar_ros2_driver/share/ydlidar_ros2_driver/hook/cmake_prefix_path.sh'
[4.441s] Level 1:colcon.colcon_core.environment:checking '/workspaces/install/ydlidar_ros2_driver/lib'
[4.441s] Level 1:colcon.colcon_core.environment:checking '/workspaces/install/ydlidar_ros2_driver/bin'
[4.441s] Level 1:colcon.colcon_core.environment:checking '/workspaces/install/ydlidar_ros2_driver/lib/pkgconfig/ydlidar_ros2_driver.pc'
[4.441s] Level 1:colcon.colcon_core.environment:checking '/workspaces/install/ydlidar_ros2_driver/lib/python3.12/site-packages'
[4.442s] Level 1:colcon.colcon_core.environment:checking '/workspaces/install/ydlidar_ros2_driver/bin'
[4.442s] INFO:colcon.colcon_core.shell:Creating package script '/workspaces/install/ydlidar_ros2_driver/share/ydlidar_ros2_driver/package.ps1'
[4.442s] INFO:colcon.colcon_core.shell:Creating package descriptor '/workspaces/install/ydlidar_ros2_driver/share/ydlidar_ros2_driver/package.dsv'
[4.443s] INFO:colcon.colcon_core.shell:Creating package script '/workspaces/install/ydlidar_ros2_driver/share/ydlidar_ros2_driver/package.sh'
[4.443s] INFO:colcon.colcon_core.shell:Creating package script '/workspaces/install/ydlidar_ros2_driver/share/ydlidar_ros2_driver/package.bash'
[4.443s] INFO:colcon.colcon_core.shell:Creating package script '/workspaces/install/ydlidar_ros2_driver/share/ydlidar_ros2_driver/package.zsh'
[4.443s] Level 1:colcon.colcon_core.environment:create_file_with_runtime_dependencies(/workspaces/install/ydlidar_ros2_driver/share/colcon-core/packages/ydlidar_ros2_driver)
[4.444s] Level 1:colcon.colcon_core.environment:create_environment_scripts_only(ydlidar_ros2_driver)
[4.444s] Level 1:colcon.colcon_core.environment:checking '/workspaces/install/ydlidar_ros2_driver' for CMake module files
[4.444s] Level 1:colcon.colcon_core.environment:checking '/workspaces/install/ydlidar_ros2_driver' for CMake config files
[4.444s] Level 1:colcon.colcon_core.shell:create_environment_hook('ydlidar_ros2_driver', 'cmake_prefix_path')
[4.445s] INFO:colcon.colcon_core.shell:Creating environment hook '/workspaces/install/ydlidar_ros2_driver/share/ydlidar_ros2_driver/hook/cmake_prefix_path.ps1'
[4.445s] INFO:colcon.colcon_core.shell:Creating environment descriptor '/workspaces/install/ydlidar_ros2_driver/share/ydlidar_ros2_driver/hook/cmake_prefix_path.dsv'
[4.445s] INFO:colcon.colcon_core.shell:Creating environment hook '/workspaces/install/ydlidar_ros2_driver/share/ydlidar_ros2_driver/hook/cmake_prefix_path.sh'
[4.446s] Level 1:colcon.colcon_core.environment:checking '/workspaces/install/ydlidar_ros2_driver/lib'
[4.446s] Level 1:colcon.colcon_core.environment:checking '/workspaces/install/ydlidar_ros2_driver/bin'
[4.446s] Level 1:colcon.colcon_core.environment:checking '/workspaces/install/ydlidar_ros2_driver/lib/pkgconfig/ydlidar_ros2_driver.pc'
[4.446s] Level 1:colcon.colcon_core.environment:checking '/workspaces/install/ydlidar_ros2_driver/lib/python3.12/site-packages'
[4.446s] Level 1:colcon.colcon_core.environment:checking '/workspaces/install/ydlidar_ros2_driver/bin'
[4.446s] INFO:colcon.colcon_core.shell:Creating package script '/workspaces/install/ydlidar_ros2_driver/share/ydlidar_ros2_driver/package.ps1'
[4.447s] INFO:colcon.colcon_core.shell:Creating package descriptor '/workspaces/install/ydlidar_ros2_driver/share/ydlidar_ros2_driver/package.dsv'
[4.447s] INFO:colcon.colcon_core.shell:Creating package script '/workspaces/install/ydlidar_ros2_driver/share/ydlidar_ros2_driver/package.sh'
[4.447s] INFO:colcon.colcon_core.shell:Creating package script '/workspaces/install/ydlidar_ros2_driver/share/ydlidar_ros2_driver/package.bash'
[4.448s] INFO:colcon.colcon_core.shell:Creating package script '/workspaces/install/ydlidar_ros2_driver/share/ydlidar_ros2_driver/package.zsh'
[4.448s] Level 1:colcon.colcon_core.environment:create_file_with_runtime_dependencies(/workspaces/install/ydlidar_ros2_driver/share/colcon-core/packages/ydlidar_ros2_driver)
[4.448s] DEBUG:colcon.colcon_parallel_executor.executor.parallel:closing loop
[4.448s] DEBUG:colcon.colcon_parallel_executor.executor.parallel:loop closed
[4.448s] DEBUG:colcon.colcon_parallel_executor.executor.parallel:run_until_complete finished with '0'
[4.448s] DEBUG:colcon.colcon_core.event_reactor:joining thread
[4.453s] INFO:colcon.colcon_core.plugin_system:Skipping extension 'colcon_notification.desktop_notification.notify_send': Could not find 'notify-send'
[4.453s] INFO:colcon.colcon_core.plugin_system:Skipping extension 'colcon_notification.desktop_notification.terminal_notifier': Not used on non-Darwin systems
[4.453s] INFO:colcon.colcon_core.plugin_system:Skipping extension 'colcon_notification.desktop_notification.win32': Not used on non-Windows systems
[4.453s] INFO:colcon.colcon_notification.desktop_notification:Sending desktop notification using 'notify2'
[4.453s] DEBUG:colcon.colcon_notification.desktop_notification.notify2:Failed to initialize notify2: org.freedesktop.DBus.Error.NotSupported: Unable to autolaunch a dbus-daemon without a $DISPLAY for X11
[4.453s] DEBUG:colcon.colcon_core.event_reactor:joined thread
[4.453s] INFO:colcon.colcon_core.shell:Creating prefix script '/workspaces/install/local_setup.ps1'
[4.454s] INFO:colcon.colcon_core.shell:Creating prefix util module '/workspaces/install/_local_setup_util_ps1.py'
[4.454s] INFO:colcon.colcon_core.shell:Creating prefix chain script '/workspaces/install/setup.ps1'
[4.455s] INFO:colcon.colcon_core.shell:Creating prefix script '/workspaces/install/local_setup.sh'
[4.455s] INFO:colcon.colcon_core.shell:Creating prefix util module '/workspaces/install/_local_setup_util_sh.py'
[4.455s] INFO:colcon.colcon_core.shell:Creating prefix chain script '/workspaces/install/setup.sh'
[4.456s] INFO:colcon.colcon_core.shell:Creating prefix script '/workspaces/install/local_setup.bash'
[4.456s] INFO:colcon.colcon_core.shell:Creating prefix chain script '/workspaces/install/setup.bash'
[4.457s] INFO:colcon.colcon_core.shell:Creating prefix script '/workspaces/install/local_setup.zsh'
[4.457s] INFO:colcon.colcon_core.shell:Creating prefix chain script '/workspaces/install/setup.zsh'
