[0.062s] DEBUG:colcon:Command line arguments: ['/usr/bin/colcon', 'build', '--symlink-install']
[0.062s] DEBUG:colcon:Parsed command line arguments: Namespace(log_base=None, log_level=None, verb_name='build', build_base='build', install_base='install', merge_install=False, symlink_install=True, test_result_base=None, continue_on_error=False, executor='parallel', parallel_workers=16, event_handlers=None, ignore_user_meta=False, metas=['./colcon.meta'], base_paths=['.'], packages_ignore=None, packages_ignore_regex=None, paths=None, packages_up_to=None, packages_up_to_regex=None, packages_above=None, packages_above_and_dependencies=None, packages_above_depth=None, packages_select_by_dep=None, packages_skip_by_dep=None, packages_skip_up_to=None, packages_select_build_failed=False, packages_skip_build_finished=False, packages_select_test_failures=False, packages_skip_test_passed=False, packages_select=None, packages_skip=None, packages_select_regex=None, packages_skip_regex=None, packages_start=None, packages_end=None, cmake_args=None, cmake_target=None, cmake_target_skip_unavailable=False, cmake_clean_cache=False, cmake_clean_first=False, cmake_force_configure=False, ament_cmake_args=None, catkin_cmake_args=None, catkin_skip_building_tests=False, mixin_files=None, mixin=None, verb_parser=<colcon_mixin.mixin.mixin_argument.MixinArgumentDecorator object at 0x71ba5aa96ab0>, verb_extension=<colcon_core.verb.build.BuildVerb object at 0x71ba5aa96750>, main=<bound method BuildVerb.main of <colcon_core.verb.build.BuildVerb object at 0x71ba5aa96750>>, mixin_verb=('build',))
[0.084s] Level 1:colcon.colcon_core.package_discovery:discover_packages(colcon_meta) check parameters
[0.084s] INFO:colcon.colcon_metadata.package_discovery.colcon_meta:Using configuration from '/root/.colcon/metadata/default/Gazebo.meta'
[0.084s] INFO:colcon.colcon_metadata.package_discovery.colcon_meta:Using configuration from '/root/.colcon/metadata/default/fastdds.meta'
[0.084s] INFO:colcon.colcon_metadata.package_discovery.colcon_meta:Using configuration from '/root/.colcon/metadata/default/fastrtps.meta'
[0.084s] Level 1:colcon.colcon_core.package_discovery:discover_packages(recursive) check parameters
[0.084s] Level 1:colcon.colcon_core.package_discovery:discover_packages(ignore) check parameters
[0.084s] Level 1:colcon.colcon_core.package_discovery:discover_packages(path) check parameters
[0.084s] Level 1:colcon.colcon_core.package_discovery:discover_packages(colcon_meta) discover
[0.084s] Level 1:colcon.colcon_core.package_discovery:discover_packages(recursive) discover
[0.084s] INFO:colcon.colcon_core.package_discovery:Crawling recursively for packages in '/workspaces'
[0.084s] Level 1:colcon.colcon_core.package_identification:_identify(.) by extensions ['ignore', 'ignore_ament_install']
[0.085s] Level 1:colcon.colcon_core.package_identification:_identify(.) by extension 'ignore'
[0.085s] Level 1:colcon.colcon_core.package_identification:_identify(.) by extension 'ignore_ament_install'
[0.085s] Level 1:colcon.colcon_core.package_identification:_identify(.) by extensions ['colcon_pkg']
[0.085s] Level 1:colcon.colcon_core.package_identification:_identify(.) by extension 'colcon_pkg'
[0.085s] Level 1:colcon.colcon_core.package_identification:_identify(.) by extensions ['colcon_meta']
[0.085s] Level 1:colcon.colcon_core.package_identification:_identify(.) by extension 'colcon_meta'
[0.085s] Level 1:colcon.colcon_core.package_identification:_identify(.) by extensions ['ros']
[0.085s] Level 1:colcon.colcon_core.package_identification:_identify(.) by extension 'ros'
[0.100s] Level 1:colcon.colcon_core.package_identification:_identify(.) by extensions ['cmake', 'python']
[0.100s] Level 1:colcon.colcon_core.package_identification:_identify(.) by extension 'cmake'
[0.100s] Level 1:colcon.colcon_core.package_identification:_identify(.) by extension 'python'
[0.100s] Level 1:colcon.colcon_core.package_identification:_identify(.) by extensions ['python_setup_py']
[0.100s] Level 1:colcon.colcon_core.package_identification:_identify(.) by extension 'python_setup_py'
[0.100s] Level 1:colcon.colcon_core.package_identification:_identify(build) by extensions ['ignore', 'ignore_ament_install']
[0.100s] Level 1:colcon.colcon_core.package_identification:_identify(build) by extension 'ignore'
[0.100s] Level 1:colcon.colcon_core.package_identification:_identify(build) ignored
[0.100s] Level 1:colcon.colcon_core.package_identification:_identify(docker) by extensions ['ignore', 'ignore_ament_install']
[0.100s] Level 1:colcon.colcon_core.package_identification:_identify(docker) by extension 'ignore'
[0.101s] Level 1:colcon.colcon_core.package_identification:_identify(docker) by extension 'ignore_ament_install'
[0.101s] Level 1:colcon.colcon_core.package_identification:_identify(docker) by extensions ['colcon_pkg']
[0.101s] Level 1:colcon.colcon_core.package_identification:_identify(docker) by extension 'colcon_pkg'
[0.101s] Level 1:colcon.colcon_core.package_identification:_identify(docker) by extensions ['colcon_meta']
[0.101s] Level 1:colcon.colcon_core.package_identification:_identify(docker) by extension 'colcon_meta'
[0.101s] Level 1:colcon.colcon_core.package_identification:_identify(docker) by extensions ['ros']
[0.101s] Level 1:colcon.colcon_core.package_identification:_identify(docker) by extension 'ros'
[0.101s] Level 1:colcon.colcon_core.package_identification:_identify(docker) by extensions ['cmake', 'python']
[0.101s] Level 1:colcon.colcon_core.package_identification:_identify(docker) by extension 'cmake'
[0.101s] Level 1:colcon.colcon_core.package_identification:_identify(docker) by extension 'python'
[0.101s] Level 1:colcon.colcon_core.package_identification:_identify(docker) by extensions ['python_setup_py']
[0.101s] Level 1:colcon.colcon_core.package_identification:_identify(docker) by extension 'python_setup_py'
[0.101s] Level 1:colcon.colcon_core.package_identification:_identify(docker/compose) by extensions ['ignore', 'ignore_ament_install']
[0.101s] Level 1:colcon.colcon_core.package_identification:_identify(docker/compose) by extension 'ignore'
[0.101s] Level 1:colcon.colcon_core.package_identification:_identify(docker/compose) by extension 'ignore_ament_install'
[0.101s] Level 1:colcon.colcon_core.package_identification:_identify(docker/compose) by extensions ['colcon_pkg']
[0.101s] Level 1:colcon.colcon_core.package_identification:_identify(docker/compose) by extension 'colcon_pkg'
[0.101s] Level 1:colcon.colcon_core.package_identification:_identify(docker/compose) by extensions ['colcon_meta']
[0.101s] Level 1:colcon.colcon_core.package_identification:_identify(docker/compose) by extension 'colcon_meta'
[0.101s] Level 1:colcon.colcon_core.package_identification:_identify(docker/compose) by extensions ['ros']
[0.101s] Level 1:colcon.colcon_core.package_identification:_identify(docker/compose) by extension 'ros'
[0.101s] Level 1:colcon.colcon_core.package_identification:_identify(docker/compose) by extensions ['cmake', 'python']
[0.101s] Level 1:colcon.colcon_core.package_identification:_identify(docker/compose) by extension 'cmake'
[0.101s] Level 1:colcon.colcon_core.package_identification:_identify(docker/compose) by extension 'python'
[0.101s] Level 1:colcon.colcon_core.package_identification:_identify(docker/compose) by extensions ['python_setup_py']
[0.101s] Level 1:colcon.colcon_core.package_identification:_identify(docker/compose) by extension 'python_setup_py'
[0.101s] Level 1:colcon.colcon_core.package_identification:_identify(docker/compose/configs) by extensions ['ignore', 'ignore_ament_install']
[0.101s] Level 1:colcon.colcon_core.package_identification:_identify(docker/compose/configs) by extension 'ignore'
[0.101s] Level 1:colcon.colcon_core.package_identification:_identify(docker/compose/configs) by extension 'ignore_ament_install'
[0.101s] Level 1:colcon.colcon_core.package_identification:_identify(docker/compose/configs) by extensions ['colcon_pkg']
[0.101s] Level 1:colcon.colcon_core.package_identification:_identify(docker/compose/configs) by extension 'colcon_pkg'
[0.101s] Level 1:colcon.colcon_core.package_identification:_identify(docker/compose/configs) by extensions ['colcon_meta']
[0.101s] Level 1:colcon.colcon_core.package_identification:_identify(docker/compose/configs) by extension 'colcon_meta'
[0.101s] Level 1:colcon.colcon_core.package_identification:_identify(docker/compose/configs) by extensions ['ros']
[0.101s] Level 1:colcon.colcon_core.package_identification:_identify(docker/compose/configs) by extension 'ros'
[0.101s] Level 1:colcon.colcon_core.package_identification:_identify(docker/compose/configs) by extensions ['cmake', 'python']
[0.101s] Level 1:colcon.colcon_core.package_identification:_identify(docker/compose/configs) by extension 'cmake'
[0.101s] Level 1:colcon.colcon_core.package_identification:_identify(docker/compose/configs) by extension 'python'
[0.101s] Level 1:colcon.colcon_core.package_identification:_identify(docker/compose/configs) by extensions ['python_setup_py']
[0.101s] Level 1:colcon.colcon_core.package_identification:_identify(docker/compose/configs) by extension 'python_setup_py'
[0.101s] Level 1:colcon.colcon_core.package_identification:_identify(docker/compose/launch) by extensions ['ignore', 'ignore_ament_install']
[0.101s] Level 1:colcon.colcon_core.package_identification:_identify(docker/compose/launch) by extension 'ignore'
[0.101s] Level 1:colcon.colcon_core.package_identification:_identify(docker/compose/launch) by extension 'ignore_ament_install'
[0.101s] Level 1:colcon.colcon_core.package_identification:_identify(docker/compose/launch) by extensions ['colcon_pkg']
[0.101s] Level 1:colcon.colcon_core.package_identification:_identify(docker/compose/launch) by extension 'colcon_pkg'
[0.101s] Level 1:colcon.colcon_core.package_identification:_identify(docker/compose/launch) by extensions ['colcon_meta']
[0.101s] Level 1:colcon.colcon_core.package_identification:_identify(docker/compose/launch) by extension 'colcon_meta'
[0.101s] Level 1:colcon.colcon_core.package_identification:_identify(docker/compose/launch) by extensions ['ros']
[0.101s] Level 1:colcon.colcon_core.package_identification:_identify(docker/compose/launch) by extension 'ros'
[0.101s] Level 1:colcon.colcon_core.package_identification:_identify(docker/compose/launch) by extensions ['cmake', 'python']
[0.101s] Level 1:colcon.colcon_core.package_identification:_identify(docker/compose/launch) by extension 'cmake'
[0.101s] Level 1:colcon.colcon_core.package_identification:_identify(docker/compose/launch) by extension 'python'
[0.101s] Level 1:colcon.colcon_core.package_identification:_identify(docker/compose/launch) by extensions ['python_setup_py']
[0.101s] Level 1:colcon.colcon_core.package_identification:_identify(docker/compose/launch) by extension 'python_setup_py'
[0.101s] Level 1:colcon.colcon_core.package_identification:_identify(install) by extensions ['ignore', 'ignore_ament_install']
[0.101s] Level 1:colcon.colcon_core.package_identification:_identify(install) by extension 'ignore'
[0.101s] Level 1:colcon.colcon_core.package_identification:_identify(install) ignored
[0.101s] Level 1:colcon.colcon_core.package_identification:_identify(log) by extensions ['ignore', 'ignore_ament_install']
[0.102s] Level 1:colcon.colcon_core.package_identification:_identify(log) by extension 'ignore'
[0.102s] Level 1:colcon.colcon_core.package_identification:_identify(log) ignored
[0.102s] Level 1:colcon.colcon_core.package_identification:_identify(photos) by extensions ['ignore', 'ignore_ament_install']
[0.102s] Level 1:colcon.colcon_core.package_identification:_identify(photos) by extension 'ignore'
[0.102s] Level 1:colcon.colcon_core.package_identification:_identify(photos) by extension 'ignore_ament_install'
[0.102s] Level 1:colcon.colcon_core.package_identification:_identify(photos) by extensions ['colcon_pkg']
[0.102s] Level 1:colcon.colcon_core.package_identification:_identify(photos) by extension 'colcon_pkg'
[0.102s] Level 1:colcon.colcon_core.package_identification:_identify(photos) by extensions ['colcon_meta']
[0.102s] Level 1:colcon.colcon_core.package_identification:_identify(photos) by extension 'colcon_meta'
[0.102s] Level 1:colcon.colcon_core.package_identification:_identify(photos) by extensions ['ros']
[0.102s] Level 1:colcon.colcon_core.package_identification:_identify(photos) by extension 'ros'
[0.102s] Level 1:colcon.colcon_core.package_identification:_identify(photos) by extensions ['cmake', 'python']
[0.102s] Level 1:colcon.colcon_core.package_identification:_identify(photos) by extension 'cmake'
[0.102s] Level 1:colcon.colcon_core.package_identification:_identify(photos) by extension 'python'
[0.102s] Level 1:colcon.colcon_core.package_identification:_identify(photos) by extensions ['python_setup_py']
[0.102s] Level 1:colcon.colcon_core.package_identification:_identify(photos) by extension 'python_setup_py'
[0.102s] Level 1:colcon.colcon_core.package_identification:_identify(scripts) by extensions ['ignore', 'ignore_ament_install']
[0.102s] Level 1:colcon.colcon_core.package_identification:_identify(scripts) by extension 'ignore'
[0.102s] Level 1:colcon.colcon_core.package_identification:_identify(scripts) by extension 'ignore_ament_install'
[0.102s] Level 1:colcon.colcon_core.package_identification:_identify(scripts) by extensions ['colcon_pkg']
[0.102s] Level 1:colcon.colcon_core.package_identification:_identify(scripts) by extension 'colcon_pkg'
[0.102s] Level 1:colcon.colcon_core.package_identification:_identify(scripts) by extensions ['colcon_meta']
[0.102s] Level 1:colcon.colcon_core.package_identification:_identify(scripts) by extension 'colcon_meta'
[0.102s] Level 1:colcon.colcon_core.package_identification:_identify(scripts) by extensions ['ros']
[0.102s] Level 1:colcon.colcon_core.package_identification:_identify(scripts) by extension 'ros'
[0.102s] Level 1:colcon.colcon_core.package_identification:_identify(scripts) by extensions ['cmake', 'python']
[0.102s] Level 1:colcon.colcon_core.package_identification:_identify(scripts) by extension 'cmake'
[0.102s] Level 1:colcon.colcon_core.package_identification:_identify(scripts) by extension 'python'
[0.102s] Level 1:colcon.colcon_core.package_identification:_identify(scripts) by extensions ['python_setup_py']
[0.102s] Level 1:colcon.colcon_core.package_identification:_identify(scripts) by extension 'python_setup_py'
[0.102s] Level 1:colcon.colcon_core.package_identification:_identify(workspaces) by extensions ['ignore', 'ignore_ament_install']
[0.102s] Level 1:colcon.colcon_core.package_identification:_identify(workspaces) by extension 'ignore'
[0.102s] Level 1:colcon.colcon_core.package_identification:_identify(workspaces) by extension 'ignore_ament_install'
[0.102s] Level 1:colcon.colcon_core.package_identification:_identify(workspaces) by extensions ['colcon_pkg']
[0.102s] Level 1:colcon.colcon_core.package_identification:_identify(workspaces) by extension 'colcon_pkg'
[0.102s] Level 1:colcon.colcon_core.package_identification:_identify(workspaces) by extensions ['colcon_meta']
[0.102s] Level 1:colcon.colcon_core.package_identification:_identify(workspaces) by extension 'colcon_meta'
[0.102s] Level 1:colcon.colcon_core.package_identification:_identify(workspaces) by extensions ['ros']
[0.102s] Level 1:colcon.colcon_core.package_identification:_identify(workspaces) by extension 'ros'
[0.102s] Level 1:colcon.colcon_core.package_identification:_identify(workspaces) by extensions ['cmake', 'python']
[0.102s] Level 1:colcon.colcon_core.package_identification:_identify(workspaces) by extension 'cmake'
[0.102s] Level 1:colcon.colcon_core.package_identification:_identify(workspaces) by extension 'python'
[0.102s] Level 1:colcon.colcon_core.package_identification:_identify(workspaces) by extensions ['python_setup_py']
[0.102s] Level 1:colcon.colcon_core.package_identification:_identify(workspaces) by extension 'python_setup_py'
[0.102s] Level 1:colcon.colcon_core.package_identification:_identify(workspaces/imu_ws) by extensions ['ignore', 'ignore_ament_install']
[0.102s] Level 1:colcon.colcon_core.package_identification:_identify(workspaces/imu_ws) by extension 'ignore'
[0.102s] Level 1:colcon.colcon_core.package_identification:_identify(workspaces/imu_ws) by extension 'ignore_ament_install'
[0.102s] Level 1:colcon.colcon_core.package_identification:_identify(workspaces/imu_ws) by extensions ['colcon_pkg']
[0.102s] Level 1:colcon.colcon_core.package_identification:_identify(workspaces/imu_ws) by extension 'colcon_pkg'
[0.102s] Level 1:colcon.colcon_core.package_identification:_identify(workspaces/imu_ws) by extensions ['colcon_meta']
[0.102s] Level 1:colcon.colcon_core.package_identification:_identify(workspaces/imu_ws) by extension 'colcon_meta'
[0.103s] Level 1:colcon.colcon_core.package_identification:_identify(workspaces/imu_ws) by extensions ['ros']
[0.103s] Level 1:colcon.colcon_core.package_identification:_identify(workspaces/imu_ws) by extension 'ros'
[0.103s] Level 1:colcon.colcon_core.package_identification:_identify(workspaces/imu_ws) by extensions ['cmake', 'python']
[0.103s] Level 1:colcon.colcon_core.package_identification:_identify(workspaces/imu_ws) by extension 'cmake'
[0.103s] Level 1:colcon.colcon_core.package_identification:_identify(workspaces/imu_ws) by extension 'python'
[0.103s] Level 1:colcon.colcon_core.package_identification:_identify(workspaces/imu_ws) by extensions ['python_setup_py']
[0.103s] Level 1:colcon.colcon_core.package_identification:_identify(workspaces/imu_ws) by extension 'python_setup_py'
[0.103s] Level 1:colcon.colcon_core.package_identification:_identify(workspaces/imu_ws/build) by extensions ['ignore', 'ignore_ament_install']
[0.103s] Level 1:colcon.colcon_core.package_identification:_identify(workspaces/imu_ws/build) by extension 'ignore'
[0.103s] Level 1:colcon.colcon_core.package_identification:_identify(workspaces/imu_ws/build) ignored
[0.103s] Level 1:colcon.colcon_core.package_identification:_identify(workspaces/imu_ws/install) by extensions ['ignore', 'ignore_ament_install']
[0.103s] Level 1:colcon.colcon_core.package_identification:_identify(workspaces/imu_ws/install) by extension 'ignore'
[0.103s] Level 1:colcon.colcon_core.package_identification:_identify(workspaces/imu_ws/install) ignored
[0.103s] Level 1:colcon.colcon_core.package_identification:_identify(workspaces/imu_ws/log) by extensions ['ignore', 'ignore_ament_install']
[0.103s] Level 1:colcon.colcon_core.package_identification:_identify(workspaces/imu_ws/log) by extension 'ignore'
[0.103s] Level 1:colcon.colcon_core.package_identification:_identify(workspaces/imu_ws/log) ignored
[0.103s] Level 1:colcon.colcon_core.package_identification:_identify(workspaces/imu_ws/src) by extensions ['ignore', 'ignore_ament_install']
[0.103s] Level 1:colcon.colcon_core.package_identification:_identify(workspaces/imu_ws/src) by extension 'ignore'
[0.103s] Level 1:colcon.colcon_core.package_identification:_identify(workspaces/imu_ws/src) by extension 'ignore_ament_install'
[0.103s] Level 1:colcon.colcon_core.package_identification:_identify(workspaces/imu_ws/src) by extensions ['colcon_pkg']
[0.103s] Level 1:colcon.colcon_core.package_identification:_identify(workspaces/imu_ws/src) by extension 'colcon_pkg'
[0.103s] Level 1:colcon.colcon_core.package_identification:_identify(workspaces/imu_ws/src) by extensions ['colcon_meta']
[0.103s] Level 1:colcon.colcon_core.package_identification:_identify(workspaces/imu_ws/src) by extension 'colcon_meta'
[0.103s] Level 1:colcon.colcon_core.package_identification:_identify(workspaces/imu_ws/src) by extensions ['ros']
[0.103s] Level 1:colcon.colcon_core.package_identification:_identify(workspaces/imu_ws/src) by extension 'ros'
[0.103s] Level 1:colcon.colcon_core.package_identification:_identify(workspaces/imu_ws/src) by extensions ['cmake', 'python']
[0.103s] Level 1:colcon.colcon_core.package_identification:_identify(workspaces/imu_ws/src) by extension 'cmake'
[0.103s] Level 1:colcon.colcon_core.package_identification:_identify(workspaces/imu_ws/src) by extension 'python'
[0.103s] Level 1:colcon.colcon_core.package_identification:_identify(workspaces/imu_ws/src) by extensions ['python_setup_py']
[0.103s] Level 1:colcon.colcon_core.package_identification:_identify(workspaces/imu_ws/src) by extension 'python_setup_py'
[0.103s] Level 1:colcon.colcon_core.package_identification:_identify(workspaces/imu_ws/src/handsfree_imu_ros2) by extensions ['ignore', 'ignore_ament_install']
[0.103s] Level 1:colcon.colcon_core.package_identification:_identify(workspaces/imu_ws/src/handsfree_imu_ros2) by extension 'ignore'
[0.103s] Level 1:colcon.colcon_core.package_identification:_identify(workspaces/imu_ws/src/handsfree_imu_ros2) by extension 'ignore_ament_install'
[0.103s] Level 1:colcon.colcon_core.package_identification:_identify(workspaces/imu_ws/src/handsfree_imu_ros2) by extensions ['colcon_pkg']
[0.103s] Level 1:colcon.colcon_core.package_identification:_identify(workspaces/imu_ws/src/handsfree_imu_ros2) by extension 'colcon_pkg'
[0.103s] Level 1:colcon.colcon_core.package_identification:_identify(workspaces/imu_ws/src/handsfree_imu_ros2) by extensions ['colcon_meta']
[0.103s] Level 1:colcon.colcon_core.package_identification:_identify(workspaces/imu_ws/src/handsfree_imu_ros2) by extension 'colcon_meta'
[0.103s] Level 1:colcon.colcon_core.package_identification:_identify(workspaces/imu_ws/src/handsfree_imu_ros2) by extensions ['ros']
[0.103s] Level 1:colcon.colcon_core.package_identification:_identify(workspaces/imu_ws/src/handsfree_imu_ros2) by extension 'ros'
[0.105s] DEBUG:colcon.colcon_core.package_identification:Package 'workspaces/imu_ws/src/handsfree_imu_ros2' with type 'ros.ament_python' and name 'handsfree_imu_ros2'
[0.105s] Level 1:colcon.colcon_core.package_identification:_identify(workspaces/imu_ws/src/wildbot_control) by extensions ['ignore', 'ignore_ament_install']
[0.105s] Level 1:colcon.colcon_core.package_identification:_identify(workspaces/imu_ws/src/wildbot_control) by extension 'ignore'
[0.105s] Level 1:colcon.colcon_core.package_identification:_identify(workspaces/imu_ws/src/wildbot_control) by extension 'ignore_ament_install'
[0.105s] Level 1:colcon.colcon_core.package_identification:_identify(workspaces/imu_ws/src/wildbot_control) by extensions ['colcon_pkg']
[0.105s] Level 1:colcon.colcon_core.package_identification:_identify(workspaces/imu_ws/src/wildbot_control) by extension 'colcon_pkg'
[0.105s] Level 1:colcon.colcon_core.package_identification:_identify(workspaces/imu_ws/src/wildbot_control) by extensions ['colcon_meta']
[0.105s] Level 1:colcon.colcon_core.package_identification:_identify(workspaces/imu_ws/src/wildbot_control) by extension 'colcon_meta'
[0.105s] Level 1:colcon.colcon_core.package_identification:_identify(workspaces/imu_ws/src/wildbot_control) by extensions ['ros']
[0.105s] Level 1:colcon.colcon_core.package_identification:_identify(workspaces/imu_ws/src/wildbot_control) by extension 'ros'
[0.105s] DEBUG:colcon.colcon_core.package_identification:Package 'workspaces/imu_ws/src/wildbot_control' with type 'ros.ament_python' and name 'wildbot_control'
[0.105s] Level 1:colcon.colcon_core.package_identification:_identify(workspaces/src) by extensions ['ignore', 'ignore_ament_install']
[0.105s] Level 1:colcon.colcon_core.package_identification:_identify(workspaces/src) by extension 'ignore'
[0.105s] Level 1:colcon.colcon_core.package_identification:_identify(workspaces/src) by extension 'ignore_ament_install'
[0.106s] Level 1:colcon.colcon_core.package_identification:_identify(workspaces/src) by extensions ['colcon_pkg']
[0.106s] Level 1:colcon.colcon_core.package_identification:_identify(workspaces/src) by extension 'colcon_pkg'
[0.106s] Level 1:colcon.colcon_core.package_identification:_identify(workspaces/src) by extensions ['colcon_meta']
[0.106s] Level 1:colcon.colcon_core.package_identification:_identify(workspaces/src) by extension 'colcon_meta'
[0.106s] Level 1:colcon.colcon_core.package_identification:_identify(workspaces/src) by extensions ['ros']
[0.106s] Level 1:colcon.colcon_core.package_identification:_identify(workspaces/src) by extension 'ros'
[0.106s] Level 1:colcon.colcon_core.package_identification:_identify(workspaces/src) by extensions ['cmake', 'python']
[0.106s] Level 1:colcon.colcon_core.package_identification:_identify(workspaces/src) by extension 'cmake'
[0.106s] Level 1:colcon.colcon_core.package_identification:_identify(workspaces/src) by extension 'python'
[0.106s] Level 1:colcon.colcon_core.package_identification:_identify(workspaces/src) by extensions ['python_setup_py']
[0.106s] Level 1:colcon.colcon_core.package_identification:_identify(workspaces/src) by extension 'python_setup_py'
[0.106s] Level 1:colcon.colcon_core.package_identification:_identify(workspaces/src/arm_ik) by extensions ['ignore', 'ignore_ament_install']
[0.106s] Level 1:colcon.colcon_core.package_identification:_identify(workspaces/src/arm_ik) by extension 'ignore'
[0.106s] Level 1:colcon.colcon_core.package_identification:_identify(workspaces/src/arm_ik) by extension 'ignore_ament_install'
[0.106s] Level 1:colcon.colcon_core.package_identification:_identify(workspaces/src/arm_ik) by extensions ['colcon_pkg']
[0.106s] Level 1:colcon.colcon_core.package_identification:_identify(workspaces/src/arm_ik) by extension 'colcon_pkg'
[0.106s] Level 1:colcon.colcon_core.package_identification:_identify(workspaces/src/arm_ik) by extensions ['colcon_meta']
[0.106s] Level 1:colcon.colcon_core.package_identification:_identify(workspaces/src/arm_ik) by extension 'colcon_meta'
[0.106s] Level 1:colcon.colcon_core.package_identification:_identify(workspaces/src/arm_ik) by extensions ['ros']
[0.106s] Level 1:colcon.colcon_core.package_identification:_identify(workspaces/src/arm_ik) by extension 'ros'
[0.106s] DEBUG:colcon.colcon_core.package_identification:Package 'workspaces/src/arm_ik' with type 'ros.ament_python' and name 'arm_ik'
[0.106s] Level 1:colcon.colcon_core.package_identification:_identify(workspaces/src/wildbot_localization) by extensions ['ignore', 'ignore_ament_install']
[0.106s] Level 1:colcon.colcon_core.package_identification:_identify(workspaces/src/wildbot_localization) by extension 'ignore'
[0.106s] Level 1:colcon.colcon_core.package_identification:_identify(workspaces/src/wildbot_localization) by extension 'ignore_ament_install'
[0.106s] Level 1:colcon.colcon_core.package_identification:_identify(workspaces/src/wildbot_localization) by extensions ['colcon_pkg']
[0.106s] Level 1:colcon.colcon_core.package_identification:_identify(workspaces/src/wildbot_localization) by extension 'colcon_pkg'
[0.106s] Level 1:colcon.colcon_core.package_identification:_identify(workspaces/src/wildbot_localization) by extensions ['colcon_meta']
[0.106s] Level 1:colcon.colcon_core.package_identification:_identify(workspaces/src/wildbot_localization) by extension 'colcon_meta'
[0.106s] Level 1:colcon.colcon_core.package_identification:_identify(workspaces/src/wildbot_localization) by extensions ['ros']
[0.106s] Level 1:colcon.colcon_core.package_identification:_identify(workspaces/src/wildbot_localization) by extension 'ros'
[0.106s] DEBUG:colcon.colcon_core.package_identification:Package 'workspaces/src/wildbot_localization' with type 'ros.ament_cmake' and name 'wildbot_localization'
[0.106s] Level 1:colcon.colcon_core.package_identification:_identify(workspaces/src/wildbot_slam) by extensions ['ignore', 'ignore_ament_install']
[0.106s] Level 1:colcon.colcon_core.package_identification:_identify(workspaces/src/wildbot_slam) by extension 'ignore'
[0.106s] Level 1:colcon.colcon_core.package_identification:_identify(workspaces/src/wildbot_slam) by extension 'ignore_ament_install'
[0.106s] Level 1:colcon.colcon_core.package_identification:_identify(workspaces/src/wildbot_slam) by extensions ['colcon_pkg']
[0.106s] Level 1:colcon.colcon_core.package_identification:_identify(workspaces/src/wildbot_slam) by extension 'colcon_pkg'
[0.107s] Level 1:colcon.colcon_core.package_identification:_identify(workspaces/src/wildbot_slam) by extensions ['colcon_meta']
[0.107s] Level 1:colcon.colcon_core.package_identification:_identify(workspaces/src/wildbot_slam) by extension 'colcon_meta'
[0.107s] Level 1:colcon.colcon_core.package_identification:_identify(workspaces/src/wildbot_slam) by extensions ['ros']
[0.107s] Level 1:colcon.colcon_core.package_identification:_identify(workspaces/src/wildbot_slam) by extension 'ros'
[0.107s] DEBUG:colcon.colcon_core.package_identification:Package 'workspaces/src/wildbot_slam' with type 'ros.ament_cmake' and name 'wildbot_slam'
[0.107s] Level 1:colcon.colcon_core.package_identification:_identify(workspaces/src/ydlidar_ros2_driver) by extensions ['ignore', 'ignore_ament_install']
[0.107s] Level 1:colcon.colcon_core.package_identification:_identify(workspaces/src/ydlidar_ros2_driver) by extension 'ignore'
[0.107s] Level 1:colcon.colcon_core.package_identification:_identify(workspaces/src/ydlidar_ros2_driver) by extension 'ignore_ament_install'
[0.107s] Level 1:colcon.colcon_core.package_identification:_identify(workspaces/src/ydlidar_ros2_driver) by extensions ['colcon_pkg']
[0.107s] Level 1:colcon.colcon_core.package_identification:_identify(workspaces/src/ydlidar_ros2_driver) by extension 'colcon_pkg'
[0.107s] Level 1:colcon.colcon_core.package_identification:_identify(workspaces/src/ydlidar_ros2_driver) by extensions ['colcon_meta']
[0.107s] Level 1:colcon.colcon_core.package_identification:_identify(workspaces/src/ydlidar_ros2_driver) by extension 'colcon_meta'
[0.107s] Level 1:colcon.colcon_core.package_identification:_identify(workspaces/src/ydlidar_ros2_driver) by extensions ['ros']
[0.107s] Level 1:colcon.colcon_core.package_identification:_identify(workspaces/src/ydlidar_ros2_driver) by extension 'ros'
[0.107s] DEBUG:colcon.colcon_core.package_identification:Package 'workspaces/src/ydlidar_ros2_driver' with type 'ros.ament_cmake' and name 'ydlidar_ros2_driver'
[0.107s] Level 1:colcon.colcon_core.package_identification:_identify(workspaces/src/yolo_ros-main) by extensions ['ignore', 'ignore_ament_install']
[0.107s] Level 1:colcon.colcon_core.package_identification:_identify(workspaces/src/yolo_ros-main) by extension 'ignore'
[0.107s] Level 1:colcon.colcon_core.package_identification:_identify(workspaces/src/yolo_ros-main) by extension 'ignore_ament_install'
[0.107s] Level 1:colcon.colcon_core.package_identification:_identify(workspaces/src/yolo_ros-main) by extensions ['colcon_pkg']
[0.107s] Level 1:colcon.colcon_core.package_identification:_identify(workspaces/src/yolo_ros-main) by extension 'colcon_pkg'
[0.107s] Level 1:colcon.colcon_core.package_identification:_identify(workspaces/src/yolo_ros-main) by extensions ['colcon_meta']
[0.107s] Level 1:colcon.colcon_core.package_identification:_identify(workspaces/src/yolo_ros-main) by extension 'colcon_meta'
[0.107s] Level 1:colcon.colcon_core.package_identification:_identify(workspaces/src/yolo_ros-main) by extensions ['ros']
[0.107s] Level 1:colcon.colcon_core.package_identification:_identify(workspaces/src/yolo_ros-main) by extension 'ros'
[0.107s] Level 1:colcon.colcon_core.package_identification:_identify(workspaces/src/yolo_ros-main) by extensions ['cmake', 'python']
[0.107s] Level 1:colcon.colcon_core.package_identification:_identify(workspaces/src/yolo_ros-main) by extension 'cmake'
[0.107s] Level 1:colcon.colcon_core.package_identification:_identify(workspaces/src/yolo_ros-main) by extension 'python'
[0.107s] Level 1:colcon.colcon_core.package_identification:_identify(workspaces/src/yolo_ros-main) by extensions ['python_setup_py']
[0.107s] Level 1:colcon.colcon_core.package_identification:_identify(workspaces/src/yolo_ros-main) by extension 'python_setup_py'
[0.107s] Level 1:colcon.colcon_core.package_identification:_identify(workspaces/src/yolo_ros-main/docs) by extensions ['ignore', 'ignore_ament_install']
[0.107s] Level 1:colcon.colcon_core.package_identification:_identify(workspaces/src/yolo_ros-main/docs) by extension 'ignore'
[0.107s] Level 1:colcon.colcon_core.package_identification:_identify(workspaces/src/yolo_ros-main/docs) by extension 'ignore_ament_install'
[0.107s] Level 1:colcon.colcon_core.package_identification:_identify(workspaces/src/yolo_ros-main/docs) by extensions ['colcon_pkg']
[0.107s] Level 1:colcon.colcon_core.package_identification:_identify(workspaces/src/yolo_ros-main/docs) by extension 'colcon_pkg'
[0.107s] Level 1:colcon.colcon_core.package_identification:_identify(workspaces/src/yolo_ros-main/docs) by extensions ['colcon_meta']
[0.107s] Level 1:colcon.colcon_core.package_identification:_identify(workspaces/src/yolo_ros-main/docs) by extension 'colcon_meta'
[0.107s] Level 1:colcon.colcon_core.package_identification:_identify(workspaces/src/yolo_ros-main/docs) by extensions ['ros']
[0.107s] Level 1:colcon.colcon_core.package_identification:_identify(workspaces/src/yolo_ros-main/docs) by extension 'ros'
[0.108s] Level 1:colcon.colcon_core.package_identification:_identify(workspaces/src/yolo_ros-main/docs) by extensions ['cmake', 'python']
[0.108s] Level 1:colcon.colcon_core.package_identification:_identify(workspaces/src/yolo_ros-main/docs) by extension 'cmake'
[0.108s] Level 1:colcon.colcon_core.package_identification:_identify(workspaces/src/yolo_ros-main/docs) by extension 'python'
[0.108s] Level 1:colcon.colcon_core.package_identification:_identify(workspaces/src/yolo_ros-main/docs) by extensions ['python_setup_py']
[0.108s] Level 1:colcon.colcon_core.package_identification:_identify(workspaces/src/yolo_ros-main/docs) by extension 'python_setup_py'
[0.108s] Level 1:colcon.colcon_core.package_identification:_identify(workspaces/src/yolo_ros-main/model) by extensions ['ignore', 'ignore_ament_install']
[0.108s] Level 1:colcon.colcon_core.package_identification:_identify(workspaces/src/yolo_ros-main/model) by extension 'ignore'
[0.108s] Level 1:colcon.colcon_core.package_identification:_identify(workspaces/src/yolo_ros-main/model) by extension 'ignore_ament_install'
[0.108s] Level 1:colcon.colcon_core.package_identification:_identify(workspaces/src/yolo_ros-main/model) by extensions ['colcon_pkg']
[0.108s] Level 1:colcon.colcon_core.package_identification:_identify(workspaces/src/yolo_ros-main/model) by extension 'colcon_pkg'
[0.108s] Level 1:colcon.colcon_core.package_identification:_identify(workspaces/src/yolo_ros-main/model) by extensions ['colcon_meta']
[0.108s] Level 1:colcon.colcon_core.package_identification:_identify(workspaces/src/yolo_ros-main/model) by extension 'colcon_meta'
[0.108s] Level 1:colcon.colcon_core.package_identification:_identify(workspaces/src/yolo_ros-main/model) by extensions ['ros']
[0.108s] Level 1:colcon.colcon_core.package_identification:_identify(workspaces/src/yolo_ros-main/model) by extension 'ros'
[0.108s] Level 1:colcon.colcon_core.package_identification:_identify(workspaces/src/yolo_ros-main/model) by extensions ['cmake', 'python']
[0.108s] Level 1:colcon.colcon_core.package_identification:_identify(workspaces/src/yolo_ros-main/model) by extension 'cmake'
[0.108s] Level 1:colcon.colcon_core.package_identification:_identify(workspaces/src/yolo_ros-main/model) by extension 'python'
[0.108s] Level 1:colcon.colcon_core.package_identification:_identify(workspaces/src/yolo_ros-main/model) by extensions ['python_setup_py']
[0.108s] Level 1:colcon.colcon_core.package_identification:_identify(workspaces/src/yolo_ros-main/model) by extension 'python_setup_py'
[0.108s] Level 1:colcon.colcon_core.package_identification:_identify(workspaces/src/yolo_ros-main/yolo_bringup) by extensions ['ignore', 'ignore_ament_install']
[0.108s] Level 1:colcon.colcon_core.package_identification:_identify(workspaces/src/yolo_ros-main/yolo_bringup) by extension 'ignore'
[0.108s] Level 1:colcon.colcon_core.package_identification:_identify(workspaces/src/yolo_ros-main/yolo_bringup) by extension 'ignore_ament_install'
[0.108s] Level 1:colcon.colcon_core.package_identification:_identify(workspaces/src/yolo_ros-main/yolo_bringup) by extensions ['colcon_pkg']
[0.108s] Level 1:colcon.colcon_core.package_identification:_identify(workspaces/src/yolo_ros-main/yolo_bringup) by extension 'colcon_pkg'
[0.108s] Level 1:colcon.colcon_core.package_identification:_identify(workspaces/src/yolo_ros-main/yolo_bringup) by extensions ['colcon_meta']
[0.108s] Level 1:colcon.colcon_core.package_identification:_identify(workspaces/src/yolo_ros-main/yolo_bringup) by extension 'colcon_meta'
[0.108s] Level 1:colcon.colcon_core.package_identification:_identify(workspaces/src/yolo_ros-main/yolo_bringup) by extensions ['ros']
[0.108s] Level 1:colcon.colcon_core.package_identification:_identify(workspaces/src/yolo_ros-main/yolo_bringup) by extension 'ros'
[0.108s] DEBUG:colcon.colcon_core.package_identification:Package 'workspaces/src/yolo_ros-main/yolo_bringup' with type 'ros.ament_cmake' and name 'yolo_bringup'
[0.108s] Level 1:colcon.colcon_core.package_identification:_identify(workspaces/src/yolo_ros-main/yolo_msgs) by extensions ['ignore', 'ignore_ament_install']
[0.108s] Level 1:colcon.colcon_core.package_identification:_identify(workspaces/src/yolo_ros-main/yolo_msgs) by extension 'ignore'
[0.108s] Level 1:colcon.colcon_core.package_identification:_identify(workspaces/src/yolo_ros-main/yolo_msgs) by extension 'ignore_ament_install'
[0.108s] Level 1:colcon.colcon_core.package_identification:_identify(workspaces/src/yolo_ros-main/yolo_msgs) by extensions ['colcon_pkg']
[0.108s] Level 1:colcon.colcon_core.package_identification:_identify(workspaces/src/yolo_ros-main/yolo_msgs) by extension 'colcon_pkg'
[0.108s] Level 1:colcon.colcon_core.package_identification:_identify(workspaces/src/yolo_ros-main/yolo_msgs) by extensions ['colcon_meta']
[0.108s] Level 1:colcon.colcon_core.package_identification:_identify(workspaces/src/yolo_ros-main/yolo_msgs) by extension 'colcon_meta'
[0.108s] Level 1:colcon.colcon_core.package_identification:_identify(workspaces/src/yolo_ros-main/yolo_msgs) by extensions ['ros']
[0.108s] Level 1:colcon.colcon_core.package_identification:_identify(workspaces/src/yolo_ros-main/yolo_msgs) by extension 'ros'
[0.109s] DEBUG:colcon.colcon_core.package_identification:Package 'workspaces/src/yolo_ros-main/yolo_msgs' with type 'ros.ament_cmake' and name 'yolo_msgs'
[0.109s] Level 1:colcon.colcon_core.package_identification:_identify(workspaces/src/yolo_ros-main/yolo_ros) by extensions ['ignore', 'ignore_ament_install']
[0.109s] Level 1:colcon.colcon_core.package_identification:_identify(workspaces/src/yolo_ros-main/yolo_ros) by extension 'ignore'
[0.109s] Level 1:colcon.colcon_core.package_identification:_identify(workspaces/src/yolo_ros-main/yolo_ros) by extension 'ignore_ament_install'
[0.109s] Level 1:colcon.colcon_core.package_identification:_identify(workspaces/src/yolo_ros-main/yolo_ros) by extensions ['colcon_pkg']
[0.109s] Level 1:colcon.colcon_core.package_identification:_identify(workspaces/src/yolo_ros-main/yolo_ros) by extension 'colcon_pkg'
[0.109s] Level 1:colcon.colcon_core.package_identification:_identify(workspaces/src/yolo_ros-main/yolo_ros) by extensions ['colcon_meta']
[0.109s] Level 1:colcon.colcon_core.package_identification:_identify(workspaces/src/yolo_ros-main/yolo_ros) by extension 'colcon_meta'
[0.109s] Level 1:colcon.colcon_core.package_identification:_identify(workspaces/src/yolo_ros-main/yolo_ros) by extensions ['ros']
[0.109s] Level 1:colcon.colcon_core.package_identification:_identify(workspaces/src/yolo_ros-main/yolo_ros) by extension 'ros'
[0.109s] DEBUG:colcon.colcon_core.package_identification:Package 'workspaces/src/yolo_ros-main/yolo_ros' with type 'ros.ament_python' and name 'yolo_ros'
[0.109s] Level 1:colcon.colcon_core.package_discovery:discover_packages(recursive) using defaults
[0.109s] Level 1:colcon.colcon_core.package_discovery:discover_packages(ignore) discover
[0.109s] Level 1:colcon.colcon_core.package_discovery:discover_packages(ignore) using defaults
[0.109s] Level 1:colcon.colcon_core.package_discovery:discover_packages(path) discover
[0.109s] Level 1:colcon.colcon_core.package_discovery:discover_packages(path) using defaults
[0.121s] Level 5:colcon.colcon_core.verb:set package 'arm_ik' build argument 'cmake_args' from command line to 'None'
[0.121s] Level 5:colcon.colcon_core.verb:set package 'arm_ik' build argument 'cmake_target' from command line to 'None'
[0.121s] Level 5:colcon.colcon_core.verb:set package 'arm_ik' build argument 'cmake_target_skip_unavailable' from command line to 'False'
[0.121s] Level 5:colcon.colcon_core.verb:set package 'arm_ik' build argument 'cmake_clean_cache' from command line to 'False'
[0.121s] Level 5:colcon.colcon_core.verb:set package 'arm_ik' build argument 'cmake_clean_first' from command line to 'False'
[0.121s] Level 5:colcon.colcon_core.verb:set package 'arm_ik' build argument 'cmake_force_configure' from command line to 'False'
[0.121s] Level 5:colcon.colcon_core.verb:set package 'arm_ik' build argument 'ament_cmake_args' from command line to 'None'
[0.121s] Level 5:colcon.colcon_core.verb:set package 'arm_ik' build argument 'catkin_cmake_args' from command line to 'None'
[0.121s] Level 5:colcon.colcon_core.verb:set package 'arm_ik' build argument 'catkin_skip_building_tests' from command line to 'False'
[0.121s] DEBUG:colcon.colcon_core.verb:Building package 'arm_ik' with the following arguments: {'ament_cmake_args': None, 'build_base': '/workspaces/build/arm_ik', 'catkin_cmake_args': None, 'catkin_skip_building_tests': False, 'cmake_args': None, 'cmake_clean_cache': False, 'cmake_clean_first': False, 'cmake_force_configure': False, 'cmake_target': None, 'cmake_target_skip_unavailable': False, 'install_base': '/workspaces/install/arm_ik', 'merge_install': False, 'path': '/workspaces/workspaces/src/arm_ik', 'symlink_install': True, 'test_result_base': None}
[0.121s] Level 5:colcon.colcon_core.verb:set package 'handsfree_imu_ros2' build argument 'cmake_args' from command line to 'None'
[0.121s] Level 5:colcon.colcon_core.verb:set package 'handsfree_imu_ros2' build argument 'cmake_target' from command line to 'None'
[0.121s] Level 5:colcon.colcon_core.verb:set package 'handsfree_imu_ros2' build argument 'cmake_target_skip_unavailable' from command line to 'False'
[0.121s] Level 5:colcon.colcon_core.verb:set package 'handsfree_imu_ros2' build argument 'cmake_clean_cache' from command line to 'False'
[0.121s] Level 5:colcon.colcon_core.verb:set package 'handsfree_imu_ros2' build argument 'cmake_clean_first' from command line to 'False'
[0.121s] Level 5:colcon.colcon_core.verb:set package 'handsfree_imu_ros2' build argument 'cmake_force_configure' from command line to 'False'
[0.121s] Level 5:colcon.colcon_core.verb:set package 'handsfree_imu_ros2' build argument 'ament_cmake_args' from command line to 'None'
[0.121s] Level 5:colcon.colcon_core.verb:set package 'handsfree_imu_ros2' build argument 'catkin_cmake_args' from command line to 'None'
[0.121s] Level 5:colcon.colcon_core.verb:set package 'handsfree_imu_ros2' build argument 'catkin_skip_building_tests' from command line to 'False'
[0.121s] DEBUG:colcon.colcon_core.verb:Building package 'handsfree_imu_ros2' with the following arguments: {'ament_cmake_args': None, 'build_base': '/workspaces/build/handsfree_imu_ros2', 'catkin_cmake_args': None, 'catkin_skip_building_tests': False, 'cmake_args': None, 'cmake_clean_cache': False, 'cmake_clean_first': False, 'cmake_force_configure': False, 'cmake_target': None, 'cmake_target_skip_unavailable': False, 'install_base': '/workspaces/install/handsfree_imu_ros2', 'merge_install': False, 'path': '/workspaces/workspaces/imu_ws/src/handsfree_imu_ros2', 'symlink_install': True, 'test_result_base': None}
[0.122s] Level 5:colcon.colcon_core.verb:set package 'wildbot_control' build argument 'cmake_args' from command line to 'None'
[0.122s] Level 5:colcon.colcon_core.verb:set package 'wildbot_control' build argument 'cmake_target' from command line to 'None'
[0.122s] Level 5:colcon.colcon_core.verb:set package 'wildbot_control' build argument 'cmake_target_skip_unavailable' from command line to 'False'
[0.122s] Level 5:colcon.colcon_core.verb:set package 'wildbot_control' build argument 'cmake_clean_cache' from command line to 'False'
[0.122s] Level 5:colcon.colcon_core.verb:set package 'wildbot_control' build argument 'cmake_clean_first' from command line to 'False'
[0.122s] Level 5:colcon.colcon_core.verb:set package 'wildbot_control' build argument 'cmake_force_configure' from command line to 'False'
[0.122s] Level 5:colcon.colcon_core.verb:set package 'wildbot_control' build argument 'ament_cmake_args' from command line to 'None'
[0.122s] Level 5:colcon.colcon_core.verb:set package 'wildbot_control' build argument 'catkin_cmake_args' from command line to 'None'
[0.122s] Level 5:colcon.colcon_core.verb:set package 'wildbot_control' build argument 'catkin_skip_building_tests' from command line to 'False'
[0.122s] DEBUG:colcon.colcon_core.verb:Building package 'wildbot_control' with the following arguments: {'ament_cmake_args': None, 'build_base': '/workspaces/build/wildbot_control', 'catkin_cmake_args': None, 'catkin_skip_building_tests': False, 'cmake_args': None, 'cmake_clean_cache': False, 'cmake_clean_first': False, 'cmake_force_configure': False, 'cmake_target': None, 'cmake_target_skip_unavailable': False, 'install_base': '/workspaces/install/wildbot_control', 'merge_install': False, 'path': '/workspaces/workspaces/imu_ws/src/wildbot_control', 'symlink_install': True, 'test_result_base': None}
[0.122s] Level 5:colcon.colcon_core.verb:set package 'wildbot_localization' build argument 'cmake_args' from command line to 'None'
[0.122s] Level 5:colcon.colcon_core.verb:set package 'wildbot_localization' build argument 'cmake_target' from command line to 'None'
[0.122s] Level 5:colcon.colcon_core.verb:set package 'wildbot_localization' build argument 'cmake_target_skip_unavailable' from command line to 'False'
[0.122s] Level 5:colcon.colcon_core.verb:set package 'wildbot_localization' build argument 'cmake_clean_cache' from command line to 'False'
[0.122s] Level 5:colcon.colcon_core.verb:set package 'wildbot_localization' build argument 'cmake_clean_first' from command line to 'False'
[0.122s] Level 5:colcon.colcon_core.verb:set package 'wildbot_localization' build argument 'cmake_force_configure' from command line to 'False'
[0.122s] Level 5:colcon.colcon_core.verb:set package 'wildbot_localization' build argument 'ament_cmake_args' from command line to 'None'
[0.122s] Level 5:colcon.colcon_core.verb:set package 'wildbot_localization' build argument 'catkin_cmake_args' from command line to 'None'
[0.122s] Level 5:colcon.colcon_core.verb:set package 'wildbot_localization' build argument 'catkin_skip_building_tests' from command line to 'False'
[0.122s] DEBUG:colcon.colcon_core.verb:Building package 'wildbot_localization' with the following arguments: {'ament_cmake_args': None, 'build_base': '/workspaces/build/wildbot_localization', 'catkin_cmake_args': None, 'catkin_skip_building_tests': False, 'cmake_args': None, 'cmake_clean_cache': False, 'cmake_clean_first': False, 'cmake_force_configure': False, 'cmake_target': None, 'cmake_target_skip_unavailable': False, 'install_base': '/workspaces/install/wildbot_localization', 'merge_install': False, 'path': '/workspaces/workspaces/src/wildbot_localization', 'symlink_install': True, 'test_result_base': None}
[0.122s] Level 5:colcon.colcon_core.verb:set package 'wildbot_slam' build argument 'cmake_args' from command line to 'None'
[0.122s] Level 5:colcon.colcon_core.verb:set package 'wildbot_slam' build argument 'cmake_target' from command line to 'None'
[0.122s] Level 5:colcon.colcon_core.verb:set package 'wildbot_slam' build argument 'cmake_target_skip_unavailable' from command line to 'False'
[0.122s] Level 5:colcon.colcon_core.verb:set package 'wildbot_slam' build argument 'cmake_clean_cache' from command line to 'False'
[0.122s] Level 5:colcon.colcon_core.verb:set package 'wildbot_slam' build argument 'cmake_clean_first' from command line to 'False'
[0.122s] Level 5:colcon.colcon_core.verb:set package 'wildbot_slam' build argument 'cmake_force_configure' from command line to 'False'
[0.122s] Level 5:colcon.colcon_core.verb:set package 'wildbot_slam' build argument 'ament_cmake_args' from command line to 'None'
[0.122s] Level 5:colcon.colcon_core.verb:set package 'wildbot_slam' build argument 'catkin_cmake_args' from command line to 'None'
[0.122s] Level 5:colcon.colcon_core.verb:set package 'wildbot_slam' build argument 'catkin_skip_building_tests' from command line to 'False'
[0.122s] DEBUG:colcon.colcon_core.verb:Building package 'wildbot_slam' with the following arguments: {'ament_cmake_args': None, 'build_base': '/workspaces/build/wildbot_slam', 'catkin_cmake_args': None, 'catkin_skip_building_tests': False, 'cmake_args': None, 'cmake_clean_cache': False, 'cmake_clean_first': False, 'cmake_force_configure': False, 'cmake_target': None, 'cmake_target_skip_unavailable': False, 'install_base': '/workspaces/install/wildbot_slam', 'merge_install': False, 'path': '/workspaces/workspaces/src/wildbot_slam', 'symlink_install': True, 'test_result_base': None}
[0.122s] Level 5:colcon.colcon_core.verb:set package 'ydlidar_ros2_driver' build argument 'cmake_args' from command line to 'None'
[0.122s] Level 5:colcon.colcon_core.verb:set package 'ydlidar_ros2_driver' build argument 'cmake_target' from command line to 'None'
[0.122s] Level 5:colcon.colcon_core.verb:set package 'ydlidar_ros2_driver' build argument 'cmake_target_skip_unavailable' from command line to 'False'
[0.122s] Level 5:colcon.colcon_core.verb:set package 'ydlidar_ros2_driver' build argument 'cmake_clean_cache' from command line to 'False'
[0.122s] Level 5:colcon.colcon_core.verb:set package 'ydlidar_ros2_driver' build argument 'cmake_clean_first' from command line to 'False'
[0.122s] Level 5:colcon.colcon_core.verb:set package 'ydlidar_ros2_driver' build argument 'cmake_force_configure' from command line to 'False'
[0.122s] Level 5:colcon.colcon_core.verb:set package 'ydlidar_ros2_driver' build argument 'ament_cmake_args' from command line to 'None'
[0.122s] Level 5:colcon.colcon_core.verb:set package 'ydlidar_ros2_driver' build argument 'catkin_cmake_args' from command line to 'None'
[0.122s] Level 5:colcon.colcon_core.verb:set package 'ydlidar_ros2_driver' build argument 'catkin_skip_building_tests' from command line to 'False'
[0.122s] DEBUG:colcon.colcon_core.verb:Building package 'ydlidar_ros2_driver' with the following arguments: {'ament_cmake_args': None, 'build_base': '/workspaces/build/ydlidar_ros2_driver', 'catkin_cmake_args': None, 'catkin_skip_building_tests': False, 'cmake_args': None, 'cmake_clean_cache': False, 'cmake_clean_first': False, 'cmake_force_configure': False, 'cmake_target': None, 'cmake_target_skip_unavailable': False, 'install_base': '/workspaces/install/ydlidar_ros2_driver', 'merge_install': False, 'path': '/workspaces/workspaces/src/ydlidar_ros2_driver', 'symlink_install': True, 'test_result_base': None}
[0.122s] Level 5:colcon.colcon_core.verb:set package 'yolo_msgs' build argument 'cmake_args' from command line to 'None'
[0.122s] Level 5:colcon.colcon_core.verb:set package 'yolo_msgs' build argument 'cmake_target' from command line to 'None'
[0.122s] Level 5:colcon.colcon_core.verb:set package 'yolo_msgs' build argument 'cmake_target_skip_unavailable' from command line to 'False'
[0.122s] Level 5:colcon.colcon_core.verb:set package 'yolo_msgs' build argument 'cmake_clean_cache' from command line to 'False'
[0.122s] Level 5:colcon.colcon_core.verb:set package 'yolo_msgs' build argument 'cmake_clean_first' from command line to 'False'
[0.122s] Level 5:colcon.colcon_core.verb:set package 'yolo_msgs' build argument 'cmake_force_configure' from command line to 'False'
[0.122s] Level 5:colcon.colcon_core.verb:set package 'yolo_msgs' build argument 'ament_cmake_args' from command line to 'None'
[0.122s] Level 5:colcon.colcon_core.verb:set package 'yolo_msgs' build argument 'catkin_cmake_args' from command line to 'None'
[0.122s] Level 5:colcon.colcon_core.verb:set package 'yolo_msgs' build argument 'catkin_skip_building_tests' from command line to 'False'
[0.122s] DEBUG:colcon.colcon_core.verb:Building package 'yolo_msgs' with the following arguments: {'ament_cmake_args': None, 'build_base': '/workspaces/build/yolo_msgs', 'catkin_cmake_args': None, 'catkin_skip_building_tests': False, 'cmake_args': None, 'cmake_clean_cache': False, 'cmake_clean_first': False, 'cmake_force_configure': False, 'cmake_target': None, 'cmake_target_skip_unavailable': False, 'install_base': '/workspaces/install/yolo_msgs', 'merge_install': False, 'path': '/workspaces/workspaces/src/yolo_ros-main/yolo_msgs', 'symlink_install': True, 'test_result_base': None}
[0.122s] Level 5:colcon.colcon_core.verb:set package 'yolo_ros' build argument 'cmake_args' from command line to 'None'
[0.122s] Level 5:colcon.colcon_core.verb:set package 'yolo_ros' build argument 'cmake_target' from command line to 'None'
[0.122s] Level 5:colcon.colcon_core.verb:set package 'yolo_ros' build argument 'cmake_target_skip_unavailable' from command line to 'False'
[0.122s] Level 5:colcon.colcon_core.verb:set package 'yolo_ros' build argument 'cmake_clean_cache' from command line to 'False'
[0.122s] Level 5:colcon.colcon_core.verb:set package 'yolo_ros' build argument 'cmake_clean_first' from command line to 'False'
[0.122s] Level 5:colcon.colcon_core.verb:set package 'yolo_ros' build argument 'cmake_force_configure' from command line to 'False'
[0.122s] Level 5:colcon.colcon_core.verb:set package 'yolo_ros' build argument 'ament_cmake_args' from command line to 'None'
[0.122s] Level 5:colcon.colcon_core.verb:set package 'yolo_ros' build argument 'catkin_cmake_args' from command line to 'None'
[0.122s] Level 5:colcon.colcon_core.verb:set package 'yolo_ros' build argument 'catkin_skip_building_tests' from command line to 'False'
[0.123s] DEBUG:colcon.colcon_core.verb:Building package 'yolo_ros' with the following arguments: {'ament_cmake_args': None, 'build_base': '/workspaces/build/yolo_ros', 'catkin_cmake_args': None, 'catkin_skip_building_tests': False, 'cmake_args': None, 'cmake_clean_cache': False, 'cmake_clean_first': False, 'cmake_force_configure': False, 'cmake_target': None, 'cmake_target_skip_unavailable': False, 'install_base': '/workspaces/install/yolo_ros', 'merge_install': False, 'path': '/workspaces/workspaces/src/yolo_ros-main/yolo_ros', 'symlink_install': True, 'test_result_base': None}
[0.123s] Level 5:colcon.colcon_core.verb:set package 'yolo_bringup' build argument 'cmake_args' from command line to 'None'
[0.123s] Level 5:colcon.colcon_core.verb:set package 'yolo_bringup' build argument 'cmake_target' from command line to 'None'
[0.123s] Level 5:colcon.colcon_core.verb:set package 'yolo_bringup' build argument 'cmake_target_skip_unavailable' from command line to 'False'
[0.123s] Level 5:colcon.colcon_core.verb:set package 'yolo_bringup' build argument 'cmake_clean_cache' from command line to 'False'
[0.123s] Level 5:colcon.colcon_core.verb:set package 'yolo_bringup' build argument 'cmake_clean_first' from command line to 'False'
[0.123s] Level 5:colcon.colcon_core.verb:set package 'yolo_bringup' build argument 'cmake_force_configure' from command line to 'False'
[0.123s] Level 5:colcon.colcon_core.verb:set package 'yolo_bringup' build argument 'ament_cmake_args' from command line to 'None'
[0.123s] Level 5:colcon.colcon_core.verb:set package 'yolo_bringup' build argument 'catkin_cmake_args' from command line to 'None'
[0.123s] Level 5:colcon.colcon_core.verb:set package 'yolo_bringup' build argument 'catkin_skip_building_tests' from command line to 'False'
[0.123s] DEBUG:colcon.colcon_core.verb:Building package 'yolo_bringup' with the following arguments: {'ament_cmake_args': None, 'build_base': '/workspaces/build/yolo_bringup', 'catkin_cmake_args': None, 'catkin_skip_building_tests': False, 'cmake_args': None, 'cmake_clean_cache': False, 'cmake_clean_first': False, 'cmake_force_configure': False, 'cmake_target': None, 'cmake_target_skip_unavailable': False, 'install_base': '/workspaces/install/yolo_bringup', 'merge_install': False, 'path': '/workspaces/workspaces/src/yolo_ros-main/yolo_bringup', 'symlink_install': True, 'test_result_base': None}
[0.123s] INFO:colcon.colcon_core.executor:Executing jobs using 'parallel' executor
[0.123s] DEBUG:colcon.colcon_parallel_executor.executor.parallel:run_until_complete
[0.124s] INFO:colcon.colcon_ros.task.ament_cmake.build:Building ROS package in '/workspaces/workspaces/src/yolo_ros-main/yolo_msgs' with build type 'ament_cmake'
[0.124s] INFO:colcon.colcon_cmake.task.cmake.build:Building CMake package in '/workspaces/workspaces/src/yolo_ros-main/yolo_msgs'
[0.126s] INFO:colcon.colcon_core.plugin_system:Skipping extension 'colcon_core.shell.bat': Not used on non-Windows systems
[0.126s] INFO:colcon.colcon_core.shell:Skip shell extension 'powershell' for command environment: Not usable outside of PowerShell
[0.126s] DEBUG:colcon.colcon_core.shell:Skip shell extension 'dsv' for command environment
[0.129s] INFO:colcon.colcon_ros.task.ament_python.build:Building ROS package in '/workspaces/workspaces/src/arm_ik' with build type 'ament_python'
[0.129s] Level 1:colcon.colcon_core.shell:create_environment_hook('arm_ik', 'ament_prefix_path')
[0.129s] INFO:colcon.colcon_core.shell:Creating environment hook '/workspaces/install/arm_ik/share/arm_ik/hook/ament_prefix_path.ps1'
[0.129s] INFO:colcon.colcon_core.shell:Creating environment descriptor '/workspaces/install/arm_ik/share/arm_ik/hook/ament_prefix_path.dsv'
[0.130s] INFO:colcon.colcon_core.shell:Creating environment hook '/workspaces/install/arm_ik/share/arm_ik/hook/ament_prefix_path.sh'
[0.130s] INFO:colcon.colcon_core.shell:Skip shell extension 'powershell' for command environment: Not usable outside of PowerShell
[0.130s] DEBUG:colcon.colcon_core.shell:Skip shell extension 'dsv' for command environment
[0.133s] INFO:colcon.colcon_ros.task.ament_python.build:Building ROS package in '/workspaces/workspaces/imu_ws/src/handsfree_imu_ros2' with build type 'ament_python'
[0.133s] Level 1:colcon.colcon_core.shell:create_environment_hook('handsfree_imu_ros2', 'ament_prefix_path')
[0.133s] INFO:colcon.colcon_core.shell:Creating environment hook '/workspaces/install/handsfree_imu_ros2/share/handsfree_imu_ros2/hook/ament_prefix_path.ps1'
[0.134s] INFO:colcon.colcon_core.shell:Creating environment descriptor '/workspaces/install/handsfree_imu_ros2/share/handsfree_imu_ros2/hook/ament_prefix_path.dsv'
[0.134s] INFO:colcon.colcon_core.shell:Creating environment hook '/workspaces/install/handsfree_imu_ros2/share/handsfree_imu_ros2/hook/ament_prefix_path.sh'
[0.134s] INFO:colcon.colcon_core.shell:Skip shell extension 'powershell' for command environment: Not usable outside of PowerShell
[0.134s] DEBUG:colcon.colcon_core.shell:Skip shell extension 'dsv' for command environment
[0.136s] INFO:colcon.colcon_ros.task.ament_python.build:Building ROS package in '/workspaces/workspaces/imu_ws/src/wildbot_control' with build type 'ament_python'
[0.136s] Level 1:colcon.colcon_core.shell:create_environment_hook('wildbot_control', 'ament_prefix_path')
[0.136s] INFO:colcon.colcon_core.shell:Creating environment hook '/workspaces/install/wildbot_control/share/wildbot_control/hook/ament_prefix_path.ps1'
[0.137s] INFO:colcon.colcon_core.shell:Creating environment descriptor '/workspaces/install/wildbot_control/share/wildbot_control/hook/ament_prefix_path.dsv'
[0.137s] INFO:colcon.colcon_core.shell:Creating environment hook '/workspaces/install/wildbot_control/share/wildbot_control/hook/ament_prefix_path.sh'
[0.137s] INFO:colcon.colcon_core.shell:Skip shell extension 'powershell' for command environment: Not usable outside of PowerShell
[0.137s] DEBUG:colcon.colcon_core.shell:Skip shell extension 'dsv' for command environment
[0.139s] INFO:colcon.colcon_ros.task.ament_cmake.build:Building ROS package in '/workspaces/workspaces/src/wildbot_localization' with build type 'ament_cmake'
[0.139s] INFO:colcon.colcon_cmake.task.cmake.build:Building CMake package in '/workspaces/workspaces/src/wildbot_localization'
[0.139s] INFO:colcon.colcon_core.shell:Skip shell extension 'powershell' for command environment: Not usable outside of PowerShell
[0.139s] DEBUG:colcon.colcon_core.shell:Skip shell extension 'dsv' for command environment
[0.142s] INFO:colcon.colcon_ros.task.ament_cmake.build:Building ROS package in '/workspaces/workspaces/src/wildbot_slam' with build type 'ament_cmake'
[0.142s] INFO:colcon.colcon_cmake.task.cmake.build:Building CMake package in '/workspaces/workspaces/src/wildbot_slam'
[0.142s] INFO:colcon.colcon_core.shell:Skip shell extension 'powershell' for command environment: Not usable outside of PowerShell
[0.142s] DEBUG:colcon.colcon_core.shell:Skip shell extension 'dsv' for command environment
[0.145s] INFO:colcon.colcon_ros.task.ament_cmake.build:Building ROS package in '/workspaces/workspaces/src/ydlidar_ros2_driver' with build type 'ament_cmake'
[0.145s] INFO:colcon.colcon_cmake.task.cmake.build:Building CMake package in '/workspaces/workspaces/src/ydlidar_ros2_driver'
[0.146s] INFO:colcon.colcon_core.shell:Skip shell extension 'powershell' for command environment: Not usable outside of PowerShell
[0.146s] DEBUG:colcon.colcon_core.shell:Skip shell extension 'dsv' for command environment
[0.153s] DEBUG:colcon.colcon_core.event_handler.log_command:Invoking command in '/workspaces/build/yolo_msgs': CMAKE_PREFIX_PATH=${CMAKE_PREFIX_PATH}:/workspaces/install/yolo_ros:/workspaces/install/wildbot_control:/workspaces/install/handsfree_imu_ros2:/workspaces/install/arm_ik:/robot_ws/install/lidar_pkg:/opt/ros/jazzy /usr/bin/cmake --build /workspaces/build/yolo_msgs -- -j16 -l16
[0.278s] INFO:colcon.colcon_core.task.python.build:Building Python package in '/workspaces/workspaces/src/arm_ik'
[0.278s] INFO:colcon.colcon_core.shell:Skip shell extension 'powershell' for command environment: Not usable outside of PowerShell
[0.278s] DEBUG:colcon.colcon_core.shell:Skip shell extension 'dsv' for command environment
[0.399s] INFO:colcon.colcon_core.task.python.build:Building Python package in '/workspaces/workspaces/imu_ws/src/handsfree_imu_ros2'
[0.400s] INFO:colcon.colcon_core.shell:Skip shell extension 'powershell' for command environment: Not usable outside of PowerShell
[0.400s] DEBUG:colcon.colcon_core.shell:Skip shell extension 'dsv' for command environment
[0.520s] INFO:colcon.colcon_core.task.python.build:Building Python package in '/workspaces/workspaces/imu_ws/src/wildbot_control'
[0.520s] INFO:colcon.colcon_core.shell:Skip shell extension 'powershell' for command environment: Not usable outside of PowerShell
[0.520s] DEBUG:colcon.colcon_core.shell:Skip shell extension 'dsv' for command environment
[0.524s] DEBUG:colcon.colcon_core.event_handler.log_command:Invoking command in '/workspaces/build/wildbot_localization': CMAKE_PREFIX_PATH=${CMAKE_PREFIX_PATH}:/workspaces/install/yolo_ros:/workspaces/install/wildbot_control:/workspaces/install/handsfree_imu_ros2:/workspaces/install/arm_ik:/robot_ws/install/lidar_pkg:/opt/ros/jazzy /usr/bin/cmake --build /workspaces/build/wildbot_localization -- -j16 -l16
[0.525s] DEBUG:colcon.colcon_core.event_handler.log_command:Invoking command in '/workspaces/build/wildbot_slam': CMAKE_PREFIX_PATH=${CMAKE_PREFIX_PATH}:/workspaces/install/yolo_ros:/workspaces/install/wildbot_control:/workspaces/install/handsfree_imu_ros2:/workspaces/install/arm_ik:/robot_ws/install/lidar_pkg:/opt/ros/jazzy /usr/bin/cmake --build /workspaces/build/wildbot_slam -- -j16 -l16
[0.532s] DEBUG:colcon.colcon_core.event_handler.log_command:Invoking command in '/workspaces/build/ydlidar_ros2_driver': CMAKE_PREFIX_PATH=${CMAKE_PREFIX_PATH}:/workspaces/install/yolo_ros:/workspaces/install/wildbot_control:/workspaces/install/handsfree_imu_ros2:/workspaces/install/arm_ik:/robot_ws/install/lidar_pkg:/opt/ros/jazzy /usr/bin/cmake --build /workspaces/build/ydlidar_ros2_driver -- -j16 -l16
[0.533s] DEBUG:colcon.colcon_core.event_handler.log_command:Invoked command in '/workspaces/build/yolo_msgs' returned '0': CMAKE_PREFIX_PATH=${CMAKE_PREFIX_PATH}:/workspaces/install/yolo_ros:/workspaces/install/wildbot_control:/workspaces/install/handsfree_imu_ros2:/workspaces/install/arm_ik:/robot_ws/install/lidar_pkg:/opt/ros/jazzy /usr/bin/cmake --build /workspaces/build/yolo_msgs -- -j16 -l16
[0.540s] DEBUG:colcon.colcon_core.event_handler.log_command:Invoking command in '/workspaces/build/yolo_msgs': CMAKE_PREFIX_PATH=${CMAKE_PREFIX_PATH}:/workspaces/install/yolo_ros:/workspaces/install/wildbot_control:/workspaces/install/handsfree_imu_ros2:/workspaces/install/arm_ik:/robot_ws/install/lidar_pkg:/opt/ros/jazzy /usr/bin/cmake --install /workspaces/build/yolo_msgs
[0.554s] DEBUG:colcon.colcon_core.event_handler.log_command:Invoked command in '/workspaces/build/wildbot_localization' returned '0': CMAKE_PREFIX_PATH=${CMAKE_PREFIX_PATH}:/workspaces/install/yolo_ros:/workspaces/install/wildbot_control:/workspaces/install/handsfree_imu_ros2:/workspaces/install/arm_ik:/robot_ws/install/lidar_pkg:/opt/ros/jazzy /usr/bin/cmake --build /workspaces/build/wildbot_localization -- -j16 -l16
[0.558s] DEBUG:colcon.colcon_core.event_handler.log_command:Invoking command in '/workspaces/build/wildbot_localization': CMAKE_PREFIX_PATH=${CMAKE_PREFIX_PATH}:/workspaces/install/yolo_ros:/workspaces/install/wildbot_control:/workspaces/install/handsfree_imu_ros2:/workspaces/install/arm_ik:/robot_ws/install/lidar_pkg:/opt/ros/jazzy /usr/bin/cmake --install /workspaces/build/wildbot_localization
[0.564s] DEBUG:colcon.colcon_core.event_handler.log_command:Invoked command in '/workspaces/build/wildbot_slam' returned '0': CMAKE_PREFIX_PATH=${CMAKE_PREFIX_PATH}:/workspaces/install/yolo_ros:/workspaces/install/wildbot_control:/workspaces/install/handsfree_imu_ros2:/workspaces/install/arm_ik:/robot_ws/install/lidar_pkg:/opt/ros/jazzy /usr/bin/cmake --build /workspaces/build/wildbot_slam -- -j16 -l16
[0.565s] DEBUG:colcon.colcon_core.event_handler.log_command:Invoking command in '/workspaces/build/wildbot_slam': CMAKE_PREFIX_PATH=${CMAKE_PREFIX_PATH}:/workspaces/install/yolo_ros:/workspaces/install/wildbot_control:/workspaces/install/handsfree_imu_ros2:/workspaces/install/arm_ik:/robot_ws/install/lidar_pkg:/opt/ros/jazzy /usr/bin/cmake --install /workspaces/build/wildbot_slam
[0.582s] Level 1:colcon.colcon_core.environment:create_environment_scripts_only(wildbot_localization)
[0.582s] DEBUG:colcon.colcon_core.event_handler.log_command:Invoked command in '/workspaces/build/wildbot_localization' returned '0': CMAKE_PREFIX_PATH=${CMAKE_PREFIX_PATH}:/workspaces/install/yolo_ros:/workspaces/install/wildbot_control:/workspaces/install/handsfree_imu_ros2:/workspaces/install/arm_ik:/robot_ws/install/lidar_pkg:/opt/ros/jazzy /usr/bin/cmake --install /workspaces/build/wildbot_localization
[0.584s] Level 1:colcon.colcon_core.environment:checking '/workspaces/install/wildbot_localization' for CMake module files
[0.584s] Level 1:colcon.colcon_core.environment:checking '/workspaces/install/wildbot_localization' for CMake config files
[0.584s] Level 1:colcon.colcon_core.shell:create_environment_hook('wildbot_localization', 'cmake_prefix_path')
[0.585s] INFO:colcon.colcon_core.shell:Creating environment hook '/workspaces/install/wildbot_localization/share/wildbot_localization/hook/cmake_prefix_path.ps1'
[0.585s] INFO:colcon.colcon_core.shell:Creating environment descriptor '/workspaces/install/wildbot_localization/share/wildbot_localization/hook/cmake_prefix_path.dsv'
[0.585s] INFO:colcon.colcon_core.shell:Creating environment hook '/workspaces/install/wildbot_localization/share/wildbot_localization/hook/cmake_prefix_path.sh'
[0.586s] Level 1:colcon.colcon_core.environment:checking '/workspaces/install/wildbot_localization/bin'
[0.586s] Level 1:colcon.colcon_core.environment:checking '/workspaces/install/wildbot_localization/lib/pkgconfig/wildbot_localization.pc'
[0.586s] Level 1:colcon.colcon_core.environment:checking '/workspaces/install/wildbot_localization/lib/python3.12/site-packages'
[0.587s] Level 1:colcon.colcon_core.environment:checking '/workspaces/install/wildbot_localization/bin'
[0.587s] INFO:colcon.colcon_core.shell:Creating package script '/workspaces/install/wildbot_localization/share/wildbot_localization/package.ps1'
[0.587s] INFO:colcon.colcon_core.shell:Creating package descriptor '/workspaces/install/wildbot_localization/share/wildbot_localization/package.dsv'
[0.587s] INFO:colcon.colcon_core.shell:Creating package script '/workspaces/install/wildbot_localization/share/wildbot_localization/package.sh'
[0.588s] INFO:colcon.colcon_core.shell:Creating package script '/workspaces/install/wildbot_localization/share/wildbot_localization/package.bash'
[0.588s] INFO:colcon.colcon_core.shell:Creating package script '/workspaces/install/wildbot_localization/share/wildbot_localization/package.zsh'
[0.588s] Level 1:colcon.colcon_core.environment:create_file_with_runtime_dependencies(/workspaces/install/wildbot_localization/share/colcon-core/packages/wildbot_localization)
[0.589s] Level 1:colcon.colcon_core.environment:create_environment_scripts_only(wildbot_localization)
[0.589s] Level 1:colcon.colcon_core.environment:checking '/workspaces/install/wildbot_localization' for CMake module files
[0.589s] Level 1:colcon.colcon_core.environment:checking '/workspaces/install/wildbot_localization' for CMake config files
[0.589s] Level 1:colcon.colcon_core.shell:create_environment_hook('wildbot_localization', 'cmake_prefix_path')
[0.589s] INFO:colcon.colcon_core.shell:Creating environment hook '/workspaces/install/wildbot_localization/share/wildbot_localization/hook/cmake_prefix_path.ps1'
[0.589s] INFO:colcon.colcon_core.shell:Creating environment descriptor '/workspaces/install/wildbot_localization/share/wildbot_localization/hook/cmake_prefix_path.dsv'
[0.589s] INFO:colcon.colcon_core.shell:Creating environment hook '/workspaces/install/wildbot_localization/share/wildbot_localization/hook/cmake_prefix_path.sh'
[0.590s] Level 1:colcon.colcon_core.environment:checking '/workspaces/install/wildbot_localization/bin'
[0.590s] Level 1:colcon.colcon_core.environment:checking '/workspaces/install/wildbot_localization/lib/pkgconfig/wildbot_localization.pc'
[0.590s] Level 1:colcon.colcon_core.environment:checking '/workspaces/install/wildbot_localization/lib/python3.12/site-packages'
[0.590s] Level 1:colcon.colcon_core.environment:checking '/workspaces/install/wildbot_localization/bin'
[0.590s] INFO:colcon.colcon_core.shell:Creating package script '/workspaces/install/wildbot_localization/share/wildbot_localization/package.ps1'
[0.591s] INFO:colcon.colcon_core.shell:Creating package descriptor '/workspaces/install/wildbot_localization/share/wildbot_localization/package.dsv'
[0.591s] INFO:colcon.colcon_core.shell:Creating package script '/workspaces/install/wildbot_localization/share/wildbot_localization/package.sh'
[0.591s] INFO:colcon.colcon_core.shell:Creating package script '/workspaces/install/wildbot_localization/share/wildbot_localization/package.bash'
[0.591s] INFO:colcon.colcon_core.shell:Creating package script '/workspaces/install/wildbot_localization/share/wildbot_localization/package.zsh'
[0.591s] Level 1:colcon.colcon_core.environment:create_file_with_runtime_dependencies(/workspaces/install/wildbot_localization/share/colcon-core/packages/wildbot_localization)
[0.592s] Level 1:colcon.colcon_core.environment:create_environment_scripts_only(wildbot_slam)
[0.592s] Level 1:colcon.colcon_core.environment:checking '/workspaces/install/wildbot_slam' for CMake module files
[0.593s] DEBUG:colcon.colcon_core.event_handler.log_command:Invoked command in '/workspaces/build/wildbot_slam' returned '0': CMAKE_PREFIX_PATH=${CMAKE_PREFIX_PATH}:/workspaces/install/yolo_ros:/workspaces/install/wildbot_control:/workspaces/install/handsfree_imu_ros2:/workspaces/install/arm_ik:/robot_ws/install/lidar_pkg:/opt/ros/jazzy /usr/bin/cmake --install /workspaces/build/wildbot_slam
[0.593s] Level 1:colcon.colcon_core.environment:checking '/workspaces/install/wildbot_slam' for CMake config files
[0.593s] Level 1:colcon.colcon_core.shell:create_environment_hook('wildbot_slam', 'cmake_prefix_path')
[0.593s] INFO:colcon.colcon_core.shell:Creating environment hook '/workspaces/install/wildbot_slam/share/wildbot_slam/hook/cmake_prefix_path.ps1'
[0.593s] INFO:colcon.colcon_core.shell:Creating environment descriptor '/workspaces/install/wildbot_slam/share/wildbot_slam/hook/cmake_prefix_path.dsv'
[0.594s] INFO:colcon.colcon_core.shell:Creating environment hook '/workspaces/install/wildbot_slam/share/wildbot_slam/hook/cmake_prefix_path.sh'
[0.594s] Level 1:colcon.colcon_core.environment:checking '/workspaces/install/wildbot_slam/bin'
[0.594s] Level 1:colcon.colcon_core.environment:checking '/workspaces/install/wildbot_slam/lib/pkgconfig/wildbot_slam.pc'
[0.594s] Level 1:colcon.colcon_core.environment:checking '/workspaces/install/wildbot_slam/lib/python3.12/site-packages'
[0.595s] Level 1:colcon.colcon_core.environment:checking '/workspaces/install/wildbot_slam/bin'
[0.595s] INFO:colcon.colcon_core.shell:Creating package script '/workspaces/install/wildbot_slam/share/wildbot_slam/package.ps1'
[0.595s] INFO:colcon.colcon_core.shell:Creating package descriptor '/workspaces/install/wildbot_slam/share/wildbot_slam/package.dsv'
[0.596s] INFO:colcon.colcon_core.shell:Creating package script '/workspaces/install/wildbot_slam/share/wildbot_slam/package.sh'
[0.596s] INFO:colcon.colcon_core.shell:Creating package script '/workspaces/install/wildbot_slam/share/wildbot_slam/package.bash'
[0.596s] INFO:colcon.colcon_core.shell:Creating package script '/workspaces/install/wildbot_slam/share/wildbot_slam/package.zsh'
[0.596s] Level 1:colcon.colcon_core.environment:create_file_with_runtime_dependencies(/workspaces/install/wildbot_slam/share/colcon-core/packages/wildbot_slam)
[0.597s] Level 1:colcon.colcon_core.environment:create_environment_scripts_only(wildbot_slam)
[0.597s] Level 1:colcon.colcon_core.environment:checking '/workspaces/install/wildbot_slam' for CMake module files
[0.597s] Level 1:colcon.colcon_core.environment:checking '/workspaces/install/wildbot_slam' for CMake config files
[0.598s] Level 1:colcon.colcon_core.shell:create_environment_hook('wildbot_slam', 'cmake_prefix_path')
[0.598s] INFO:colcon.colcon_core.shell:Creating environment hook '/workspaces/install/wildbot_slam/share/wildbot_slam/hook/cmake_prefix_path.ps1'
[0.599s] INFO:colcon.colcon_core.shell:Creating environment descriptor '/workspaces/install/wildbot_slam/share/wildbot_slam/hook/cmake_prefix_path.dsv'
[0.599s] INFO:colcon.colcon_core.shell:Creating environment hook '/workspaces/install/wildbot_slam/share/wildbot_slam/hook/cmake_prefix_path.sh'
[0.600s] Level 1:colcon.colcon_core.environment:checking '/workspaces/install/wildbot_slam/bin'
[0.600s] Level 1:colcon.colcon_core.environment:checking '/workspaces/install/wildbot_slam/lib/pkgconfig/wildbot_slam.pc'
[0.601s] Level 1:colcon.colcon_core.environment:checking '/workspaces/install/wildbot_slam/lib/python3.12/site-packages'
[0.601s] Level 1:colcon.colcon_core.environment:checking '/workspaces/install/wildbot_slam/bin'
[0.601s] INFO:colcon.colcon_core.shell:Creating package script '/workspaces/install/wildbot_slam/share/wildbot_slam/package.ps1'
[0.603s] INFO:colcon.colcon_core.shell:Creating package descriptor '/workspaces/install/wildbot_slam/share/wildbot_slam/package.dsv'
[0.603s] INFO:colcon.colcon_core.shell:Creating package script '/workspaces/install/wildbot_slam/share/wildbot_slam/package.sh'
[0.604s] INFO:colcon.colcon_core.shell:Creating package script '/workspaces/install/wildbot_slam/share/wildbot_slam/package.bash'
[0.605s] INFO:colcon.colcon_core.shell:Creating package script '/workspaces/install/wildbot_slam/share/wildbot_slam/package.zsh'
[0.606s] Level 1:colcon.colcon_core.environment:create_file_with_runtime_dependencies(/workspaces/install/wildbot_slam/share/colcon-core/packages/wildbot_slam)
[0.607s] DEBUG:colcon.colcon_core.event_handler.log_command:Invoked command in '/workspaces/build/ydlidar_ros2_driver' returned '0': CMAKE_PREFIX_PATH=${CMAKE_PREFIX_PATH}:/workspaces/install/yolo_ros:/workspaces/install/wildbot_control:/workspaces/install/handsfree_imu_ros2:/workspaces/install/arm_ik:/robot_ws/install/lidar_pkg:/opt/ros/jazzy /usr/bin/cmake --build /workspaces/build/ydlidar_ros2_driver -- -j16 -l16
[0.608s] DEBUG:colcon.colcon_core.event_handler.log_command:Invoking command in '/workspaces/build/ydlidar_ros2_driver': CMAKE_PREFIX_PATH=${CMAKE_PREFIX_PATH}:/workspaces/install/yolo_ros:/workspaces/install/wildbot_control:/workspaces/install/handsfree_imu_ros2:/workspaces/install/arm_ik:/robot_ws/install/lidar_pkg:/opt/ros/jazzy /usr/bin/cmake --install /workspaces/build/ydlidar_ros2_driver
[0.609s] Level 1:colcon.colcon_core.environment:create_environment_scripts_only(yolo_msgs)
[0.609s] Level 1:colcon.colcon_core.environment:checking '/workspaces/install/yolo_msgs' for CMake module files
[0.610s] DEBUG:colcon.colcon_core.event_handler.log_command:Invoked command in '/workspaces/build/yolo_msgs' returned '0': CMAKE_PREFIX_PATH=${CMAKE_PREFIX_PATH}:/workspaces/install/yolo_ros:/workspaces/install/wildbot_control:/workspaces/install/handsfree_imu_ros2:/workspaces/install/arm_ik:/robot_ws/install/lidar_pkg:/opt/ros/jazzy /usr/bin/cmake --install /workspaces/build/yolo_msgs
[0.610s] Level 1:colcon.colcon_core.environment:checking '/workspaces/install/yolo_msgs' for CMake config files
[0.610s] Level 1:colcon.colcon_core.shell:create_environment_hook('yolo_msgs', 'cmake_prefix_path')
[0.611s] INFO:colcon.colcon_core.shell:Creating environment hook '/workspaces/install/yolo_msgs/share/yolo_msgs/hook/cmake_prefix_path.ps1'
[0.611s] INFO:colcon.colcon_core.shell:Creating environment descriptor '/workspaces/install/yolo_msgs/share/yolo_msgs/hook/cmake_prefix_path.dsv'
[0.612s] INFO:colcon.colcon_core.shell:Creating environment hook '/workspaces/install/yolo_msgs/share/yolo_msgs/hook/cmake_prefix_path.sh'
[0.612s] Level 1:colcon.colcon_core.environment:checking '/workspaces/install/yolo_msgs/lib'
[0.612s] Level 1:colcon.colcon_core.shell:create_environment_hook('yolo_msgs', 'ld_library_path_lib')
[0.613s] INFO:colcon.colcon_core.shell:Creating environment hook '/workspaces/install/yolo_msgs/share/yolo_msgs/hook/ld_library_path_lib.ps1'
[0.613s] INFO:colcon.colcon_core.shell:Creating environment descriptor '/workspaces/install/yolo_msgs/share/yolo_msgs/hook/ld_library_path_lib.dsv'
[0.613s] INFO:colcon.colcon_core.shell:Creating environment hook '/workspaces/install/yolo_msgs/share/yolo_msgs/hook/ld_library_path_lib.sh'
[0.614s] Level 1:colcon.colcon_core.environment:checking '/workspaces/install/yolo_msgs/bin'
[0.614s] Level 1:colcon.colcon_core.environment:checking '/workspaces/install/yolo_msgs/lib/pkgconfig/yolo_msgs.pc'
[0.614s] Level 1:colcon.colcon_core.environment:checking '/workspaces/install/yolo_msgs/lib/python3.12/site-packages'
[0.615s] Level 1:colcon.colcon_core.shell:create_environment_hook('yolo_msgs', 'pythonpath')
[0.615s] INFO:colcon.colcon_core.shell:Creating environment hook '/workspaces/install/yolo_msgs/share/yolo_msgs/hook/pythonpath.ps1'
[0.615s] INFO:colcon.colcon_core.shell:Creating environment descriptor '/workspaces/install/yolo_msgs/share/yolo_msgs/hook/pythonpath.dsv'
[0.616s] INFO:colcon.colcon_core.shell:Creating environment hook '/workspaces/install/yolo_msgs/share/yolo_msgs/hook/pythonpath.sh'
[0.618s] Level 1:colcon.colcon_core.environment:checking '/workspaces/install/yolo_msgs/bin'
[0.618s] INFO:colcon.colcon_core.shell:Creating package script '/workspaces/install/yolo_msgs/share/yolo_msgs/package.ps1'
[0.619s] INFO:colcon.colcon_core.shell:Creating package descriptor '/workspaces/install/yolo_msgs/share/yolo_msgs/package.dsv'
[0.620s] INFO:colcon.colcon_core.shell:Creating package script '/workspaces/install/yolo_msgs/share/yolo_msgs/package.sh'
[0.620s] INFO:colcon.colcon_core.shell:Creating package script '/workspaces/install/yolo_msgs/share/yolo_msgs/package.bash'
[0.620s] INFO:colcon.colcon_core.shell:Creating package script '/workspaces/install/yolo_msgs/share/yolo_msgs/package.zsh'
[0.621s] Level 1:colcon.colcon_core.environment:create_file_with_runtime_dependencies(/workspaces/install/yolo_msgs/share/colcon-core/packages/yolo_msgs)
[0.621s] Level 1:colcon.colcon_core.environment:create_environment_scripts_only(yolo_msgs)
[0.621s] Level 1:colcon.colcon_core.environment:checking '/workspaces/install/yolo_msgs' for CMake module files
[0.622s] Level 1:colcon.colcon_core.environment:checking '/workspaces/install/yolo_msgs' for CMake config files
[0.622s] Level 1:colcon.colcon_core.shell:create_environment_hook('yolo_msgs', 'cmake_prefix_path')
[0.623s] INFO:colcon.colcon_core.shell:Creating environment hook '/workspaces/install/yolo_msgs/share/yolo_msgs/hook/cmake_prefix_path.ps1'
[0.623s] INFO:colcon.colcon_core.shell:Creating environment descriptor '/workspaces/install/yolo_msgs/share/yolo_msgs/hook/cmake_prefix_path.dsv'
[0.624s] INFO:colcon.colcon_core.shell:Creating environment hook '/workspaces/install/yolo_msgs/share/yolo_msgs/hook/cmake_prefix_path.sh'
[0.624s] Level 1:colcon.colcon_core.environment:checking '/workspaces/install/yolo_msgs/lib'
[0.624s] Level 1:colcon.colcon_core.shell:create_environment_hook('yolo_msgs', 'ld_library_path_lib')
[0.625s] INFO:colcon.colcon_core.shell:Creating environment hook '/workspaces/install/yolo_msgs/share/yolo_msgs/hook/ld_library_path_lib.ps1'
[0.625s] INFO:colcon.colcon_core.shell:Creating environment descriptor '/workspaces/install/yolo_msgs/share/yolo_msgs/hook/ld_library_path_lib.dsv'
[0.626s] INFO:colcon.colcon_core.shell:Creating environment hook '/workspaces/install/yolo_msgs/share/yolo_msgs/hook/ld_library_path_lib.sh'
[0.626s] Level 1:colcon.colcon_core.environment:checking '/workspaces/install/yolo_msgs/bin'
[0.626s] Level 1:colcon.colcon_core.environment:checking '/workspaces/install/yolo_msgs/lib/pkgconfig/yolo_msgs.pc'
[0.626s] Level 1:colcon.colcon_core.environment:checking '/workspaces/install/yolo_msgs/lib/python3.12/site-packages'
[0.627s] Level 1:colcon.colcon_core.shell:create_environment_hook('yolo_msgs', 'pythonpath')
[0.627s] INFO:colcon.colcon_core.shell:Creating environment hook '/workspaces/install/yolo_msgs/share/yolo_msgs/hook/pythonpath.ps1'
[0.627s] INFO:colcon.colcon_core.shell:Creating environment descriptor '/workspaces/install/yolo_msgs/share/yolo_msgs/hook/pythonpath.dsv'
[0.627s] INFO:colcon.colcon_core.shell:Creating environment hook '/workspaces/install/yolo_msgs/share/yolo_msgs/hook/pythonpath.sh'
[0.628s] Level 1:colcon.colcon_core.environment:checking '/workspaces/install/yolo_msgs/bin'
[0.628s] INFO:colcon.colcon_core.shell:Creating package script '/workspaces/install/yolo_msgs/share/yolo_msgs/package.ps1'
[0.630s] INFO:colcon.colcon_core.shell:Creating package descriptor '/workspaces/install/yolo_msgs/share/yolo_msgs/package.dsv'
[0.630s] INFO:colcon.colcon_core.shell:Creating package script '/workspaces/install/yolo_msgs/share/yolo_msgs/package.sh'
[0.631s] INFO:colcon.colcon_core.shell:Creating package script '/workspaces/install/yolo_msgs/share/yolo_msgs/package.bash'
[0.631s] INFO:colcon.colcon_core.shell:Creating package script '/workspaces/install/yolo_msgs/share/yolo_msgs/package.zsh'
[0.632s] Level 1:colcon.colcon_core.environment:create_file_with_runtime_dependencies(/workspaces/install/yolo_msgs/share/colcon-core/packages/yolo_msgs)
[0.632s] INFO:colcon.colcon_ros.task.ament_python.build:Building ROS package in '/workspaces/workspaces/src/yolo_ros-main/yolo_ros' with build type 'ament_python'
[0.633s] Level 1:colcon.colcon_core.shell:create_environment_hook('yolo_ros', 'ament_prefix_path')
[0.633s] INFO:colcon.colcon_core.shell:Creating environment hook '/workspaces/install/yolo_ros/share/yolo_ros/hook/ament_prefix_path.ps1'
[0.634s] INFO:colcon.colcon_core.shell:Creating environment descriptor '/workspaces/install/yolo_ros/share/yolo_ros/hook/ament_prefix_path.dsv'
[0.634s] INFO:colcon.colcon_core.shell:Creating environment hook '/workspaces/install/yolo_ros/share/yolo_ros/hook/ament_prefix_path.sh'
[0.635s] INFO:colcon.colcon_core.shell:Skip shell extension 'powershell' for command environment: Not usable outside of PowerShell
[0.635s] DEBUG:colcon.colcon_core.shell:Skip shell extension 'dsv' for command environment
[0.639s] Level 1:colcon.colcon_core.environment:create_environment_scripts_only(ydlidar_ros2_driver)
[0.639s] Level 1:colcon.colcon_core.environment:checking '/workspaces/install/ydlidar_ros2_driver' for CMake module files
[0.640s] DEBUG:colcon.colcon_core.event_handler.log_command:Invoked command in '/workspaces/build/ydlidar_ros2_driver' returned '0': CMAKE_PREFIX_PATH=${CMAKE_PREFIX_PATH}:/workspaces/install/yolo_ros:/workspaces/install/wildbot_control:/workspaces/install/handsfree_imu_ros2:/workspaces/install/arm_ik:/robot_ws/install/lidar_pkg:/opt/ros/jazzy /usr/bin/cmake --install /workspaces/build/ydlidar_ros2_driver
[0.640s] Level 1:colcon.colcon_core.environment:checking '/workspaces/install/ydlidar_ros2_driver' for CMake config files
[0.640s] Level 1:colcon.colcon_core.shell:create_environment_hook('ydlidar_ros2_driver', 'cmake_prefix_path')
[0.641s] INFO:colcon.colcon_core.shell:Creating environment hook '/workspaces/install/ydlidar_ros2_driver/share/ydlidar_ros2_driver/hook/cmake_prefix_path.ps1'
[0.641s] INFO:colcon.colcon_core.shell:Creating environment descriptor '/workspaces/install/ydlidar_ros2_driver/share/ydlidar_ros2_driver/hook/cmake_prefix_path.dsv'
[0.642s] INFO:colcon.colcon_core.shell:Creating environment hook '/workspaces/install/ydlidar_ros2_driver/share/ydlidar_ros2_driver/hook/cmake_prefix_path.sh'
[0.643s] Level 1:colcon.colcon_core.environment:checking '/workspaces/install/ydlidar_ros2_driver/lib'
[0.643s] Level 1:colcon.colcon_core.environment:checking '/workspaces/install/ydlidar_ros2_driver/bin'
[0.643s] Level 1:colcon.colcon_core.environment:checking '/workspaces/install/ydlidar_ros2_driver/lib/pkgconfig/ydlidar_ros2_driver.pc'
[0.643s] Level 1:colcon.colcon_core.environment:checking '/workspaces/install/ydlidar_ros2_driver/lib/python3.12/site-packages'
[0.644s] Level 1:colcon.colcon_core.environment:checking '/workspaces/install/ydlidar_ros2_driver/bin'
[0.644s] INFO:colcon.colcon_core.shell:Creating package script '/workspaces/install/ydlidar_ros2_driver/share/ydlidar_ros2_driver/package.ps1'
[0.645s] INFO:colcon.colcon_core.shell:Creating package descriptor '/workspaces/install/ydlidar_ros2_driver/share/ydlidar_ros2_driver/package.dsv'
[0.645s] INFO:colcon.colcon_core.shell:Creating package script '/workspaces/install/ydlidar_ros2_driver/share/ydlidar_ros2_driver/package.sh'
[0.646s] INFO:colcon.colcon_core.shell:Creating package script '/workspaces/install/ydlidar_ros2_driver/share/ydlidar_ros2_driver/package.bash'
[0.646s] INFO:colcon.colcon_core.shell:Creating package script '/workspaces/install/ydlidar_ros2_driver/share/ydlidar_ros2_driver/package.zsh'
[0.646s] Level 1:colcon.colcon_core.environment:create_file_with_runtime_dependencies(/workspaces/install/ydlidar_ros2_driver/share/colcon-core/packages/ydlidar_ros2_driver)
[0.647s] Level 1:colcon.colcon_core.environment:create_environment_scripts_only(ydlidar_ros2_driver)
[0.647s] Level 1:colcon.colcon_core.environment:checking '/workspaces/install/ydlidar_ros2_driver' for CMake module files
[0.647s] Level 1:colcon.colcon_core.environment:checking '/workspaces/install/ydlidar_ros2_driver' for CMake config files
[0.647s] Level 1:colcon.colcon_core.shell:create_environment_hook('ydlidar_ros2_driver', 'cmake_prefix_path')
[0.648s] INFO:colcon.colcon_core.shell:Creating environment hook '/workspaces/install/ydlidar_ros2_driver/share/ydlidar_ros2_driver/hook/cmake_prefix_path.ps1'
[0.648s] INFO:colcon.colcon_core.shell:Creating environment descriptor '/workspaces/install/ydlidar_ros2_driver/share/ydlidar_ros2_driver/hook/cmake_prefix_path.dsv'
[0.648s] INFO:colcon.colcon_core.shell:Creating environment hook '/workspaces/install/ydlidar_ros2_driver/share/ydlidar_ros2_driver/hook/cmake_prefix_path.sh'
[0.649s] Level 1:colcon.colcon_core.environment:checking '/workspaces/install/ydlidar_ros2_driver/lib'
[0.649s] Level 1:colcon.colcon_core.environment:checking '/workspaces/install/ydlidar_ros2_driver/bin'
[0.649s] Level 1:colcon.colcon_core.environment:checking '/workspaces/install/ydlidar_ros2_driver/lib/pkgconfig/ydlidar_ros2_driver.pc'
[0.649s] Level 1:colcon.colcon_core.environment:checking '/workspaces/install/ydlidar_ros2_driver/lib/python3.12/site-packages'
[0.649s] Level 1:colcon.colcon_core.environment:checking '/workspaces/install/ydlidar_ros2_driver/bin'
[0.650s] INFO:colcon.colcon_core.shell:Creating package script '/workspaces/install/ydlidar_ros2_driver/share/ydlidar_ros2_driver/package.ps1'
[0.651s] INFO:colcon.colcon_core.shell:Creating package descriptor '/workspaces/install/ydlidar_ros2_driver/share/ydlidar_ros2_driver/package.dsv'
[0.651s] INFO:colcon.colcon_core.shell:Creating package script '/workspaces/install/ydlidar_ros2_driver/share/ydlidar_ros2_driver/package.sh'
[0.651s] INFO:colcon.colcon_core.shell:Creating package script '/workspaces/install/ydlidar_ros2_driver/share/ydlidar_ros2_driver/package.bash'
[0.652s] INFO:colcon.colcon_core.shell:Creating package script '/workspaces/install/ydlidar_ros2_driver/share/ydlidar_ros2_driver/package.zsh'
[0.652s] Level 1:colcon.colcon_core.environment:create_file_with_runtime_dependencies(/workspaces/install/ydlidar_ros2_driver/share/colcon-core/packages/ydlidar_ros2_driver)
[0.811s] INFO:colcon.colcon_core.task.python.build:Building Python package in '/workspaces/workspaces/src/yolo_ros-main/yolo_ros'
[0.812s] INFO:colcon.colcon_core.shell:Skip shell extension 'powershell' for command environment: Not usable outside of PowerShell
[0.812s] DEBUG:colcon.colcon_core.shell:Skip shell extension 'dsv' for command environment
[0.886s] DEBUG:colcon.colcon_core.event_handler.log_command:Invoking command in '/workspaces/build/arm_ik': PYTHONPATH=/workspaces/build/arm_ik/prefix_override:/usr/lib/python3/dist-packages/colcon_core/task/python/colcon_distutils_commands:/workspaces/install/arm_ik/lib/python3.12/site-packages:${PYTHONPATH} /usr/bin/python3 -W ignore:setup.py install is deprecated -W ignore:easy_install command is deprecated setup.py develop --editable --build-directory /workspaces/build/arm_ik/build --no-deps symlink_data
[0.887s] DEBUG:colcon.colcon_core.event_handler.log_command:Invoking command in '/workspaces/build/wildbot_control': PYTHONPATH=/workspaces/build/wildbot_control/prefix_override:/usr/lib/python3/dist-packages/colcon_core/task/python/colcon_distutils_commands:/workspaces/install/wildbot_control/lib/python3.12/site-packages:${PYTHONPATH} /usr/bin/python3 -W ignore:setup.py install is deprecated -W ignore:easy_install command is deprecated setup.py develop --editable --build-directory /workspaces/build/wildbot_control/build --no-deps symlink_data
[0.938s] DEBUG:colcon.colcon_core.event_handler.log_command:Invoking command in '/workspaces/build/handsfree_imu_ros2': PYTHONPATH=/workspaces/build/handsfree_imu_ros2/prefix_override:/usr/lib/python3/dist-packages/colcon_core/task/python/colcon_distutils_commands:/workspaces/install/handsfree_imu_ros2/lib/python3.12/site-packages:${PYTHONPATH} /usr/bin/python3 -W ignore:setup.py install is deprecated -W ignore:easy_install command is deprecated setup.py develop --editable --build-directory /workspaces/build/handsfree_imu_ros2/build --no-deps symlink_data
[1.152s] DEBUG:colcon.colcon_core.event_handler.log_command:Invoking command in '/workspaces/build/yolo_ros': CMAKE_PREFIX_PATH=/workspaces/install/yolo_msgs:/workspaces/install/yolo_bringup:/workspaces/install/ydlidar_ros2_driver:/workspaces/install/wildbot_slam:/workspaces/install/wildbot_localization:/robot_ws/install/orbbec_description:/robot_ws/install/orbbec_camera:/robot_ws/install/orbbec_camera_msgs:/robot_ws/install/oradar_lidar:/robot_ws/install/kros_car:/robot_ws/install/kros_car_description:/opt/ros/jazzy/opt/sdformat_vendor:/opt/ros/jazzy/opt/gz_math_vendor:/opt/ros/jazzy/opt/gz_utils_vendor:/opt/ros/jazzy/opt/gz_tools_vendor:/opt/ros/jazzy/opt/gz_cmake_vendor PYTHONPATH=/workspaces/build/yolo_ros/prefix_override:/usr/lib/python3/dist-packages/colcon_core/task/python/colcon_distutils_commands:/workspaces/install/yolo_ros/lib/python3.12/site-packages:/workspaces/install/yolo_msgs/lib/python3.12/site-packages:/workspaces/build/yolo_ros:/workspaces/build/wildbot_control:/workspaces/build/handsfree_imu_ros2:/workspaces/build/arm_ik:/workspaces/install/yolo_ros/lib/python3.12/site-packages:/workspaces/install/wildbot_control/lib/python3.12/site-packages:/workspaces/install/handsfree_imu_ros2/lib/python3.12/site-packages:/workspaces/install/arm_ik/lib/python3.12/site-packages:/robot_ws/install/orbbec_camera_msgs/lib/python3.12/site-packages:/robot_ws/build/lidar_pkg:/robot_ws/install/lidar_pkg/lib/python3.12/site-packages:/opt/ros/jazzy/lib/python3.12/site-packages /usr/bin/python3 -W ignore:setup.py install is deprecated -W ignore:easy_install command is deprecated setup.py develop --editable --build-directory /workspaces/build/yolo_ros/build --no-deps symlink_data
[1.265s] Level 1:colcon.colcon_core.shell:create_environment_hook('arm_ik', 'pythonpath_develop')
[1.266s] INFO:colcon.colcon_core.shell:Creating environment hook '/workspaces/build/arm_ik/share/arm_ik/hook/pythonpath_develop.ps1'
[1.266s] DEBUG:colcon.colcon_core.event_handler.log_command:Invoked command in '/workspaces/build/arm_ik' returned '0': PYTHONPATH=/workspaces/build/arm_ik/prefix_override:/usr/lib/python3/dist-packages/colcon_core/task/python/colcon_distutils_commands:/workspaces/install/arm_ik/lib/python3.12/site-packages:${PYTHONPATH} /usr/bin/python3 -W ignore:setup.py install is deprecated -W ignore:easy_install command is deprecated setup.py develop --editable --build-directory /workspaces/build/arm_ik/build --no-deps symlink_data
[1.266s] INFO:colcon.colcon_core.shell:Creating environment descriptor '/workspaces/build/arm_ik/share/arm_ik/hook/pythonpath_develop.dsv'
[1.267s] INFO:colcon.colcon_core.shell:Creating environment hook '/workspaces/build/arm_ik/share/arm_ik/hook/pythonpath_develop.sh'
[1.267s] Level 1:colcon.colcon_core.environment:checking '/workspaces/install/arm_ik' for CMake module files
[1.267s] Level 1:colcon.colcon_core.environment:checking '/workspaces/install/arm_ik' for CMake config files
[1.268s] Level 1:colcon.colcon_core.environment:checking '/workspaces/install/arm_ik/lib'
[1.268s] Level 1:colcon.colcon_core.environment:checking '/workspaces/install/arm_ik/bin'
[1.268s] Level 1:colcon.colcon_core.shell:create_environment_hook('arm_ik', 'path')
[1.268s] INFO:colcon.colcon_core.shell:Creating environment hook '/workspaces/install/arm_ik/share/arm_ik/hook/path.ps1'
[1.268s] INFO:colcon.colcon_core.shell:Creating environment descriptor '/workspaces/install/arm_ik/share/arm_ik/hook/path.dsv'
[1.268s] INFO:colcon.colcon_core.shell:Creating environment hook '/workspaces/install/arm_ik/share/arm_ik/hook/path.sh'
[1.268s] Level 1:colcon.colcon_core.environment:checking '/workspaces/install/arm_ik/lib/pkgconfig/arm_ik.pc'
[1.269s] Level 1:colcon.colcon_core.environment:checking '/workspaces/install/arm_ik/lib/python3.12/site-packages'
[1.269s] Level 1:colcon.colcon_core.shell:create_environment_hook('arm_ik', 'pythonpath')
[1.269s] INFO:colcon.colcon_core.shell:Creating environment hook '/workspaces/install/arm_ik/share/arm_ik/hook/pythonpath.ps1'
[1.269s] INFO:colcon.colcon_core.shell:Creating environment descriptor '/workspaces/install/arm_ik/share/arm_ik/hook/pythonpath.dsv'
[1.269s] INFO:colcon.colcon_core.shell:Creating environment hook '/workspaces/install/arm_ik/share/arm_ik/hook/pythonpath.sh'
[1.269s] Level 1:colcon.colcon_core.environment:checking '/workspaces/install/arm_ik/bin'
[1.270s] Level 1:colcon.colcon_core.shell:create_environment_hook('arm_ik', 'pythonscriptspath')
[1.270s] INFO:colcon.colcon_core.shell:Creating environment hook '/workspaces/install/arm_ik/share/arm_ik/hook/pythonscriptspath.ps1'
[1.270s] INFO:colcon.colcon_core.shell:Creating environment descriptor '/workspaces/install/arm_ik/share/arm_ik/hook/pythonscriptspath.dsv'
[1.270s] INFO:colcon.colcon_core.shell:Creating environment hook '/workspaces/install/arm_ik/share/arm_ik/hook/pythonscriptspath.sh'
[1.270s] Level 1:colcon.colcon_core.environment:create_environment_scripts_only(arm_ik)
[1.270s] INFO:colcon.colcon_core.shell:Creating package script '/workspaces/install/arm_ik/share/arm_ik/package.ps1'
[1.271s] INFO:colcon.colcon_core.shell:Creating package descriptor '/workspaces/install/arm_ik/share/arm_ik/package.dsv'
[1.271s] INFO:colcon.colcon_core.shell:Creating package script '/workspaces/install/arm_ik/share/arm_ik/package.sh'
[1.271s] INFO:colcon.colcon_core.shell:Creating package script '/workspaces/install/arm_ik/share/arm_ik/package.bash'
[1.271s] INFO:colcon.colcon_core.shell:Creating package script '/workspaces/install/arm_ik/share/arm_ik/package.zsh'
[1.272s] Level 1:colcon.colcon_core.environment:create_file_with_runtime_dependencies(/workspaces/install/arm_ik/share/colcon-core/packages/arm_ik)
[1.288s] Level 1:colcon.colcon_core.shell:create_environment_hook('handsfree_imu_ros2', 'pythonpath_develop')
[1.288s] INFO:colcon.colcon_core.shell:Creating environment hook '/workspaces/build/handsfree_imu_ros2/share/handsfree_imu_ros2/hook/pythonpath_develop.ps1'
[1.288s] DEBUG:colcon.colcon_core.event_handler.log_command:Invoked command in '/workspaces/build/handsfree_imu_ros2' returned '0': PYTHONPATH=/workspaces/build/handsfree_imu_ros2/prefix_override:/usr/lib/python3/dist-packages/colcon_core/task/python/colcon_distutils_commands:/workspaces/install/handsfree_imu_ros2/lib/python3.12/site-packages:${PYTHONPATH} /usr/bin/python3 -W ignore:setup.py install is deprecated -W ignore:easy_install command is deprecated setup.py develop --editable --build-directory /workspaces/build/handsfree_imu_ros2/build --no-deps symlink_data
[1.289s] INFO:colcon.colcon_core.shell:Creating environment descriptor '/workspaces/build/handsfree_imu_ros2/share/handsfree_imu_ros2/hook/pythonpath_develop.dsv'
[1.289s] INFO:colcon.colcon_core.shell:Creating environment hook '/workspaces/build/handsfree_imu_ros2/share/handsfree_imu_ros2/hook/pythonpath_develop.sh'
[1.289s] Level 1:colcon.colcon_core.environment:checking '/workspaces/install/handsfree_imu_ros2' for CMake module files
[1.290s] Level 1:colcon.colcon_core.environment:checking '/workspaces/install/handsfree_imu_ros2' for CMake config files
[1.290s] Level 1:colcon.colcon_core.environment:checking '/workspaces/install/handsfree_imu_ros2/lib'
[1.290s] Level 1:colcon.colcon_core.environment:checking '/workspaces/install/handsfree_imu_ros2/bin'
[1.290s] Level 1:colcon.colcon_core.environment:checking '/workspaces/install/handsfree_imu_ros2/lib/pkgconfig/handsfree_imu_ros2.pc'
[1.290s] Level 1:colcon.colcon_core.environment:checking '/workspaces/install/handsfree_imu_ros2/lib/python3.12/site-packages'
[1.290s] Level 1:colcon.colcon_core.shell:create_environment_hook('handsfree_imu_ros2', 'pythonpath')
[1.290s] INFO:colcon.colcon_core.shell:Creating environment hook '/workspaces/install/handsfree_imu_ros2/share/handsfree_imu_ros2/hook/pythonpath.ps1'
[1.291s] INFO:colcon.colcon_core.shell:Creating environment descriptor '/workspaces/install/handsfree_imu_ros2/share/handsfree_imu_ros2/hook/pythonpath.dsv'
[1.291s] INFO:colcon.colcon_core.shell:Creating environment hook '/workspaces/install/handsfree_imu_ros2/share/handsfree_imu_ros2/hook/pythonpath.sh'
[1.291s] Level 1:colcon.colcon_core.environment:checking '/workspaces/install/handsfree_imu_ros2/bin'
[1.291s] Level 1:colcon.colcon_core.environment:create_environment_scripts_only(handsfree_imu_ros2)
[1.292s] INFO:colcon.colcon_core.shell:Creating package script '/workspaces/install/handsfree_imu_ros2/share/handsfree_imu_ros2/package.ps1'
[1.292s] INFO:colcon.colcon_core.shell:Creating package descriptor '/workspaces/install/handsfree_imu_ros2/share/handsfree_imu_ros2/package.dsv'
[1.292s] INFO:colcon.colcon_core.shell:Creating package script '/workspaces/install/handsfree_imu_ros2/share/handsfree_imu_ros2/package.sh'
[1.293s] INFO:colcon.colcon_core.shell:Creating package script '/workspaces/install/handsfree_imu_ros2/share/handsfree_imu_ros2/package.bash'
[1.293s] INFO:colcon.colcon_core.shell:Creating package script '/workspaces/install/handsfree_imu_ros2/share/handsfree_imu_ros2/package.zsh'
[1.293s] Level 1:colcon.colcon_core.environment:create_file_with_runtime_dependencies(/workspaces/install/handsfree_imu_ros2/share/colcon-core/packages/handsfree_imu_ros2)
[1.295s] Level 1:colcon.colcon_core.shell:create_environment_hook('wildbot_control', 'pythonpath_develop')
[1.295s] INFO:colcon.colcon_core.shell:Creating environment hook '/workspaces/build/wildbot_control/share/wildbot_control/hook/pythonpath_develop.ps1'
[1.295s] DEBUG:colcon.colcon_core.event_handler.log_command:Invoked command in '/workspaces/build/wildbot_control' returned '0': PYTHONPATH=/workspaces/build/wildbot_control/prefix_override:/usr/lib/python3/dist-packages/colcon_core/task/python/colcon_distutils_commands:/workspaces/install/wildbot_control/lib/python3.12/site-packages:${PYTHONPATH} /usr/bin/python3 -W ignore:setup.py install is deprecated -W ignore:easy_install command is deprecated setup.py develop --editable --build-directory /workspaces/build/wildbot_control/build --no-deps symlink_data
[1.295s] INFO:colcon.colcon_core.shell:Creating environment descriptor '/workspaces/build/wildbot_control/share/wildbot_control/hook/pythonpath_develop.dsv'
[1.296s] INFO:colcon.colcon_core.shell:Creating environment hook '/workspaces/build/wildbot_control/share/wildbot_control/hook/pythonpath_develop.sh'
[1.296s] Level 1:colcon.colcon_core.environment:checking '/workspaces/install/wildbot_control' for CMake module files
[1.296s] Level 1:colcon.colcon_core.environment:checking '/workspaces/install/wildbot_control' for CMake config files
[1.296s] Level 1:colcon.colcon_core.environment:checking '/workspaces/install/wildbot_control/lib'
[1.296s] Level 1:colcon.colcon_core.environment:checking '/workspaces/install/wildbot_control/bin'
[1.296s] Level 1:colcon.colcon_core.environment:checking '/workspaces/install/wildbot_control/lib/pkgconfig/wildbot_control.pc'
[1.297s] Level 1:colcon.colcon_core.environment:checking '/workspaces/install/wildbot_control/lib/python3.12/site-packages'
[1.297s] Level 1:colcon.colcon_core.shell:create_environment_hook('wildbot_control', 'pythonpath')
[1.297s] INFO:colcon.colcon_core.shell:Creating environment hook '/workspaces/install/wildbot_control/share/wildbot_control/hook/pythonpath.ps1'
[1.297s] INFO:colcon.colcon_core.shell:Creating environment descriptor '/workspaces/install/wildbot_control/share/wildbot_control/hook/pythonpath.dsv'
[1.297s] INFO:colcon.colcon_core.shell:Creating environment hook '/workspaces/install/wildbot_control/share/wildbot_control/hook/pythonpath.sh'
[1.298s] Level 1:colcon.colcon_core.environment:checking '/workspaces/install/wildbot_control/bin'
[1.298s] Level 1:colcon.colcon_core.environment:create_environment_scripts_only(wildbot_control)
[1.298s] INFO:colcon.colcon_core.shell:Creating package script '/workspaces/install/wildbot_control/share/wildbot_control/package.ps1'
[1.298s] INFO:colcon.colcon_core.shell:Creating package descriptor '/workspaces/install/wildbot_control/share/wildbot_control/package.dsv'
[1.298s] INFO:colcon.colcon_core.shell:Creating package script '/workspaces/install/wildbot_control/share/wildbot_control/package.sh'
[1.299s] INFO:colcon.colcon_core.shell:Creating package script '/workspaces/install/wildbot_control/share/wildbot_control/package.bash'
[1.299s] INFO:colcon.colcon_core.shell:Creating package script '/workspaces/install/wildbot_control/share/wildbot_control/package.zsh'
[1.299s] Level 1:colcon.colcon_core.environment:create_file_with_runtime_dependencies(/workspaces/install/wildbot_control/share/colcon-core/packages/wildbot_control)
[1.481s] Level 1:colcon.colcon_core.shell:create_environment_hook('yolo_ros', 'pythonpath_develop')
[1.481s] INFO:colcon.colcon_core.shell:Creating environment hook '/workspaces/build/yolo_ros/share/yolo_ros/hook/pythonpath_develop.ps1'
[1.481s] DEBUG:colcon.colcon_core.event_handler.log_command:Invoked command in '/workspaces/build/yolo_ros' returned '0': CMAKE_PREFIX_PATH=/workspaces/install/yolo_msgs:/workspaces/install/yolo_bringup:/workspaces/install/ydlidar_ros2_driver:/workspaces/install/wildbot_slam:/workspaces/install/wildbot_localization:/robot_ws/install/orbbec_description:/robot_ws/install/orbbec_camera:/robot_ws/install/orbbec_camera_msgs:/robot_ws/install/oradar_lidar:/robot_ws/install/kros_car:/robot_ws/install/kros_car_description:/opt/ros/jazzy/opt/sdformat_vendor:/opt/ros/jazzy/opt/gz_math_vendor:/opt/ros/jazzy/opt/gz_utils_vendor:/opt/ros/jazzy/opt/gz_tools_vendor:/opt/ros/jazzy/opt/gz_cmake_vendor PYTHONPATH=/workspaces/build/yolo_ros/prefix_override:/usr/lib/python3/dist-packages/colcon_core/task/python/colcon_distutils_commands:/workspaces/install/yolo_ros/lib/python3.12/site-packages:/workspaces/install/yolo_msgs/lib/python3.12/site-packages:/workspaces/build/yolo_ros:/workspaces/build/wildbot_control:/workspaces/build/handsfree_imu_ros2:/workspaces/build/arm_ik:/workspaces/install/yolo_ros/lib/python3.12/site-packages:/workspaces/install/wildbot_control/lib/python3.12/site-packages:/workspaces/install/handsfree_imu_ros2/lib/python3.12/site-packages:/workspaces/install/arm_ik/lib/python3.12/site-packages:/robot_ws/install/orbbec_camera_msgs/lib/python3.12/site-packages:/robot_ws/build/lidar_pkg:/robot_ws/install/lidar_pkg/lib/python3.12/site-packages:/opt/ros/jazzy/lib/python3.12/site-packages /usr/bin/python3 -W ignore:setup.py install is deprecated -W ignore:easy_install command is deprecated setup.py develop --editable --build-directory /workspaces/build/yolo_ros/build --no-deps symlink_data
[1.482s] INFO:colcon.colcon_core.shell:Creating environment descriptor '/workspaces/build/yolo_ros/share/yolo_ros/hook/pythonpath_develop.dsv'
[1.482s] INFO:colcon.colcon_core.shell:Creating environment hook '/workspaces/build/yolo_ros/share/yolo_ros/hook/pythonpath_develop.sh'
[1.482s] Level 1:colcon.colcon_core.environment:checking '/workspaces/install/yolo_ros' for CMake module files
[1.482s] Level 1:colcon.colcon_core.environment:checking '/workspaces/install/yolo_ros' for CMake config files
[1.483s] Level 1:colcon.colcon_core.environment:checking '/workspaces/install/yolo_ros/lib'
[1.483s] Level 1:colcon.colcon_core.environment:checking '/workspaces/install/yolo_ros/bin'
[1.483s] Level 1:colcon.colcon_core.environment:checking '/workspaces/install/yolo_ros/lib/pkgconfig/yolo_ros.pc'
[1.483s] Level 1:colcon.colcon_core.environment:checking '/workspaces/install/yolo_ros/lib/python3.12/site-packages'
[1.483s] Level 1:colcon.colcon_core.shell:create_environment_hook('yolo_ros', 'pythonpath')
[1.483s] INFO:colcon.colcon_core.shell:Creating environment hook '/workspaces/install/yolo_ros/share/yolo_ros/hook/pythonpath.ps1'
[1.483s] INFO:colcon.colcon_core.shell:Creating environment descriptor '/workspaces/install/yolo_ros/share/yolo_ros/hook/pythonpath.dsv'
[1.483s] INFO:colcon.colcon_core.shell:Creating environment hook '/workspaces/install/yolo_ros/share/yolo_ros/hook/pythonpath.sh'
[1.484s] Level 1:colcon.colcon_core.environment:checking '/workspaces/install/yolo_ros/bin'
[1.484s] Level 1:colcon.colcon_core.environment:create_environment_scripts_only(yolo_ros)
[1.484s] INFO:colcon.colcon_core.shell:Creating package script '/workspaces/install/yolo_ros/share/yolo_ros/package.ps1'
[1.484s] INFO:colcon.colcon_core.shell:Creating package descriptor '/workspaces/install/yolo_ros/share/yolo_ros/package.dsv'
[1.485s] INFO:colcon.colcon_core.shell:Creating package script '/workspaces/install/yolo_ros/share/yolo_ros/package.sh'
[1.485s] INFO:colcon.colcon_core.shell:Creating package script '/workspaces/install/yolo_ros/share/yolo_ros/package.bash'
[1.485s] INFO:colcon.colcon_core.shell:Creating package script '/workspaces/install/yolo_ros/share/yolo_ros/package.zsh'
[1.485s] Level 1:colcon.colcon_core.environment:create_file_with_runtime_dependencies(/workspaces/install/yolo_ros/share/colcon-core/packages/yolo_ros)
[1.485s] INFO:colcon.colcon_ros.task.ament_cmake.build:Building ROS package in '/workspaces/workspaces/src/yolo_ros-main/yolo_bringup' with build type 'ament_cmake'
[1.485s] INFO:colcon.colcon_cmake.task.cmake.build:Building CMake package in '/workspaces/workspaces/src/yolo_ros-main/yolo_bringup'
[1.485s] INFO:colcon.colcon_core.shell:Skip shell extension 'powershell' for command environment: Not usable outside of PowerShell
[1.485s] DEBUG:colcon.colcon_core.shell:Skip shell extension 'dsv' for command environment
[1.494s] DEBUG:colcon.colcon_core.event_handler.log_command:Invoking command in '/workspaces/build/yolo_bringup': AMENT_PREFIX_PATH=/workspaces/install/yolo_ros:/workspaces/install/yolo_bringup:/workspaces/install/yolo_msgs:/workspaces/install/ydlidar_ros2_driver:/workspaces/install/wildbot_slam:/workspaces/install/wildbot_localization:/workspaces/install/wildbot_control:/workspaces/install/handsfree_imu_ros2:/workspaces/install/arm_ik:/robot_ws/install/orbbec_description:/robot_ws/install/orbbec_camera:/robot_ws/install/orbbec_camera_msgs:/robot_ws/install/oradar_lidar:/robot_ws/install/lidar_pkg:/robot_ws/install/kros_car:/robot_ws/install/kros_car_description:/opt/ros/jazzy CMAKE_PREFIX_PATH=/workspaces/install/yolo_msgs:/workspaces/install/yolo_bringup:/workspaces/install/ydlidar_ros2_driver:/workspaces/install/wildbot_slam:/workspaces/install/wildbot_localization:/robot_ws/install/orbbec_description:/robot_ws/install/orbbec_camera:/robot_ws/install/orbbec_camera_msgs:/robot_ws/install/oradar_lidar:/robot_ws/install/kros_car:/robot_ws/install/kros_car_description:/opt/ros/jazzy/opt/sdformat_vendor:/opt/ros/jazzy/opt/gz_math_vendor:/opt/ros/jazzy/opt/gz_utils_vendor:/opt/ros/jazzy/opt/gz_tools_vendor:/opt/ros/jazzy/opt/gz_cmake_vendor:/workspaces/install/yolo_ros:/workspaces/install/wildbot_control:/workspaces/install/handsfree_imu_ros2:/workspaces/install/arm_ik:/robot_ws/install/lidar_pkg:/opt/ros/jazzy PYTHONPATH=/workspaces/build/yolo_ros:/workspaces/install/yolo_ros/lib/python3.12/site-packages:/workspaces/install/yolo_msgs/lib/python3.12/site-packages:/workspaces/build/wildbot_control:/workspaces/build/handsfree_imu_ros2:/workspaces/build/arm_ik:/workspaces/install/wildbot_control/lib/python3.12/site-packages:/workspaces/install/handsfree_imu_ros2/lib/python3.12/site-packages:/workspaces/install/arm_ik/lib/python3.12/site-packages:/robot_ws/install/orbbec_camera_msgs/lib/python3.12/site-packages:/robot_ws/build/lidar_pkg:/robot_ws/install/lidar_pkg/lib/python3.12/site-packages:/opt/ros/jazzy/lib/python3.12/site-packages /usr/bin/cmake --build /workspaces/build/yolo_bringup -- -j16 -l16
[1.522s] DEBUG:colcon.colcon_core.event_handler.log_command:Invoked command in '/workspaces/build/yolo_bringup' returned '0': AMENT_PREFIX_PATH=/workspaces/install/yolo_ros:/workspaces/install/yolo_bringup:/workspaces/install/yolo_msgs:/workspaces/install/ydlidar_ros2_driver:/workspaces/install/wildbot_slam:/workspaces/install/wildbot_localization:/workspaces/install/wildbot_control:/workspaces/install/handsfree_imu_ros2:/workspaces/install/arm_ik:/robot_ws/install/orbbec_description:/robot_ws/install/orbbec_camera:/robot_ws/install/orbbec_camera_msgs:/robot_ws/install/oradar_lidar:/robot_ws/install/lidar_pkg:/robot_ws/install/kros_car:/robot_ws/install/kros_car_description:/opt/ros/jazzy CMAKE_PREFIX_PATH=/workspaces/install/yolo_msgs:/workspaces/install/yolo_bringup:/workspaces/install/ydlidar_ros2_driver:/workspaces/install/wildbot_slam:/workspaces/install/wildbot_localization:/robot_ws/install/orbbec_description:/robot_ws/install/orbbec_camera:/robot_ws/install/orbbec_camera_msgs:/robot_ws/install/oradar_lidar:/robot_ws/install/kros_car:/robot_ws/install/kros_car_description:/opt/ros/jazzy/opt/sdformat_vendor:/opt/ros/jazzy/opt/gz_math_vendor:/opt/ros/jazzy/opt/gz_utils_vendor:/opt/ros/jazzy/opt/gz_tools_vendor:/opt/ros/jazzy/opt/gz_cmake_vendor:/workspaces/install/yolo_ros:/workspaces/install/wildbot_control:/workspaces/install/handsfree_imu_ros2:/workspaces/install/arm_ik:/robot_ws/install/lidar_pkg:/opt/ros/jazzy PYTHONPATH=/workspaces/build/yolo_ros:/workspaces/install/yolo_ros/lib/python3.12/site-packages:/workspaces/install/yolo_msgs/lib/python3.12/site-packages:/workspaces/build/wildbot_control:/workspaces/build/handsfree_imu_ros2:/workspaces/build/arm_ik:/workspaces/install/wildbot_control/lib/python3.12/site-packages:/workspaces/install/handsfree_imu_ros2/lib/python3.12/site-packages:/workspaces/install/arm_ik/lib/python3.12/site-packages:/robot_ws/install/orbbec_camera_msgs/lib/python3.12/site-packages:/robot_ws/build/lidar_pkg:/robot_ws/install/lidar_pkg/lib/python3.12/site-packages:/opt/ros/jazzy/lib/python3.12/site-packages /usr/bin/cmake --build /workspaces/build/yolo_bringup -- -j16 -l16
[1.522s] DEBUG:colcon.colcon_core.event_handler.log_command:Invoking command in '/workspaces/build/yolo_bringup': AMENT_PREFIX_PATH=/workspaces/install/yolo_ros:/workspaces/install/yolo_bringup:/workspaces/install/yolo_msgs:/workspaces/install/ydlidar_ros2_driver:/workspaces/install/wildbot_slam:/workspaces/install/wildbot_localization:/workspaces/install/wildbot_control:/workspaces/install/handsfree_imu_ros2:/workspaces/install/arm_ik:/robot_ws/install/orbbec_description:/robot_ws/install/orbbec_camera:/robot_ws/install/orbbec_camera_msgs:/robot_ws/install/oradar_lidar:/robot_ws/install/lidar_pkg:/robot_ws/install/kros_car:/robot_ws/install/kros_car_description:/opt/ros/jazzy CMAKE_PREFIX_PATH=/workspaces/install/yolo_msgs:/workspaces/install/yolo_bringup:/workspaces/install/ydlidar_ros2_driver:/workspaces/install/wildbot_slam:/workspaces/install/wildbot_localization:/robot_ws/install/orbbec_description:/robot_ws/install/orbbec_camera:/robot_ws/install/orbbec_camera_msgs:/robot_ws/install/oradar_lidar:/robot_ws/install/kros_car:/robot_ws/install/kros_car_description:/opt/ros/jazzy/opt/sdformat_vendor:/opt/ros/jazzy/opt/gz_math_vendor:/opt/ros/jazzy/opt/gz_utils_vendor:/opt/ros/jazzy/opt/gz_tools_vendor:/opt/ros/jazzy/opt/gz_cmake_vendor:/workspaces/install/yolo_ros:/workspaces/install/wildbot_control:/workspaces/install/handsfree_imu_ros2:/workspaces/install/arm_ik:/robot_ws/install/lidar_pkg:/opt/ros/jazzy PYTHONPATH=/workspaces/build/yolo_ros:/workspaces/install/yolo_ros/lib/python3.12/site-packages:/workspaces/install/yolo_msgs/lib/python3.12/site-packages:/workspaces/build/wildbot_control:/workspaces/build/handsfree_imu_ros2:/workspaces/build/arm_ik:/workspaces/install/wildbot_control/lib/python3.12/site-packages:/workspaces/install/handsfree_imu_ros2/lib/python3.12/site-packages:/workspaces/install/arm_ik/lib/python3.12/site-packages:/robot_ws/install/orbbec_camera_msgs/lib/python3.12/site-packages:/robot_ws/build/lidar_pkg:/robot_ws/install/lidar_pkg/lib/python3.12/site-packages:/opt/ros/jazzy/lib/python3.12/site-packages /usr/bin/cmake --install /workspaces/build/yolo_bringup
[1.540s] Level 1:colcon.colcon_core.environment:create_environment_scripts_only(yolo_bringup)
[1.541s] Level 1:colcon.colcon_core.environment:checking '/workspaces/install/yolo_bringup' for CMake module files
[1.541s] DEBUG:colcon.colcon_core.event_handler.log_command:Invoked command in '/workspaces/build/yolo_bringup' returned '0': AMENT_PREFIX_PATH=/workspaces/install/yolo_ros:/workspaces/install/yolo_bringup:/workspaces/install/yolo_msgs:/workspaces/install/ydlidar_ros2_driver:/workspaces/install/wildbot_slam:/workspaces/install/wildbot_localization:/workspaces/install/wildbot_control:/workspaces/install/handsfree_imu_ros2:/workspaces/install/arm_ik:/robot_ws/install/orbbec_description:/robot_ws/install/orbbec_camera:/robot_ws/install/orbbec_camera_msgs:/robot_ws/install/oradar_lidar:/robot_ws/install/lidar_pkg:/robot_ws/install/kros_car:/robot_ws/install/kros_car_description:/opt/ros/jazzy CMAKE_PREFIX_PATH=/workspaces/install/yolo_msgs:/workspaces/install/yolo_bringup:/workspaces/install/ydlidar_ros2_driver:/workspaces/install/wildbot_slam:/workspaces/install/wildbot_localization:/robot_ws/install/orbbec_description:/robot_ws/install/orbbec_camera:/robot_ws/install/orbbec_camera_msgs:/robot_ws/install/oradar_lidar:/robot_ws/install/kros_car:/robot_ws/install/kros_car_description:/opt/ros/jazzy/opt/sdformat_vendor:/opt/ros/jazzy/opt/gz_math_vendor:/opt/ros/jazzy/opt/gz_utils_vendor:/opt/ros/jazzy/opt/gz_tools_vendor:/opt/ros/jazzy/opt/gz_cmake_vendor:/workspaces/install/yolo_ros:/workspaces/install/wildbot_control:/workspaces/install/handsfree_imu_ros2:/workspaces/install/arm_ik:/robot_ws/install/lidar_pkg:/opt/ros/jazzy PYTHONPATH=/workspaces/build/yolo_ros:/workspaces/install/yolo_ros/lib/python3.12/site-packages:/workspaces/install/yolo_msgs/lib/python3.12/site-packages:/workspaces/build/wildbot_control:/workspaces/build/handsfree_imu_ros2:/workspaces/build/arm_ik:/workspaces/install/wildbot_control/lib/python3.12/site-packages:/workspaces/install/handsfree_imu_ros2/lib/python3.12/site-packages:/workspaces/install/arm_ik/lib/python3.12/site-packages:/robot_ws/install/orbbec_camera_msgs/lib/python3.12/site-packages:/robot_ws/build/lidar_pkg:/robot_ws/install/lidar_pkg/lib/python3.12/site-packages:/opt/ros/jazzy/lib/python3.12/site-packages /usr/bin/cmake --install /workspaces/build/yolo_bringup
[1.541s] Level 1:colcon.colcon_core.environment:checking '/workspaces/install/yolo_bringup' for CMake config files
[1.541s] Level 1:colcon.colcon_core.shell:create_environment_hook('yolo_bringup', 'cmake_prefix_path')
[1.541s] INFO:colcon.colcon_core.shell:Creating environment hook '/workspaces/install/yolo_bringup/share/yolo_bringup/hook/cmake_prefix_path.ps1'
[1.542s] INFO:colcon.colcon_core.shell:Creating environment descriptor '/workspaces/install/yolo_bringup/share/yolo_bringup/hook/cmake_prefix_path.dsv'
[1.542s] INFO:colcon.colcon_core.shell:Creating environment hook '/workspaces/install/yolo_bringup/share/yolo_bringup/hook/cmake_prefix_path.sh'
[1.542s] Level 1:colcon.colcon_core.environment:checking '/workspaces/install/yolo_bringup/bin'
[1.542s] Level 1:colcon.colcon_core.environment:checking '/workspaces/install/yolo_bringup/lib/pkgconfig/yolo_bringup.pc'
[1.542s] Level 1:colcon.colcon_core.environment:checking '/workspaces/install/yolo_bringup/lib/python3.12/site-packages'
[1.542s] Level 1:colcon.colcon_core.environment:checking '/workspaces/install/yolo_bringup/bin'
[1.543s] INFO:colcon.colcon_core.shell:Creating package script '/workspaces/install/yolo_bringup/share/yolo_bringup/package.ps1'
[1.543s] INFO:colcon.colcon_core.shell:Creating package descriptor '/workspaces/install/yolo_bringup/share/yolo_bringup/package.dsv'
[1.543s] INFO:colcon.colcon_core.shell:Creating package script '/workspaces/install/yolo_bringup/share/yolo_bringup/package.sh'
[1.543s] INFO:colcon.colcon_core.shell:Creating package script '/workspaces/install/yolo_bringup/share/yolo_bringup/package.bash'
[1.543s] INFO:colcon.colcon_core.shell:Creating package script '/workspaces/install/yolo_bringup/share/yolo_bringup/package.zsh'
[1.543s] Level 1:colcon.colcon_core.environment:create_file_with_runtime_dependencies(/workspaces/install/yolo_bringup/share/colcon-core/packages/yolo_bringup)
[1.544s] Level 1:colcon.colcon_core.environment:create_environment_scripts_only(yolo_bringup)
[1.544s] Level 1:colcon.colcon_core.environment:checking '/workspaces/install/yolo_bringup' for CMake module files
[1.544s] Level 1:colcon.colcon_core.environment:checking '/workspaces/install/yolo_bringup' for CMake config files
[1.544s] Level 1:colcon.colcon_core.shell:create_environment_hook('yolo_bringup', 'cmake_prefix_path')
[1.544s] INFO:colcon.colcon_core.shell:Creating environment hook '/workspaces/install/yolo_bringup/share/yolo_bringup/hook/cmake_prefix_path.ps1'
[1.544s] INFO:colcon.colcon_core.shell:Creating environment descriptor '/workspaces/install/yolo_bringup/share/yolo_bringup/hook/cmake_prefix_path.dsv'
[1.544s] INFO:colcon.colcon_core.shell:Creating environment hook '/workspaces/install/yolo_bringup/share/yolo_bringup/hook/cmake_prefix_path.sh'
[1.545s] Level 1:colcon.colcon_core.environment:checking '/workspaces/install/yolo_bringup/bin'
[1.545s] Level 1:colcon.colcon_core.environment:checking '/workspaces/install/yolo_bringup/lib/pkgconfig/yolo_bringup.pc'
[1.545s] Level 1:colcon.colcon_core.environment:checking '/workspaces/install/yolo_bringup/lib/python3.12/site-packages'
[1.545s] Level 1:colcon.colcon_core.environment:checking '/workspaces/install/yolo_bringup/bin'
[1.545s] INFO:colcon.colcon_core.shell:Creating package script '/workspaces/install/yolo_bringup/share/yolo_bringup/package.ps1'
[1.546s] INFO:colcon.colcon_core.shell:Creating package descriptor '/workspaces/install/yolo_bringup/share/yolo_bringup/package.dsv'
[1.546s] INFO:colcon.colcon_core.shell:Creating package script '/workspaces/install/yolo_bringup/share/yolo_bringup/package.sh'
[1.546s] INFO:colcon.colcon_core.shell:Creating package script '/workspaces/install/yolo_bringup/share/yolo_bringup/package.bash'
[1.546s] INFO:colcon.colcon_core.shell:Creating package script '/workspaces/install/yolo_bringup/share/yolo_bringup/package.zsh'
[1.546s] Level 1:colcon.colcon_core.environment:create_file_with_runtime_dependencies(/workspaces/install/yolo_bringup/share/colcon-core/packages/yolo_bringup)
[1.546s] DEBUG:colcon.colcon_parallel_executor.executor.parallel:closing loop
[1.547s] DEBUG:colcon.colcon_parallel_executor.executor.parallel:loop closed
[1.547s] DEBUG:colcon.colcon_parallel_executor.executor.parallel:run_until_complete finished with '0'
[1.547s] DEBUG:colcon.colcon_core.event_reactor:joining thread
[1.551s] INFO:colcon.colcon_core.plugin_system:Skipping extension 'colcon_notification.desktop_notification.notify_send': Could not find 'notify-send'
[1.551s] INFO:colcon.colcon_core.plugin_system:Skipping extension 'colcon_notification.desktop_notification.terminal_notifier': Not used on non-Darwin systems
[1.551s] INFO:colcon.colcon_core.plugin_system:Skipping extension 'colcon_notification.desktop_notification.win32': Not used on non-Windows systems
[1.551s] INFO:colcon.colcon_notification.desktop_notification:Sending desktop notification using 'notify2'
[1.551s] DEBUG:colcon.colcon_notification.desktop_notification.notify2:Failed to initialize notify2: org.freedesktop.DBus.Error.NotSupported: Unable to autolaunch a dbus-daemon without a $DISPLAY for X11
[1.551s] DEBUG:colcon.colcon_core.event_reactor:joined thread
[1.552s] INFO:colcon.colcon_core.shell:Creating prefix script '/workspaces/install/local_setup.ps1'
[1.552s] INFO:colcon.colcon_core.shell:Creating prefix util module '/workspaces/install/_local_setup_util_ps1.py'
[1.553s] INFO:colcon.colcon_core.shell:Creating prefix chain script '/workspaces/install/setup.ps1'
[1.554s] INFO:colcon.colcon_core.shell:Creating prefix script '/workspaces/install/local_setup.sh'
[1.554s] INFO:colcon.colcon_core.shell:Creating prefix util module '/workspaces/install/_local_setup_util_sh.py'
[1.554s] INFO:colcon.colcon_core.shell:Creating prefix chain script '/workspaces/install/setup.sh'
[1.555s] INFO:colcon.colcon_core.shell:Creating prefix script '/workspaces/install/local_setup.bash'
[1.555s] INFO:colcon.colcon_core.shell:Creating prefix chain script '/workspaces/install/setup.bash'
[1.556s] INFO:colcon.colcon_core.shell:Creating prefix script '/workspaces/install/local_setup.zsh'
[1.556s] INFO:colcon.colcon_core.shell:Creating prefix chain script '/workspaces/install/setup.zsh'
