[0.000000] (-) TimerEvent: {}
[0.000155] (handsfree_imu_ros2) JobQueued: {'identifier': 'handsfree_imu_ros2', 'dependencies': OrderedDict()}
[0.000190] (wildbot_control) JobQueued: {'identifier': 'wildbot_control', 'dependencies': OrderedDict()}
[0.000208] (ydlidar_ros2_driver) JobQueued: {'identifier': 'ydlidar_ros2_driver', 'dependencies': OrderedDict()}
[0.000220] (yolo_msgs) JobQueued: {'identifier': 'yolo_msgs', 'dependencies': OrderedDict()}
[0.000231] (yolo_ros) JobQueued: {'identifier': 'yolo_ros', 'dependencies': OrderedDict({'yolo_msgs': '/workspaces/install/yolo_msgs'})}
[0.000250] (yolo_bringup) JobQueued: {'identifier': 'yolo_bringup', 'dependencies': OrderedDict({'yolo_msgs': '/workspaces/install/yolo_msgs', 'yolo_ros': '/workspaces/install/yolo_ros'})}
[0.000264] (yolo_msgs) JobStarted: {'identifier': 'yolo_msgs'}
[0.003385] (handsfree_imu_ros2) JobStarted: {'identifier': 'handsfree_imu_ros2'}
[0.005993] (wildbot_control) JobStarted: {'identifier': 'wildbot_control'}
[0.009133] (ydlidar_ros2_driver) JobStarted: {'identifier': 'ydlidar_ros2_driver'}
[0.011476] (yolo_msgs) JobProgress: {'identifier': 'yolo_msgs', 'progress': 'cmake'}
[0.011725] (yolo_msgs) JobProgress: {'identifier': 'yolo_msgs', 'progress': 'build'}
[0.012018] (yolo_msgs) Command: {'cmd': ['/usr/bin/cmake', '--build', '/workspaces/build/yolo_msgs', '--', '-j16', '-l16'], 'cwd': '/workspaces/build/yolo_msgs', 'env': OrderedDict({'HISTFILESIZE': '2147450879', 'GZ_CONFIG_PATH': '/opt/ros/jazzy/opt/sdformat_vendor/share/gz', 'HOSTNAME': '80d3b8a513ac', 'SHLVL': '1', 'LD_LIBRARY_PATH': '/opt/ros/jazzy/opt/sdformat_vendor/lib:/opt/ros/jazzy/opt/rviz_ogre_vendor/lib:/opt/ros/jazzy/lib/x86_64-linux-gnu:/opt/ros/jazzy/opt/gz_math_vendor/lib:/opt/ros/jazzy/opt/gz_utils_vendor/lib:/opt/ros/jazzy/opt/gz_tools_vendor/lib:/opt/ros/jazzy/opt/gz_cmake_vendor/lib:/opt/ros/jazzy/lib', 'LESS': '-R', 'HOME': '/root', 'LSCOLORS': 'Gxfxcxdxdxegedabagacad', 'ROS_PYTHON_VERSION': '3', 'PAGER': 'less', 'ROS_DISTRO': 'jazzy', 'OSH': '/root/.oh-my-bash', '_': '/usr/bin/colcon', 'ROS_VERSION': '2', 'TERM': 'xterm', 'DRIVER_WS': '/robot_ws', 'PATH': '/usr/lib/ccache:/opt/ros/jazzy/opt/gz_tools_vendor/bin:/opt/ros/jazzy/bin:/usr/local/sbin:/usr/local/bin:/usr/sbin:/usr/bin:/sbin:/bin', 'ydlidar_sdk_DIR': '/usr/lib/cmake/ydlidar_sdk', 'HISTSIZE': '2147450879', 'LANG': 'C.UTF-8', 'LS_COLORS': 'rs=0:di=01;34:ln=01;36:mh=00:pi=40;33:so=01;35:do=01;35:bd=40;33;01:cd=40;33;01:or=40;31;01:mi=00:su=37;41:sg=30;43:ca=00:tw=30;42:ow=34;42:st=37;44:ex=01;32:*.tar=01;31:*.tgz=01;31:*.arc=01;31:*.arj=01;31:*.taz=01;31:*.lha=01;31:*.lz4=01;31:*.lzh=01;31:*.lzma=01;31:*.tlz=01;31:*.txz=01;31:*.tzo=01;31:*.t7z=01;31:*.zip=01;31:*.z=01;31:*.dz=01;31:*.gz=01;31:*.lrz=01;31:*.lz=01;31:*.lzo=01;31:*.xz=01;31:*.zst=01;31:*.tzst=01;31:*.bz2=01;31:*.bz=01;31:*.tbz=01;31:*.tbz2=01;31:*.tz=01;31:*.deb=01;31:*.rpm=01;31:*.jar=01;31:*.war=01;31:*.ear=01;31:*.sar=01;31:*.rar=01;31:*.alz=01;31:*.ace=01;31:*.zoo=01;31:*.cpio=01;31:*.7z=01;31:*.rz=01;31:*.cab=01;31:*.wim=01;31:*.swm=01;31:*.dwm=01;31:*.esd=01;31:*.avif=01;35:*.jpg=01;35:*.jpeg=01;35:*.mjpg=01;35:*.mjpeg=01;35:*.gif=01;35:*.bmp=01;35:*.pbm=01;35:*.pgm=01;35:*.ppm=01;35:*.tga=01;35:*.xbm=01;35:*.xpm=01;35:*.tif=01;35:*.tiff=01;35:*.png=01;35:*.svg=01;35:*.svgz=01;35:*.mng=01;35:*.pcx=01;35:*.mov=01;35:*.mpg=01;35:*.mpeg=01;35:*.m2v=01;35:*.mkv=01;35:*.webm=01;35:*.webp=01;35:*.ogm=01;35:*.mp4=01;35:*.m4v=01;35:*.mp4v=01;35:*.vob=01;35:*.qt=01;35:*.nuv=01;35:*.wmv=01;35:*.asf=01;35:*.rm=01;35:*.rmvb=01;35:*.flc=01;35:*.avi=01;35:*.fli=01;35:*.flv=01;35:*.gl=01;35:*.dl=01;35:*.xcf=01;35:*.xwd=01;35:*.yuv=01;35:*.cgm=01;35:*.emf=01;35:*.ogv=01;35:*.ogx=01;35:*.aac=00;36:*.au=00;36:*.flac=00;36:*.m4a=00;36:*.mid=00;36:*.midi=00;36:*.mka=00;36:*.mp3=00;36:*.mpc=00;36:*.ogg=00;36:*.ra=00;36:*.wav=00;36:*.oga=00;36:*.opus=00;36:*.spx=00;36:*.xspf=00;36:*~=00;90:*#=00;90:*.bak=00;90:*.crdownload=00;90:*.dpkg-dist=00;90:*.dpkg-new=00;90:*.dpkg-old=00;90:*.dpkg-tmp=00;90:*.old=00;90:*.orig=00;90:*.part=00;90:*.rej=00;90:*.rpmnew=00;90:*.rpmorig=00;90:*.rpmsave=00;90:*.swp=00;90:*.tmp=00;90:*.ucf-dist=00;90:*.ucf-new=00;90:*.ucf-old=00;90:', 'ROS_DOMAIN_ID': '0', 'AMENT_PREFIX_PATH': '/opt/ros/jazzy', 'ROS_AUTOMATIC_DISCOVERY_RANGE': 'SUBNET', 'PWD': '/workspaces/build/yolo_msgs', 'LC_ALL': 'C.UTF-8', 'PYTHONPATH': '/opt/ros/jazzy/lib/python3.12/site-packages', 'COLCON': '1', 'CMAKE_PREFIX_PATH': '/opt/ros/jazzy/opt/sdformat_vendor:/opt/ros/jazzy/opt/gz_math_vendor:/opt/ros/jazzy/opt/gz_utils_vendor:/opt/ros/jazzy/opt/gz_tools_vendor:/opt/ros/jazzy/opt/gz_cmake_vendor:/opt/ros/jazzy', 'ROS2_WS': '/workspaces'}), 'shell': False}
[0.099509] (-) TimerEvent: {}
[0.199788] (-) TimerEvent: {}
[0.231585] (yolo_msgs) StdoutLine: {'line': b'[  0%] Built target yolo_msgs__rosidl_generator_type_description\n'}
[0.231886] (yolo_msgs) StdoutLine: {'line': b'[  0%] Built target ament_cmake_python_symlink_yolo_msgs\n'}
[0.232036] (yolo_msgs) StdoutLine: {'line': b'[  0%] Built target yolo_msgs__cpp\n'}
[0.232093] (yolo_msgs) StdoutLine: {'line': b'[ 26%] Built target yolo_msgs__rosidl_generator_c\n'}
[0.232144] (yolo_msgs) StdoutLine: {'line': b'[ 36%] Built target yolo_msgs__rosidl_typesupport_c\n'}
[0.232193] (yolo_msgs) StdoutLine: {'line': b'[ 55%] Built target yolo_msgs__rosidl_typesupport_introspection_c\n'}
[0.232241] (yolo_msgs) StdoutLine: {'line': b'[ 56%] Built target yolo_msgs__rosidl_typesupport_fastrtps_cpp\n'}
[0.232295] (yolo_msgs) StdoutLine: {'line': b'[ 75%] Built target yolo_msgs__rosidl_typesupport_fastrtps_c\n'}
[0.232559] (yolo_msgs) StdoutLine: {'line': b'[ 75%] Built target yolo_msgs__rosidl_typesupport_cpp\n'}
[0.232608] (yolo_msgs) StdoutLine: {'line': b'[ 85%] Built target yolo_msgs__rosidl_typesupport_introspection_cpp\n'}
[0.232655] (yolo_msgs) StdoutLine: {'line': b'[ 85%] Built target yolo_msgs\n'}
[0.232702] (yolo_msgs) StdoutLine: {'line': b'[ 86%] Built target yolo_msgs__py\n'}
[0.232747] (yolo_msgs) StdoutLine: {'line': b'[ 96%] Built target yolo_msgs__rosidl_generator_py\n'}
[0.232806] (yolo_msgs) StdoutLine: {'line': b'running egg_info\n'}
[0.232856] (yolo_msgs) StdoutLine: {'line': b'writing yolo_msgs.egg-info/PKG-INFO\n'}
[0.232902] (yolo_msgs) StdoutLine: {'line': b'writing dependency_links to yolo_msgs.egg-info/dependency_links.txt\n'}
[0.232946] (yolo_msgs) StdoutLine: {'line': b'writing top-level names to yolo_msgs.egg-info/top_level.txt\n'}
[0.233001] (yolo_msgs) StdoutLine: {'line': b'[ 99%] Built target yolo_msgs_s__rosidl_typesupport_fastrtps_c\n'}
[0.233077] (yolo_msgs) StdoutLine: {'line': b'[ 99%] Built target yolo_msgs_s__rosidl_typesupport_introspection_c\n'}
[0.233358] (yolo_msgs) StdoutLine: {'line': b'[100%] Built target yolo_msgs_s__rosidl_typesupport_c\n'}
[0.233472] (yolo_msgs) StdoutLine: {'line': b"reading manifest file 'yolo_msgs.egg-info/SOURCES.txt'\n"}
[0.233533] (yolo_msgs) StdoutLine: {'line': b"writing manifest file 'yolo_msgs.egg-info/SOURCES.txt'\n"}
[0.233584] (yolo_msgs) StdoutLine: {'line': b'[100%] Built target ament_cmake_python_build_yolo_msgs_egg\n'}
[0.233635] (yolo_msgs) CommandEnded: {'returncode': 0}
[0.233831] (yolo_msgs) JobProgress: {'identifier': 'yolo_msgs', 'progress': 'install'}
[0.238596] (yolo_msgs) Command: {'cmd': ['/usr/bin/cmake', '--install', '/workspaces/build/yolo_msgs'], 'cwd': '/workspaces/build/yolo_msgs', 'env': OrderedDict({'HISTFILESIZE': '2147450879', 'GZ_CONFIG_PATH': '/opt/ros/jazzy/opt/sdformat_vendor/share/gz', 'HOSTNAME': '80d3b8a513ac', 'SHLVL': '1', 'LD_LIBRARY_PATH': '/opt/ros/jazzy/opt/sdformat_vendor/lib:/opt/ros/jazzy/opt/rviz_ogre_vendor/lib:/opt/ros/jazzy/lib/x86_64-linux-gnu:/opt/ros/jazzy/opt/gz_math_vendor/lib:/opt/ros/jazzy/opt/gz_utils_vendor/lib:/opt/ros/jazzy/opt/gz_tools_vendor/lib:/opt/ros/jazzy/opt/gz_cmake_vendor/lib:/opt/ros/jazzy/lib', 'LESS': '-R', 'HOME': '/root', 'LSCOLORS': 'Gxfxcxdxdxegedabagacad', 'ROS_PYTHON_VERSION': '3', 'PAGER': 'less', 'ROS_DISTRO': 'jazzy', 'OSH': '/root/.oh-my-bash', '_': '/usr/bin/colcon', 'ROS_VERSION': '2', 'TERM': 'xterm', 'DRIVER_WS': '/robot_ws', 'PATH': '/usr/lib/ccache:/opt/ros/jazzy/opt/gz_tools_vendor/bin:/opt/ros/jazzy/bin:/usr/local/sbin:/usr/local/bin:/usr/sbin:/usr/bin:/sbin:/bin', 'ydlidar_sdk_DIR': '/usr/lib/cmake/ydlidar_sdk', 'HISTSIZE': '2147450879', 'LANG': 'C.UTF-8', 'LS_COLORS': 'rs=0:di=01;34:ln=01;36:mh=00:pi=40;33:so=01;35:do=01;35:bd=40;33;01:cd=40;33;01:or=40;31;01:mi=00:su=37;41:sg=30;43:ca=00:tw=30;42:ow=34;42:st=37;44:ex=01;32:*.tar=01;31:*.tgz=01;31:*.arc=01;31:*.arj=01;31:*.taz=01;31:*.lha=01;31:*.lz4=01;31:*.lzh=01;31:*.lzma=01;31:*.tlz=01;31:*.txz=01;31:*.tzo=01;31:*.t7z=01;31:*.zip=01;31:*.z=01;31:*.dz=01;31:*.gz=01;31:*.lrz=01;31:*.lz=01;31:*.lzo=01;31:*.xz=01;31:*.zst=01;31:*.tzst=01;31:*.bz2=01;31:*.bz=01;31:*.tbz=01;31:*.tbz2=01;31:*.tz=01;31:*.deb=01;31:*.rpm=01;31:*.jar=01;31:*.war=01;31:*.ear=01;31:*.sar=01;31:*.rar=01;31:*.alz=01;31:*.ace=01;31:*.zoo=01;31:*.cpio=01;31:*.7z=01;31:*.rz=01;31:*.cab=01;31:*.wim=01;31:*.swm=01;31:*.dwm=01;31:*.esd=01;31:*.avif=01;35:*.jpg=01;35:*.jpeg=01;35:*.mjpg=01;35:*.mjpeg=01;35:*.gif=01;35:*.bmp=01;35:*.pbm=01;35:*.pgm=01;35:*.ppm=01;35:*.tga=01;35:*.xbm=01;35:*.xpm=01;35:*.tif=01;35:*.tiff=01;35:*.png=01;35:*.svg=01;35:*.svgz=01;35:*.mng=01;35:*.pcx=01;35:*.mov=01;35:*.mpg=01;35:*.mpeg=01;35:*.m2v=01;35:*.mkv=01;35:*.webm=01;35:*.webp=01;35:*.ogm=01;35:*.mp4=01;35:*.m4v=01;35:*.mp4v=01;35:*.vob=01;35:*.qt=01;35:*.nuv=01;35:*.wmv=01;35:*.asf=01;35:*.rm=01;35:*.rmvb=01;35:*.flc=01;35:*.avi=01;35:*.fli=01;35:*.flv=01;35:*.gl=01;35:*.dl=01;35:*.xcf=01;35:*.xwd=01;35:*.yuv=01;35:*.cgm=01;35:*.emf=01;35:*.ogv=01;35:*.ogx=01;35:*.aac=00;36:*.au=00;36:*.flac=00;36:*.m4a=00;36:*.mid=00;36:*.midi=00;36:*.mka=00;36:*.mp3=00;36:*.mpc=00;36:*.ogg=00;36:*.ra=00;36:*.wav=00;36:*.oga=00;36:*.opus=00;36:*.spx=00;36:*.xspf=00;36:*~=00;90:*#=00;90:*.bak=00;90:*.crdownload=00;90:*.dpkg-dist=00;90:*.dpkg-new=00;90:*.dpkg-old=00;90:*.dpkg-tmp=00;90:*.old=00;90:*.orig=00;90:*.part=00;90:*.rej=00;90:*.rpmnew=00;90:*.rpmorig=00;90:*.rpmsave=00;90:*.swp=00;90:*.tmp=00;90:*.ucf-dist=00;90:*.ucf-new=00;90:*.ucf-old=00;90:', 'ROS_DOMAIN_ID': '0', 'AMENT_PREFIX_PATH': '/opt/ros/jazzy', 'ROS_AUTOMATIC_DISCOVERY_RANGE': 'SUBNET', 'PWD': '/workspaces/build/yolo_msgs', 'LC_ALL': 'C.UTF-8', 'PYTHONPATH': '/opt/ros/jazzy/lib/python3.12/site-packages', 'COLCON': '1', 'CMAKE_PREFIX_PATH': '/opt/ros/jazzy/opt/sdformat_vendor:/opt/ros/jazzy/opt/gz_math_vendor:/opt/ros/jazzy/opt/gz_utils_vendor:/opt/ros/jazzy/opt/gz_tools_vendor:/opt/ros/jazzy/opt/gz_cmake_vendor:/opt/ros/jazzy', 'ROS2_WS': '/workspaces'}), 'shell': False}
[0.239073] (ydlidar_ros2_driver) JobProgress: {'identifier': 'ydlidar_ros2_driver', 'progress': 'cmake'}
[0.239356] (ydlidar_ros2_driver) JobProgress: {'identifier': 'ydlidar_ros2_driver', 'progress': 'build'}
[0.239601] (ydlidar_ros2_driver) Command: {'cmd': ['/usr/bin/cmake', '--build', '/workspaces/build/ydlidar_ros2_driver', '--', '-j16', '-l16'], 'cwd': '/workspaces/build/ydlidar_ros2_driver', 'env': OrderedDict({'HISTFILESIZE': '2147450879', 'GZ_CONFIG_PATH': '/opt/ros/jazzy/opt/sdformat_vendor/share/gz', 'HOSTNAME': '80d3b8a513ac', 'SHLVL': '1', 'LD_LIBRARY_PATH': '/opt/ros/jazzy/opt/sdformat_vendor/lib:/opt/ros/jazzy/opt/rviz_ogre_vendor/lib:/opt/ros/jazzy/lib/x86_64-linux-gnu:/opt/ros/jazzy/opt/gz_math_vendor/lib:/opt/ros/jazzy/opt/gz_utils_vendor/lib:/opt/ros/jazzy/opt/gz_tools_vendor/lib:/opt/ros/jazzy/opt/gz_cmake_vendor/lib:/opt/ros/jazzy/lib', 'LESS': '-R', 'HOME': '/root', 'LSCOLORS': 'Gxfxcxdxdxegedabagacad', 'ROS_PYTHON_VERSION': '3', 'PAGER': 'less', 'ROS_DISTRO': 'jazzy', 'OSH': '/root/.oh-my-bash', '_': '/usr/bin/colcon', 'ROS_VERSION': '2', 'TERM': 'xterm', 'DRIVER_WS': '/robot_ws', 'PATH': '/usr/lib/ccache:/opt/ros/jazzy/opt/gz_tools_vendor/bin:/opt/ros/jazzy/bin:/usr/local/sbin:/usr/local/bin:/usr/sbin:/usr/bin:/sbin:/bin', 'ydlidar_sdk_DIR': '/usr/lib/cmake/ydlidar_sdk', 'HISTSIZE': '2147450879', 'LANG': 'C.UTF-8', 'LS_COLORS': 'rs=0:di=01;34:ln=01;36:mh=00:pi=40;33:so=01;35:do=01;35:bd=40;33;01:cd=40;33;01:or=40;31;01:mi=00:su=37;41:sg=30;43:ca=00:tw=30;42:ow=34;42:st=37;44:ex=01;32:*.tar=01;31:*.tgz=01;31:*.arc=01;31:*.arj=01;31:*.taz=01;31:*.lha=01;31:*.lz4=01;31:*.lzh=01;31:*.lzma=01;31:*.tlz=01;31:*.txz=01;31:*.tzo=01;31:*.t7z=01;31:*.zip=01;31:*.z=01;31:*.dz=01;31:*.gz=01;31:*.lrz=01;31:*.lz=01;31:*.lzo=01;31:*.xz=01;31:*.zst=01;31:*.tzst=01;31:*.bz2=01;31:*.bz=01;31:*.tbz=01;31:*.tbz2=01;31:*.tz=01;31:*.deb=01;31:*.rpm=01;31:*.jar=01;31:*.war=01;31:*.ear=01;31:*.sar=01;31:*.rar=01;31:*.alz=01;31:*.ace=01;31:*.zoo=01;31:*.cpio=01;31:*.7z=01;31:*.rz=01;31:*.cab=01;31:*.wim=01;31:*.swm=01;31:*.dwm=01;31:*.esd=01;31:*.avif=01;35:*.jpg=01;35:*.jpeg=01;35:*.mjpg=01;35:*.mjpeg=01;35:*.gif=01;35:*.bmp=01;35:*.pbm=01;35:*.pgm=01;35:*.ppm=01;35:*.tga=01;35:*.xbm=01;35:*.xpm=01;35:*.tif=01;35:*.tiff=01;35:*.png=01;35:*.svg=01;35:*.svgz=01;35:*.mng=01;35:*.pcx=01;35:*.mov=01;35:*.mpg=01;35:*.mpeg=01;35:*.m2v=01;35:*.mkv=01;35:*.webm=01;35:*.webp=01;35:*.ogm=01;35:*.mp4=01;35:*.m4v=01;35:*.mp4v=01;35:*.vob=01;35:*.qt=01;35:*.nuv=01;35:*.wmv=01;35:*.asf=01;35:*.rm=01;35:*.rmvb=01;35:*.flc=01;35:*.avi=01;35:*.fli=01;35:*.flv=01;35:*.gl=01;35:*.dl=01;35:*.xcf=01;35:*.xwd=01;35:*.yuv=01;35:*.cgm=01;35:*.emf=01;35:*.ogv=01;35:*.ogx=01;35:*.aac=00;36:*.au=00;36:*.flac=00;36:*.m4a=00;36:*.mid=00;36:*.midi=00;36:*.mka=00;36:*.mp3=00;36:*.mpc=00;36:*.ogg=00;36:*.ra=00;36:*.wav=00;36:*.oga=00;36:*.opus=00;36:*.spx=00;36:*.xspf=00;36:*~=00;90:*#=00;90:*.bak=00;90:*.crdownload=00;90:*.dpkg-dist=00;90:*.dpkg-new=00;90:*.dpkg-old=00;90:*.dpkg-tmp=00;90:*.old=00;90:*.orig=00;90:*.part=00;90:*.rej=00;90:*.rpmnew=00;90:*.rpmorig=00;90:*.rpmsave=00;90:*.swp=00;90:*.tmp=00;90:*.ucf-dist=00;90:*.ucf-new=00;90:*.ucf-old=00;90:', 'ROS_DOMAIN_ID': '0', 'AMENT_PREFIX_PATH': '/opt/ros/jazzy', 'ROS_AUTOMATIC_DISCOVERY_RANGE': 'SUBNET', 'PWD': '/workspaces/build/ydlidar_ros2_driver', 'LC_ALL': 'C.UTF-8', 'PYTHONPATH': '/opt/ros/jazzy/lib/python3.12/site-packages', 'COLCON': '1', 'CMAKE_PREFIX_PATH': '/opt/ros/jazzy/opt/sdformat_vendor:/opt/ros/jazzy/opt/gz_math_vendor:/opt/ros/jazzy/opt/gz_utils_vendor:/opt/ros/jazzy/opt/gz_tools_vendor:/opt/ros/jazzy/opt/gz_cmake_vendor:/opt/ros/jazzy', 'ROS2_WS': '/workspaces'}), 'shell': False}
[0.242645] (yolo_msgs) StdoutLine: {'line': b'-- Install configuration: ""\n'}
[0.244064] (yolo_msgs) StdoutLine: {'line': b'-- Execute custom install script\n'}
[0.244144] (yolo_msgs) StdoutLine: {'line': b'-- Up-to-date symlink: /workspaces/install/yolo_msgs/share/ament_index/resource_index/rosidl_interfaces/yolo_msgs\n'}
[0.244175] (yolo_msgs) StdoutLine: {'line': b'-- Up-to-date symlink: /workspaces/install/yolo_msgs/share/yolo_msgs/msg/Point2D.json\n'}
[0.244203] (yolo_msgs) StdoutLine: {'line': b'-- Up-to-date symlink: /workspaces/install/yolo_msgs/share/yolo_msgs/msg/Vector2.json\n'}
[0.244228] (yolo_msgs) StdoutLine: {'line': b'-- Up-to-date symlink: /workspaces/install/yolo_msgs/share/yolo_msgs/msg/Pose2D.json\n'}
[0.244252] (yolo_msgs) StdoutLine: {'line': b'-- Up-to-date symlink: /workspaces/install/yolo_msgs/share/yolo_msgs/msg/BoundingBox2D.json\n'}
[0.244277] (yolo_msgs) StdoutLine: {'line': b'-- Up-to-date symlink: /workspaces/install/yolo_msgs/share/yolo_msgs/msg/BoundingBox3D.json\n'}
[0.244356] (yolo_msgs) StdoutLine: {'line': b'-- Up-to-date symlink: /workspaces/install/yolo_msgs/share/yolo_msgs/msg/Mask.json\n'}
[0.244386] (yolo_msgs) StdoutLine: {'line': b'-- Up-to-date symlink: /workspaces/install/yolo_msgs/share/yolo_msgs/msg/KeyPoint2D.json\n'}
[0.244413] (yolo_msgs) StdoutLine: {'line': b'-- Up-to-date symlink: /workspaces/install/yolo_msgs/share/yolo_msgs/msg/KeyPoint2DArray.json\n'}
[0.244437] (yolo_msgs) StdoutLine: {'line': b'-- Up-to-date symlink: /workspaces/install/yolo_msgs/share/yolo_msgs/msg/KeyPoint3D.json\n'}
[0.244462] (yolo_msgs) StdoutLine: {'line': b'-- Up-to-date symlink: /workspaces/install/yolo_msgs/share/yolo_msgs/msg/KeyPoint3DArray.json\n'}
[0.244486] (yolo_msgs) StdoutLine: {'line': b'-- Up-to-date symlink: /workspaces/install/yolo_msgs/share/yolo_msgs/msg/Detection.json\n'}
[0.244510] (yolo_msgs) StdoutLine: {'line': b'-- Up-to-date symlink: /workspaces/install/yolo_msgs/share/yolo_msgs/msg/DetectionArray.json\n'}
[0.244535] (yolo_msgs) StdoutLine: {'line': b'-- Up-to-date symlink: /workspaces/install/yolo_msgs/share/yolo_msgs/srv/SetClasses.json\n'}
[0.244576] (yolo_msgs) StdoutLine: {'line': b'-- Up-to-date symlink: /workspaces/install/yolo_msgs/include/yolo_msgs/yolo_msgs/msg/bounding_box2_d.h\n'}
[0.244600] (yolo_msgs) StdoutLine: {'line': b'-- Up-to-date symlink: /workspaces/install/yolo_msgs/include/yolo_msgs/yolo_msgs/msg/bounding_box3_d.h\n'}
[0.244624] (yolo_msgs) StdoutLine: {'line': b'-- Up-to-date symlink: /workspaces/install/yolo_msgs/include/yolo_msgs/yolo_msgs/msg/detail/bounding_box2_d__functions.h\n'}
[0.244647] (yolo_msgs) StdoutLine: {'line': b'-- Up-to-date symlink: /workspaces/install/yolo_msgs/include/yolo_msgs/yolo_msgs/msg/detail/bounding_box2_d__struct.h\n'}
[0.244669] (yolo_msgs) StdoutLine: {'line': b'-- Up-to-date symlink: /workspaces/install/yolo_msgs/include/yolo_msgs/yolo_msgs/msg/detail/bounding_box2_d__type_support.h\n'}
[0.244692] (yolo_msgs) StdoutLine: {'line': b'-- Up-to-date symlink: /workspaces/install/yolo_msgs/include/yolo_msgs/yolo_msgs/msg/detail/bounding_box3_d__functions.h\n'}
[0.244726] (yolo_msgs) StdoutLine: {'line': b'-- Up-to-date symlink: /workspaces/install/yolo_msgs/include/yolo_msgs/yolo_msgs/msg/detail/bounding_box3_d__struct.h\n'}
[0.244748] (yolo_msgs) StdoutLine: {'line': b'-- Up-to-date symlink: /workspaces/install/yolo_msgs/include/yolo_msgs/yolo_msgs/msg/detail/bounding_box3_d__type_support.h\n'}
[0.244771] (yolo_msgs) StdoutLine: {'line': b'-- Up-to-date symlink: /workspaces/install/yolo_msgs/include/yolo_msgs/yolo_msgs/msg/detail/detection__functions.h\n'}
[0.244793] (yolo_msgs) StdoutLine: {'line': b'-- Up-to-date symlink: /workspaces/install/yolo_msgs/include/yolo_msgs/yolo_msgs/msg/detail/detection__struct.h\n'}
[0.244816] (yolo_msgs) StdoutLine: {'line': b'-- Up-to-date symlink: /workspaces/install/yolo_msgs/include/yolo_msgs/yolo_msgs/msg/detail/detection__type_support.h\n'}
[0.244838] (yolo_msgs) StdoutLine: {'line': b'-- Up-to-date symlink: /workspaces/install/yolo_msgs/include/yolo_msgs/yolo_msgs/msg/detail/detection_array__functions.h\n'}
[0.244861] (yolo_msgs) StdoutLine: {'line': b'-- Up-to-date symlink: /workspaces/install/yolo_msgs/include/yolo_msgs/yolo_msgs/msg/detail/detection_array__struct.h\n'}
[0.244883] (yolo_msgs) StdoutLine: {'line': b'-- Up-to-date symlink: /workspaces/install/yolo_msgs/include/yolo_msgs/yolo_msgs/msg/detail/detection_array__type_support.h\n'}
[0.244920] (yolo_msgs) StdoutLine: {'line': b'-- Up-to-date symlink: /workspaces/install/yolo_msgs/include/yolo_msgs/yolo_msgs/msg/detail/key_point2_d__functions.h\n'}
[0.244942] (yolo_msgs) StdoutLine: {'line': b'-- Up-to-date symlink: /workspaces/install/yolo_msgs/include/yolo_msgs/yolo_msgs/msg/detail/key_point2_d__struct.h\n'}
[0.244964] (yolo_msgs) StdoutLine: {'line': b'-- Up-to-date symlink: /workspaces/install/yolo_msgs/include/yolo_msgs/yolo_msgs/msg/detail/key_point2_d__type_support.h\n'}
[0.244985] (yolo_msgs) StdoutLine: {'line': b'-- Up-to-date symlink: /workspaces/install/yolo_msgs/include/yolo_msgs/yolo_msgs/msg/detail/key_point2_d_array__functions.h\n'}
[0.245007] (yolo_msgs) StdoutLine: {'line': b'-- Up-to-date symlink: /workspaces/install/yolo_msgs/include/yolo_msgs/yolo_msgs/msg/detail/key_point2_d_array__struct.h\n'}
[0.245028] (yolo_msgs) StdoutLine: {'line': b'-- Up-to-date symlink: /workspaces/install/yolo_msgs/include/yolo_msgs/yolo_msgs/msg/detail/key_point2_d_array__type_support.h\n'}
[0.245050] (yolo_msgs) StdoutLine: {'line': b'-- Up-to-date symlink: /workspaces/install/yolo_msgs/include/yolo_msgs/yolo_msgs/msg/detail/key_point3_d__functions.h\n'}
[0.245071] (yolo_msgs) StdoutLine: {'line': b'-- Up-to-date symlink: /workspaces/install/yolo_msgs/include/yolo_msgs/yolo_msgs/msg/detail/key_point3_d__struct.h\n'}
[0.245093] (yolo_msgs) StdoutLine: {'line': b'-- Up-to-date symlink: /workspaces/install/yolo_msgs/include/yolo_msgs/yolo_msgs/msg/detail/key_point3_d__type_support.h\n'}
[0.245114] (yolo_msgs) StdoutLine: {'line': b'-- Up-to-date symlink: /workspaces/install/yolo_msgs/include/yolo_msgs/yolo_msgs/msg/detail/key_point3_d_array__functions.h\n'}
[0.245146] (yolo_msgs) StdoutLine: {'line': b'-- Up-to-date symlink: /workspaces/install/yolo_msgs/include/yolo_msgs/yolo_msgs/msg/detail/key_point3_d_array__struct.h\n'}
[0.245168] (yolo_msgs) StdoutLine: {'line': b'-- Up-to-date symlink: /workspaces/install/yolo_msgs/include/yolo_msgs/yolo_msgs/msg/detail/key_point3_d_array__type_support.h\n'}
[0.245190] (yolo_msgs) StdoutLine: {'line': b'-- Up-to-date symlink: /workspaces/install/yolo_msgs/include/yolo_msgs/yolo_msgs/msg/detail/mask__functions.h\n'}
[0.245211] (yolo_msgs) StdoutLine: {'line': b'-- Up-to-date symlink: /workspaces/install/yolo_msgs/include/yolo_msgs/yolo_msgs/msg/detail/mask__struct.h\n'}
[0.245232] (yolo_msgs) StdoutLine: {'line': b'-- Up-to-date symlink: /workspaces/install/yolo_msgs/include/yolo_msgs/yolo_msgs/msg/detail/mask__type_support.h\n'}
[0.245254] (yolo_msgs) StdoutLine: {'line': b'-- Up-to-date symlink: /workspaces/install/yolo_msgs/include/yolo_msgs/yolo_msgs/msg/detail/point2_d__functions.h\n'}
[0.245276] (yolo_msgs) StdoutLine: {'line': b'-- Up-to-date symlink: /workspaces/install/yolo_msgs/include/yolo_msgs/yolo_msgs/msg/detail/point2_d__struct.h\n'}
[0.245323] (yolo_msgs) StdoutLine: {'line': b'-- Up-to-date symlink: /workspaces/install/yolo_msgs/include/yolo_msgs/yolo_msgs/msg/detail/point2_d__type_support.h\n'}
[0.245375] (yolo_msgs) StdoutLine: {'line': b'-- Up-to-date symlink: /workspaces/install/yolo_msgs/include/yolo_msgs/yolo_msgs/msg/detail/pose2_d__functions.h\n'}
[0.245410] (yolo_msgs) StdoutLine: {'line': b'-- Up-to-date symlink: /workspaces/install/yolo_msgs/include/yolo_msgs/yolo_msgs/msg/detail/pose2_d__struct.h\n'}
[0.245439] (yolo_msgs) StdoutLine: {'line': b'-- Up-to-date symlink: /workspaces/install/yolo_msgs/include/yolo_msgs/yolo_msgs/msg/detail/pose2_d__type_support.h\n'}
[0.245461] (yolo_msgs) StdoutLine: {'line': b'-- Up-to-date symlink: /workspaces/install/yolo_msgs/include/yolo_msgs/yolo_msgs/msg/detail/vector2__functions.h\n'}
[0.245485] (yolo_msgs) StdoutLine: {'line': b'-- Up-to-date symlink: /workspaces/install/yolo_msgs/include/yolo_msgs/yolo_msgs/msg/detail/vector2__struct.h\n'}
[0.245516] (yolo_msgs) StdoutLine: {'line': b'-- Up-to-date symlink: /workspaces/install/yolo_msgs/include/yolo_msgs/yolo_msgs/msg/detail/vector2__type_support.h\n'}
[0.245557] (yolo_msgs) StdoutLine: {'line': b'-- Up-to-date symlink: /workspaces/install/yolo_msgs/include/yolo_msgs/yolo_msgs/msg/detection.h\n'}
[0.245578] (yolo_msgs) StdoutLine: {'line': b'-- Up-to-date symlink: /workspaces/install/yolo_msgs/include/yolo_msgs/yolo_msgs/msg/detection_array.h\n'}
[0.245601] (yolo_msgs) StdoutLine: {'line': b'-- Up-to-date symlink: /workspaces/install/yolo_msgs/include/yolo_msgs/yolo_msgs/msg/key_point2_d.h\n'}
[0.245622] (yolo_msgs) StdoutLine: {'line': b'-- Up-to-date symlink: /workspaces/install/yolo_msgs/include/yolo_msgs/yolo_msgs/msg/key_point2_d_array.h\n'}
[0.245644] (yolo_msgs) StdoutLine: {'line': b'-- Up-to-date symlink: /workspaces/install/yolo_msgs/include/yolo_msgs/yolo_msgs/msg/key_point3_d.h\n'}
[0.245665] (yolo_msgs) StdoutLine: {'line': b'-- Up-to-date symlink: /workspaces/install/yolo_msgs/include/yolo_msgs/yolo_msgs/msg/key_point3_d_array.h\n'}
[0.245694] (yolo_msgs) StdoutLine: {'line': b'-- Up-to-date symlink: /workspaces/install/yolo_msgs/include/yolo_msgs/yolo_msgs/msg/mask.h\n'}
[0.245728] (yolo_msgs) StdoutLine: {'line': b'-- Up-to-date symlink: /workspaces/install/yolo_msgs/include/yolo_msgs/yolo_msgs/msg/point2_d.h\n'}
[0.245751] (yolo_msgs) StdoutLine: {'line': b'-- Up-to-date symlink: /workspaces/install/yolo_msgs/include/yolo_msgs/yolo_msgs/msg/pose2_d.h\n'}
[0.245772] (yolo_msgs) StdoutLine: {'line': b'-- Up-to-date symlink: /workspaces/install/yolo_msgs/include/yolo_msgs/yolo_msgs/msg/rosidl_generator_c__visibility_control.h\n'}
[0.245794] (yolo_msgs) StdoutLine: {'line': b'-- Up-to-date symlink: /workspaces/install/yolo_msgs/include/yolo_msgs/yolo_msgs/msg/vector2.h\n'}
[0.245822] (yolo_msgs) StdoutLine: {'line': b'-- Up-to-date symlink: /workspaces/install/yolo_msgs/include/yolo_msgs/yolo_msgs/srv/detail/set_classes__functions.h\n'}
[0.245851] (yolo_msgs) StdoutLine: {'line': b'-- Up-to-date symlink: /workspaces/install/yolo_msgs/include/yolo_msgs/yolo_msgs/srv/detail/set_classes__struct.h\n'}
[0.245871] (yolo_msgs) StdoutLine: {'line': b'-- Up-to-date symlink: /workspaces/install/yolo_msgs/include/yolo_msgs/yolo_msgs/srv/detail/set_classes__type_support.h\n'}
[0.245891] (yolo_msgs) StdoutLine: {'line': b'-- Up-to-date symlink: /workspaces/install/yolo_msgs/include/yolo_msgs/yolo_msgs/srv/set_classes.h\n'}
[0.245920] (yolo_msgs) StdoutLine: {'line': b'-- Up-to-date symlink: /workspaces/install/yolo_msgs/share/yolo_msgs/environment/library_path.sh\n'}
[0.245950] (yolo_msgs) StdoutLine: {'line': b'-- Up-to-date symlink: /workspaces/install/yolo_msgs/share/yolo_msgs/environment/library_path.dsv\n'}
[0.246258] (yolo_msgs) StdoutLine: {'line': b'-- Up-to-date symlink: /workspaces/install/yolo_msgs/include/yolo_msgs/yolo_msgs/msg/detail/bounding_box2_d__rosidl_typesupport_fastrtps_c.h\n'}
[0.246297] (yolo_msgs) StdoutLine: {'line': b'-- Up-to-date symlink: /workspaces/install/yolo_msgs/include/yolo_msgs/yolo_msgs/msg/detail/bounding_box3_d__rosidl_typesupport_fastrtps_c.h\n'}
[0.246330] (yolo_msgs) StdoutLine: {'line': b'-- Up-to-date symlink: /workspaces/install/yolo_msgs/include/yolo_msgs/yolo_msgs/msg/detail/detection__rosidl_typesupport_fastrtps_c.h\n'}
[0.246359] (yolo_msgs) StdoutLine: {'line': b'-- Up-to-date symlink: /workspaces/install/yolo_msgs/include/yolo_msgs/yolo_msgs/msg/detail/detection_array__rosidl_typesupport_fastrtps_c.h\n'}
[0.246389] (yolo_msgs) StdoutLine: {'line': b'-- Up-to-date symlink: /workspaces/install/yolo_msgs/include/yolo_msgs/yolo_msgs/msg/detail/key_point2_d__rosidl_typesupport_fastrtps_c.h\n'}
[0.246421] (yolo_msgs) StdoutLine: {'line': b'-- Up-to-date symlink: /workspaces/install/yolo_msgs/include/yolo_msgs/yolo_msgs/msg/detail/key_point2_d_array__rosidl_typesupport_fastrtps_c.h\n'}
[0.246453] (yolo_msgs) StdoutLine: {'line': b'-- Up-to-date symlink: /workspaces/install/yolo_msgs/include/yolo_msgs/yolo_msgs/msg/detail/key_point3_d__rosidl_typesupport_fastrtps_c.h\n'}
[0.246484] (yolo_msgs) StdoutLine: {'line': b'-- Up-to-date symlink: /workspaces/install/yolo_msgs/include/yolo_msgs/yolo_msgs/msg/detail/key_point3_d_array__rosidl_typesupport_fastrtps_c.h\n'}
[0.246518] (yolo_msgs) StdoutLine: {'line': b'-- Up-to-date symlink: /workspaces/install/yolo_msgs/include/yolo_msgs/yolo_msgs/msg/detail/mask__rosidl_typesupport_fastrtps_c.h\n'}
[0.246550] (yolo_msgs) StdoutLine: {'line': b'-- Up-to-date symlink: /workspaces/install/yolo_msgs/include/yolo_msgs/yolo_msgs/msg/detail/point2_d__rosidl_typesupport_fastrtps_c.h\n'}
[0.246582] (yolo_msgs) StdoutLine: {'line': b'-- Up-to-date symlink: /workspaces/install/yolo_msgs/include/yolo_msgs/yolo_msgs/msg/detail/pose2_d__rosidl_typesupport_fastrtps_c.h\n'}
[0.246613] (yolo_msgs) StdoutLine: {'line': b'-- Up-to-date symlink: /workspaces/install/yolo_msgs/include/yolo_msgs/yolo_msgs/msg/detail/vector2__rosidl_typesupport_fastrtps_c.h\n'}
[0.246644] (yolo_msgs) StdoutLine: {'line': b'-- Up-to-date symlink: /workspaces/install/yolo_msgs/include/yolo_msgs/yolo_msgs/msg/rosidl_typesupport_fastrtps_c__visibility_control.h\n'}
[0.246675] (yolo_msgs) StdoutLine: {'line': b'-- Up-to-date symlink: /workspaces/install/yolo_msgs/include/yolo_msgs/yolo_msgs/srv/detail/set_classes__rosidl_typesupport_fastrtps_c.h\n'}
[0.246864] (yolo_msgs) StdoutLine: {'line': b'-- Up-to-date symlink: /workspaces/install/yolo_msgs/include/yolo_msgs/yolo_msgs/msg/detail/bounding_box2_d__rosidl_typesupport_introspection_c.h\n'}
[0.246896] (yolo_msgs) StdoutLine: {'line': b'-- Up-to-date symlink: /workspaces/install/yolo_msgs/include/yolo_msgs/yolo_msgs/msg/detail/bounding_box3_d__rosidl_typesupport_introspection_c.h\n'}
[0.246928] (yolo_msgs) StdoutLine: {'line': b'-- Up-to-date symlink: /workspaces/install/yolo_msgs/include/yolo_msgs/yolo_msgs/msg/detail/detection__rosidl_typesupport_introspection_c.h\n'}
[0.246965] (yolo_msgs) StdoutLine: {'line': b'-- Up-to-date symlink: /workspaces/install/yolo_msgs/include/yolo_msgs/yolo_msgs/msg/detail/detection_array__rosidl_typesupport_introspection_c.h\n'}
[0.246995] (yolo_msgs) StdoutLine: {'line': b'-- Up-to-date symlink: /workspaces/install/yolo_msgs/include/yolo_msgs/yolo_msgs/msg/detail/key_point2_d__rosidl_typesupport_introspection_c.h\n'}
[0.247028] (yolo_msgs) StdoutLine: {'line': b'-- Up-to-date symlink: /workspaces/install/yolo_msgs/include/yolo_msgs/yolo_msgs/msg/detail/key_point2_d_array__rosidl_typesupport_introspection_c.h\n'}
[0.247059] (yolo_msgs) StdoutLine: {'line': b'-- Up-to-date symlink: /workspaces/install/yolo_msgs/include/yolo_msgs/yolo_msgs/msg/detail/key_point3_d__rosidl_typesupport_introspection_c.h\n'}
[0.247092] (yolo_msgs) StdoutLine: {'line': b'-- Up-to-date symlink: /workspaces/install/yolo_msgs/include/yolo_msgs/yolo_msgs/msg/detail/key_point3_d_array__rosidl_typesupport_introspection_c.h\n'}
[0.247122] (yolo_msgs) StdoutLine: {'line': b'-- Up-to-date symlink: /workspaces/install/yolo_msgs/include/yolo_msgs/yolo_msgs/msg/detail/mask__rosidl_typesupport_introspection_c.h\n'}
[0.247153] (yolo_msgs) StdoutLine: {'line': b'-- Up-to-date symlink: /workspaces/install/yolo_msgs/include/yolo_msgs/yolo_msgs/msg/detail/point2_d__rosidl_typesupport_introspection_c.h\n'}
[0.247185] (yolo_msgs) StdoutLine: {'line': b'-- Up-to-date symlink: /workspaces/install/yolo_msgs/include/yolo_msgs/yolo_msgs/msg/detail/pose2_d__rosidl_typesupport_introspection_c.h\n'}
[0.247216] (yolo_msgs) StdoutLine: {'line': b'-- Up-to-date symlink: /workspaces/install/yolo_msgs/include/yolo_msgs/yolo_msgs/msg/detail/vector2__rosidl_typesupport_introspection_c.h\n'}
[0.247247] (yolo_msgs) StdoutLine: {'line': b'-- Up-to-date symlink: /workspaces/install/yolo_msgs/include/yolo_msgs/yolo_msgs/msg/rosidl_typesupport_introspection_c__visibility_control.h\n'}
[0.247303] (yolo_msgs) StdoutLine: {'line': b'-- Up-to-date symlink: /workspaces/install/yolo_msgs/include/yolo_msgs/yolo_msgs/srv/detail/set_classes__rosidl_typesupport_introspection_c.h\n'}
[0.247617] (yolo_msgs) StdoutLine: {'line': b'-- Up-to-date symlink: /workspaces/install/yolo_msgs/include/yolo_msgs/yolo_msgs/msg/bounding_box2_d.hpp\n'}
[0.247657] (yolo_msgs) StdoutLine: {'line': b'-- Up-to-date symlink: /workspaces/install/yolo_msgs/include/yolo_msgs/yolo_msgs/msg/bounding_box3_d.hpp\n'}
[0.247691] (yolo_msgs) StdoutLine: {'line': b'-- Up-to-date symlink: /workspaces/install/yolo_msgs/include/yolo_msgs/yolo_msgs/msg/detail/bounding_box2_d__builder.hpp\n'}
[0.247722] (yolo_msgs) StdoutLine: {'line': b'-- Up-to-date symlink: /workspaces/install/yolo_msgs/include/yolo_msgs/yolo_msgs/msg/detail/bounding_box2_d__struct.hpp\n'}
[0.247754] (yolo_msgs) StdoutLine: {'line': b'-- Up-to-date symlink: /workspaces/install/yolo_msgs/include/yolo_msgs/yolo_msgs/msg/detail/bounding_box2_d__traits.hpp\n'}
[0.247785] (yolo_msgs) StdoutLine: {'line': b'-- Up-to-date symlink: /workspaces/install/yolo_msgs/include/yolo_msgs/yolo_msgs/msg/detail/bounding_box2_d__type_support.hpp\n'}
[0.247815] (yolo_msgs) StdoutLine: {'line': b'-- Up-to-date symlink: /workspaces/install/yolo_msgs/include/yolo_msgs/yolo_msgs/msg/detail/bounding_box3_d__builder.hpp\n'}
[0.247844] (yolo_msgs) StdoutLine: {'line': b'-- Up-to-date symlink: /workspaces/install/yolo_msgs/include/yolo_msgs/yolo_msgs/msg/detail/bounding_box3_d__struct.hpp\n'}
[0.247870] (yolo_msgs) StdoutLine: {'line': b'-- Up-to-date symlink: /workspaces/install/yolo_msgs/include/yolo_msgs/yolo_msgs/msg/detail/bounding_box3_d__traits.hpp\n'}
[0.247906] (yolo_msgs) StdoutLine: {'line': b'-- Up-to-date symlink: /workspaces/install/yolo_msgs/include/yolo_msgs/yolo_msgs/msg/detail/bounding_box3_d__type_support.hpp\n'}
[0.247938] (yolo_msgs) StdoutLine: {'line': b'-- Up-to-date symlink: /workspaces/install/yolo_msgs/include/yolo_msgs/yolo_msgs/msg/detail/detection__builder.hpp\n'}
[0.247968] (yolo_msgs) StdoutLine: {'line': b'-- Up-to-date symlink: /workspaces/install/yolo_msgs/include/yolo_msgs/yolo_msgs/msg/detail/detection__struct.hpp\n'}
[0.248003] (yolo_msgs) StdoutLine: {'line': b'-- Up-to-date symlink: /workspaces/install/yolo_msgs/include/yolo_msgs/yolo_msgs/msg/detail/detection__traits.hpp\n'}
[0.248033] (yolo_msgs) StdoutLine: {'line': b'-- Up-to-date symlink: /workspaces/install/yolo_msgs/include/yolo_msgs/yolo_msgs/msg/detail/detection__type_support.hpp\n'}
[0.248062] (yolo_msgs) StdoutLine: {'line': b'-- Up-to-date symlink: /workspaces/install/yolo_msgs/include/yolo_msgs/yolo_msgs/msg/detail/detection_array__builder.hpp\n'}
[0.248090] (yolo_msgs) StdoutLine: {'line': b'-- Up-to-date symlink: /workspaces/install/yolo_msgs/include/yolo_msgs/yolo_msgs/msg/detail/detection_array__struct.hpp\n'}
[0.248119] (yolo_msgs) StdoutLine: {'line': b'-- Up-to-date symlink: /workspaces/install/yolo_msgs/include/yolo_msgs/yolo_msgs/msg/detail/detection_array__traits.hpp\n'}
[0.248146] (yolo_msgs) StdoutLine: {'line': b'-- Up-to-date symlink: /workspaces/install/yolo_msgs/include/yolo_msgs/yolo_msgs/msg/detail/detection_array__type_support.hpp\n'}
[0.248176] (yolo_msgs) StdoutLine: {'line': b'-- Up-to-date symlink: /workspaces/install/yolo_msgs/include/yolo_msgs/yolo_msgs/msg/detail/key_point2_d__builder.hpp\n'}
[0.248206] (yolo_msgs) StdoutLine: {'line': b'-- Up-to-date symlink: /workspaces/install/yolo_msgs/include/yolo_msgs/yolo_msgs/msg/detail/key_point2_d__struct.hpp\n'}
[0.248235] (yolo_msgs) StdoutLine: {'line': b'-- Up-to-date symlink: /workspaces/install/yolo_msgs/include/yolo_msgs/yolo_msgs/msg/detail/key_point2_d__traits.hpp\n'}
[0.248263] (yolo_msgs) StdoutLine: {'line': b'-- Up-to-date symlink: /workspaces/install/yolo_msgs/include/yolo_msgs/yolo_msgs/msg/detail/key_point2_d__type_support.hpp\n'}
[0.248368] (yolo_msgs) StdoutLine: {'line': b'-- Up-to-date symlink: /workspaces/install/yolo_msgs/include/yolo_msgs/yolo_msgs/msg/detail/key_point2_d_array__builder.hpp\n'}
[0.248399] (yolo_msgs) StdoutLine: {'line': b'-- Up-to-date symlink: /workspaces/install/yolo_msgs/include/yolo_msgs/yolo_msgs/msg/detail/key_point2_d_array__struct.hpp\n'}
[0.248429] (yolo_msgs) StdoutLine: {'line': b'-- Up-to-date symlink: /workspaces/install/yolo_msgs/include/yolo_msgs/yolo_msgs/msg/detail/key_point2_d_array__traits.hpp\n'}
[0.248461] (yolo_msgs) StdoutLine: {'line': b'-- Up-to-date symlink: /workspaces/install/yolo_msgs/include/yolo_msgs/yolo_msgs/msg/detail/key_point2_d_array__type_support.hpp\n'}
[0.248493] (yolo_msgs) StdoutLine: {'line': b'-- Up-to-date symlink: /workspaces/install/yolo_msgs/include/yolo_msgs/yolo_msgs/msg/detail/key_point3_d__builder.hpp\n'}
[0.248524] (yolo_msgs) StdoutLine: {'line': b'-- Up-to-date symlink: /workspaces/install/yolo_msgs/include/yolo_msgs/yolo_msgs/msg/detail/key_point3_d__struct.hpp\n'}
[0.248555] (yolo_msgs) StdoutLine: {'line': b'-- Up-to-date symlink: /workspaces/install/yolo_msgs/include/yolo_msgs/yolo_msgs/msg/detail/key_point3_d__traits.hpp\n'}
[0.248586] (yolo_msgs) StdoutLine: {'line': b'-- Up-to-date symlink: /workspaces/install/yolo_msgs/include/yolo_msgs/yolo_msgs/msg/detail/key_point3_d__type_support.hpp\n'}
[0.248617] (yolo_msgs) StdoutLine: {'line': b'-- Up-to-date symlink: /workspaces/install/yolo_msgs/include/yolo_msgs/yolo_msgs/msg/detail/key_point3_d_array__builder.hpp\n'}
[0.248648] (yolo_msgs) StdoutLine: {'line': b'-- Up-to-date symlink: /workspaces/install/yolo_msgs/include/yolo_msgs/yolo_msgs/msg/detail/key_point3_d_array__struct.hpp\n'}
[0.248680] (yolo_msgs) StdoutLine: {'line': b'-- Up-to-date symlink: /workspaces/install/yolo_msgs/include/yolo_msgs/yolo_msgs/msg/detail/key_point3_d_array__traits.hpp\n'}
[0.248711] (yolo_msgs) StdoutLine: {'line': b'-- Up-to-date symlink: /workspaces/install/yolo_msgs/include/yolo_msgs/yolo_msgs/msg/detail/key_point3_d_array__type_support.hpp\n'}
[0.248742] (yolo_msgs) StdoutLine: {'line': b'-- Up-to-date symlink: /workspaces/install/yolo_msgs/include/yolo_msgs/yolo_msgs/msg/detail/mask__builder.hpp\n'}
[0.248774] (yolo_msgs) StdoutLine: {'line': b'-- Up-to-date symlink: /workspaces/install/yolo_msgs/include/yolo_msgs/yolo_msgs/msg/detail/mask__struct.hpp\n'}
[0.248804] (yolo_msgs) StdoutLine: {'line': b'-- Up-to-date symlink: /workspaces/install/yolo_msgs/include/yolo_msgs/yolo_msgs/msg/detail/mask__traits.hpp\n'}
[0.248835] (yolo_msgs) StdoutLine: {'line': b'-- Up-to-date symlink: /workspaces/install/yolo_msgs/include/yolo_msgs/yolo_msgs/msg/detail/mask__type_support.hpp\n'}
[0.248866] (yolo_msgs) StdoutLine: {'line': b'-- Up-to-date symlink: /workspaces/install/yolo_msgs/include/yolo_msgs/yolo_msgs/msg/detail/point2_d__builder.hpp\n'}
[0.248897] (yolo_msgs) StdoutLine: {'line': b'-- Up-to-date symlink: /workspaces/install/yolo_msgs/include/yolo_msgs/yolo_msgs/msg/detail/point2_d__struct.hpp\n'}
[0.248949] (yolo_msgs) StdoutLine: {'line': b'-- Up-to-date symlink: /workspaces/install/yolo_msgs/include/yolo_msgs/yolo_msgs/msg/detail/point2_d__traits.hpp\n'}
[0.249098] (yolo_msgs) StdoutLine: {'line': b'-- Up-to-date symlink: /workspaces/install/yolo_msgs/include/yolo_msgs/yolo_msgs/msg/detail/point2_d__type_support.hpp\n'}
[0.249167] (yolo_msgs) StdoutLine: {'line': b'-- Up-to-date symlink: /workspaces/install/yolo_msgs/include/yolo_msgs/yolo_msgs/msg/detail/pose2_d__builder.hpp\n'}
[0.249221] (yolo_msgs) StdoutLine: {'line': b'-- Up-to-date symlink: /workspaces/install/yolo_msgs/include/yolo_msgs/yolo_msgs/msg/detail/pose2_d__struct.hpp\n'}
[0.249277] (yolo_msgs) StdoutLine: {'line': b'-- Up-to-date symlink: /workspaces/install/yolo_msgs/include/yolo_msgs/yolo_msgs/msg/detail/pose2_d__traits.hpp\n'}
[0.249352] (yolo_msgs) StdoutLine: {'line': b'-- Up-to-date symlink: /workspaces/install/yolo_msgs/include/yolo_msgs/yolo_msgs/msg/detail/pose2_d__type_support.hpp\n'}
[0.249405] (yolo_msgs) StdoutLine: {'line': b'-- Up-to-date symlink: /workspaces/install/yolo_msgs/include/yolo_msgs/yolo_msgs/msg/detail/vector2__builder.hpp\n'}
[0.249452] (yolo_msgs) StdoutLine: {'line': b'-- Up-to-date symlink: /workspaces/install/yolo_msgs/include/yolo_msgs/yolo_msgs/msg/detail/vector2__struct.hpp\n'}
[0.249498] (yolo_msgs) StdoutLine: {'line': b'-- Up-to-date symlink: /workspaces/install/yolo_msgs/include/yolo_msgs/yolo_msgs/msg/detail/vector2__traits.hpp\n'}
[0.249575] (yolo_msgs) StdoutLine: {'line': b'-- Up-to-date symlink: /workspaces/install/yolo_msgs/include/yolo_msgs/yolo_msgs/msg/detail/vector2__type_support.hpp\n'}
[0.249621] (yolo_msgs) StdoutLine: {'line': b'-- Up-to-date symlink: /workspaces/install/yolo_msgs/include/yolo_msgs/yolo_msgs/msg/detection.hpp\n'}
[0.249680] (yolo_msgs) StdoutLine: {'line': b'-- Up-to-date symlink: /workspaces/install/yolo_msgs/include/yolo_msgs/yolo_msgs/msg/detection_array.hpp\n'}
[0.249734] (yolo_msgs) StdoutLine: {'line': b'-- Up-to-date symlink: /workspaces/install/yolo_msgs/include/yolo_msgs/yolo_msgs/msg/key_point2_d.hpp\n'}
[0.249782] (yolo_msgs) StdoutLine: {'line': b'-- Up-to-date symlink: /workspaces/install/yolo_msgs/include/yolo_msgs/yolo_msgs/msg/key_point2_d_array.hpp\n'}
[0.249825] (yolo_msgs) StdoutLine: {'line': b'-- Up-to-date symlink: /workspaces/install/yolo_msgs/include/yolo_msgs/yolo_msgs/msg/key_point3_d.hpp\n'}
[0.249867] (yolo_msgs) StdoutLine: {'line': b'-- Up-to-date symlink: /workspaces/install/yolo_msgs/include/yolo_msgs/yolo_msgs/msg/key_point3_d_array.hpp\n'}
[0.249912] (yolo_msgs) StdoutLine: {'line': b'-- Up-to-date symlink: /workspaces/install/yolo_msgs/include/yolo_msgs/yolo_msgs/msg/mask.hpp\n'}
[0.249954] (yolo_msgs) StdoutLine: {'line': b'-- Up-to-date symlink: /workspaces/install/yolo_msgs/include/yolo_msgs/yolo_msgs/msg/point2_d.hpp\n'}
[0.249998] (yolo_msgs) StdoutLine: {'line': b'-- Up-to-date symlink: /workspaces/install/yolo_msgs/include/yolo_msgs/yolo_msgs/msg/pose2_d.hpp\n'}
[0.250055] (yolo_msgs) StdoutLine: {'line': b'-- Up-to-date symlink: /workspaces/install/yolo_msgs/include/yolo_msgs/yolo_msgs/msg/rosidl_generator_cpp__visibility_control.hpp\n'}
[0.250100] (yolo_msgs) StdoutLine: {'line': b'-- Up-to-date symlink: /workspaces/install/yolo_msgs/include/yolo_msgs/yolo_msgs/msg/vector2.hpp\n'}
[0.250156] (yolo_msgs) StdoutLine: {'line': b'-- Up-to-date symlink: /workspaces/install/yolo_msgs/include/yolo_msgs/yolo_msgs/srv/detail/set_classes__builder.hpp\n'}
[0.250207] (yolo_msgs) StdoutLine: {'line': b'-- Up-to-date symlink: /workspaces/install/yolo_msgs/include/yolo_msgs/yolo_msgs/srv/detail/set_classes__struct.hpp\n'}
[0.250256] (yolo_msgs) StdoutLine: {'line': b'-- Up-to-date symlink: /workspaces/install/yolo_msgs/include/yolo_msgs/yolo_msgs/srv/detail/set_classes__traits.hpp\n'}
[0.250320] (yolo_msgs) StdoutLine: {'line': b'-- Up-to-date symlink: /workspaces/install/yolo_msgs/include/yolo_msgs/yolo_msgs/srv/detail/set_classes__type_support.hpp\n'}
[0.250385] (yolo_msgs) StdoutLine: {'line': b'-- Up-to-date symlink: /workspaces/install/yolo_msgs/include/yolo_msgs/yolo_msgs/srv/set_classes.hpp\n'}
[0.250449] (yolo_msgs) StdoutLine: {'line': b'-- Up-to-date symlink: /workspaces/install/yolo_msgs/include/yolo_msgs/yolo_msgs/msg/detail/bounding_box2_d__rosidl_typesupport_fastrtps_cpp.hpp\n'}
[0.250555] (yolo_msgs) StdoutLine: {'line': b'-- Up-to-date symlink: /workspaces/install/yolo_msgs/include/yolo_msgs/yolo_msgs/msg/detail/bounding_box3_d__rosidl_typesupport_fastrtps_cpp.hpp\n'}
[0.250637] (yolo_msgs) StdoutLine: {'line': b'-- Up-to-date symlink: /workspaces/install/yolo_msgs/include/yolo_msgs/yolo_msgs/msg/detail/detection__rosidl_typesupport_fastrtps_cpp.hpp\n'}
[0.250680] (yolo_msgs) StdoutLine: {'line': b'-- Up-to-date symlink: /workspaces/install/yolo_msgs/include/yolo_msgs/yolo_msgs/msg/detail/detection_array__rosidl_typesupport_fastrtps_cpp.hpp\n'}
[0.250724] (yolo_msgs) StdoutLine: {'line': b'-- Up-to-date symlink: /workspaces/install/yolo_msgs/include/yolo_msgs/yolo_msgs/msg/detail/key_point2_d__rosidl_typesupport_fastrtps_cpp.hpp\n'}
[0.250767] (yolo_msgs) StdoutLine: {'line': b'-- Up-to-date symlink: /workspaces/install/yolo_msgs/include/yolo_msgs/yolo_msgs/msg/detail/key_point2_d_array__rosidl_typesupport_fastrtps_cpp.hpp\n'}
[0.250835] (yolo_msgs) StdoutLine: {'line': b'-- Up-to-date symlink: /workspaces/install/yolo_msgs/include/yolo_msgs/yolo_msgs/msg/detail/key_point3_d__rosidl_typesupport_fastrtps_cpp.hpp\n'}
[0.250884] (yolo_msgs) StdoutLine: {'line': b'-- Up-to-date symlink: /workspaces/install/yolo_msgs/include/yolo_msgs/yolo_msgs/msg/detail/key_point3_d_array__rosidl_typesupport_fastrtps_cpp.hpp\n'}
[0.250936] (yolo_msgs) StdoutLine: {'line': b'-- Up-to-date symlink: /workspaces/install/yolo_msgs/include/yolo_msgs/yolo_msgs/msg/detail/mask__rosidl_typesupport_fastrtps_cpp.hpp\n'}
[0.251027] (yolo_msgs) StdoutLine: {'line': b'-- Up-to-date symlink: /workspaces/install/yolo_msgs/include/yolo_msgs/yolo_msgs/msg/detail/point2_d__rosidl_typesupport_fastrtps_cpp.hpp\n'}
[0.251085] (yolo_msgs) StdoutLine: {'line': b'-- Up-to-date symlink: /workspaces/install/yolo_msgs/include/yolo_msgs/yolo_msgs/msg/detail/pose2_d__rosidl_typesupport_fastrtps_cpp.hpp\n'}
[0.251128] (yolo_msgs) StdoutLine: {'line': b'-- Up-to-date symlink: /workspaces/install/yolo_msgs/include/yolo_msgs/yolo_msgs/msg/detail/vector2__rosidl_typesupport_fastrtps_cpp.hpp\n'}
[0.251213] (yolo_msgs) StdoutLine: {'line': b'-- Up-to-date symlink: /workspaces/install/yolo_msgs/include/yolo_msgs/yolo_msgs/msg/rosidl_typesupport_fastrtps_cpp__visibility_control.h\n'}
[0.251292] (yolo_msgs) StdoutLine: {'line': b'-- Up-to-date symlink: /workspaces/install/yolo_msgs/include/yolo_msgs/yolo_msgs/srv/detail/set_classes__rosidl_typesupport_fastrtps_cpp.hpp\n'}
[0.251375] (yolo_msgs) StdoutLine: {'line': b'-- Up-to-date symlink: /workspaces/install/yolo_msgs/include/yolo_msgs/yolo_msgs/msg/detail/bounding_box2_d__rosidl_typesupport_introspection_cpp.hpp\n'}
[0.251419] (yolo_msgs) StdoutLine: {'line': b'-- Up-to-date symlink: /workspaces/install/yolo_msgs/include/yolo_msgs/yolo_msgs/msg/detail/bounding_box3_d__rosidl_typesupport_introspection_cpp.hpp\n'}
[0.251475] (yolo_msgs) StdoutLine: {'line': b'-- Up-to-date symlink: /workspaces/install/yolo_msgs/include/yolo_msgs/yolo_msgs/msg/detail/detection__rosidl_typesupport_introspection_cpp.hpp\n'}
[0.251529] (yolo_msgs) StdoutLine: {'line': b'-- Up-to-date symlink: /workspaces/install/yolo_msgs/include/yolo_msgs/yolo_msgs/msg/detail/detection_array__rosidl_typesupport_introspection_cpp.hpp\n'}
[0.251571] (yolo_msgs) StdoutLine: {'line': b'-- Up-to-date symlink: /workspaces/install/yolo_msgs/include/yolo_msgs/yolo_msgs/msg/detail/key_point2_d__rosidl_typesupport_introspection_cpp.hpp\n'}
[0.251611] (yolo_msgs) StdoutLine: {'line': b'-- Up-to-date symlink: /workspaces/install/yolo_msgs/include/yolo_msgs/yolo_msgs/msg/detail/key_point2_d_array__rosidl_typesupport_introspection_cpp.hpp\n'}
[0.251651] (yolo_msgs) StdoutLine: {'line': b'-- Up-to-date symlink: /workspaces/install/yolo_msgs/include/yolo_msgs/yolo_msgs/msg/detail/key_point3_d__rosidl_typesupport_introspection_cpp.hpp\n'}
[0.251691] (yolo_msgs) StdoutLine: {'line': b'-- Up-to-date symlink: /workspaces/install/yolo_msgs/include/yolo_msgs/yolo_msgs/msg/detail/key_point3_d_array__rosidl_typesupport_introspection_cpp.hpp\n'}
[0.251731] (yolo_msgs) StdoutLine: {'line': b'-- Up-to-date symlink: /workspaces/install/yolo_msgs/include/yolo_msgs/yolo_msgs/msg/detail/mask__rosidl_typesupport_introspection_cpp.hpp\n'}
[0.251770] (yolo_msgs) StdoutLine: {'line': b'-- Up-to-date symlink: /workspaces/install/yolo_msgs/include/yolo_msgs/yolo_msgs/msg/detail/point2_d__rosidl_typesupport_introspection_cpp.hpp\n'}
[0.251811] (yolo_msgs) StdoutLine: {'line': b'-- Up-to-date symlink: /workspaces/install/yolo_msgs/include/yolo_msgs/yolo_msgs/msg/detail/pose2_d__rosidl_typesupport_introspection_cpp.hpp\n'}
[0.251862] (yolo_msgs) StdoutLine: {'line': b'-- Up-to-date symlink: /workspaces/install/yolo_msgs/include/yolo_msgs/yolo_msgs/msg/detail/vector2__rosidl_typesupport_introspection_cpp.hpp\n'}
[0.251911] (yolo_msgs) StdoutLine: {'line': b'-- Up-to-date symlink: /workspaces/install/yolo_msgs/include/yolo_msgs/yolo_msgs/srv/detail/set_classes__rosidl_typesupport_introspection_cpp.hpp\n'}
[0.251973] (yolo_msgs) StdoutLine: {'line': b'-- Up-to-date symlink: /workspaces/install/yolo_msgs/share/yolo_msgs/environment/pythonpath.sh\n'}
[0.252019] (yolo_msgs) StdoutLine: {'line': b'-- Up-to-date symlink: /workspaces/install/yolo_msgs/share/yolo_msgs/environment/pythonpath.dsv\n'}
[0.252066] (yolo_msgs) StdoutLine: {'line': b'-- Up-to-date symlink: /workspaces/install/yolo_msgs/lib/python3.12/site-packages/yolo_msgs-4.6.0-py3.12.egg-info/PKG-INFO\n'}
[0.252114] (yolo_msgs) StdoutLine: {'line': b'-- Up-to-date symlink: /workspaces/install/yolo_msgs/lib/python3.12/site-packages/yolo_msgs-4.6.0-py3.12.egg-info/SOURCES.txt\n'}
[0.252164] (yolo_msgs) StdoutLine: {'line': b'-- Up-to-date symlink: /workspaces/install/yolo_msgs/lib/python3.12/site-packages/yolo_msgs-4.6.0-py3.12.egg-info/dependency_links.txt\n'}
[0.252209] (yolo_msgs) StdoutLine: {'line': b'-- Up-to-date symlink: /workspaces/install/yolo_msgs/lib/python3.12/site-packages/yolo_msgs-4.6.0-py3.12.egg-info/top_level.txt\n'}
[0.252253] (yolo_msgs) StdoutLine: {'line': b'-- Up-to-date symlink: /workspaces/install/yolo_msgs/lib/python3.12/site-packages/yolo_msgs/__init__.py\n'}
[0.252308] (yolo_msgs) StdoutLine: {'line': b'-- Up-to-date symlink: /workspaces/install/yolo_msgs/lib/python3.12/site-packages/yolo_msgs/_yolo_msgs_s.ep.rosidl_typesupport_c.c\n'}
[0.252356] (yolo_msgs) StdoutLine: {'line': b'-- Up-to-date symlink: /workspaces/install/yolo_msgs/lib/python3.12/site-packages/yolo_msgs/_yolo_msgs_s.ep.rosidl_typesupport_fastrtps_c.c\n'}
[0.252401] (yolo_msgs) StdoutLine: {'line': b'-- Up-to-date symlink: /workspaces/install/yolo_msgs/lib/python3.12/site-packages/yolo_msgs/_yolo_msgs_s.ep.rosidl_typesupport_introspection_c.c\n'}
[0.252447] (yolo_msgs) StdoutLine: {'line': b'-- Up-to-date symlink: /workspaces/install/yolo_msgs/lib/python3.12/site-packages/yolo_msgs/msg/__init__.py\n'}
[0.252493] (yolo_msgs) StdoutLine: {'line': b'-- Up-to-date symlink: /workspaces/install/yolo_msgs/lib/python3.12/site-packages/yolo_msgs/msg/_bounding_box2_d.py\n'}
[0.252537] (yolo_msgs) StdoutLine: {'line': b'-- Up-to-date symlink: /workspaces/install/yolo_msgs/lib/python3.12/site-packages/yolo_msgs/msg/_bounding_box2_d_s.c\n'}
[0.252581] (yolo_msgs) StdoutLine: {'line': b'-- Up-to-date symlink: /workspaces/install/yolo_msgs/lib/python3.12/site-packages/yolo_msgs/msg/_bounding_box3_d.py\n'}
[0.252638] (yolo_msgs) StdoutLine: {'line': b'-- Up-to-date symlink: /workspaces/install/yolo_msgs/lib/python3.12/site-packages/yolo_msgs/msg/_bounding_box3_d_s.c\n'}
[0.252681] (yolo_msgs) StdoutLine: {'line': b'-- Up-to-date symlink: /workspaces/install/yolo_msgs/lib/python3.12/site-packages/yolo_msgs/msg/_detection.py\n'}
[0.252759] (yolo_msgs) StdoutLine: {'line': b'-- Up-to-date symlink: /workspaces/install/yolo_msgs/lib/python3.12/site-packages/yolo_msgs/msg/_detection_array.py\n'}
[0.252804] (yolo_msgs) StdoutLine: {'line': b'-- Up-to-date symlink: /workspaces/install/yolo_msgs/lib/python3.12/site-packages/yolo_msgs/msg/_detection_array_s.c\n'}
[0.252848] (yolo_msgs) StdoutLine: {'line': b'-- Up-to-date symlink: /workspaces/install/yolo_msgs/lib/python3.12/site-packages/yolo_msgs/msg/_detection_s.c\n'}
[0.252897] (yolo_msgs) StdoutLine: {'line': b'-- Up-to-date symlink: /workspaces/install/yolo_msgs/lib/python3.12/site-packages/yolo_msgs/msg/_key_point2_d.py\n'}
[0.252941] (yolo_msgs) StdoutLine: {'line': b'-- Up-to-date symlink: /workspaces/install/yolo_msgs/lib/python3.12/site-packages/yolo_msgs/msg/_key_point2_d_array.py\n'}
[0.252986] (yolo_msgs) StdoutLine: {'line': b'-- Up-to-date symlink: /workspaces/install/yolo_msgs/lib/python3.12/site-packages/yolo_msgs/msg/_key_point2_d_array_s.c\n'}
[0.253031] (yolo_msgs) StdoutLine: {'line': b'-- Up-to-date symlink: /workspaces/install/yolo_msgs/lib/python3.12/site-packages/yolo_msgs/msg/_key_point2_d_s.c\n'}
[0.253075] (yolo_msgs) StdoutLine: {'line': b'-- Up-to-date symlink: /workspaces/install/yolo_msgs/lib/python3.12/site-packages/yolo_msgs/msg/_key_point3_d.py\n'}
[0.253118] (yolo_msgs) StdoutLine: {'line': b'-- Up-to-date symlink: /workspaces/install/yolo_msgs/lib/python3.12/site-packages/yolo_msgs/msg/_key_point3_d_array.py\n'}
[0.253160] (yolo_msgs) StdoutLine: {'line': b'-- Up-to-date symlink: /workspaces/install/yolo_msgs/lib/python3.12/site-packages/yolo_msgs/msg/_key_point3_d_array_s.c\n'}
[0.253204] (yolo_msgs) StdoutLine: {'line': b'-- Up-to-date symlink: /workspaces/install/yolo_msgs/lib/python3.12/site-packages/yolo_msgs/msg/_key_point3_d_s.c\n'}
[0.253246] (yolo_msgs) StdoutLine: {'line': b'-- Up-to-date symlink: /workspaces/install/yolo_msgs/lib/python3.12/site-packages/yolo_msgs/msg/_mask.py\n'}
[0.253301] (yolo_msgs) StdoutLine: {'line': b'-- Up-to-date symlink: /workspaces/install/yolo_msgs/lib/python3.12/site-packages/yolo_msgs/msg/_mask_s.c\n'}
[0.253347] (yolo_msgs) StdoutLine: {'line': b'-- Up-to-date symlink: /workspaces/install/yolo_msgs/lib/python3.12/site-packages/yolo_msgs/msg/_point2_d.py\n'}
[0.253408] (yolo_msgs) StdoutLine: {'line': b'-- Up-to-date symlink: /workspaces/install/yolo_msgs/lib/python3.12/site-packages/yolo_msgs/msg/_point2_d_s.c\n'}
[0.253494] (yolo_msgs) StdoutLine: {'line': b'-- Up-to-date symlink: /workspaces/install/yolo_msgs/lib/python3.12/site-packages/yolo_msgs/msg/_pose2_d.py\n'}
[0.253540] (yolo_msgs) StdoutLine: {'line': b'-- Up-to-date symlink: /workspaces/install/yolo_msgs/lib/python3.12/site-packages/yolo_msgs/msg/_pose2_d_s.c\n'}
[0.253584] (yolo_msgs) StdoutLine: {'line': b'-- Up-to-date symlink: /workspaces/install/yolo_msgs/lib/python3.12/site-packages/yolo_msgs/msg/_vector2.py\n'}
[0.253629] (yolo_msgs) StdoutLine: {'line': b'-- Up-to-date symlink: /workspaces/install/yolo_msgs/lib/python3.12/site-packages/yolo_msgs/msg/_vector2_s.c\n'}
[0.253674] (yolo_msgs) StdoutLine: {'line': b'-- Up-to-date symlink: /workspaces/install/yolo_msgs/lib/python3.12/site-packages/yolo_msgs/srv/__init__.py\n'}
[0.253719] (yolo_msgs) StdoutLine: {'line': b'-- Up-to-date symlink: /workspaces/install/yolo_msgs/lib/python3.12/site-packages/yolo_msgs/srv/_set_classes.py\n'}
[0.253763] (yolo_msgs) StdoutLine: {'line': b'-- Up-to-date symlink: /workspaces/install/yolo_msgs/lib/python3.12/site-packages/yolo_msgs/srv/_set_classes_s.c\n'}
[0.253807] (yolo_msgs) StdoutLine: {'line': b'-- Up-to-date symlink: /workspaces/install/yolo_msgs/lib/python3.12/site-packages/yolo_msgs/yolo_msgs_s__rosidl_typesupport_c.so\n'}
[0.253882] (yolo_msgs) StdoutLine: {'line': b'-- Up-to-date symlink: /workspaces/install/yolo_msgs/lib/python3.12/site-packages/yolo_msgs/yolo_msgs_s__rosidl_typesupport_fastrtps_c.so\n'}
[0.253926] (yolo_msgs) StdoutLine: {'line': b'-- Up-to-date symlink: /workspaces/install/yolo_msgs/lib/python3.12/site-packages/yolo_msgs/yolo_msgs_s__rosidl_typesupport_introspection_c.so\n'}
[0.253970] (yolo_msgs) StdoutLine: {'line': b'-- Up-to-date symlink: /workspaces/install/yolo_msgs/lib/python3.12/site-packages/yolo_msgs/yolo_msgs_s__rosidl_typesupport_fastrtps_c.so\n'}
[0.254015] (yolo_msgs) StdoutLine: {'line': b'-- Up-to-date symlink: /workspaces/install/yolo_msgs/lib/python3.12/site-packages/yolo_msgs/yolo_msgs_s__rosidl_typesupport_introspection_c.so\n'}
[0.254058] (yolo_msgs) StdoutLine: {'line': b'-- Up-to-date symlink: /workspaces/install/yolo_msgs/lib/python3.12/site-packages/yolo_msgs/yolo_msgs_s__rosidl_typesupport_c.so\n'}
[0.254101] (yolo_msgs) StdoutLine: {'line': b'-- Up-to-date symlink: /workspaces/install/yolo_msgs/share/yolo_msgs/msg/Point2D.idl\n'}
[0.254145] (yolo_msgs) StdoutLine: {'line': b'-- Up-to-date symlink: /workspaces/install/yolo_msgs/share/yolo_msgs/msg/Vector2.idl\n'}
[0.254189] (yolo_msgs) StdoutLine: {'line': b'-- Up-to-date symlink: /workspaces/install/yolo_msgs/share/yolo_msgs/msg/Pose2D.idl\n'}
[0.254233] (yolo_msgs) StdoutLine: {'line': b'-- Up-to-date symlink: /workspaces/install/yolo_msgs/share/yolo_msgs/msg/BoundingBox2D.idl\n'}
[0.254280] (yolo_msgs) StdoutLine: {'line': b'-- Up-to-date symlink: /workspaces/install/yolo_msgs/share/yolo_msgs/msg/BoundingBox3D.idl\n'}
[0.254327] (yolo_msgs) StdoutLine: {'line': b'-- Up-to-date symlink: /workspaces/install/yolo_msgs/share/yolo_msgs/msg/Mask.idl\n'}
[0.254413] (yolo_msgs) StdoutLine: {'line': b'-- Up-to-date symlink: /workspaces/install/yolo_msgs/share/yolo_msgs/msg/KeyPoint2D.idl\n'}
[0.254456] (yolo_msgs) StdoutLine: {'line': b'-- Up-to-date symlink: /workspaces/install/yolo_msgs/share/yolo_msgs/msg/KeyPoint2DArray.idl\n'}
[0.254501] (yolo_msgs) StdoutLine: {'line': b'-- Up-to-date symlink: /workspaces/install/yolo_msgs/share/yolo_msgs/msg/KeyPoint3D.idl\n'}
[0.254545] (yolo_msgs) StdoutLine: {'line': b'-- Up-to-date symlink: /workspaces/install/yolo_msgs/share/yolo_msgs/msg/KeyPoint3DArray.idl\n'}
[0.254587] (yolo_msgs) StdoutLine: {'line': b'-- Up-to-date symlink: /workspaces/install/yolo_msgs/share/yolo_msgs/msg/Detection.idl\n'}
[0.254631] (yolo_msgs) StdoutLine: {'line': b'-- Up-to-date symlink: /workspaces/install/yolo_msgs/share/yolo_msgs/msg/DetectionArray.idl\n'}
[0.254674] (yolo_msgs) StdoutLine: {'line': b'-- Up-to-date symlink: /workspaces/install/yolo_msgs/share/yolo_msgs/srv/SetClasses.idl\n'}
[0.254716] (yolo_msgs) StdoutLine: {'line': b'-- Up-to-date symlink: /workspaces/install/yolo_msgs/share/yolo_msgs/msg/Point2D.msg\n'}
[0.254760] (yolo_msgs) StdoutLine: {'line': b'-- Up-to-date symlink: /workspaces/install/yolo_msgs/share/yolo_msgs/msg/Vector2.msg\n'}
[0.254802] (yolo_msgs) StdoutLine: {'line': b'-- Up-to-date symlink: /workspaces/install/yolo_msgs/share/yolo_msgs/msg/Pose2D.msg\n'}
[0.254846] (yolo_msgs) StdoutLine: {'line': b'-- Up-to-date symlink: /workspaces/install/yolo_msgs/share/yolo_msgs/msg/BoundingBox2D.msg\n'}
[0.254915] (yolo_msgs) StdoutLine: {'line': b'-- Up-to-date symlink: /workspaces/install/yolo_msgs/share/yolo_msgs/msg/BoundingBox3D.msg\n'}
[0.254967] (yolo_msgs) StdoutLine: {'line': b'-- Up-to-date symlink: /workspaces/install/yolo_msgs/share/yolo_msgs/msg/Mask.msg\n'}
[0.255021] (yolo_msgs) StdoutLine: {'line': b'-- Up-to-date symlink: /workspaces/install/yolo_msgs/share/yolo_msgs/msg/KeyPoint2D.msg\n'}
[0.255068] (yolo_msgs) StdoutLine: {'line': b'-- Up-to-date symlink: /workspaces/install/yolo_msgs/share/yolo_msgs/msg/KeyPoint2DArray.msg\n'}
[0.255108] (yolo_msgs) StdoutLine: {'line': b'-- Up-to-date symlink: /workspaces/install/yolo_msgs/share/yolo_msgs/msg/KeyPoint3D.msg\n'}
[0.255149] (yolo_msgs) StdoutLine: {'line': b'-- Up-to-date symlink: /workspaces/install/yolo_msgs/share/yolo_msgs/msg/KeyPoint3DArray.msg\n'}
[0.255189] (yolo_msgs) StdoutLine: {'line': b'-- Up-to-date symlink: /workspaces/install/yolo_msgs/share/yolo_msgs/msg/Detection.msg\n'}
[0.255228] (yolo_msgs) StdoutLine: {'line': b'-- Up-to-date symlink: /workspaces/install/yolo_msgs/share/yolo_msgs/msg/DetectionArray.msg\n'}
[0.255268] (yolo_msgs) StdoutLine: {'line': b'-- Up-to-date symlink: /workspaces/install/yolo_msgs/share/yolo_msgs/srv/SetClasses.srv\n'}
[0.255319] (yolo_msgs) StdoutLine: {'line': b'-- Up-to-date symlink: /workspaces/install/yolo_msgs/share/ament_index/resource_index/package_run_dependencies/yolo_msgs\n'}
[0.255362] (yolo_msgs) StdoutLine: {'line': b'-- Up-to-date symlink: /workspaces/install/yolo_msgs/share/ament_index/resource_index/parent_prefix_path/yolo_msgs\n'}
[0.255402] (yolo_msgs) StdoutLine: {'line': b'-- Up-to-date symlink: /workspaces/install/yolo_msgs/share/yolo_msgs/environment/ament_prefix_path.sh\n'}
[0.255441] (yolo_msgs) StdoutLine: {'line': b'-- Up-to-date symlink: /workspaces/install/yolo_msgs/share/yolo_msgs/environment/ament_prefix_path.dsv\n'}
[0.255480] (yolo_msgs) StdoutLine: {'line': b'-- Up-to-date symlink: /workspaces/install/yolo_msgs/share/yolo_msgs/environment/path.sh\n'}
[0.255519] (yolo_msgs) StdoutLine: {'line': b'-- Up-to-date symlink: /workspaces/install/yolo_msgs/share/yolo_msgs/environment/path.dsv\n'}
[0.255558] (yolo_msgs) StdoutLine: {'line': b'-- Up-to-date symlink: /workspaces/install/yolo_msgs/share/yolo_msgs/local_setup.bash\n'}
[0.255596] (yolo_msgs) StdoutLine: {'line': b'-- Up-to-date symlink: /workspaces/install/yolo_msgs/share/yolo_msgs/local_setup.sh\n'}
[0.255635] (yolo_msgs) StdoutLine: {'line': b'-- Up-to-date symlink: /workspaces/install/yolo_msgs/share/yolo_msgs/local_setup.zsh\n'}
[0.255674] (yolo_msgs) StdoutLine: {'line': b'-- Up-to-date symlink: /workspaces/install/yolo_msgs/share/yolo_msgs/local_setup.dsv\n'}
[0.255713] (yolo_msgs) StdoutLine: {'line': b'-- Symlinking: /workspaces/install/yolo_msgs/share/yolo_msgs/package.dsv\n'}
[0.260839] (yolo_msgs) StdoutLine: {'line': b'-- Up-to-date symlink: /workspaces/install/yolo_msgs/share/ament_index/resource_index/packages/yolo_msgs\n'}
[0.261025] (yolo_msgs) StdoutLine: {'line': b'-- Up-to-date symlink: /workspaces/install/yolo_msgs/share/yolo_msgs/cmake/rosidl_cmake-extras.cmake\n'}
[0.261100] (yolo_msgs) StdoutLine: {'line': b'-- Up-to-date symlink: /workspaces/install/yolo_msgs/share/yolo_msgs/cmake/ament_cmake_export_dependencies-extras.cmake\n'}
[0.261155] (yolo_msgs) StdoutLine: {'line': b'-- Up-to-date symlink: /workspaces/install/yolo_msgs/share/yolo_msgs/cmake/ament_cmake_export_include_directories-extras.cmake\n'}
[0.261204] (yolo_msgs) StdoutLine: {'line': b'-- Up-to-date symlink: /workspaces/install/yolo_msgs/share/yolo_msgs/cmake/ament_cmake_export_libraries-extras.cmake\n'}
[0.261251] (yolo_msgs) StdoutLine: {'line': b'-- Up-to-date symlink: /workspaces/install/yolo_msgs/share/yolo_msgs/cmake/ament_cmake_export_targets-extras.cmake\n'}
[0.261378] (yolo_msgs) StdoutLine: {'line': b'-- Up-to-date symlink: /workspaces/install/yolo_msgs/share/yolo_msgs/cmake/rosidl_cmake_export_typesupport_targets-extras.cmake\n'}
[0.261434] (yolo_msgs) StdoutLine: {'line': b'-- Up-to-date symlink: /workspaces/install/yolo_msgs/share/yolo_msgs/cmake/rosidl_cmake_export_typesupport_libraries-extras.cmake\n'}
[0.261469] (yolo_msgs) StdoutLine: {'line': b'-- Up-to-date symlink: /workspaces/install/yolo_msgs/share/yolo_msgs/cmake/yolo_msgsConfig.cmake\n'}
[0.261493] (yolo_msgs) StdoutLine: {'line': b'-- Up-to-date symlink: /workspaces/install/yolo_msgs/share/yolo_msgs/cmake/yolo_msgsConfig-version.cmake\n'}
[0.261517] (yolo_msgs) StdoutLine: {'line': b'-- Up-to-date symlink: /workspaces/install/yolo_msgs/share/yolo_msgs/package.xml\n'}
[0.261547] (yolo_msgs) StdoutLine: {'line': b'-- Up-to-date: /workspaces/install/yolo_msgs/lib/libyolo_msgs__rosidl_generator_c.so\n'}
[0.261569] (yolo_msgs) StdoutLine: {'line': b'-- Up-to-date: /workspaces/install/yolo_msgs/lib/libyolo_msgs__rosidl_typesupport_fastrtps_c.so\n'}
[0.261591] (yolo_msgs) StdoutLine: {'line': b'-- Up-to-date: /workspaces/install/yolo_msgs/lib/libyolo_msgs__rosidl_typesupport_introspection_c.so\n'}
[0.261629] (yolo_msgs) StdoutLine: {'line': b'-- Up-to-date: /workspaces/install/yolo_msgs/lib/libyolo_msgs__rosidl_typesupport_c.so\n'}
[0.261686] (yolo_msgs) StdoutLine: {'line': b'-- Up-to-date: /workspaces/install/yolo_msgs/lib/libyolo_msgs__rosidl_typesupport_fastrtps_cpp.so\n'}
[0.261764] (yolo_msgs) StdoutLine: {'line': b'-- Up-to-date: /workspaces/install/yolo_msgs/lib/libyolo_msgs__rosidl_typesupport_introspection_cpp.so\n'}
[0.261840] (yolo_msgs) StdoutLine: {'line': b'-- Up-to-date: /workspaces/install/yolo_msgs/lib/libyolo_msgs__rosidl_typesupport_cpp.so\n'}
[0.282483] (yolo_msgs) StdoutLine: {'line': b"Listing '/workspaces/install/yolo_msgs/lib/python3.12/site-packages/yolo_msgs'...\n"}
[0.282653] (yolo_msgs) StdoutLine: {'line': b"Listing '/workspaces/install/yolo_msgs/lib/python3.12/site-packages/yolo_msgs/msg'...\n"}
[0.282701] (yolo_msgs) StdoutLine: {'line': b"Listing '/workspaces/install/yolo_msgs/lib/python3.12/site-packages/yolo_msgs/srv'...\n"}
[0.286134] (ydlidar_ros2_driver) StdoutLine: {'line': b'[ 50%] Built target ydlidar_ros2_driver_client\n'}
[0.286335] (ydlidar_ros2_driver) StdoutLine: {'line': b'[100%] Built target ydlidar_ros2_driver_node\n'}
[0.287164] (yolo_msgs) StdoutLine: {'line': b'-- Up-to-date: /workspaces/install/yolo_msgs/lib/libyolo_msgs__rosidl_generator_py.so\n'}
[0.287331] (yolo_msgs) StdoutLine: {'line': b'-- Up-to-date: /workspaces/install/yolo_msgs/share/yolo_msgs/cmake/export_yolo_msgs__rosidl_generator_cExport.cmake\n'}
[0.287398] (yolo_msgs) StdoutLine: {'line': b'-- Up-to-date: /workspaces/install/yolo_msgs/share/yolo_msgs/cmake/export_yolo_msgs__rosidl_generator_cExport-noconfig.cmake\n'}
[0.287454] (yolo_msgs) StdoutLine: {'line': b'-- Up-to-date: /workspaces/install/yolo_msgs/share/yolo_msgs/cmake/export_yolo_msgs__rosidl_typesupport_fastrtps_cExport.cmake\n'}
[0.287518] (yolo_msgs) StdoutLine: {'line': b'-- Up-to-date: /workspaces/install/yolo_msgs/share/yolo_msgs/cmake/export_yolo_msgs__rosidl_typesupport_fastrtps_cExport-noconfig.cmake\n'}
[0.287570] (yolo_msgs) StdoutLine: {'line': b'-- Up-to-date: /workspaces/install/yolo_msgs/share/yolo_msgs/cmake/yolo_msgs__rosidl_typesupport_introspection_cExport.cmake\n'}
[0.287618] (yolo_msgs) StdoutLine: {'line': b'-- Up-to-date: /workspaces/install/yolo_msgs/share/yolo_msgs/cmake/yolo_msgs__rosidl_typesupport_introspection_cExport-noconfig.cmake\n'}
[0.287679] (yolo_msgs) StdoutLine: {'line': b'-- Up-to-date: /workspaces/install/yolo_msgs/share/yolo_msgs/cmake/yolo_msgs__rosidl_typesupport_cExport.cmake\n'}
[0.287726] (yolo_msgs) StdoutLine: {'line': b'-- Up-to-date: /workspaces/install/yolo_msgs/share/yolo_msgs/cmake/yolo_msgs__rosidl_typesupport_cExport-noconfig.cmake\n'}
[0.287771] (yolo_msgs) StdoutLine: {'line': b'-- Up-to-date: /workspaces/install/yolo_msgs/share/yolo_msgs/cmake/export_yolo_msgs__rosidl_generator_cppExport.cmake\n'}
[0.287816] (yolo_msgs) StdoutLine: {'line': b'-- Up-to-date: /workspaces/install/yolo_msgs/share/yolo_msgs/cmake/export_yolo_msgs__rosidl_typesupport_fastrtps_cppExport.cmake\n'}
[0.287862] (yolo_msgs) StdoutLine: {'line': b'-- Up-to-date: /workspaces/install/yolo_msgs/share/yolo_msgs/cmake/export_yolo_msgs__rosidl_typesupport_fastrtps_cppExport-noconfig.cmake\n'}
[0.287947] (yolo_msgs) StdoutLine: {'line': b'-- Up-to-date: /workspaces/install/yolo_msgs/share/yolo_msgs/cmake/yolo_msgs__rosidl_typesupport_introspection_cppExport.cmake\n'}
[0.288022] (yolo_msgs) StdoutLine: {'line': b'-- Up-to-date: /workspaces/install/yolo_msgs/share/yolo_msgs/cmake/yolo_msgs__rosidl_typesupport_introspection_cppExport-noconfig.cmake\n'}
[0.288067] (yolo_msgs) StdoutLine: {'line': b'-- Up-to-date: /workspaces/install/yolo_msgs/share/yolo_msgs/cmake/yolo_msgs__rosidl_typesupport_cppExport.cmake\n'}
[0.288110] (yolo_msgs) StdoutLine: {'line': b'-- Up-to-date: /workspaces/install/yolo_msgs/share/yolo_msgs/cmake/yolo_msgs__rosidl_typesupport_cppExport-noconfig.cmake\n'}
[0.288168] (yolo_msgs) StdoutLine: {'line': b'-- Up-to-date: /workspaces/install/yolo_msgs/share/yolo_msgs/cmake/export_yolo_msgs__rosidl_generator_pyExport.cmake\n'}
[0.288216] (yolo_msgs) StdoutLine: {'line': b'-- Up-to-date: /workspaces/install/yolo_msgs/share/yolo_msgs/cmake/export_yolo_msgs__rosidl_generator_pyExport-noconfig.cmake\n'}
[0.289330] (yolo_msgs) CommandEnded: {'returncode': 0}
[0.300155] (-) TimerEvent: {}
[0.302534] (yolo_msgs) JobEnded: {'identifier': 'yolo_msgs', 'rc': 0}
[0.303562] (yolo_ros) JobStarted: {'identifier': 'yolo_ros'}
[0.307060] (ydlidar_ros2_driver) CommandEnded: {'returncode': 0}
[0.307583] (ydlidar_ros2_driver) JobProgress: {'identifier': 'ydlidar_ros2_driver', 'progress': 'install'}
[0.307968] (ydlidar_ros2_driver) Command: {'cmd': ['/usr/bin/cmake', '--install', '/workspaces/build/ydlidar_ros2_driver'], 'cwd': '/workspaces/build/ydlidar_ros2_driver', 'env': OrderedDict({'HISTFILESIZE': '2147450879', 'GZ_CONFIG_PATH': '/opt/ros/jazzy/opt/sdformat_vendor/share/gz', 'HOSTNAME': '80d3b8a513ac', 'SHLVL': '1', 'LD_LIBRARY_PATH': '/opt/ros/jazzy/opt/sdformat_vendor/lib:/opt/ros/jazzy/opt/rviz_ogre_vendor/lib:/opt/ros/jazzy/lib/x86_64-linux-gnu:/opt/ros/jazzy/opt/gz_math_vendor/lib:/opt/ros/jazzy/opt/gz_utils_vendor/lib:/opt/ros/jazzy/opt/gz_tools_vendor/lib:/opt/ros/jazzy/opt/gz_cmake_vendor/lib:/opt/ros/jazzy/lib', 'LESS': '-R', 'HOME': '/root', 'LSCOLORS': 'Gxfxcxdxdxegedabagacad', 'ROS_PYTHON_VERSION': '3', 'PAGER': 'less', 'ROS_DISTRO': 'jazzy', 'OSH': '/root/.oh-my-bash', '_': '/usr/bin/colcon', 'ROS_VERSION': '2', 'TERM': 'xterm', 'DRIVER_WS': '/robot_ws', 'PATH': '/usr/lib/ccache:/opt/ros/jazzy/opt/gz_tools_vendor/bin:/opt/ros/jazzy/bin:/usr/local/sbin:/usr/local/bin:/usr/sbin:/usr/bin:/sbin:/bin', 'ydlidar_sdk_DIR': '/usr/lib/cmake/ydlidar_sdk', 'HISTSIZE': '2147450879', 'LANG': 'C.UTF-8', 'LS_COLORS': 'rs=0:di=01;34:ln=01;36:mh=00:pi=40;33:so=01;35:do=01;35:bd=40;33;01:cd=40;33;01:or=40;31;01:mi=00:su=37;41:sg=30;43:ca=00:tw=30;42:ow=34;42:st=37;44:ex=01;32:*.tar=01;31:*.tgz=01;31:*.arc=01;31:*.arj=01;31:*.taz=01;31:*.lha=01;31:*.lz4=01;31:*.lzh=01;31:*.lzma=01;31:*.tlz=01;31:*.txz=01;31:*.tzo=01;31:*.t7z=01;31:*.zip=01;31:*.z=01;31:*.dz=01;31:*.gz=01;31:*.lrz=01;31:*.lz=01;31:*.lzo=01;31:*.xz=01;31:*.zst=01;31:*.tzst=01;31:*.bz2=01;31:*.bz=01;31:*.tbz=01;31:*.tbz2=01;31:*.tz=01;31:*.deb=01;31:*.rpm=01;31:*.jar=01;31:*.war=01;31:*.ear=01;31:*.sar=01;31:*.rar=01;31:*.alz=01;31:*.ace=01;31:*.zoo=01;31:*.cpio=01;31:*.7z=01;31:*.rz=01;31:*.cab=01;31:*.wim=01;31:*.swm=01;31:*.dwm=01;31:*.esd=01;31:*.avif=01;35:*.jpg=01;35:*.jpeg=01;35:*.mjpg=01;35:*.mjpeg=01;35:*.gif=01;35:*.bmp=01;35:*.pbm=01;35:*.pgm=01;35:*.ppm=01;35:*.tga=01;35:*.xbm=01;35:*.xpm=01;35:*.tif=01;35:*.tiff=01;35:*.png=01;35:*.svg=01;35:*.svgz=01;35:*.mng=01;35:*.pcx=01;35:*.mov=01;35:*.mpg=01;35:*.mpeg=01;35:*.m2v=01;35:*.mkv=01;35:*.webm=01;35:*.webp=01;35:*.ogm=01;35:*.mp4=01;35:*.m4v=01;35:*.mp4v=01;35:*.vob=01;35:*.qt=01;35:*.nuv=01;35:*.wmv=01;35:*.asf=01;35:*.rm=01;35:*.rmvb=01;35:*.flc=01;35:*.avi=01;35:*.fli=01;35:*.flv=01;35:*.gl=01;35:*.dl=01;35:*.xcf=01;35:*.xwd=01;35:*.yuv=01;35:*.cgm=01;35:*.emf=01;35:*.ogv=01;35:*.ogx=01;35:*.aac=00;36:*.au=00;36:*.flac=00;36:*.m4a=00;36:*.mid=00;36:*.midi=00;36:*.mka=00;36:*.mp3=00;36:*.mpc=00;36:*.ogg=00;36:*.ra=00;36:*.wav=00;36:*.oga=00;36:*.opus=00;36:*.spx=00;36:*.xspf=00;36:*~=00;90:*#=00;90:*.bak=00;90:*.crdownload=00;90:*.dpkg-dist=00;90:*.dpkg-new=00;90:*.dpkg-old=00;90:*.dpkg-tmp=00;90:*.old=00;90:*.orig=00;90:*.part=00;90:*.rej=00;90:*.rpmnew=00;90:*.rpmorig=00;90:*.rpmsave=00;90:*.swp=00;90:*.tmp=00;90:*.ucf-dist=00;90:*.ucf-new=00;90:*.ucf-old=00;90:', 'ROS_DOMAIN_ID': '0', 'AMENT_PREFIX_PATH': '/opt/ros/jazzy', 'ROS_AUTOMATIC_DISCOVERY_RANGE': 'SUBNET', 'PWD': '/workspaces/build/ydlidar_ros2_driver', 'LC_ALL': 'C.UTF-8', 'PYTHONPATH': '/opt/ros/jazzy/lib/python3.12/site-packages', 'COLCON': '1', 'CMAKE_PREFIX_PATH': '/opt/ros/jazzy/opt/sdformat_vendor:/opt/ros/jazzy/opt/gz_math_vendor:/opt/ros/jazzy/opt/gz_utils_vendor:/opt/ros/jazzy/opt/gz_tools_vendor:/opt/ros/jazzy/opt/gz_cmake_vendor:/opt/ros/jazzy', 'ROS2_WS': '/workspaces'}), 'shell': False}
[0.313099] (ydlidar_ros2_driver) StdoutLine: {'line': b'-- Install configuration: ""\n'}
[0.313309] (ydlidar_ros2_driver) StdoutLine: {'line': b'-- Execute custom install script\n'}
[0.313452] (ydlidar_ros2_driver) StdoutLine: {'line': b'-- Up-to-date symlink: /workspaces/install/ydlidar_ros2_driver/lib/ydlidar_ros2_driver/ydlidar_ros2_driver_node\n'}
[0.313518] (ydlidar_ros2_driver) StdoutLine: {'line': b'-- Up-to-date symlink: /workspaces/install/ydlidar_ros2_driver/lib/ydlidar_ros2_driver/ydlidar_ros2_driver_client\n'}
[0.313705] (ydlidar_ros2_driver) StdoutLine: {'line': b'-- Up-to-date symlink: /workspaces/install/ydlidar_ros2_driver/share/ydlidar_ros2_driver/launch/4ros_ydlidar_launch.py\n'}
[0.313769] (ydlidar_ros2_driver) StdoutLine: {'line': b'-- Up-to-date symlink: /workspaces/install/ydlidar_ros2_driver/share/ydlidar_ros2_driver/launch/test_gmapping_launch.py\n'}
[0.313833] (ydlidar_ros2_driver) StdoutLine: {'line': b'-- Up-to-date symlink: /workspaces/install/ydlidar_ros2_driver/share/ydlidar_ros2_driver/launch/view_ydlidar_launch.py\n'}
[0.313884] (ydlidar_ros2_driver) StdoutLine: {'line': b'-- Up-to-date symlink: /workspaces/install/ydlidar_ros2_driver/share/ydlidar_ros2_driver/launch/x3_ydlidar_launch.py\n'}
[0.313932] (ydlidar_ros2_driver) StdoutLine: {'line': b'-- Up-to-date symlink: /workspaces/install/ydlidar_ros2_driver/share/ydlidar_ros2_driver/launch/ydlidar.py\n'}
[0.313989] (ydlidar_ros2_driver) StdoutLine: {'line': b'-- Up-to-date symlink: /workspaces/install/ydlidar_ros2_driver/share/ydlidar_ros2_driver/launch/ydlidar_4ros_view_launch.py\n'}
[0.314057] (ydlidar_ros2_driver) StdoutLine: {'line': b'-- Up-to-date symlink: /workspaces/install/ydlidar_ros2_driver/share/ydlidar_ros2_driver/launch/ydlidar_launch.py\n'}
[0.314105] (ydlidar_ros2_driver) StdoutLine: {'line': b'-- Up-to-date symlink: /workspaces/install/ydlidar_ros2_driver/share/ydlidar_ros2_driver/launch/ydlidar_raw_launch.py\n'}
[0.314151] (ydlidar_ros2_driver) StdoutLine: {'line': b'-- Up-to-date symlink: /workspaces/install/ydlidar_ros2_driver/share/ydlidar_ros2_driver/launch/ydlidar_x3_view_launch.py\n'}
[0.314198] (ydlidar_ros2_driver) StdoutLine: {'line': b'-- Up-to-date symlink: /workspaces/install/ydlidar_ros2_driver/share/ydlidar_ros2_driver/params/ydlidar.yaml\n'}
[0.314263] (ydlidar_ros2_driver) StdoutLine: {'line': b'-- Up-to-date symlink: /workspaces/install/ydlidar_ros2_driver/share/ydlidar_ros2_driver/params/ydlidar_4ros.yaml\n'}
[0.314334] (ydlidar_ros2_driver) StdoutLine: {'line': b'-- Up-to-date symlink: /workspaces/install/ydlidar_ros2_driver/share/ydlidar_ros2_driver/params/ydlidar_x3.yaml\n'}
[0.314379] (ydlidar_ros2_driver) StdoutLine: {'line': b'-- Up-to-date symlink: /workspaces/install/ydlidar_ros2_driver/share/ydlidar_ros2_driver/startup/initenv.sh\n'}
[0.314426] (ydlidar_ros2_driver) StdoutLine: {'line': b'-- Up-to-date symlink: /workspaces/install/ydlidar_ros2_driver/share/ydlidar_ros2_driver/config/test_gmapping.rviz\n'}
[0.314470] (ydlidar_ros2_driver) StdoutLine: {'line': b'-- Up-to-date symlink: /workspaces/install/ydlidar_ros2_driver/share/ydlidar_ros2_driver/config/ydlidar.rviz\n'}
[0.314539] (ydlidar_ros2_driver) StdoutLine: {'line': b'-- Up-to-date symlink: /workspaces/install/ydlidar_ros2_driver/share/ament_index/resource_index/package_run_dependencies/ydlidar_ros2_driver\n'}
[0.314603] (ydlidar_ros2_driver) StdoutLine: {'line': b'-- Up-to-date symlink: /workspaces/install/ydlidar_ros2_driver/share/ament_index/resource_index/parent_prefix_path/ydlidar_ros2_driver\n'}
[0.314648] (ydlidar_ros2_driver) StdoutLine: {'line': b'-- Up-to-date symlink: /workspaces/install/ydlidar_ros2_driver/share/ydlidar_ros2_driver/environment/ament_prefix_path.sh\n'}
[0.314693] (ydlidar_ros2_driver) StdoutLine: {'line': b'-- Up-to-date symlink: /workspaces/install/ydlidar_ros2_driver/share/ydlidar_ros2_driver/environment/ament_prefix_path.dsv\n'}
[0.314749] (ydlidar_ros2_driver) StdoutLine: {'line': b'-- Up-to-date symlink: /workspaces/install/ydlidar_ros2_driver/share/ydlidar_ros2_driver/environment/path.sh\n'}
[0.314792] (ydlidar_ros2_driver) StdoutLine: {'line': b'-- Up-to-date symlink: /workspaces/install/ydlidar_ros2_driver/share/ydlidar_ros2_driver/environment/path.dsv\n'}
[0.314836] (ydlidar_ros2_driver) StdoutLine: {'line': b'-- Up-to-date symlink: /workspaces/install/ydlidar_ros2_driver/share/ydlidar_ros2_driver/local_setup.bash\n'}
[0.314894] (ydlidar_ros2_driver) StdoutLine: {'line': b'-- Up-to-date symlink: /workspaces/install/ydlidar_ros2_driver/share/ydlidar_ros2_driver/local_setup.sh\n'}
[0.314970] (ydlidar_ros2_driver) StdoutLine: {'line': b'-- Up-to-date symlink: /workspaces/install/ydlidar_ros2_driver/share/ydlidar_ros2_driver/local_setup.zsh\n'}
[0.315033] (ydlidar_ros2_driver) StdoutLine: {'line': b'-- Up-to-date symlink: /workspaces/install/ydlidar_ros2_driver/share/ydlidar_ros2_driver/local_setup.dsv\n'}
[0.315100] (ydlidar_ros2_driver) StdoutLine: {'line': b'-- Symlinking: /workspaces/install/ydlidar_ros2_driver/share/ydlidar_ros2_driver/package.dsv\n'}
[0.324236] (ydlidar_ros2_driver) StdoutLine: {'line': b'-- Up-to-date symlink: /workspaces/install/ydlidar_ros2_driver/share/ament_index/resource_index/packages/ydlidar_ros2_driver\n'}
[0.324531] (ydlidar_ros2_driver) StdoutLine: {'line': b'-- Up-to-date symlink: /workspaces/install/ydlidar_ros2_driver/share/ydlidar_ros2_driver/cmake/ydlidar_ros2_driverConfig.cmake\n'}
[0.324627] (ydlidar_ros2_driver) StdoutLine: {'line': b'-- Up-to-date symlink: /workspaces/install/ydlidar_ros2_driver/share/ydlidar_ros2_driver/cmake/ydlidar_ros2_driverConfig-version.cmake\n'}
[0.324698] (ydlidar_ros2_driver) StdoutLine: {'line': b'-- Up-to-date symlink: /workspaces/install/ydlidar_ros2_driver/share/ydlidar_ros2_driver/package.xml\n'}
[0.400246] (-) TimerEvent: {}
[0.413453] (ydlidar_ros2_driver) CommandEnded: {'returncode': 0}
[0.423298] (ydlidar_ros2_driver) JobEnded: {'identifier': 'ydlidar_ros2_driver', 'rc': 0}
[0.490146] (handsfree_imu_ros2) Command: {'cmd': ['/usr/bin/python3', '-W', 'ignore:setup.py install is deprecated', '-W', 'ignore:easy_install command is deprecated', 'setup.py', 'develop', '--editable', '--build-directory', '/workspaces/build/handsfree_imu_ros2/build', '--no-deps', 'symlink_data'], 'cwd': '/workspaces/build/handsfree_imu_ros2', 'env': {'HISTFILESIZE': '2147450879', 'GZ_CONFIG_PATH': '/opt/ros/jazzy/opt/sdformat_vendor/share/gz', 'HOSTNAME': '80d3b8a513ac', 'SHLVL': '1', 'LD_LIBRARY_PATH': '/opt/ros/jazzy/opt/sdformat_vendor/lib:/opt/ros/jazzy/opt/rviz_ogre_vendor/lib:/opt/ros/jazzy/lib/x86_64-linux-gnu:/opt/ros/jazzy/opt/gz_math_vendor/lib:/opt/ros/jazzy/opt/gz_utils_vendor/lib:/opt/ros/jazzy/opt/gz_tools_vendor/lib:/opt/ros/jazzy/opt/gz_cmake_vendor/lib:/opt/ros/jazzy/lib', 'LESS': '-R', 'HOME': '/root', 'LSCOLORS': 'Gxfxcxdxdxegedabagacad', 'ROS_PYTHON_VERSION': '3', 'PAGER': 'less', 'ROS_DISTRO': 'jazzy', 'OSH': '/root/.oh-my-bash', '_': '/usr/bin/colcon', 'ROS_VERSION': '2', 'TERM': 'xterm', 'DRIVER_WS': '/robot_ws', 'PATH': '/usr/lib/ccache:/opt/ros/jazzy/opt/gz_tools_vendor/bin:/opt/ros/jazzy/bin:/usr/local/sbin:/usr/local/bin:/usr/sbin:/usr/bin:/sbin:/bin', 'ydlidar_sdk_DIR': '/usr/lib/cmake/ydlidar_sdk', 'HISTSIZE': '2147450879', 'LANG': 'C.UTF-8', 'LS_COLORS': 'rs=0:di=01;34:ln=01;36:mh=00:pi=40;33:so=01;35:do=01;35:bd=40;33;01:cd=40;33;01:or=40;31;01:mi=00:su=37;41:sg=30;43:ca=00:tw=30;42:ow=34;42:st=37;44:ex=01;32:*.tar=01;31:*.tgz=01;31:*.arc=01;31:*.arj=01;31:*.taz=01;31:*.lha=01;31:*.lz4=01;31:*.lzh=01;31:*.lzma=01;31:*.tlz=01;31:*.txz=01;31:*.tzo=01;31:*.t7z=01;31:*.zip=01;31:*.z=01;31:*.dz=01;31:*.gz=01;31:*.lrz=01;31:*.lz=01;31:*.lzo=01;31:*.xz=01;31:*.zst=01;31:*.tzst=01;31:*.bz2=01;31:*.bz=01;31:*.tbz=01;31:*.tbz2=01;31:*.tz=01;31:*.deb=01;31:*.rpm=01;31:*.jar=01;31:*.war=01;31:*.ear=01;31:*.sar=01;31:*.rar=01;31:*.alz=01;31:*.ace=01;31:*.zoo=01;31:*.cpio=01;31:*.7z=01;31:*.rz=01;31:*.cab=01;31:*.wim=01;31:*.swm=01;31:*.dwm=01;31:*.esd=01;31:*.avif=01;35:*.jpg=01;35:*.jpeg=01;35:*.mjpg=01;35:*.mjpeg=01;35:*.gif=01;35:*.bmp=01;35:*.pbm=01;35:*.pgm=01;35:*.ppm=01;35:*.tga=01;35:*.xbm=01;35:*.xpm=01;35:*.tif=01;35:*.tiff=01;35:*.png=01;35:*.svg=01;35:*.svgz=01;35:*.mng=01;35:*.pcx=01;35:*.mov=01;35:*.mpg=01;35:*.mpeg=01;35:*.m2v=01;35:*.mkv=01;35:*.webm=01;35:*.webp=01;35:*.ogm=01;35:*.mp4=01;35:*.m4v=01;35:*.mp4v=01;35:*.vob=01;35:*.qt=01;35:*.nuv=01;35:*.wmv=01;35:*.asf=01;35:*.rm=01;35:*.rmvb=01;35:*.flc=01;35:*.avi=01;35:*.fli=01;35:*.flv=01;35:*.gl=01;35:*.dl=01;35:*.xcf=01;35:*.xwd=01;35:*.yuv=01;35:*.cgm=01;35:*.emf=01;35:*.ogv=01;35:*.ogx=01;35:*.aac=00;36:*.au=00;36:*.flac=00;36:*.m4a=00;36:*.mid=00;36:*.midi=00;36:*.mka=00;36:*.mp3=00;36:*.mpc=00;36:*.ogg=00;36:*.ra=00;36:*.wav=00;36:*.oga=00;36:*.opus=00;36:*.spx=00;36:*.xspf=00;36:*~=00;90:*#=00;90:*.bak=00;90:*.crdownload=00;90:*.dpkg-dist=00;90:*.dpkg-new=00;90:*.dpkg-old=00;90:*.dpkg-tmp=00;90:*.old=00;90:*.orig=00;90:*.part=00;90:*.rej=00;90:*.rpmnew=00;90:*.rpmorig=00;90:*.rpmsave=00;90:*.swp=00;90:*.tmp=00;90:*.ucf-dist=00;90:*.ucf-new=00;90:*.ucf-old=00;90:', 'ROS_DOMAIN_ID': '0', 'AMENT_PREFIX_PATH': '/opt/ros/jazzy', 'ROS_AUTOMATIC_DISCOVERY_RANGE': 'SUBNET', 'PWD': '/workspaces/build/handsfree_imu_ros2', 'LC_ALL': 'C.UTF-8', 'PYTHONPATH': '/workspaces/build/handsfree_imu_ros2/prefix_override:/usr/lib/python3/dist-packages/colcon_core/task/python/colcon_distutils_commands:/workspaces/install/handsfree_imu_ros2/lib/python3.12/site-packages:/opt/ros/jazzy/lib/python3.12/site-packages', 'COLCON': '1', 'CMAKE_PREFIX_PATH': '/opt/ros/jazzy/opt/sdformat_vendor:/opt/ros/jazzy/opt/gz_math_vendor:/opt/ros/jazzy/opt/gz_utils_vendor:/opt/ros/jazzy/opt/gz_tools_vendor:/opt/ros/jazzy/opt/gz_cmake_vendor', 'ROS2_WS': '/workspaces'}, 'shell': False}
[0.499667] (wildbot_control) Command: {'cmd': ['/usr/bin/python3', '-W', 'ignore:setup.py install is deprecated', '-W', 'ignore:easy_install command is deprecated', 'setup.py', 'develop', '--editable', '--build-directory', '/workspaces/build/wildbot_control/build', '--no-deps', 'symlink_data'], 'cwd': '/workspaces/build/wildbot_control', 'env': {'HISTFILESIZE': '2147450879', 'GZ_CONFIG_PATH': '/opt/ros/jazzy/opt/sdformat_vendor/share/gz', 'HOSTNAME': '80d3b8a513ac', 'SHLVL': '1', 'LD_LIBRARY_PATH': '/opt/ros/jazzy/opt/sdformat_vendor/lib:/opt/ros/jazzy/opt/rviz_ogre_vendor/lib:/opt/ros/jazzy/lib/x86_64-linux-gnu:/opt/ros/jazzy/opt/gz_math_vendor/lib:/opt/ros/jazzy/opt/gz_utils_vendor/lib:/opt/ros/jazzy/opt/gz_tools_vendor/lib:/opt/ros/jazzy/opt/gz_cmake_vendor/lib:/opt/ros/jazzy/lib', 'LESS': '-R', 'HOME': '/root', 'LSCOLORS': 'Gxfxcxdxdxegedabagacad', 'ROS_PYTHON_VERSION': '3', 'PAGER': 'less', 'ROS_DISTRO': 'jazzy', 'OSH': '/root/.oh-my-bash', '_': '/usr/bin/colcon', 'ROS_VERSION': '2', 'TERM': 'xterm', 'DRIVER_WS': '/robot_ws', 'PATH': '/usr/lib/ccache:/opt/ros/jazzy/opt/gz_tools_vendor/bin:/opt/ros/jazzy/bin:/usr/local/sbin:/usr/local/bin:/usr/sbin:/usr/bin:/sbin:/bin', 'ydlidar_sdk_DIR': '/usr/lib/cmake/ydlidar_sdk', 'HISTSIZE': '2147450879', 'LANG': 'C.UTF-8', 'LS_COLORS': 'rs=0:di=01;34:ln=01;36:mh=00:pi=40;33:so=01;35:do=01;35:bd=40;33;01:cd=40;33;01:or=40;31;01:mi=00:su=37;41:sg=30;43:ca=00:tw=30;42:ow=34;42:st=37;44:ex=01;32:*.tar=01;31:*.tgz=01;31:*.arc=01;31:*.arj=01;31:*.taz=01;31:*.lha=01;31:*.lz4=01;31:*.lzh=01;31:*.lzma=01;31:*.tlz=01;31:*.txz=01;31:*.tzo=01;31:*.t7z=01;31:*.zip=01;31:*.z=01;31:*.dz=01;31:*.gz=01;31:*.lrz=01;31:*.lz=01;31:*.lzo=01;31:*.xz=01;31:*.zst=01;31:*.tzst=01;31:*.bz2=01;31:*.bz=01;31:*.tbz=01;31:*.tbz2=01;31:*.tz=01;31:*.deb=01;31:*.rpm=01;31:*.jar=01;31:*.war=01;31:*.ear=01;31:*.sar=01;31:*.rar=01;31:*.alz=01;31:*.ace=01;31:*.zoo=01;31:*.cpio=01;31:*.7z=01;31:*.rz=01;31:*.cab=01;31:*.wim=01;31:*.swm=01;31:*.dwm=01;31:*.esd=01;31:*.avif=01;35:*.jpg=01;35:*.jpeg=01;35:*.mjpg=01;35:*.mjpeg=01;35:*.gif=01;35:*.bmp=01;35:*.pbm=01;35:*.pgm=01;35:*.ppm=01;35:*.tga=01;35:*.xbm=01;35:*.xpm=01;35:*.tif=01;35:*.tiff=01;35:*.png=01;35:*.svg=01;35:*.svgz=01;35:*.mng=01;35:*.pcx=01;35:*.mov=01;35:*.mpg=01;35:*.mpeg=01;35:*.m2v=01;35:*.mkv=01;35:*.webm=01;35:*.webp=01;35:*.ogm=01;35:*.mp4=01;35:*.m4v=01;35:*.mp4v=01;35:*.vob=01;35:*.qt=01;35:*.nuv=01;35:*.wmv=01;35:*.asf=01;35:*.rm=01;35:*.rmvb=01;35:*.flc=01;35:*.avi=01;35:*.fli=01;35:*.flv=01;35:*.gl=01;35:*.dl=01;35:*.xcf=01;35:*.xwd=01;35:*.yuv=01;35:*.cgm=01;35:*.emf=01;35:*.ogv=01;35:*.ogx=01;35:*.aac=00;36:*.au=00;36:*.flac=00;36:*.m4a=00;36:*.mid=00;36:*.midi=00;36:*.mka=00;36:*.mp3=00;36:*.mpc=00;36:*.ogg=00;36:*.ra=00;36:*.wav=00;36:*.oga=00;36:*.opus=00;36:*.spx=00;36:*.xspf=00;36:*~=00;90:*#=00;90:*.bak=00;90:*.crdownload=00;90:*.dpkg-dist=00;90:*.dpkg-new=00;90:*.dpkg-old=00;90:*.dpkg-tmp=00;90:*.old=00;90:*.orig=00;90:*.part=00;90:*.rej=00;90:*.rpmnew=00;90:*.rpmorig=00;90:*.rpmsave=00;90:*.swp=00;90:*.tmp=00;90:*.ucf-dist=00;90:*.ucf-new=00;90:*.ucf-old=00;90:', 'ROS_DOMAIN_ID': '0', 'AMENT_PREFIX_PATH': '/opt/ros/jazzy', 'ROS_AUTOMATIC_DISCOVERY_RANGE': 'SUBNET', 'PWD': '/workspaces/build/wildbot_control', 'LC_ALL': 'C.UTF-8', 'PYTHONPATH': '/workspaces/build/wildbot_control/prefix_override:/usr/lib/python3/dist-packages/colcon_core/task/python/colcon_distutils_commands:/workspaces/install/wildbot_control/lib/python3.12/site-packages:/opt/ros/jazzy/lib/python3.12/site-packages', 'COLCON': '1', 'CMAKE_PREFIX_PATH': '/opt/ros/jazzy/opt/sdformat_vendor:/opt/ros/jazzy/opt/gz_math_vendor:/opt/ros/jazzy/opt/gz_utils_vendor:/opt/ros/jazzy/opt/gz_tools_vendor:/opt/ros/jazzy/opt/gz_cmake_vendor', 'ROS2_WS': '/workspaces'}, 'shell': False}
[0.500268] (-) TimerEvent: {}
[0.600478] (-) TimerEvent: {}
[0.619334] (handsfree_imu_ros2) StdoutLine: {'line': b'running develop\n'}
[0.627059] (wildbot_control) StdoutLine: {'line': b'running develop\n'}
[0.662460] (yolo_ros) Command: {'cmd': ['/usr/bin/python3', '-W', 'ignore:setup.py install is deprecated', '-W', 'ignore:easy_install command is deprecated', 'setup.py', 'develop', '--editable', '--build-directory', '/workspaces/build/yolo_ros/build', '--no-deps', 'symlink_data'], 'cwd': '/workspaces/build/yolo_ros', 'env': {'HISTFILESIZE': '2147450879', 'GZ_CONFIG_PATH': '/opt/ros/jazzy/opt/sdformat_vendor/share/gz', 'HOSTNAME': '80d3b8a513ac', 'SHLVL': '1', 'LD_LIBRARY_PATH': '/workspaces/install/yolo_msgs/lib:/opt/ros/jazzy/opt/sdformat_vendor/lib:/opt/ros/jazzy/opt/rviz_ogre_vendor/lib:/opt/ros/jazzy/lib/x86_64-linux-gnu:/opt/ros/jazzy/opt/gz_math_vendor/lib:/opt/ros/jazzy/opt/gz_utils_vendor/lib:/opt/ros/jazzy/opt/gz_tools_vendor/lib:/opt/ros/jazzy/opt/gz_cmake_vendor/lib:/opt/ros/jazzy/lib', 'LESS': '-R', 'HOME': '/root', 'LSCOLORS': 'Gxfxcxdxdxegedabagacad', 'ROS_PYTHON_VERSION': '3', 'PAGER': 'less', 'ROS_DISTRO': 'jazzy', 'OSH': '/root/.oh-my-bash', '_': '/usr/bin/colcon', 'ROS_VERSION': '2', 'TERM': 'xterm', 'DRIVER_WS': '/robot_ws', 'PATH': '/usr/lib/ccache:/opt/ros/jazzy/opt/gz_tools_vendor/bin:/opt/ros/jazzy/bin:/usr/local/sbin:/usr/local/bin:/usr/sbin:/usr/bin:/sbin:/bin', 'ydlidar_sdk_DIR': '/usr/lib/cmake/ydlidar_sdk', 'HISTSIZE': '2147450879', 'LANG': 'C.UTF-8', 'LS_COLORS': 'rs=0:di=01;34:ln=01;36:mh=00:pi=40;33:so=01;35:do=01;35:bd=40;33;01:cd=40;33;01:or=40;31;01:mi=00:su=37;41:sg=30;43:ca=00:tw=30;42:ow=34;42:st=37;44:ex=01;32:*.tar=01;31:*.tgz=01;31:*.arc=01;31:*.arj=01;31:*.taz=01;31:*.lha=01;31:*.lz4=01;31:*.lzh=01;31:*.lzma=01;31:*.tlz=01;31:*.txz=01;31:*.tzo=01;31:*.t7z=01;31:*.zip=01;31:*.z=01;31:*.dz=01;31:*.gz=01;31:*.lrz=01;31:*.lz=01;31:*.lzo=01;31:*.xz=01;31:*.zst=01;31:*.tzst=01;31:*.bz2=01;31:*.bz=01;31:*.tbz=01;31:*.tbz2=01;31:*.tz=01;31:*.deb=01;31:*.rpm=01;31:*.jar=01;31:*.war=01;31:*.ear=01;31:*.sar=01;31:*.rar=01;31:*.alz=01;31:*.ace=01;31:*.zoo=01;31:*.cpio=01;31:*.7z=01;31:*.rz=01;31:*.cab=01;31:*.wim=01;31:*.swm=01;31:*.dwm=01;31:*.esd=01;31:*.avif=01;35:*.jpg=01;35:*.jpeg=01;35:*.mjpg=01;35:*.mjpeg=01;35:*.gif=01;35:*.bmp=01;35:*.pbm=01;35:*.pgm=01;35:*.ppm=01;35:*.tga=01;35:*.xbm=01;35:*.xpm=01;35:*.tif=01;35:*.tiff=01;35:*.png=01;35:*.svg=01;35:*.svgz=01;35:*.mng=01;35:*.pcx=01;35:*.mov=01;35:*.mpg=01;35:*.mpeg=01;35:*.m2v=01;35:*.mkv=01;35:*.webm=01;35:*.webp=01;35:*.ogm=01;35:*.mp4=01;35:*.m4v=01;35:*.mp4v=01;35:*.vob=01;35:*.qt=01;35:*.nuv=01;35:*.wmv=01;35:*.asf=01;35:*.rm=01;35:*.rmvb=01;35:*.flc=01;35:*.avi=01;35:*.fli=01;35:*.flv=01;35:*.gl=01;35:*.dl=01;35:*.xcf=01;35:*.xwd=01;35:*.yuv=01;35:*.cgm=01;35:*.emf=01;35:*.ogv=01;35:*.ogx=01;35:*.aac=00;36:*.au=00;36:*.flac=00;36:*.m4a=00;36:*.mid=00;36:*.midi=00;36:*.mka=00;36:*.mp3=00;36:*.mpc=00;36:*.ogg=00;36:*.ra=00;36:*.wav=00;36:*.oga=00;36:*.opus=00;36:*.spx=00;36:*.xspf=00;36:*~=00;90:*#=00;90:*.bak=00;90:*.crdownload=00;90:*.dpkg-dist=00;90:*.dpkg-new=00;90:*.dpkg-old=00;90:*.dpkg-tmp=00;90:*.old=00;90:*.orig=00;90:*.part=00;90:*.rej=00;90:*.rpmnew=00;90:*.rpmorig=00;90:*.rpmsave=00;90:*.swp=00;90:*.tmp=00;90:*.ucf-dist=00;90:*.ucf-new=00;90:*.ucf-old=00;90:', 'ROS_DOMAIN_ID': '0', 'AMENT_PREFIX_PATH': '/workspaces/install/yolo_msgs:/opt/ros/jazzy', 'ROS_AUTOMATIC_DISCOVERY_RANGE': 'SUBNET', 'PWD': '/workspaces/build/yolo_ros', 'LC_ALL': 'C.UTF-8', 'PYTHONPATH': '/workspaces/build/yolo_ros/prefix_override:/usr/lib/python3/dist-packages/colcon_core/task/python/colcon_distutils_commands:/workspaces/install/yolo_ros/lib/python3.12/site-packages:/workspaces/install/yolo_msgs/lib/python3.12/site-packages:/opt/ros/jazzy/lib/python3.12/site-packages', 'COLCON': '1', 'CMAKE_PREFIX_PATH': '/workspaces/install/yolo_msgs:/opt/ros/jazzy/opt/sdformat_vendor:/opt/ros/jazzy/opt/gz_math_vendor:/opt/ros/jazzy/opt/gz_utils_vendor:/opt/ros/jazzy/opt/gz_tools_vendor:/opt/ros/jazzy/opt/gz_cmake_vendor', 'ROS2_WS': '/workspaces'}, 'shell': False}
[0.673672] (handsfree_imu_ros2) StdoutLine: {'line': b'running egg_info\n'}
[0.678871] (handsfree_imu_ros2) StdoutLine: {'line': b'writing handsfree_imu_ros2.egg-info/PKG-INFO\n'}
[0.679034] (handsfree_imu_ros2) StdoutLine: {'line': b'writing dependency_links to handsfree_imu_ros2.egg-info/dependency_links.txt\n'}
[0.679122] (handsfree_imu_ros2) StdoutLine: {'line': b'writing entry points to handsfree_imu_ros2.egg-info/entry_points.txt\n'}
[0.679185] (handsfree_imu_ros2) StdoutLine: {'line': b'writing requirements to handsfree_imu_ros2.egg-info/requires.txt\n'}
[0.679246] (handsfree_imu_ros2) StdoutLine: {'line': b'writing top-level names to handsfree_imu_ros2.egg-info/top_level.txt\n'}
[0.680877] (wildbot_control) StdoutLine: {'line': b'running egg_info\n'}
[0.685905] (wildbot_control) StdoutLine: {'line': b'writing wildbot_control.egg-info/PKG-INFO\n'}
[0.686051] (wildbot_control) StdoutLine: {'line': b'writing dependency_links to wildbot_control.egg-info/dependency_links.txt\n'}
[0.686139] (wildbot_control) StdoutLine: {'line': b'writing entry points to wildbot_control.egg-info/entry_points.txt\n'}
[0.686190] (wildbot_control) StdoutLine: {'line': b'writing requirements to wildbot_control.egg-info/requires.txt\n'}
[0.686225] (wildbot_control) StdoutLine: {'line': b'writing top-level names to wildbot_control.egg-info/top_level.txt\n'}
[0.689847] (handsfree_imu_ros2) StdoutLine: {'line': b"reading manifest file 'handsfree_imu_ros2.egg-info/SOURCES.txt'\n"}
[0.690215] (handsfree_imu_ros2) StdoutLine: {'line': b"writing manifest file 'handsfree_imu_ros2.egg-info/SOURCES.txt'\n"}
[0.696436] (handsfree_imu_ros2) StdoutLine: {'line': b'running build_ext\n'}
[0.696504] (handsfree_imu_ros2) StdoutLine: {'line': b'Creating /workspaces/install/handsfree_imu_ros2/lib/python3.12/site-packages/handsfree-imu-ros2.egg-link (link to .)\n'}
[0.696581] (wildbot_control) StdoutLine: {'line': b"reading manifest file 'wildbot_control.egg-info/SOURCES.txt'\n"}
[0.696872] (handsfree_imu_ros2) StdoutLine: {'line': b'Installing imu_a9_node script to /workspaces/install/handsfree_imu_ros2/lib/handsfree_imu_ros2\n'}
[0.696914] (wildbot_control) StdoutLine: {'line': b"writing manifest file 'wildbot_control.egg-info/SOURCES.txt'\n"}
[0.697026] (handsfree_imu_ros2) StdoutLine: {'line': b'\n'}
[0.697051] (handsfree_imu_ros2) StdoutLine: {'line': b'Installed /workspaces/build/handsfree_imu_ros2\n'}
[0.697083] (handsfree_imu_ros2) StdoutLine: {'line': b'running symlink_data\n'}
[0.700537] (-) TimerEvent: {}
[0.703533] (wildbot_control) StdoutLine: {'line': b'running build_ext\n'}
[0.703741] (wildbot_control) StdoutLine: {'line': b'Creating /workspaces/install/wildbot_control/lib/python3.12/site-packages/wildbot-control.egg-link (link to .)\n'}
[0.704042] (wildbot_control) StdoutLine: {'line': b'Installing yaw_hold_node script to /workspaces/install/wildbot_control/lib/wildbot_control\n'}
[0.704212] (wildbot_control) StdoutLine: {'line': b'\n'}
[0.704269] (wildbot_control) StdoutLine: {'line': b'Installed /workspaces/build/wildbot_control\n'}
[0.704353] (wildbot_control) StdoutLine: {'line': b'running symlink_data\n'}
[0.737534] (wildbot_control) CommandEnded: {'returncode': 0}
[0.741966] (wildbot_control) JobEnded: {'identifier': 'wildbot_control', 'rc': 0}
[0.742743] (handsfree_imu_ros2) CommandEnded: {'returncode': 0}
[0.745858] (handsfree_imu_ros2) JobEnded: {'identifier': 'handsfree_imu_ros2', 'rc': 0}
[0.788672] (yolo_ros) StdoutLine: {'line': b'running develop\n'}
[0.800610] (-) TimerEvent: {}
[0.842606] (yolo_ros) StdoutLine: {'line': b'running egg_info\n'}
[0.847756] (yolo_ros) StdoutLine: {'line': b'writing yolo_ros.egg-info/PKG-INFO\n'}
[0.847916] (yolo_ros) StdoutLine: {'line': b'writing dependency_links to yolo_ros.egg-info/dependency_links.txt\n'}
[0.848012] (yolo_ros) StdoutLine: {'line': b'writing entry points to yolo_ros.egg-info/entry_points.txt\n'}
[0.848073] (yolo_ros) StdoutLine: {'line': b'writing requirements to yolo_ros.egg-info/requires.txt\n'}
[0.848140] (yolo_ros) StdoutLine: {'line': b'writing top-level names to yolo_ros.egg-info/top_level.txt\n'}
[0.858756] (yolo_ros) StdoutLine: {'line': b"reading manifest file 'yolo_ros.egg-info/SOURCES.txt'\n"}
[0.859081] (yolo_ros) StdoutLine: {'line': b"writing manifest file 'yolo_ros.egg-info/SOURCES.txt'\n"}
[0.865257] (yolo_ros) StdoutLine: {'line': b'running build_ext\n'}
[0.865344] (yolo_ros) StdoutLine: {'line': b'Creating /workspaces/install/yolo_ros/lib/python3.12/site-packages/yolo-ros.egg-link (link to .)\n'}
[0.865720] (yolo_ros) StdoutLine: {'line': b'Installing debug_node script to /workspaces/install/yolo_ros/lib/yolo_ros\n'}
[0.865806] (yolo_ros) StdoutLine: {'line': b'Installing detect_3d_node script to /workspaces/install/yolo_ros/lib/yolo_ros\n'}
[0.865864] (yolo_ros) StdoutLine: {'line': b'Installing tracking_node script to /workspaces/install/yolo_ros/lib/yolo_ros\n'}
[0.865924] (yolo_ros) StdoutLine: {'line': b'Installing yolo_node script to /workspaces/install/yolo_ros/lib/yolo_ros\n'}
[0.866013] (yolo_ros) StdoutLine: {'line': b'\n'}
[0.866074] (yolo_ros) StdoutLine: {'line': b'Installed /workspaces/build/yolo_ros\n'}
[0.866118] (yolo_ros) StdoutLine: {'line': b'running symlink_data\n'}
[0.887566] (yolo_ros) CommandEnded: {'returncode': 0}
[0.891624] (yolo_ros) JobEnded: {'identifier': 'yolo_ros', 'rc': 0}
[0.892041] (yolo_bringup) JobStarted: {'identifier': 'yolo_bringup'}
[0.896287] (yolo_bringup) JobProgress: {'identifier': 'yolo_bringup', 'progress': 'cmake'}
[0.896481] (yolo_bringup) JobProgress: {'identifier': 'yolo_bringup', 'progress': 'build'}
[0.896679] (yolo_bringup) Command: {'cmd': ['/usr/bin/cmake', '--build', '/workspaces/build/yolo_bringup', '--', '-j16', '-l16'], 'cwd': '/workspaces/build/yolo_bringup', 'env': OrderedDict({'HISTFILESIZE': '2147450879', 'GZ_CONFIG_PATH': '/opt/ros/jazzy/opt/sdformat_vendor/share/gz', 'HOSTNAME': '80d3b8a513ac', 'SHLVL': '1', 'LD_LIBRARY_PATH': '/workspaces/install/yolo_msgs/lib:/opt/ros/jazzy/opt/sdformat_vendor/lib:/opt/ros/jazzy/opt/rviz_ogre_vendor/lib:/opt/ros/jazzy/lib/x86_64-linux-gnu:/opt/ros/jazzy/opt/gz_math_vendor/lib:/opt/ros/jazzy/opt/gz_utils_vendor/lib:/opt/ros/jazzy/opt/gz_tools_vendor/lib:/opt/ros/jazzy/opt/gz_cmake_vendor/lib:/opt/ros/jazzy/lib', 'LESS': '-R', 'HOME': '/root', 'LSCOLORS': 'Gxfxcxdxdxegedabagacad', 'ROS_PYTHON_VERSION': '3', 'PAGER': 'less', 'ROS_DISTRO': 'jazzy', 'OSH': '/root/.oh-my-bash', '_': '/usr/bin/colcon', 'ROS_VERSION': '2', 'TERM': 'xterm', 'DRIVER_WS': '/robot_ws', 'PATH': '/usr/lib/ccache:/opt/ros/jazzy/opt/gz_tools_vendor/bin:/opt/ros/jazzy/bin:/usr/local/sbin:/usr/local/bin:/usr/sbin:/usr/bin:/sbin:/bin', 'ydlidar_sdk_DIR': '/usr/lib/cmake/ydlidar_sdk', 'HISTSIZE': '2147450879', 'LANG': 'C.UTF-8', 'LS_COLORS': 'rs=0:di=01;34:ln=01;36:mh=00:pi=40;33:so=01;35:do=01;35:bd=40;33;01:cd=40;33;01:or=40;31;01:mi=00:su=37;41:sg=30;43:ca=00:tw=30;42:ow=34;42:st=37;44:ex=01;32:*.tar=01;31:*.tgz=01;31:*.arc=01;31:*.arj=01;31:*.taz=01;31:*.lha=01;31:*.lz4=01;31:*.lzh=01;31:*.lzma=01;31:*.tlz=01;31:*.txz=01;31:*.tzo=01;31:*.t7z=01;31:*.zip=01;31:*.z=01;31:*.dz=01;31:*.gz=01;31:*.lrz=01;31:*.lz=01;31:*.lzo=01;31:*.xz=01;31:*.zst=01;31:*.tzst=01;31:*.bz2=01;31:*.bz=01;31:*.tbz=01;31:*.tbz2=01;31:*.tz=01;31:*.deb=01;31:*.rpm=01;31:*.jar=01;31:*.war=01;31:*.ear=01;31:*.sar=01;31:*.rar=01;31:*.alz=01;31:*.ace=01;31:*.zoo=01;31:*.cpio=01;31:*.7z=01;31:*.rz=01;31:*.cab=01;31:*.wim=01;31:*.swm=01;31:*.dwm=01;31:*.esd=01;31:*.avif=01;35:*.jpg=01;35:*.jpeg=01;35:*.mjpg=01;35:*.mjpeg=01;35:*.gif=01;35:*.bmp=01;35:*.pbm=01;35:*.pgm=01;35:*.ppm=01;35:*.tga=01;35:*.xbm=01;35:*.xpm=01;35:*.tif=01;35:*.tiff=01;35:*.png=01;35:*.svg=01;35:*.svgz=01;35:*.mng=01;35:*.pcx=01;35:*.mov=01;35:*.mpg=01;35:*.mpeg=01;35:*.m2v=01;35:*.mkv=01;35:*.webm=01;35:*.webp=01;35:*.ogm=01;35:*.mp4=01;35:*.m4v=01;35:*.mp4v=01;35:*.vob=01;35:*.qt=01;35:*.nuv=01;35:*.wmv=01;35:*.asf=01;35:*.rm=01;35:*.rmvb=01;35:*.flc=01;35:*.avi=01;35:*.fli=01;35:*.flv=01;35:*.gl=01;35:*.dl=01;35:*.xcf=01;35:*.xwd=01;35:*.yuv=01;35:*.cgm=01;35:*.emf=01;35:*.ogv=01;35:*.ogx=01;35:*.aac=00;36:*.au=00;36:*.flac=00;36:*.m4a=00;36:*.mid=00;36:*.midi=00;36:*.mka=00;36:*.mp3=00;36:*.mpc=00;36:*.ogg=00;36:*.ra=00;36:*.wav=00;36:*.oga=00;36:*.opus=00;36:*.spx=00;36:*.xspf=00;36:*~=00;90:*#=00;90:*.bak=00;90:*.crdownload=00;90:*.dpkg-dist=00;90:*.dpkg-new=00;90:*.dpkg-old=00;90:*.dpkg-tmp=00;90:*.old=00;90:*.orig=00;90:*.part=00;90:*.rej=00;90:*.rpmnew=00;90:*.rpmorig=00;90:*.rpmsave=00;90:*.swp=00;90:*.tmp=00;90:*.ucf-dist=00;90:*.ucf-new=00;90:*.ucf-old=00;90:', 'ROS_DOMAIN_ID': '0', 'AMENT_PREFIX_PATH': '/workspaces/install/yolo_ros:/workspaces/install/yolo_msgs:/opt/ros/jazzy', 'ROS_AUTOMATIC_DISCOVERY_RANGE': 'SUBNET', 'PWD': '/workspaces/build/yolo_bringup', 'LC_ALL': 'C.UTF-8', 'PYTHONPATH': '/workspaces/build/yolo_ros:/workspaces/install/yolo_ros/lib/python3.12/site-packages:/workspaces/install/yolo_msgs/lib/python3.12/site-packages:/opt/ros/jazzy/lib/python3.12/site-packages', 'COLCON': '1', 'CMAKE_PREFIX_PATH': '/workspaces/install/yolo_msgs:/opt/ros/jazzy/opt/sdformat_vendor:/opt/ros/jazzy/opt/gz_math_vendor:/opt/ros/jazzy/opt/gz_utils_vendor:/opt/ros/jazzy/opt/gz_tools_vendor:/opt/ros/jazzy/opt/gz_cmake_vendor:/opt/ros/jazzy', 'ROS2_WS': '/workspaces'}), 'shell': False}
[0.900672] (-) TimerEvent: {}
[0.922833] (yolo_bringup) CommandEnded: {'returncode': 0}
[0.923299] (yolo_bringup) JobProgress: {'identifier': 'yolo_bringup', 'progress': 'install'}
[0.923530] (yolo_bringup) Command: {'cmd': ['/usr/bin/cmake', '--install', '/workspaces/build/yolo_bringup'], 'cwd': '/workspaces/build/yolo_bringup', 'env': OrderedDict({'HISTFILESIZE': '2147450879', 'GZ_CONFIG_PATH': '/opt/ros/jazzy/opt/sdformat_vendor/share/gz', 'HOSTNAME': '80d3b8a513ac', 'SHLVL': '1', 'LD_LIBRARY_PATH': '/workspaces/install/yolo_msgs/lib:/opt/ros/jazzy/opt/sdformat_vendor/lib:/opt/ros/jazzy/opt/rviz_ogre_vendor/lib:/opt/ros/jazzy/lib/x86_64-linux-gnu:/opt/ros/jazzy/opt/gz_math_vendor/lib:/opt/ros/jazzy/opt/gz_utils_vendor/lib:/opt/ros/jazzy/opt/gz_tools_vendor/lib:/opt/ros/jazzy/opt/gz_cmake_vendor/lib:/opt/ros/jazzy/lib', 'LESS': '-R', 'HOME': '/root', 'LSCOLORS': 'Gxfxcxdxdxegedabagacad', 'ROS_PYTHON_VERSION': '3', 'PAGER': 'less', 'ROS_DISTRO': 'jazzy', 'OSH': '/root/.oh-my-bash', '_': '/usr/bin/colcon', 'ROS_VERSION': '2', 'TERM': 'xterm', 'DRIVER_WS': '/robot_ws', 'PATH': '/usr/lib/ccache:/opt/ros/jazzy/opt/gz_tools_vendor/bin:/opt/ros/jazzy/bin:/usr/local/sbin:/usr/local/bin:/usr/sbin:/usr/bin:/sbin:/bin', 'ydlidar_sdk_DIR': '/usr/lib/cmake/ydlidar_sdk', 'HISTSIZE': '2147450879', 'LANG': 'C.UTF-8', 'LS_COLORS': 'rs=0:di=01;34:ln=01;36:mh=00:pi=40;33:so=01;35:do=01;35:bd=40;33;01:cd=40;33;01:or=40;31;01:mi=00:su=37;41:sg=30;43:ca=00:tw=30;42:ow=34;42:st=37;44:ex=01;32:*.tar=01;31:*.tgz=01;31:*.arc=01;31:*.arj=01;31:*.taz=01;31:*.lha=01;31:*.lz4=01;31:*.lzh=01;31:*.lzma=01;31:*.tlz=01;31:*.txz=01;31:*.tzo=01;31:*.t7z=01;31:*.zip=01;31:*.z=01;31:*.dz=01;31:*.gz=01;31:*.lrz=01;31:*.lz=01;31:*.lzo=01;31:*.xz=01;31:*.zst=01;31:*.tzst=01;31:*.bz2=01;31:*.bz=01;31:*.tbz=01;31:*.tbz2=01;31:*.tz=01;31:*.deb=01;31:*.rpm=01;31:*.jar=01;31:*.war=01;31:*.ear=01;31:*.sar=01;31:*.rar=01;31:*.alz=01;31:*.ace=01;31:*.zoo=01;31:*.cpio=01;31:*.7z=01;31:*.rz=01;31:*.cab=01;31:*.wim=01;31:*.swm=01;31:*.dwm=01;31:*.esd=01;31:*.avif=01;35:*.jpg=01;35:*.jpeg=01;35:*.mjpg=01;35:*.mjpeg=01;35:*.gif=01;35:*.bmp=01;35:*.pbm=01;35:*.pgm=01;35:*.ppm=01;35:*.tga=01;35:*.xbm=01;35:*.xpm=01;35:*.tif=01;35:*.tiff=01;35:*.png=01;35:*.svg=01;35:*.svgz=01;35:*.mng=01;35:*.pcx=01;35:*.mov=01;35:*.mpg=01;35:*.mpeg=01;35:*.m2v=01;35:*.mkv=01;35:*.webm=01;35:*.webp=01;35:*.ogm=01;35:*.mp4=01;35:*.m4v=01;35:*.mp4v=01;35:*.vob=01;35:*.qt=01;35:*.nuv=01;35:*.wmv=01;35:*.asf=01;35:*.rm=01;35:*.rmvb=01;35:*.flc=01;35:*.avi=01;35:*.fli=01;35:*.flv=01;35:*.gl=01;35:*.dl=01;35:*.xcf=01;35:*.xwd=01;35:*.yuv=01;35:*.cgm=01;35:*.emf=01;35:*.ogv=01;35:*.ogx=01;35:*.aac=00;36:*.au=00;36:*.flac=00;36:*.m4a=00;36:*.mid=00;36:*.midi=00;36:*.mka=00;36:*.mp3=00;36:*.mpc=00;36:*.ogg=00;36:*.ra=00;36:*.wav=00;36:*.oga=00;36:*.opus=00;36:*.spx=00;36:*.xspf=00;36:*~=00;90:*#=00;90:*.bak=00;90:*.crdownload=00;90:*.dpkg-dist=00;90:*.dpkg-new=00;90:*.dpkg-old=00;90:*.dpkg-tmp=00;90:*.old=00;90:*.orig=00;90:*.part=00;90:*.rej=00;90:*.rpmnew=00;90:*.rpmorig=00;90:*.rpmsave=00;90:*.swp=00;90:*.tmp=00;90:*.ucf-dist=00;90:*.ucf-new=00;90:*.ucf-old=00;90:', 'ROS_DOMAIN_ID': '0', 'AMENT_PREFIX_PATH': '/workspaces/install/yolo_ros:/workspaces/install/yolo_msgs:/opt/ros/jazzy', 'ROS_AUTOMATIC_DISCOVERY_RANGE': 'SUBNET', 'PWD': '/workspaces/build/yolo_bringup', 'LC_ALL': 'C.UTF-8', 'PYTHONPATH': '/workspaces/build/yolo_ros:/workspaces/install/yolo_ros/lib/python3.12/site-packages:/workspaces/install/yolo_msgs/lib/python3.12/site-packages:/opt/ros/jazzy/lib/python3.12/site-packages', 'COLCON': '1', 'CMAKE_PREFIX_PATH': '/workspaces/install/yolo_msgs:/opt/ros/jazzy/opt/sdformat_vendor:/opt/ros/jazzy/opt/gz_math_vendor:/opt/ros/jazzy/opt/gz_utils_vendor:/opt/ros/jazzy/opt/gz_tools_vendor:/opt/ros/jazzy/opt/gz_cmake_vendor:/opt/ros/jazzy', 'ROS2_WS': '/workspaces'}), 'shell': False}
[0.928062] (yolo_bringup) StdoutLine: {'line': b'-- Install configuration: ""\n'}
[0.928313] (yolo_bringup) StdoutLine: {'line': b'-- Execute custom install script\n'}
[0.928562] (yolo_bringup) StdoutLine: {'line': b'-- Up-to-date symlink: /workspaces/install/yolo_bringup/share/yolo_bringup//launch/yolo-world.launch.py\n'}
[0.928624] (yolo_bringup) StdoutLine: {'line': b'-- Up-to-date symlink: /workspaces/install/yolo_bringup/share/yolo_bringup//launch/yolo-world.launch.py:Zone.Identifier\n'}
[0.928684] (yolo_bringup) StdoutLine: {'line': b'-- Up-to-date symlink: /workspaces/install/yolo_bringup/share/yolo_bringup//launch/yolo.launch.py\n'}
[0.928734] (yolo_bringup) StdoutLine: {'line': b'-- Up-to-date symlink: /workspaces/install/yolo_bringup/share/yolo_bringup//launch/yolo.launch.py:Zone.Identifier\n'}
[0.928789] (yolo_bringup) StdoutLine: {'line': b'-- Up-to-date symlink: /workspaces/install/yolo_bringup/share/yolo_bringup//launch/yoloe.launch.py\n'}
[0.928841] (yolo_bringup) StdoutLine: {'line': b'-- Up-to-date symlink: /workspaces/install/yolo_bringup/share/yolo_bringup//launch/yoloe.launch.py:Zone.Identifier\n'}
[0.928889] (yolo_bringup) StdoutLine: {'line': b'-- Up-to-date symlink: /workspaces/install/yolo_bringup/share/yolo_bringup//launch/yolov10.launch.py\n'}
[0.928939] (yolo_bringup) StdoutLine: {'line': b'-- Up-to-date symlink: /workspaces/install/yolo_bringup/share/yolo_bringup//launch/yolov10.launch.py:Zone.Identifier\n'}
[0.928990] (yolo_bringup) StdoutLine: {'line': b'-- Up-to-date symlink: /workspaces/install/yolo_bringup/share/yolo_bringup//launch/yolov11.launch.py\n'}
[0.929037] (yolo_bringup) StdoutLine: {'line': b'-- Up-to-date symlink: /workspaces/install/yolo_bringup/share/yolo_bringup//launch/yolov11.launch.py:Zone.Identifier\n'}
[0.929090] (yolo_bringup) StdoutLine: {'line': b'-- Up-to-date symlink: /workspaces/install/yolo_bringup/share/yolo_bringup//launch/yolov12.launch.py\n'}
[0.929141] (yolo_bringup) StdoutLine: {'line': b'-- Up-to-date symlink: /workspaces/install/yolo_bringup/share/yolo_bringup//launch/yolov12.launch.py:Zone.Identifier\n'}
[0.929189] (yolo_bringup) StdoutLine: {'line': b'-- Up-to-date symlink: /workspaces/install/yolo_bringup/share/yolo_bringup//launch/yolov26.launch.py\n'}
[0.929230] (yolo_bringup) StdoutLine: {'line': b'-- Up-to-date symlink: /workspaces/install/yolo_bringup/share/yolo_bringup//launch/yolov26.launch.py:Zone.Identifier\n'}
[0.929278] (yolo_bringup) StdoutLine: {'line': b'-- Up-to-date symlink: /workspaces/install/yolo_bringup/share/yolo_bringup//launch/yolov5.launch.py\n'}
[0.929329] (yolo_bringup) StdoutLine: {'line': b'-- Up-to-date symlink: /workspaces/install/yolo_bringup/share/yolo_bringup//launch/yolov5.launch.py:Zone.Identifier\n'}
[0.929386] (yolo_bringup) StdoutLine: {'line': b'-- Up-to-date symlink: /workspaces/install/yolo_bringup/share/yolo_bringup//launch/yolov8.launch.py\n'}
[0.929437] (yolo_bringup) StdoutLine: {'line': b'-- Up-to-date symlink: /workspaces/install/yolo_bringup/share/yolo_bringup//launch/yolov8.launch.py:Zone.Identifier\n'}
[0.929484] (yolo_bringup) StdoutLine: {'line': b'-- Up-to-date symlink: /workspaces/install/yolo_bringup/share/yolo_bringup//launch/yolov9.launch.py\n'}
[0.929530] (yolo_bringup) StdoutLine: {'line': b'-- Up-to-date symlink: /workspaces/install/yolo_bringup/share/yolo_bringup//launch/yolov9.launch.py:Zone.Identifier\n'}
[0.929577] (yolo_bringup) StdoutLine: {'line': b'-- Up-to-date symlink: /workspaces/install/yolo_bringup/share/ament_index/resource_index/package_run_dependencies/yolo_bringup\n'}
[0.929629] (yolo_bringup) StdoutLine: {'line': b'-- Up-to-date symlink: /workspaces/install/yolo_bringup/share/ament_index/resource_index/parent_prefix_path/yolo_bringup\n'}
[0.929675] (yolo_bringup) StdoutLine: {'line': b'-- Up-to-date symlink: /workspaces/install/yolo_bringup/share/yolo_bringup/environment/ament_prefix_path.sh\n'}
[0.929721] (yolo_bringup) StdoutLine: {'line': b'-- Up-to-date symlink: /workspaces/install/yolo_bringup/share/yolo_bringup/environment/ament_prefix_path.dsv\n'}
[0.929762] (yolo_bringup) StdoutLine: {'line': b'-- Up-to-date symlink: /workspaces/install/yolo_bringup/share/yolo_bringup/environment/path.sh\n'}
[0.929801] (yolo_bringup) StdoutLine: {'line': b'-- Up-to-date symlink: /workspaces/install/yolo_bringup/share/yolo_bringup/environment/path.dsv\n'}
[0.929840] (yolo_bringup) StdoutLine: {'line': b'-- Up-to-date symlink: /workspaces/install/yolo_bringup/share/yolo_bringup/local_setup.bash\n'}
[0.929883] (yolo_bringup) StdoutLine: {'line': b'-- Up-to-date symlink: /workspaces/install/yolo_bringup/share/yolo_bringup/local_setup.sh\n'}
[0.929923] (yolo_bringup) StdoutLine: {'line': b'-- Up-to-date symlink: /workspaces/install/yolo_bringup/share/yolo_bringup/local_setup.zsh\n'}
[0.929964] (yolo_bringup) StdoutLine: {'line': b'-- Up-to-date symlink: /workspaces/install/yolo_bringup/share/yolo_bringup/local_setup.dsv\n'}
[0.930004] (yolo_bringup) StdoutLine: {'line': b'-- Symlinking: /workspaces/install/yolo_bringup/share/yolo_bringup/package.dsv\n'}
[0.935200] (yolo_bringup) StdoutLine: {'line': b'-- Up-to-date symlink: /workspaces/install/yolo_bringup/share/ament_index/resource_index/packages/yolo_bringup\n'}
[0.935291] (yolo_bringup) StdoutLine: {'line': b'-- Up-to-date symlink: /workspaces/install/yolo_bringup/share/yolo_bringup/cmake/yolo_bringupConfig.cmake\n'}
[0.935420] (yolo_bringup) StdoutLine: {'line': b'-- Up-to-date symlink: /workspaces/install/yolo_bringup/share/yolo_bringup/cmake/yolo_bringupConfig-version.cmake\n'}
[0.935662] (yolo_bringup) StdoutLine: {'line': b'-- Up-to-date symlink: /workspaces/install/yolo_bringup/share/yolo_bringup/package.xml\n'}
[0.936343] (yolo_bringup) CommandEnded: {'returncode': 0}
[0.945641] (yolo_bringup) JobEnded: {'identifier': 'yolo_bringup', 'rc': 0}
[0.946257] (-) EventReactorShutdown: {}
