[0.000000] (-) TimerEvent: {}
[0.000364] (handsfree_imu_ros2) JobQueued: {'identifier': 'handsfree_imu_ros2', 'dependencies': OrderedDict()}
[0.000527] (wildbot_control) JobQueued: {'identifier': 'wildbot_control', 'dependencies': OrderedDict()}
[0.000566] (wildbot_localization) JobQueued: {'identifier': 'wildbot_localization', 'dependencies': OrderedDict()}
[0.000581] (wildbot_slam) JobQueued: {'identifier': 'wildbot_slam', 'dependencies': OrderedDict()}
[0.000607] (ydlidar_ros2_driver) JobQueued: {'identifier': 'ydlidar_ros2_driver', 'dependencies': OrderedDict()}
[0.000627] (yolo_msgs) JobQueued: {'identifier': 'yolo_msgs', 'dependencies': OrderedDict()}
[0.000648] (yolo_ros) JobQueued: {'identifier': 'yolo_ros', 'dependencies': OrderedDict({'yolo_msgs': '/workspaces/install/yolo_msgs'})}
[0.000666] (yolo_bringup) JobQueued: {'identifier': 'yolo_bringup', 'dependencies': OrderedDict({'yolo_msgs': '/workspaces/install/yolo_msgs', 'yolo_ros': '/workspaces/install/yolo_ros'})}
[0.000679] (yolo_msgs) JobStarted: {'identifier': 'yolo_msgs'}
[0.006431] (handsfree_imu_ros2) JobStarted: {'identifier': 'handsfree_imu_ros2'}
[0.009657] (wildbot_control) JobStarted: {'identifier': 'wildbot_control'}
[0.011986] (wildbot_localization) JobStarted: {'identifier': 'wildbot_localization'}
[0.013853] (wildbot_slam) JobStarted: {'identifier': 'wildbot_slam'}
[0.016297] (ydlidar_ros2_driver) JobStarted: {'identifier': 'ydlidar_ros2_driver'}
[0.020477] (yolo_msgs) JobProgress: {'identifier': 'yolo_msgs', 'progress': 'cmake'}
[0.021409] (yolo_msgs) JobProgress: {'identifier': 'yolo_msgs', 'progress': 'build'}
[0.021996] (yolo_msgs) Command: {'cmd': ['/usr/bin/cmake', '--build', '/workspaces/build/yolo_msgs', '--', '-j16', '-l16'], 'cwd': '/workspaces/build/yolo_msgs', 'env': OrderedDict({'HISTFILESIZE': '2147450879', 'GZ_CONFIG_PATH': '/opt/ros/jazzy/opt/sdformat_vendor/share/gz', 'HOSTNAME': '55c7aa138653', 'SHLVL': '1', 'LD_LIBRARY_PATH': '/opt/ros/jazzy/opt/sdformat_vendor/lib:/opt/ros/jazzy/opt/rviz_ogre_vendor/lib:/opt/ros/jazzy/lib/x86_64-linux-gnu:/opt/ros/jazzy/opt/gz_math_vendor/lib:/opt/ros/jazzy/opt/gz_utils_vendor/lib:/opt/ros/jazzy/opt/gz_tools_vendor/lib:/opt/ros/jazzy/opt/gz_cmake_vendor/lib:/opt/ros/jazzy/lib', 'LESS': '-R', 'HOME': '/root', 'LSCOLORS': 'Gxfxcxdxdxegedabagacad', 'ROS_PYTHON_VERSION': '3', 'PAGER': 'less', 'ROS_DISTRO': 'jazzy', 'OSH': '/root/.oh-my-bash', '_': '/usr/bin/colcon', 'ROS_VERSION': '2', 'TERM': 'xterm', 'DRIVER_WS': '/robot_ws', 'PATH': '/usr/lib/ccache:/opt/ros/jazzy/opt/gz_tools_vendor/bin:/opt/ros/jazzy/bin:/usr/local/sbin:/usr/local/bin:/usr/sbin:/usr/bin:/sbin:/bin', 'ydlidar_sdk_DIR': '/usr/lib/cmake/ydlidar_sdk', 'HISTSIZE': '2147450879', 'LANG': 'C.UTF-8', 'LS_COLORS': 'rs=0:di=01;34:ln=01;36:mh=00:pi=40;33:so=01;35:do=01;35:bd=40;33;01:cd=40;33;01:or=40;31;01:mi=00:su=37;41:sg=30;43:ca=00:tw=30;42:ow=34;42:st=37;44:ex=01;32:*.tar=01;31:*.tgz=01;31:*.arc=01;31:*.arj=01;31:*.taz=01;31:*.lha=01;31:*.lz4=01;31:*.lzh=01;31:*.lzma=01;31:*.tlz=01;31:*.txz=01;31:*.tzo=01;31:*.t7z=01;31:*.zip=01;31:*.z=01;31:*.dz=01;31:*.gz=01;31:*.lrz=01;31:*.lz=01;31:*.lzo=01;31:*.xz=01;31:*.zst=01;31:*.tzst=01;31:*.bz2=01;31:*.bz=01;31:*.tbz=01;31:*.tbz2=01;31:*.tz=01;31:*.deb=01;31:*.rpm=01;31:*.jar=01;31:*.war=01;31:*.ear=01;31:*.sar=01;31:*.rar=01;31:*.alz=01;31:*.ace=01;31:*.zoo=01;31:*.cpio=01;31:*.7z=01;31:*.rz=01;31:*.cab=01;31:*.wim=01;31:*.swm=01;31:*.dwm=01;31:*.esd=01;31:*.avif=01;35:*.jpg=01;35:*.jpeg=01;35:*.mjpg=01;35:*.mjpeg=01;35:*.gif=01;35:*.bmp=01;35:*.pbm=01;35:*.pgm=01;35:*.ppm=01;35:*.tga=01;35:*.xbm=01;35:*.xpm=01;35:*.tif=01;35:*.tiff=01;35:*.png=01;35:*.svg=01;35:*.svgz=01;35:*.mng=01;35:*.pcx=01;35:*.mov=01;35:*.mpg=01;35:*.mpeg=01;35:*.m2v=01;35:*.mkv=01;35:*.webm=01;35:*.webp=01;35:*.ogm=01;35:*.mp4=01;35:*.m4v=01;35:*.mp4v=01;35:*.vob=01;35:*.qt=01;35:*.nuv=01;35:*.wmv=01;35:*.asf=01;35:*.rm=01;35:*.rmvb=01;35:*.flc=01;35:*.avi=01;35:*.fli=01;35:*.flv=01;35:*.gl=01;35:*.dl=01;35:*.xcf=01;35:*.xwd=01;35:*.yuv=01;35:*.cgm=01;35:*.emf=01;35:*.ogv=01;35:*.ogx=01;35:*.aac=00;36:*.au=00;36:*.flac=00;36:*.m4a=00;36:*.mid=00;36:*.midi=00;36:*.mka=00;36:*.mp3=00;36:*.mpc=00;36:*.ogg=00;36:*.ra=00;36:*.wav=00;36:*.oga=00;36:*.opus=00;36:*.spx=00;36:*.xspf=00;36:*~=00;90:*#=00;90:*.bak=00;90:*.crdownload=00;90:*.dpkg-dist=00;90:*.dpkg-new=00;90:*.dpkg-old=00;90:*.dpkg-tmp=00;90:*.old=00;90:*.orig=00;90:*.part=00;90:*.rej=00;90:*.rpmnew=00;90:*.rpmorig=00;90:*.rpmsave=00;90:*.swp=00;90:*.tmp=00;90:*.ucf-dist=00;90:*.ucf-new=00;90:*.ucf-old=00;90:', 'ROS_DOMAIN_ID': '0', 'AMENT_PREFIX_PATH': '/opt/ros/jazzy', 'ROS_AUTOMATIC_DISCOVERY_RANGE': 'SUBNET', 'PWD': '/workspaces/build/yolo_msgs', 'LC_ALL': 'C.UTF-8', 'PYTHONPATH': '/opt/ros/jazzy/lib/python3.12/site-packages', 'COLCON': '1', 'CMAKE_PREFIX_PATH': '/opt/ros/jazzy/opt/sdformat_vendor:/opt/ros/jazzy/opt/gz_math_vendor:/opt/ros/jazzy/opt/gz_utils_vendor:/opt/ros/jazzy/opt/gz_tools_vendor:/opt/ros/jazzy/opt/gz_cmake_vendor:/opt/ros/jazzy', 'ROS2_WS': '/workspaces'}), 'shell': False}
[0.099734] (-) TimerEvent: {}
[0.199963] (-) TimerEvent: {}
[0.254891] (wildbot_localization) JobProgress: {'identifier': 'wildbot_localization', 'progress': 'cmake'}
[0.255579] (wildbot_localization) JobProgress: {'identifier': 'wildbot_localization', 'progress': 'build'}
[0.255674] (wildbot_localization) Command: {'cmd': ['/usr/bin/cmake', '--build', '/workspaces/build/wildbot_localization', '--', '-j16', '-l16'], 'cwd': '/workspaces/build/wildbot_localization', 'env': OrderedDict({'HISTFILESIZE': '2147450879', 'GZ_CONFIG_PATH': '/opt/ros/jazzy/opt/sdformat_vendor/share/gz', 'HOSTNAME': '55c7aa138653', 'SHLVL': '1', 'LD_LIBRARY_PATH': '/opt/ros/jazzy/opt/sdformat_vendor/lib:/opt/ros/jazzy/opt/rviz_ogre_vendor/lib:/opt/ros/jazzy/lib/x86_64-linux-gnu:/opt/ros/jazzy/opt/gz_math_vendor/lib:/opt/ros/jazzy/opt/gz_utils_vendor/lib:/opt/ros/jazzy/opt/gz_tools_vendor/lib:/opt/ros/jazzy/opt/gz_cmake_vendor/lib:/opt/ros/jazzy/lib', 'LESS': '-R', 'HOME': '/root', 'LSCOLORS': 'Gxfxcxdxdxegedabagacad', 'ROS_PYTHON_VERSION': '3', 'PAGER': 'less', 'ROS_DISTRO': 'jazzy', 'OSH': '/root/.oh-my-bash', '_': '/usr/bin/colcon', 'ROS_VERSION': '2', 'TERM': 'xterm', 'DRIVER_WS': '/robot_ws', 'PATH': '/usr/lib/ccache:/opt/ros/jazzy/opt/gz_tools_vendor/bin:/opt/ros/jazzy/bin:/usr/local/sbin:/usr/local/bin:/usr/sbin:/usr/bin:/sbin:/bin', 'ydlidar_sdk_DIR': '/usr/lib/cmake/ydlidar_sdk', 'HISTSIZE': '2147450879', 'LANG': 'C.UTF-8', 'LS_COLORS': 'rs=0:di=01;34:ln=01;36:mh=00:pi=40;33:so=01;35:do=01;35:bd=40;33;01:cd=40;33;01:or=40;31;01:mi=00:su=37;41:sg=30;43:ca=00:tw=30;42:ow=34;42:st=37;44:ex=01;32:*.tar=01;31:*.tgz=01;31:*.arc=01;31:*.arj=01;31:*.taz=01;31:*.lha=01;31:*.lz4=01;31:*.lzh=01;31:*.lzma=01;31:*.tlz=01;31:*.txz=01;31:*.tzo=01;31:*.t7z=01;31:*.zip=01;31:*.z=01;31:*.dz=01;31:*.gz=01;31:*.lrz=01;31:*.lz=01;31:*.lzo=01;31:*.xz=01;31:*.zst=01;31:*.tzst=01;31:*.bz2=01;31:*.bz=01;31:*.tbz=01;31:*.tbz2=01;31:*.tz=01;31:*.deb=01;31:*.rpm=01;31:*.jar=01;31:*.war=01;31:*.ear=01;31:*.sar=01;31:*.rar=01;31:*.alz=01;31:*.ace=01;31:*.zoo=01;31:*.cpio=01;31:*.7z=01;31:*.rz=01;31:*.cab=01;31:*.wim=01;31:*.swm=01;31:*.dwm=01;31:*.esd=01;31:*.avif=01;35:*.jpg=01;35:*.jpeg=01;35:*.mjpg=01;35:*.mjpeg=01;35:*.gif=01;35:*.bmp=01;35:*.pbm=01;35:*.pgm=01;35:*.ppm=01;35:*.tga=01;35:*.xbm=01;35:*.xpm=01;35:*.tif=01;35:*.tiff=01;35:*.png=01;35:*.svg=01;35:*.svgz=01;35:*.mng=01;35:*.pcx=01;35:*.mov=01;35:*.mpg=01;35:*.mpeg=01;35:*.m2v=01;35:*.mkv=01;35:*.webm=01;35:*.webp=01;35:*.ogm=01;35:*.mp4=01;35:*.m4v=01;35:*.mp4v=01;35:*.vob=01;35:*.qt=01;35:*.nuv=01;35:*.wmv=01;35:*.asf=01;35:*.rm=01;35:*.rmvb=01;35:*.flc=01;35:*.avi=01;35:*.fli=01;35:*.flv=01;35:*.gl=01;35:*.dl=01;35:*.xcf=01;35:*.xwd=01;35:*.yuv=01;35:*.cgm=01;35:*.emf=01;35:*.ogv=01;35:*.ogx=01;35:*.aac=00;36:*.au=00;36:*.flac=00;36:*.m4a=00;36:*.mid=00;36:*.midi=00;36:*.mka=00;36:*.mp3=00;36:*.mpc=00;36:*.ogg=00;36:*.ra=00;36:*.wav=00;36:*.oga=00;36:*.opus=00;36:*.spx=00;36:*.xspf=00;36:*~=00;90:*#=00;90:*.bak=00;90:*.crdownload=00;90:*.dpkg-dist=00;90:*.dpkg-new=00;90:*.dpkg-old=00;90:*.dpkg-tmp=00;90:*.old=00;90:*.orig=00;90:*.part=00;90:*.rej=00;90:*.rpmnew=00;90:*.rpmorig=00;90:*.rpmsave=00;90:*.swp=00;90:*.tmp=00;90:*.ucf-dist=00;90:*.ucf-new=00;90:*.ucf-old=00;90:', 'ROS_DOMAIN_ID': '0', 'AMENT_PREFIX_PATH': '/opt/ros/jazzy', 'ROS_AUTOMATIC_DISCOVERY_RANGE': 'SUBNET', 'PWD': '/workspaces/build/wildbot_localization', 'LC_ALL': 'C.UTF-8', 'PYTHONPATH': '/opt/ros/jazzy/lib/python3.12/site-packages', 'COLCON': '1', 'CMAKE_PREFIX_PATH': '/opt/ros/jazzy/opt/sdformat_vendor:/opt/ros/jazzy/opt/gz_math_vendor:/opt/ros/jazzy/opt/gz_utils_vendor:/opt/ros/jazzy/opt/gz_tools_vendor:/opt/ros/jazzy/opt/gz_cmake_vendor:/opt/ros/jazzy', 'ROS2_WS': '/workspaces'}), 'shell': False}
[0.256338] (wildbot_slam) JobProgress: {'identifier': 'wildbot_slam', 'progress': 'cmake'}
[0.256863] (wildbot_slam) JobProgress: {'identifier': 'wildbot_slam', 'progress': 'build'}
[0.257035] (wildbot_slam) Command: {'cmd': ['/usr/bin/cmake', '--build', '/workspaces/build/wildbot_slam', '--', '-j16', '-l16'], 'cwd': '/workspaces/build/wildbot_slam', 'env': OrderedDict({'HISTFILESIZE': '2147450879', 'GZ_CONFIG_PATH': '/opt/ros/jazzy/opt/sdformat_vendor/share/gz', 'HOSTNAME': '55c7aa138653', 'SHLVL': '1', 'LD_LIBRARY_PATH': '/opt/ros/jazzy/opt/sdformat_vendor/lib:/opt/ros/jazzy/opt/rviz_ogre_vendor/lib:/opt/ros/jazzy/lib/x86_64-linux-gnu:/opt/ros/jazzy/opt/gz_math_vendor/lib:/opt/ros/jazzy/opt/gz_utils_vendor/lib:/opt/ros/jazzy/opt/gz_tools_vendor/lib:/opt/ros/jazzy/opt/gz_cmake_vendor/lib:/opt/ros/jazzy/lib', 'LESS': '-R', 'HOME': '/root', 'LSCOLORS': 'Gxfxcxdxdxegedabagacad', 'ROS_PYTHON_VERSION': '3', 'PAGER': 'less', 'ROS_DISTRO': 'jazzy', 'OSH': '/root/.oh-my-bash', '_': '/usr/bin/colcon', 'ROS_VERSION': '2', 'TERM': 'xterm', 'DRIVER_WS': '/robot_ws', 'PATH': '/usr/lib/ccache:/opt/ros/jazzy/opt/gz_tools_vendor/bin:/opt/ros/jazzy/bin:/usr/local/sbin:/usr/local/bin:/usr/sbin:/usr/bin:/sbin:/bin', 'ydlidar_sdk_DIR': '/usr/lib/cmake/ydlidar_sdk', 'HISTSIZE': '2147450879', 'LANG': 'C.UTF-8', 'LS_COLORS': 'rs=0:di=01;34:ln=01;36:mh=00:pi=40;33:so=01;35:do=01;35:bd=40;33;01:cd=40;33;01:or=40;31;01:mi=00:su=37;41:sg=30;43:ca=00:tw=30;42:ow=34;42:st=37;44:ex=01;32:*.tar=01;31:*.tgz=01;31:*.arc=01;31:*.arj=01;31:*.taz=01;31:*.lha=01;31:*.lz4=01;31:*.lzh=01;31:*.lzma=01;31:*.tlz=01;31:*.txz=01;31:*.tzo=01;31:*.t7z=01;31:*.zip=01;31:*.z=01;31:*.dz=01;31:*.gz=01;31:*.lrz=01;31:*.lz=01;31:*.lzo=01;31:*.xz=01;31:*.zst=01;31:*.tzst=01;31:*.bz2=01;31:*.bz=01;31:*.tbz=01;31:*.tbz2=01;31:*.tz=01;31:*.deb=01;31:*.rpm=01;31:*.jar=01;31:*.war=01;31:*.ear=01;31:*.sar=01;31:*.rar=01;31:*.alz=01;31:*.ace=01;31:*.zoo=01;31:*.cpio=01;31:*.7z=01;31:*.rz=01;31:*.cab=01;31:*.wim=01;31:*.swm=01;31:*.dwm=01;31:*.esd=01;31:*.avif=01;35:*.jpg=01;35:*.jpeg=01;35:*.mjpg=01;35:*.mjpeg=01;35:*.gif=01;35:*.bmp=01;35:*.pbm=01;35:*.pgm=01;35:*.ppm=01;35:*.tga=01;35:*.xbm=01;35:*.xpm=01;35:*.tif=01;35:*.tiff=01;35:*.png=01;35:*.svg=01;35:*.svgz=01;35:*.mng=01;35:*.pcx=01;35:*.mov=01;35:*.mpg=01;35:*.mpeg=01;35:*.m2v=01;35:*.mkv=01;35:*.webm=01;35:*.webp=01;35:*.ogm=01;35:*.mp4=01;35:*.m4v=01;35:*.mp4v=01;35:*.vob=01;35:*.qt=01;35:*.nuv=01;35:*.wmv=01;35:*.asf=01;35:*.rm=01;35:*.rmvb=01;35:*.flc=01;35:*.avi=01;35:*.fli=01;35:*.flv=01;35:*.gl=01;35:*.dl=01;35:*.xcf=01;35:*.xwd=01;35:*.yuv=01;35:*.cgm=01;35:*.emf=01;35:*.ogv=01;35:*.ogx=01;35:*.aac=00;36:*.au=00;36:*.flac=00;36:*.m4a=00;36:*.mid=00;36:*.midi=00;36:*.mka=00;36:*.mp3=00;36:*.mpc=00;36:*.ogg=00;36:*.ra=00;36:*.wav=00;36:*.oga=00;36:*.opus=00;36:*.spx=00;36:*.xspf=00;36:*~=00;90:*#=00;90:*.bak=00;90:*.crdownload=00;90:*.dpkg-dist=00;90:*.dpkg-new=00;90:*.dpkg-old=00;90:*.dpkg-tmp=00;90:*.old=00;90:*.orig=00;90:*.part=00;90:*.rej=00;90:*.rpmnew=00;90:*.rpmorig=00;90:*.rpmsave=00;90:*.swp=00;90:*.tmp=00;90:*.ucf-dist=00;90:*.ucf-new=00;90:*.ucf-old=00;90:', 'ROS_DOMAIN_ID': '0', 'AMENT_PREFIX_PATH': '/opt/ros/jazzy', 'ROS_AUTOMATIC_DISCOVERY_RANGE': 'SUBNET', 'PWD': '/workspaces/build/wildbot_slam', 'LC_ALL': 'C.UTF-8', 'PYTHONPATH': '/opt/ros/jazzy/lib/python3.12/site-packages', 'COLCON': '1', 'CMAKE_PREFIX_PATH': '/opt/ros/jazzy/opt/sdformat_vendor:/opt/ros/jazzy/opt/gz_math_vendor:/opt/ros/jazzy/opt/gz_utils_vendor:/opt/ros/jazzy/opt/gz_tools_vendor:/opt/ros/jazzy/opt/gz_cmake_vendor:/opt/ros/jazzy', 'ROS2_WS': '/workspaces'}), 'shell': False}
[0.258163] (yolo_msgs) StdoutLine: {'line': b'[  0%] Built target yolo_msgs__rosidl_generator_type_description\n'}
[0.258405] (yolo_msgs) StdoutLine: {'line': b'[  0%] Built target ament_cmake_python_symlink_yolo_msgs\n'}
[0.258482] (yolo_msgs) StdoutLine: {'line': b'[  0%] Built target yolo_msgs__cpp\n'}
[0.258511] (yolo_msgs) StdoutLine: {'line': b'[ 26%] Built target yolo_msgs__rosidl_generator_c\n'}
[0.258538] (yolo_msgs) StdoutLine: {'line': b'[ 56%] Built target yolo_msgs__rosidl_typesupport_introspection_cpp\n'}
[0.258564] (yolo_msgs) StdoutLine: {'line': b'[ 56%] Built target yolo_msgs__rosidl_typesupport_introspection_c\n'}
[0.258588] (yolo_msgs) StdoutLine: {'line': b'[ 56%] Built target yolo_msgs__rosidl_typesupport_cpp\n'}
[0.258677] (yolo_msgs) StdoutLine: {'line': b'[ 66%] Built target yolo_msgs__rosidl_typesupport_c\n'}
[0.259050] (yolo_msgs) StdoutLine: {'line': b'[ 75%] Built target yolo_msgs__rosidl_typesupport_fastrtps_c\n'}
[0.259423] (yolo_msgs) StdoutLine: {'line': b'[ 85%] Built target yolo_msgs__rosidl_typesupport_fastrtps_cpp\n'}
[0.259551] (yolo_msgs) StdoutLine: {'line': b'[ 85%] Built target yolo_msgs\n'}
[0.259641] (yolo_msgs) StdoutLine: {'line': b'[ 86%] Built target yolo_msgs__py\n'}
[0.259689] (yolo_msgs) StdoutLine: {'line': b'running egg_info\n'}
[0.259735] (yolo_msgs) StdoutLine: {'line': b'[ 96%] Built target yolo_msgs__rosidl_generator_py\n'}
[0.259841] (yolo_msgs) StdoutLine: {'line': b'writing yolo_msgs.egg-info/PKG-INFO\n'}
[0.259888] (yolo_msgs) StdoutLine: {'line': b'writing dependency_links to yolo_msgs.egg-info/dependency_links.txt\n'}
[0.259933] (yolo_msgs) StdoutLine: {'line': b'writing top-level names to yolo_msgs.egg-info/top_level.txt\n'}
[0.260065] (yolo_msgs) StdoutLine: {'line': b'[ 97%] Built target yolo_msgs_s__rosidl_typesupport_c\n'}
[0.260111] (yolo_msgs) StdoutLine: {'line': b'[100%] Built target yolo_msgs_s__rosidl_typesupport_fastrtps_c\n'}
[0.260156] (yolo_msgs) StdoutLine: {'line': b'[100%] Built target yolo_msgs_s__rosidl_typesupport_introspection_c\n'}
[0.260201] (yolo_msgs) StdoutLine: {'line': b"reading manifest file 'yolo_msgs.egg-info/SOURCES.txt'\n"}
[0.260246] (yolo_msgs) StdoutLine: {'line': b"writing manifest file 'yolo_msgs.egg-info/SOURCES.txt'\n"}
[0.260307] (yolo_msgs) StdoutLine: {'line': b'[100%] Built target ament_cmake_python_build_yolo_msgs_egg\n'}
[0.260384] (yolo_msgs) CommandEnded: {'returncode': 0}
[0.260562] (yolo_msgs) JobProgress: {'identifier': 'yolo_msgs', 'progress': 'install'}
[0.265227] (yolo_msgs) Command: {'cmd': ['/usr/bin/cmake', '--install', '/workspaces/build/yolo_msgs'], 'cwd': '/workspaces/build/yolo_msgs', 'env': OrderedDict({'HISTFILESIZE': '2147450879', 'GZ_CONFIG_PATH': '/opt/ros/jazzy/opt/sdformat_vendor/share/gz', 'HOSTNAME': '55c7aa138653', 'SHLVL': '1', 'LD_LIBRARY_PATH': '/opt/ros/jazzy/opt/sdformat_vendor/lib:/opt/ros/jazzy/opt/rviz_ogre_vendor/lib:/opt/ros/jazzy/lib/x86_64-linux-gnu:/opt/ros/jazzy/opt/gz_math_vendor/lib:/opt/ros/jazzy/opt/gz_utils_vendor/lib:/opt/ros/jazzy/opt/gz_tools_vendor/lib:/opt/ros/jazzy/opt/gz_cmake_vendor/lib:/opt/ros/jazzy/lib', 'LESS': '-R', 'HOME': '/root', 'LSCOLORS': 'Gxfxcxdxdxegedabagacad', 'ROS_PYTHON_VERSION': '3', 'PAGER': 'less', 'ROS_DISTRO': 'jazzy', 'OSH': '/root/.oh-my-bash', '_': '/usr/bin/colcon', 'ROS_VERSION': '2', 'TERM': 'xterm', 'DRIVER_WS': '/robot_ws', 'PATH': '/usr/lib/ccache:/opt/ros/jazzy/opt/gz_tools_vendor/bin:/opt/ros/jazzy/bin:/usr/local/sbin:/usr/local/bin:/usr/sbin:/usr/bin:/sbin:/bin', 'ydlidar_sdk_DIR': '/usr/lib/cmake/ydlidar_sdk', 'HISTSIZE': '2147450879', 'LANG': 'C.UTF-8', 'LS_COLORS': 'rs=0:di=01;34:ln=01;36:mh=00:pi=40;33:so=01;35:do=01;35:bd=40;33;01:cd=40;33;01:or=40;31;01:mi=00:su=37;41:sg=30;43:ca=00:tw=30;42:ow=34;42:st=37;44:ex=01;32:*.tar=01;31:*.tgz=01;31:*.arc=01;31:*.arj=01;31:*.taz=01;31:*.lha=01;31:*.lz4=01;31:*.lzh=01;31:*.lzma=01;31:*.tlz=01;31:*.txz=01;31:*.tzo=01;31:*.t7z=01;31:*.zip=01;31:*.z=01;31:*.dz=01;31:*.gz=01;31:*.lrz=01;31:*.lz=01;31:*.lzo=01;31:*.xz=01;31:*.zst=01;31:*.tzst=01;31:*.bz2=01;31:*.bz=01;31:*.tbz=01;31:*.tbz2=01;31:*.tz=01;31:*.deb=01;31:*.rpm=01;31:*.jar=01;31:*.war=01;31:*.ear=01;31:*.sar=01;31:*.rar=01;31:*.alz=01;31:*.ace=01;31:*.zoo=01;31:*.cpio=01;31:*.7z=01;31:*.rz=01;31:*.cab=01;31:*.wim=01;31:*.swm=01;31:*.dwm=01;31:*.esd=01;31:*.avif=01;35:*.jpg=01;35:*.jpeg=01;35:*.mjpg=01;35:*.mjpeg=01;35:*.gif=01;35:*.bmp=01;35:*.pbm=01;35:*.pgm=01;35:*.ppm=01;35:*.tga=01;35:*.xbm=01;35:*.xpm=01;35:*.tif=01;35:*.tiff=01;35:*.png=01;35:*.svg=01;35:*.svgz=01;35:*.mng=01;35:*.pcx=01;35:*.mov=01;35:*.mpg=01;35:*.mpeg=01;35:*.m2v=01;35:*.mkv=01;35:*.webm=01;35:*.webp=01;35:*.ogm=01;35:*.mp4=01;35:*.m4v=01;35:*.mp4v=01;35:*.vob=01;35:*.qt=01;35:*.nuv=01;35:*.wmv=01;35:*.asf=01;35:*.rm=01;35:*.rmvb=01;35:*.flc=01;35:*.avi=01;35:*.fli=01;35:*.flv=01;35:*.gl=01;35:*.dl=01;35:*.xcf=01;35:*.xwd=01;35:*.yuv=01;35:*.cgm=01;35:*.emf=01;35:*.ogv=01;35:*.ogx=01;35:*.aac=00;36:*.au=00;36:*.flac=00;36:*.m4a=00;36:*.mid=00;36:*.midi=00;36:*.mka=00;36:*.mp3=00;36:*.mpc=00;36:*.ogg=00;36:*.ra=00;36:*.wav=00;36:*.oga=00;36:*.opus=00;36:*.spx=00;36:*.xspf=00;36:*~=00;90:*#=00;90:*.bak=00;90:*.crdownload=00;90:*.dpkg-dist=00;90:*.dpkg-new=00;90:*.dpkg-old=00;90:*.dpkg-tmp=00;90:*.old=00;90:*.orig=00;90:*.part=00;90:*.rej=00;90:*.rpmnew=00;90:*.rpmorig=00;90:*.rpmsave=00;90:*.swp=00;90:*.tmp=00;90:*.ucf-dist=00;90:*.ucf-new=00;90:*.ucf-old=00;90:', 'ROS_DOMAIN_ID': '0', 'AMENT_PREFIX_PATH': '/opt/ros/jazzy', 'ROS_AUTOMATIC_DISCOVERY_RANGE': 'SUBNET', 'PWD': '/workspaces/build/yolo_msgs', 'LC_ALL': 'C.UTF-8', 'PYTHONPATH': '/opt/ros/jazzy/lib/python3.12/site-packages', 'COLCON': '1', 'CMAKE_PREFIX_PATH': '/opt/ros/jazzy/opt/sdformat_vendor:/opt/ros/jazzy/opt/gz_math_vendor:/opt/ros/jazzy/opt/gz_utils_vendor:/opt/ros/jazzy/opt/gz_tools_vendor:/opt/ros/jazzy/opt/gz_cmake_vendor:/opt/ros/jazzy', 'ROS2_WS': '/workspaces'}), 'shell': False}
[0.266194] (ydlidar_ros2_driver) JobProgress: {'identifier': 'ydlidar_ros2_driver', 'progress': 'cmake'}
[0.266797] (ydlidar_ros2_driver) JobProgress: {'identifier': 'ydlidar_ros2_driver', 'progress': 'build'}
[0.267104] (ydlidar_ros2_driver) Command: {'cmd': ['/usr/bin/cmake', '--build', '/workspaces/build/ydlidar_ros2_driver', '--', '-j16', '-l16'], 'cwd': '/workspaces/build/ydlidar_ros2_driver', 'env': OrderedDict({'HISTFILESIZE': '2147450879', 'GZ_CONFIG_PATH': '/opt/ros/jazzy/opt/sdformat_vendor/share/gz', 'HOSTNAME': '55c7aa138653', 'SHLVL': '1', 'LD_LIBRARY_PATH': '/opt/ros/jazzy/opt/sdformat_vendor/lib:/opt/ros/jazzy/opt/rviz_ogre_vendor/lib:/opt/ros/jazzy/lib/x86_64-linux-gnu:/opt/ros/jazzy/opt/gz_math_vendor/lib:/opt/ros/jazzy/opt/gz_utils_vendor/lib:/opt/ros/jazzy/opt/gz_tools_vendor/lib:/opt/ros/jazzy/opt/gz_cmake_vendor/lib:/opt/ros/jazzy/lib', 'LESS': '-R', 'HOME': '/root', 'LSCOLORS': 'Gxfxcxdxdxegedabagacad', 'ROS_PYTHON_VERSION': '3', 'PAGER': 'less', 'ROS_DISTRO': 'jazzy', 'OSH': '/root/.oh-my-bash', '_': '/usr/bin/colcon', 'ROS_VERSION': '2', 'TERM': 'xterm', 'DRIVER_WS': '/robot_ws', 'PATH': '/usr/lib/ccache:/opt/ros/jazzy/opt/gz_tools_vendor/bin:/opt/ros/jazzy/bin:/usr/local/sbin:/usr/local/bin:/usr/sbin:/usr/bin:/sbin:/bin', 'ydlidar_sdk_DIR': '/usr/lib/cmake/ydlidar_sdk', 'HISTSIZE': '2147450879', 'LANG': 'C.UTF-8', 'LS_COLORS': 'rs=0:di=01;34:ln=01;36:mh=00:pi=40;33:so=01;35:do=01;35:bd=40;33;01:cd=40;33;01:or=40;31;01:mi=00:su=37;41:sg=30;43:ca=00:tw=30;42:ow=34;42:st=37;44:ex=01;32:*.tar=01;31:*.tgz=01;31:*.arc=01;31:*.arj=01;31:*.taz=01;31:*.lha=01;31:*.lz4=01;31:*.lzh=01;31:*.lzma=01;31:*.tlz=01;31:*.txz=01;31:*.tzo=01;31:*.t7z=01;31:*.zip=01;31:*.z=01;31:*.dz=01;31:*.gz=01;31:*.lrz=01;31:*.lz=01;31:*.lzo=01;31:*.xz=01;31:*.zst=01;31:*.tzst=01;31:*.bz2=01;31:*.bz=01;31:*.tbz=01;31:*.tbz2=01;31:*.tz=01;31:*.deb=01;31:*.rpm=01;31:*.jar=01;31:*.war=01;31:*.ear=01;31:*.sar=01;31:*.rar=01;31:*.alz=01;31:*.ace=01;31:*.zoo=01;31:*.cpio=01;31:*.7z=01;31:*.rz=01;31:*.cab=01;31:*.wim=01;31:*.swm=01;31:*.dwm=01;31:*.esd=01;31:*.avif=01;35:*.jpg=01;35:*.jpeg=01;35:*.mjpg=01;35:*.mjpeg=01;35:*.gif=01;35:*.bmp=01;35:*.pbm=01;35:*.pgm=01;35:*.ppm=01;35:*.tga=01;35:*.xbm=01;35:*.xpm=01;35:*.tif=01;35:*.tiff=01;35:*.png=01;35:*.svg=01;35:*.svgz=01;35:*.mng=01;35:*.pcx=01;35:*.mov=01;35:*.mpg=01;35:*.mpeg=01;35:*.m2v=01;35:*.mkv=01;35:*.webm=01;35:*.webp=01;35:*.ogm=01;35:*.mp4=01;35:*.m4v=01;35:*.mp4v=01;35:*.vob=01;35:*.qt=01;35:*.nuv=01;35:*.wmv=01;35:*.asf=01;35:*.rm=01;35:*.rmvb=01;35:*.flc=01;35:*.avi=01;35:*.fli=01;35:*.flv=01;35:*.gl=01;35:*.dl=01;35:*.xcf=01;35:*.xwd=01;35:*.yuv=01;35:*.cgm=01;35:*.emf=01;35:*.ogv=01;35:*.ogx=01;35:*.aac=00;36:*.au=00;36:*.flac=00;36:*.m4a=00;36:*.mid=00;36:*.midi=00;36:*.mka=00;36:*.mp3=00;36:*.mpc=00;36:*.ogg=00;36:*.ra=00;36:*.wav=00;36:*.oga=00;36:*.opus=00;36:*.spx=00;36:*.xspf=00;36:*~=00;90:*#=00;90:*.bak=00;90:*.crdownload=00;90:*.dpkg-dist=00;90:*.dpkg-new=00;90:*.dpkg-old=00;90:*.dpkg-tmp=00;90:*.old=00;90:*.orig=00;90:*.part=00;90:*.rej=00;90:*.rpmnew=00;90:*.rpmorig=00;90:*.rpmsave=00;90:*.swp=00;90:*.tmp=00;90:*.ucf-dist=00;90:*.ucf-new=00;90:*.ucf-old=00;90:', 'ROS_DOMAIN_ID': '0', 'AMENT_PREFIX_PATH': '/opt/ros/jazzy', 'ROS_AUTOMATIC_DISCOVERY_RANGE': 'SUBNET', 'PWD': '/workspaces/build/ydlidar_ros2_driver', 'LC_ALL': 'C.UTF-8', 'PYTHONPATH': '/opt/ros/jazzy/lib/python3.12/site-packages', 'COLCON': '1', 'CMAKE_PREFIX_PATH': '/opt/ros/jazzy/opt/sdformat_vendor:/opt/ros/jazzy/opt/gz_math_vendor:/opt/ros/jazzy/opt/gz_utils_vendor:/opt/ros/jazzy/opt/gz_tools_vendor:/opt/ros/jazzy/opt/gz_cmake_vendor:/opt/ros/jazzy', 'ROS2_WS': '/workspaces'}), 'shell': False}
[0.270165] (yolo_msgs) StdoutLine: {'line': b'-- Install configuration: ""\n'}
[0.271072] (yolo_msgs) StdoutLine: {'line': b'-- Execute custom install script\n'}
[0.271438] (yolo_msgs) StdoutLine: {'line': b'-- Up-to-date symlink: /workspaces/install/yolo_msgs/share/ament_index/resource_index/rosidl_interfaces/yolo_msgs\n'}
[0.271515] (yolo_msgs) StdoutLine: {'line': b'-- Up-to-date symlink: /workspaces/install/yolo_msgs/share/yolo_msgs/msg/Point2D.json\n'}
[0.271575] (yolo_msgs) StdoutLine: {'line': b'-- Up-to-date symlink: /workspaces/install/yolo_msgs/share/yolo_msgs/msg/Vector2.json\n'}
[0.271844] (yolo_msgs) StdoutLine: {'line': b'-- Up-to-date symlink: /workspaces/install/yolo_msgs/share/yolo_msgs/msg/Pose2D.json\n'}
[0.271888] (yolo_msgs) StdoutLine: {'line': b'-- Up-to-date symlink: /workspaces/install/yolo_msgs/share/yolo_msgs/msg/BoundingBox2D.json\n'}
[0.271926] (yolo_msgs) StdoutLine: {'line': b'-- Up-to-date symlink: /workspaces/install/yolo_msgs/share/yolo_msgs/msg/BoundingBox3D.json\n'}
[0.271963] (yolo_msgs) StdoutLine: {'line': b'-- Up-to-date symlink: /workspaces/install/yolo_msgs/share/yolo_msgs/msg/Mask.json\n'}
[0.272017] (yolo_msgs) StdoutLine: {'line': b'-- Up-to-date symlink: /workspaces/install/yolo_msgs/share/yolo_msgs/msg/KeyPoint2D.json\n'}
[0.272056] (yolo_msgs) StdoutLine: {'line': b'-- Up-to-date symlink: /workspaces/install/yolo_msgs/share/yolo_msgs/msg/KeyPoint2DArray.json\n'}
[0.272097] (yolo_msgs) StdoutLine: {'line': b'-- Up-to-date symlink: /workspaces/install/yolo_msgs/share/yolo_msgs/msg/KeyPoint3D.json\n'}
[0.272187] (yolo_msgs) StdoutLine: {'line': b'-- Up-to-date symlink: /workspaces/install/yolo_msgs/share/yolo_msgs/msg/KeyPoint3DArray.json\n'}
[0.272271] (yolo_msgs) StdoutLine: {'line': b'-- Up-to-date symlink: /workspaces/install/yolo_msgs/share/yolo_msgs/msg/Detection.json\n'}
[0.272473] (yolo_msgs) StdoutLine: {'line': b'-- Up-to-date symlink: /workspaces/install/yolo_msgs/share/yolo_msgs/msg/DetectionArray.json\n'}
[0.272644] (yolo_msgs) StdoutLine: {'line': b'-- Up-to-date symlink: /workspaces/install/yolo_msgs/share/yolo_msgs/srv/SetClasses.json\n'}
[0.273639] (yolo_msgs) StdoutLine: {'line': b'-- Up-to-date symlink: /workspaces/install/yolo_msgs/include/yolo_msgs/yolo_msgs/msg/bounding_box2_d.h\n'}
[0.273731] (yolo_msgs) StdoutLine: {'line': b'-- Up-to-date symlink: /workspaces/install/yolo_msgs/include/yolo_msgs/yolo_msgs/msg/bounding_box3_d.h\n'}
[0.273775] (yolo_msgs) StdoutLine: {'line': b'-- Up-to-date symlink: /workspaces/install/yolo_msgs/include/yolo_msgs/yolo_msgs/msg/detail/bounding_box2_d__functions.h\n'}
[0.273834] (yolo_msgs) StdoutLine: {'line': b'-- Up-to-date symlink: /workspaces/install/yolo_msgs/include/yolo_msgs/yolo_msgs/msg/detail/bounding_box2_d__struct.h\n'}
[0.273903] (yolo_msgs) StdoutLine: {'line': b'-- Up-to-date symlink: /workspaces/install/yolo_msgs/include/yolo_msgs/yolo_msgs/msg/detail/bounding_box2_d__type_support.h\n'}
[0.273966] (yolo_msgs) StdoutLine: {'line': b'-- Up-to-date symlink: /workspaces/install/yolo_msgs/include/yolo_msgs/yolo_msgs/msg/detail/bounding_box3_d__functions.h\n'}
[0.274032] (yolo_msgs) StdoutLine: {'line': b'-- Up-to-date symlink: /workspaces/install/yolo_msgs/include/yolo_msgs/yolo_msgs/msg/detail/bounding_box3_d__struct.h\n'}
[0.274105] (yolo_msgs) StdoutLine: {'line': b'-- Up-to-date symlink: /workspaces/install/yolo_msgs/include/yolo_msgs/yolo_msgs/msg/detail/bounding_box3_d__type_support.h\n'}
[0.274169] (yolo_msgs) StdoutLine: {'line': b'-- Up-to-date symlink: /workspaces/install/yolo_msgs/include/yolo_msgs/yolo_msgs/msg/detail/detection__functions.h\n'}
[0.274248] (yolo_msgs) StdoutLine: {'line': b'-- Up-to-date symlink: /workspaces/install/yolo_msgs/include/yolo_msgs/yolo_msgs/msg/detail/detection__struct.h\n'}
[0.274319] (yolo_msgs) StdoutLine: {'line': b'-- Up-to-date symlink: /workspaces/install/yolo_msgs/include/yolo_msgs/yolo_msgs/msg/detail/detection__type_support.h\n'}
[0.274384] (yolo_msgs) StdoutLine: {'line': b'-- Up-to-date symlink: /workspaces/install/yolo_msgs/include/yolo_msgs/yolo_msgs/msg/detail/detection_array__functions.h\n'}
[0.274447] (yolo_msgs) StdoutLine: {'line': b'-- Up-to-date symlink: /workspaces/install/yolo_msgs/include/yolo_msgs/yolo_msgs/msg/detail/detection_array__struct.h\n'}
[0.274510] (yolo_msgs) StdoutLine: {'line': b'-- Up-to-date symlink: /workspaces/install/yolo_msgs/include/yolo_msgs/yolo_msgs/msg/detail/detection_array__type_support.h\n'}
[0.274575] (yolo_msgs) StdoutLine: {'line': b'-- Up-to-date symlink: /workspaces/install/yolo_msgs/include/yolo_msgs/yolo_msgs/msg/detail/key_point2_d__functions.h\n'}
[0.274636] (yolo_msgs) StdoutLine: {'line': b'-- Up-to-date symlink: /workspaces/install/yolo_msgs/include/yolo_msgs/yolo_msgs/msg/detail/key_point2_d__struct.h\n'}
[0.274701] (yolo_msgs) StdoutLine: {'line': b'-- Up-to-date symlink: /workspaces/install/yolo_msgs/include/yolo_msgs/yolo_msgs/msg/detail/key_point2_d__type_support.h\n'}
[0.274765] (yolo_msgs) StdoutLine: {'line': b'-- Up-to-date symlink: /workspaces/install/yolo_msgs/include/yolo_msgs/yolo_msgs/msg/detail/key_point2_d_array__functions.h\n'}
[0.274836] (yolo_msgs) StdoutLine: {'line': b'-- Up-to-date symlink: /workspaces/install/yolo_msgs/include/yolo_msgs/yolo_msgs/msg/detail/key_point2_d_array__struct.h\n'}
[0.274900] (yolo_msgs) StdoutLine: {'line': b'-- Up-to-date symlink: /workspaces/install/yolo_msgs/include/yolo_msgs/yolo_msgs/msg/detail/key_point2_d_array__type_support.h\n'}
[0.274969] (yolo_msgs) StdoutLine: {'line': b'-- Up-to-date symlink: /workspaces/install/yolo_msgs/include/yolo_msgs/yolo_msgs/msg/detail/key_point3_d__functions.h\n'}
[0.275032] (yolo_msgs) StdoutLine: {'line': b'-- Up-to-date symlink: /workspaces/install/yolo_msgs/include/yolo_msgs/yolo_msgs/msg/detail/key_point3_d__struct.h\n'}
[0.275129] (yolo_msgs) StdoutLine: {'line': b'-- Up-to-date symlink: /workspaces/install/yolo_msgs/include/yolo_msgs/yolo_msgs/msg/detail/key_point3_d__type_support.h\n'}
[0.275185] (yolo_msgs) StdoutLine: {'line': b'-- Up-to-date symlink: /workspaces/install/yolo_msgs/include/yolo_msgs/yolo_msgs/msg/detail/key_point3_d_array__functions.h\n'}
[0.275251] (yolo_msgs) StdoutLine: {'line': b'-- Up-to-date symlink: /workspaces/install/yolo_msgs/include/yolo_msgs/yolo_msgs/msg/detail/key_point3_d_array__struct.h\n'}
[0.275328] (yolo_msgs) StdoutLine: {'line': b'-- Up-to-date symlink: /workspaces/install/yolo_msgs/include/yolo_msgs/yolo_msgs/msg/detail/key_point3_d_array__type_support.h\n'}
[0.275398] (yolo_msgs) StdoutLine: {'line': b'-- Up-to-date symlink: /workspaces/install/yolo_msgs/include/yolo_msgs/yolo_msgs/msg/detail/mask__functions.h\n'}
[0.275478] (yolo_msgs) StdoutLine: {'line': b'-- Up-to-date symlink: /workspaces/install/yolo_msgs/include/yolo_msgs/yolo_msgs/msg/detail/mask__struct.h\n'}
[0.275548] (yolo_msgs) StdoutLine: {'line': b'-- Up-to-date symlink: /workspaces/install/yolo_msgs/include/yolo_msgs/yolo_msgs/msg/detail/mask__type_support.h\n'}
[0.275617] (yolo_msgs) StdoutLine: {'line': b'-- Up-to-date symlink: /workspaces/install/yolo_msgs/include/yolo_msgs/yolo_msgs/msg/detail/point2_d__functions.h\n'}
[0.275687] (yolo_msgs) StdoutLine: {'line': b'-- Up-to-date symlink: /workspaces/install/yolo_msgs/include/yolo_msgs/yolo_msgs/msg/detail/point2_d__struct.h\n'}
[0.275758] (yolo_msgs) StdoutLine: {'line': b'-- Up-to-date symlink: /workspaces/install/yolo_msgs/include/yolo_msgs/yolo_msgs/msg/detail/point2_d__type_support.h\n'}
[0.275827] (yolo_msgs) StdoutLine: {'line': b'-- Up-to-date symlink: /workspaces/install/yolo_msgs/include/yolo_msgs/yolo_msgs/msg/detail/pose2_d__functions.h\n'}
[0.275922] (yolo_msgs) StdoutLine: {'line': b'-- Up-to-date symlink: /workspaces/install/yolo_msgs/include/yolo_msgs/yolo_msgs/msg/detail/pose2_d__struct.h\n'}
[0.275989] (yolo_msgs) StdoutLine: {'line': b'-- Up-to-date symlink: /workspaces/install/yolo_msgs/include/yolo_msgs/yolo_msgs/msg/detail/pose2_d__type_support.h\n'}
[0.276060] (yolo_msgs) StdoutLine: {'line': b'-- Up-to-date symlink: /workspaces/install/yolo_msgs/include/yolo_msgs/yolo_msgs/msg/detail/vector2__functions.h\n'}
[0.276135] (yolo_msgs) StdoutLine: {'line': b'-- Up-to-date symlink: /workspaces/install/yolo_msgs/include/yolo_msgs/yolo_msgs/msg/detail/vector2__struct.h\n'}
[0.276203] (yolo_msgs) StdoutLine: {'line': b'-- Up-to-date symlink: /workspaces/install/yolo_msgs/include/yolo_msgs/yolo_msgs/msg/detail/vector2__type_support.h\n'}
[0.276273] (yolo_msgs) StdoutLine: {'line': b'-- Up-to-date symlink: /workspaces/install/yolo_msgs/include/yolo_msgs/yolo_msgs/msg/detection.h\n'}
[0.276359] (yolo_msgs) StdoutLine: {'line': b'-- Up-to-date symlink: /workspaces/install/yolo_msgs/include/yolo_msgs/yolo_msgs/msg/detection_array.h\n'}
[0.276427] (yolo_msgs) StdoutLine: {'line': b'-- Up-to-date symlink: /workspaces/install/yolo_msgs/include/yolo_msgs/yolo_msgs/msg/key_point2_d.h\n'}
[0.276494] (yolo_msgs) StdoutLine: {'line': b'-- Up-to-date symlink: /workspaces/install/yolo_msgs/include/yolo_msgs/yolo_msgs/msg/key_point2_d_array.h\n'}
[0.276560] (yolo_msgs) StdoutLine: {'line': b'-- Up-to-date symlink: /workspaces/install/yolo_msgs/include/yolo_msgs/yolo_msgs/msg/key_point3_d.h\n'}
[0.276626] (yolo_msgs) StdoutLine: {'line': b'-- Up-to-date symlink: /workspaces/install/yolo_msgs/include/yolo_msgs/yolo_msgs/msg/key_point3_d_array.h\n'}
[0.276695] (yolo_msgs) StdoutLine: {'line': b'-- Up-to-date symlink: /workspaces/install/yolo_msgs/include/yolo_msgs/yolo_msgs/msg/mask.h\n'}
[0.276760] (yolo_msgs) StdoutLine: {'line': b'-- Up-to-date symlink: /workspaces/install/yolo_msgs/include/yolo_msgs/yolo_msgs/msg/point2_d.h\n'}
[0.276827] (yolo_msgs) StdoutLine: {'line': b'-- Up-to-date symlink: /workspaces/install/yolo_msgs/include/yolo_msgs/yolo_msgs/msg/pose2_d.h\n'}
[0.276899] (yolo_msgs) StdoutLine: {'line': b'-- Up-to-date symlink: /workspaces/install/yolo_msgs/include/yolo_msgs/yolo_msgs/msg/rosidl_generator_c__visibility_control.h\n'}
[0.276974] (yolo_msgs) StdoutLine: {'line': b'-- Up-to-date symlink: /workspaces/install/yolo_msgs/include/yolo_msgs/yolo_msgs/msg/vector2.h\n'}
[0.277043] (yolo_msgs) StdoutLine: {'line': b'-- Up-to-date symlink: /workspaces/install/yolo_msgs/include/yolo_msgs/yolo_msgs/srv/detail/set_classes__functions.h\n'}
[0.277113] (yolo_msgs) StdoutLine: {'line': b'-- Up-to-date symlink: /workspaces/install/yolo_msgs/include/yolo_msgs/yolo_msgs/srv/detail/set_classes__struct.h\n'}
[0.277182] (yolo_msgs) StdoutLine: {'line': b'-- Up-to-date symlink: /workspaces/install/yolo_msgs/include/yolo_msgs/yolo_msgs/srv/detail/set_classes__type_support.h\n'}
[0.277251] (yolo_msgs) StdoutLine: {'line': b'-- Up-to-date symlink: /workspaces/install/yolo_msgs/include/yolo_msgs/yolo_msgs/srv/set_classes.h\n'}
[0.277494] (yolo_msgs) StdoutLine: {'line': b'-- Up-to-date symlink: /workspaces/install/yolo_msgs/share/yolo_msgs/environment/library_path.sh\n'}
[0.277673] (yolo_msgs) StdoutLine: {'line': b'-- Up-to-date symlink: /workspaces/install/yolo_msgs/share/yolo_msgs/environment/library_path.dsv\n'}
[0.278252] (yolo_msgs) StdoutLine: {'line': b'-- Up-to-date symlink: /workspaces/install/yolo_msgs/include/yolo_msgs/yolo_msgs/msg/detail/bounding_box2_d__rosidl_typesupport_fastrtps_c.h\n'}
[0.278358] (yolo_msgs) StdoutLine: {'line': b'-- Up-to-date symlink: /workspaces/install/yolo_msgs/include/yolo_msgs/yolo_msgs/msg/detail/bounding_box3_d__rosidl_typesupport_fastrtps_c.h\n'}
[0.278442] (yolo_msgs) StdoutLine: {'line': b'-- Up-to-date symlink: /workspaces/install/yolo_msgs/include/yolo_msgs/yolo_msgs/msg/detail/detection__rosidl_typesupport_fastrtps_c.h\n'}
[0.278608] (yolo_msgs) StdoutLine: {'line': b'-- Up-to-date symlink: /workspaces/install/yolo_msgs/include/yolo_msgs/yolo_msgs/msg/detail/detection_array__rosidl_typesupport_fastrtps_c.h\n'}
[0.278812] (yolo_msgs) StdoutLine: {'line': b'-- Up-to-date symlink: /workspaces/install/yolo_msgs/include/yolo_msgs/yolo_msgs/msg/detail/key_point2_d__rosidl_typesupport_fastrtps_c.h\n'}
[0.278905] (yolo_msgs) StdoutLine: {'line': b'-- Up-to-date symlink: /workspaces/install/yolo_msgs/include/yolo_msgs/yolo_msgs/msg/detail/key_point2_d_array__rosidl_typesupport_fastrtps_c.h\n'}
[0.278967] (yolo_msgs) StdoutLine: {'line': b'-- Up-to-date symlink: /workspaces/install/yolo_msgs/include/yolo_msgs/yolo_msgs/msg/detail/key_point3_d__rosidl_typesupport_fastrtps_c.h\n'}
[0.279021] (yolo_msgs) StdoutLine: {'line': b'-- Up-to-date symlink: /workspaces/install/yolo_msgs/include/yolo_msgs/yolo_msgs/msg/detail/key_point3_d_array__rosidl_typesupport_fastrtps_c.h\n'}
[0.279136] (yolo_msgs) StdoutLine: {'line': b'-- Up-to-date symlink: /workspaces/install/yolo_msgs/include/yolo_msgs/yolo_msgs/msg/detail/mask__rosidl_typesupport_fastrtps_c.h\n'}
[0.279244] (yolo_msgs) StdoutLine: {'line': b'-- Up-to-date symlink: /workspaces/install/yolo_msgs/include/yolo_msgs/yolo_msgs/msg/detail/point2_d__rosidl_typesupport_fastrtps_c.h\n'}
[0.279329] (yolo_msgs) StdoutLine: {'line': b'-- Up-to-date symlink: /workspaces/install/yolo_msgs/include/yolo_msgs/yolo_msgs/msg/detail/pose2_d__rosidl_typesupport_fastrtps_c.h\n'}
[0.279405] (yolo_msgs) StdoutLine: {'line': b'-- Up-to-date symlink: /workspaces/install/yolo_msgs/include/yolo_msgs/yolo_msgs/msg/detail/vector2__rosidl_typesupport_fastrtps_c.h\n'}
[0.279496] (yolo_msgs) StdoutLine: {'line': b'-- Up-to-date symlink: /workspaces/install/yolo_msgs/include/yolo_msgs/yolo_msgs/msg/rosidl_typesupport_fastrtps_c__visibility_control.h\n'}
[0.279594] (yolo_msgs) StdoutLine: {'line': b'-- Up-to-date symlink: /workspaces/install/yolo_msgs/include/yolo_msgs/yolo_msgs/srv/detail/set_classes__rosidl_typesupport_fastrtps_c.h\n'}
[0.279681] (yolo_msgs) StdoutLine: {'line': b'-- Up-to-date symlink: /workspaces/install/yolo_msgs/include/yolo_msgs/yolo_msgs/msg/detail/bounding_box2_d__rosidl_typesupport_introspection_c.h\n'}
[0.279822] (yolo_msgs) StdoutLine: {'line': b'-- Up-to-date symlink: /workspaces/install/yolo_msgs/include/yolo_msgs/yolo_msgs/msg/detail/bounding_box3_d__rosidl_typesupport_introspection_c.h\n'}
[0.279889] (yolo_msgs) StdoutLine: {'line': b'-- Up-to-date symlink: /workspaces/install/yolo_msgs/include/yolo_msgs/yolo_msgs/msg/detail/detection__rosidl_typesupport_introspection_c.h\n'}
[0.279955] (yolo_msgs) StdoutLine: {'line': b'-- Up-to-date symlink: /workspaces/install/yolo_msgs/include/yolo_msgs/yolo_msgs/msg/detail/detection_array__rosidl_typesupport_introspection_c.h\n'}
[0.280021] (yolo_msgs) StdoutLine: {'line': b'-- Up-to-date symlink: /workspaces/install/yolo_msgs/include/yolo_msgs/yolo_msgs/msg/detail/key_point2_d__rosidl_typesupport_introspection_c.h\n'}
[0.280092] (yolo_msgs) StdoutLine: {'line': b'-- Up-to-date symlink: /workspaces/install/yolo_msgs/include/yolo_msgs/yolo_msgs/msg/detail/key_point2_d_array__rosidl_typesupport_introspection_c.h\n'}
[0.280164] (yolo_msgs) StdoutLine: {'line': b'-- Up-to-date symlink: /workspaces/install/yolo_msgs/include/yolo_msgs/yolo_msgs/msg/detail/key_point3_d__rosidl_typesupport_introspection_c.h\n'}
[0.280246] (yolo_msgs) StdoutLine: {'line': b'-- Up-to-date symlink: /workspaces/install/yolo_msgs/include/yolo_msgs/yolo_msgs/msg/detail/key_point3_d_array__rosidl_typesupport_introspection_c.h\n'}
[0.280323] (yolo_msgs) StdoutLine: {'line': b'-- Up-to-date symlink: /workspaces/install/yolo_msgs/include/yolo_msgs/yolo_msgs/msg/detail/mask__rosidl_typesupport_introspection_c.h\n'}
[0.280395] (yolo_msgs) StdoutLine: {'line': b'-- Up-to-date symlink: /workspaces/install/yolo_msgs/include/yolo_msgs/yolo_msgs/msg/detail/point2_d__rosidl_typesupport_introspection_c.h\n'}
[0.280465] (yolo_msgs) StdoutLine: {'line': b'-- Up-to-date symlink: /workspaces/install/yolo_msgs/include/yolo_msgs/yolo_msgs/msg/detail/pose2_d__rosidl_typesupport_introspection_c.h\n'}
[0.280542] (yolo_msgs) StdoutLine: {'line': b'-- Up-to-date symlink: /workspaces/install/yolo_msgs/include/yolo_msgs/yolo_msgs/msg/detail/vector2__rosidl_typesupport_introspection_c.h\n'}
[0.280693] (yolo_msgs) StdoutLine: {'line': b'-- Up-to-date symlink: /workspaces/install/yolo_msgs/include/yolo_msgs/yolo_msgs/msg/rosidl_typesupport_introspection_c__visibility_control.h\n'}
[0.280765] (yolo_msgs) StdoutLine: {'line': b'-- Up-to-date symlink: /workspaces/install/yolo_msgs/include/yolo_msgs/yolo_msgs/srv/detail/set_classes__rosidl_typesupport_introspection_c.h\n'}
[0.280943] (yolo_msgs) StdoutLine: {'line': b'-- Up-to-date symlink: /workspaces/install/yolo_msgs/include/yolo_msgs/yolo_msgs/msg/bounding_box2_d.hpp\n'}
[0.281102] (yolo_msgs) StdoutLine: {'line': b'-- Up-to-date symlink: /workspaces/install/yolo_msgs/include/yolo_msgs/yolo_msgs/msg/bounding_box3_d.hpp\n'}
[0.281364] (yolo_msgs) StdoutLine: {'line': b'-- Up-to-date symlink: /workspaces/install/yolo_msgs/include/yolo_msgs/yolo_msgs/msg/detail/bounding_box2_d__builder.hpp\n'}
[0.281617] (yolo_msgs) StdoutLine: {'line': b'-- Up-to-date symlink: /workspaces/install/yolo_msgs/include/yolo_msgs/yolo_msgs/msg/detail/bounding_box2_d__struct.hpp\n'}
[0.282013] (yolo_msgs) StdoutLine: {'line': b'-- Up-to-date symlink: /workspaces/install/yolo_msgs/include/yolo_msgs/yolo_msgs/msg/detail/bounding_box2_d__traits.hpp\n'}
[0.282134] (yolo_msgs) StdoutLine: {'line': b'-- Up-to-date symlink: /workspaces/install/yolo_msgs/include/yolo_msgs/yolo_msgs/msg/detail/bounding_box2_d__type_support.hpp\n'}
[0.282231] (yolo_msgs) StdoutLine: {'line': b'-- Up-to-date symlink: /workspaces/install/yolo_msgs/include/yolo_msgs/yolo_msgs/msg/detail/bounding_box3_d__builder.hpp\n'}
[0.282287] (yolo_msgs) StdoutLine: {'line': b'-- Up-to-date symlink: /workspaces/install/yolo_msgs/include/yolo_msgs/yolo_msgs/msg/detail/bounding_box3_d__struct.hpp\n'}
[0.282467] (yolo_msgs) StdoutLine: {'line': b'-- Up-to-date symlink: /workspaces/install/yolo_msgs/include/yolo_msgs/yolo_msgs/msg/detail/bounding_box3_d__traits.hpp\n'}
[0.282733] (yolo_msgs) StdoutLine: {'line': b'-- Up-to-date symlink: /workspaces/install/yolo_msgs/include/yolo_msgs/yolo_msgs/msg/detail/bounding_box3_d__type_support.hpp\n'}
[0.283405] (yolo_msgs) StdoutLine: {'line': b'-- Up-to-date symlink: /workspaces/install/yolo_msgs/include/yolo_msgs/yolo_msgs/msg/detail/detection__builder.hpp\n'}
[0.283514] (yolo_msgs) StdoutLine: {'line': b'-- Up-to-date symlink: /workspaces/install/yolo_msgs/include/yolo_msgs/yolo_msgs/msg/detail/detection__struct.hpp\n'}
[0.283585] (yolo_msgs) StdoutLine: {'line': b'-- Up-to-date symlink: /workspaces/install/yolo_msgs/include/yolo_msgs/yolo_msgs/msg/detail/detection__traits.hpp\n'}
[0.283662] (yolo_msgs) StdoutLine: {'line': b'-- Up-to-date symlink: /workspaces/install/yolo_msgs/include/yolo_msgs/yolo_msgs/msg/detail/detection__type_support.hpp\n'}
[0.283897] (yolo_msgs) StdoutLine: {'line': b'-- Up-to-date symlink: /workspaces/install/yolo_msgs/include/yolo_msgs/yolo_msgs/msg/detail/detection_array__builder.hpp\n'}
[0.283982] (yolo_msgs) StdoutLine: {'line': b'-- Up-to-date symlink: /workspaces/install/yolo_msgs/include/yolo_msgs/yolo_msgs/msg/detail/detection_array__struct.hpp\n'}
[0.284049] (yolo_msgs) StdoutLine: {'line': b'-- Up-to-date symlink: /workspaces/install/yolo_msgs/include/yolo_msgs/yolo_msgs/msg/detail/detection_array__traits.hpp\n'}
[0.284128] (yolo_msgs) StdoutLine: {'line': b'-- Up-to-date symlink: /workspaces/install/yolo_msgs/include/yolo_msgs/yolo_msgs/msg/detail/detection_array__type_support.hpp\n'}
[0.284274] (yolo_msgs) StdoutLine: {'line': b'-- Up-to-date symlink: /workspaces/install/yolo_msgs/include/yolo_msgs/yolo_msgs/msg/detail/key_point2_d__builder.hpp\n'}
[0.284361] (yolo_msgs) StdoutLine: {'line': b'-- Up-to-date symlink: /workspaces/install/yolo_msgs/include/yolo_msgs/yolo_msgs/msg/detail/key_point2_d__struct.hpp\n'}
[0.284414] (yolo_msgs) StdoutLine: {'line': b'-- Up-to-date symlink: /workspaces/install/yolo_msgs/include/yolo_msgs/yolo_msgs/msg/detail/key_point2_d__traits.hpp\n'}
[0.284494] (yolo_msgs) StdoutLine: {'line': b'-- Up-to-date symlink: /workspaces/install/yolo_msgs/include/yolo_msgs/yolo_msgs/msg/detail/key_point2_d__type_support.hpp\n'}
[0.284548] (yolo_msgs) StdoutLine: {'line': b'-- Up-to-date symlink: /workspaces/install/yolo_msgs/include/yolo_msgs/yolo_msgs/msg/detail/key_point2_d_array__builder.hpp\n'}
[0.284648] (yolo_msgs) StdoutLine: {'line': b'-- Up-to-date symlink: /workspaces/install/yolo_msgs/include/yolo_msgs/yolo_msgs/msg/detail/key_point2_d_array__struct.hpp\n'}
[0.284703] (yolo_msgs) StdoutLine: {'line': b'-- Up-to-date symlink: /workspaces/install/yolo_msgs/include/yolo_msgs/yolo_msgs/msg/detail/key_point2_d_array__traits.hpp\n'}
[0.284946] (yolo_msgs) StdoutLine: {'line': b'-- Up-to-date symlink: /workspaces/install/yolo_msgs/include/yolo_msgs/yolo_msgs/msg/detail/key_point2_d_array__type_support.hpp\n'}
[0.285530] (yolo_msgs) StdoutLine: {'line': b'-- Up-to-date symlink: /workspaces/install/yolo_msgs/include/yolo_msgs/yolo_msgs/msg/detail/key_point3_d__builder.hpp\n'}
[0.285688] (yolo_msgs) StdoutLine: {'line': b'-- Up-to-date symlink: /workspaces/install/yolo_msgs/include/yolo_msgs/yolo_msgs/msg/detail/key_point3_d__struct.hpp\n'}
[0.285746] (wildbot_localization) CommandEnded: {'returncode': 0}
[0.285976] (yolo_msgs) StdoutLine: {'line': b'-- Up-to-date symlink: /workspaces/install/yolo_msgs/include/yolo_msgs/yolo_msgs/msg/detail/key_point3_d__traits.hpp\n'}
[0.286395] (yolo_msgs) StdoutLine: {'line': b'-- Up-to-date symlink: /workspaces/install/yolo_msgs/include/yolo_msgs/yolo_msgs/msg/detail/key_point3_d__type_support.hpp\n'}
[0.286528] (yolo_msgs) StdoutLine: {'line': b'-- Up-to-date symlink: /workspaces/install/yolo_msgs/include/yolo_msgs/yolo_msgs/msg/detail/key_point3_d_array__builder.hpp\n'}
[0.286717] (yolo_msgs) StdoutLine: {'line': b'-- Up-to-date symlink: /workspaces/install/yolo_msgs/include/yolo_msgs/yolo_msgs/msg/detail/key_point3_d_array__struct.hpp\n'}
[0.286893] (yolo_msgs) StdoutLine: {'line': b'-- Up-to-date symlink: /workspaces/install/yolo_msgs/include/yolo_msgs/yolo_msgs/msg/detail/key_point3_d_array__traits.hpp\n'}
[0.286965] (yolo_msgs) StdoutLine: {'line': b'-- Up-to-date symlink: /workspaces/install/yolo_msgs/include/yolo_msgs/yolo_msgs/msg/detail/key_point3_d_array__type_support.hpp\n'}
[0.287020] (yolo_msgs) StdoutLine: {'line': b'-- Up-to-date symlink: /workspaces/install/yolo_msgs/include/yolo_msgs/yolo_msgs/msg/detail/mask__builder.hpp\n'}
[0.287071] (yolo_msgs) StdoutLine: {'line': b'-- Up-to-date symlink: /workspaces/install/yolo_msgs/include/yolo_msgs/yolo_msgs/msg/detail/mask__struct.hpp\n'}
[0.287118] (yolo_msgs) StdoutLine: {'line': b'-- Up-to-date symlink: /workspaces/install/yolo_msgs/include/yolo_msgs/yolo_msgs/msg/detail/mask__traits.hpp\n'}
[0.287157] (yolo_msgs) StdoutLine: {'line': b'-- Up-to-date symlink: /workspaces/install/yolo_msgs/include/yolo_msgs/yolo_msgs/msg/detail/mask__type_support.hpp\n'}
[0.287204] (yolo_msgs) StdoutLine: {'line': b'-- Up-to-date symlink: /workspaces/install/yolo_msgs/include/yolo_msgs/yolo_msgs/msg/detail/point2_d__builder.hpp\n'}
[0.287254] (yolo_msgs) StdoutLine: {'line': b'-- Up-to-date symlink: /workspaces/install/yolo_msgs/include/yolo_msgs/yolo_msgs/msg/detail/point2_d__struct.hpp\n'}
[0.287296] (yolo_msgs) StdoutLine: {'line': b'-- Up-to-date symlink: /workspaces/install/yolo_msgs/include/yolo_msgs/yolo_msgs/msg/detail/point2_d__traits.hpp\n'}
[0.287340] (yolo_msgs) StdoutLine: {'line': b'-- Up-to-date symlink: /workspaces/install/yolo_msgs/include/yolo_msgs/yolo_msgs/msg/detail/point2_d__type_support.hpp\n'}
[0.287376] (yolo_msgs) StdoutLine: {'line': b'-- Up-to-date symlink: /workspaces/install/yolo_msgs/include/yolo_msgs/yolo_msgs/msg/detail/pose2_d__builder.hpp\n'}
[0.287420] (yolo_msgs) StdoutLine: {'line': b'-- Up-to-date symlink: /workspaces/install/yolo_msgs/include/yolo_msgs/yolo_msgs/msg/detail/pose2_d__struct.hpp\n'}
[0.287464] (yolo_msgs) StdoutLine: {'line': b'-- Up-to-date symlink: /workspaces/install/yolo_msgs/include/yolo_msgs/yolo_msgs/msg/detail/pose2_d__traits.hpp\n'}
[0.287502] (yolo_msgs) StdoutLine: {'line': b'-- Up-to-date symlink: /workspaces/install/yolo_msgs/include/yolo_msgs/yolo_msgs/msg/detail/pose2_d__type_support.hpp\n'}
[0.287540] (yolo_msgs) StdoutLine: {'line': b'-- Up-to-date symlink: /workspaces/install/yolo_msgs/include/yolo_msgs/yolo_msgs/msg/detail/vector2__builder.hpp\n'}
[0.287586] (yolo_msgs) StdoutLine: {'line': b'-- Up-to-date symlink: /workspaces/install/yolo_msgs/include/yolo_msgs/yolo_msgs/msg/detail/vector2__struct.hpp\n'}
[0.287629] (yolo_msgs) StdoutLine: {'line': b'-- Up-to-date symlink: /workspaces/install/yolo_msgs/include/yolo_msgs/yolo_msgs/msg/detail/vector2__traits.hpp\n'}
[0.287670] (yolo_msgs) StdoutLine: {'line': b'-- Up-to-date symlink: /workspaces/install/yolo_msgs/include/yolo_msgs/yolo_msgs/msg/detail/vector2__type_support.hpp\n'}
[0.287706] (yolo_msgs) StdoutLine: {'line': b'-- Up-to-date symlink: /workspaces/install/yolo_msgs/include/yolo_msgs/yolo_msgs/msg/detection.hpp\n'}
[0.287742] (yolo_msgs) StdoutLine: {'line': b'-- Up-to-date symlink: /workspaces/install/yolo_msgs/include/yolo_msgs/yolo_msgs/msg/detection_array.hpp\n'}
[0.287778] (yolo_msgs) StdoutLine: {'line': b'-- Up-to-date symlink: /workspaces/install/yolo_msgs/include/yolo_msgs/yolo_msgs/msg/key_point2_d.hpp\n'}
[0.287825] (yolo_msgs) StdoutLine: {'line': b'-- Up-to-date symlink: /workspaces/install/yolo_msgs/include/yolo_msgs/yolo_msgs/msg/key_point2_d_array.hpp\n'}
[0.287861] (yolo_msgs) StdoutLine: {'line': b'-- Up-to-date symlink: /workspaces/install/yolo_msgs/include/yolo_msgs/yolo_msgs/msg/key_point3_d.hpp\n'}
[0.287895] (yolo_msgs) StdoutLine: {'line': b'-- Up-to-date symlink: /workspaces/install/yolo_msgs/include/yolo_msgs/yolo_msgs/msg/key_point3_d_array.hpp\n'}
[0.287934] (yolo_msgs) StdoutLine: {'line': b'-- Up-to-date symlink: /workspaces/install/yolo_msgs/include/yolo_msgs/yolo_msgs/msg/mask.hpp\n'}
[0.287972] (yolo_msgs) StdoutLine: {'line': b'-- Up-to-date symlink: /workspaces/install/yolo_msgs/include/yolo_msgs/yolo_msgs/msg/point2_d.hpp\n'}
[0.288010] (yolo_msgs) StdoutLine: {'line': b'-- Up-to-date symlink: /workspaces/install/yolo_msgs/include/yolo_msgs/yolo_msgs/msg/pose2_d.hpp\n'}
[0.288049] (yolo_msgs) StdoutLine: {'line': b'-- Up-to-date symlink: /workspaces/install/yolo_msgs/include/yolo_msgs/yolo_msgs/msg/rosidl_generator_cpp__visibility_control.hpp\n'}
[0.288090] (wildbot_localization) JobProgress: {'identifier': 'wildbot_localization', 'progress': 'install'}
[0.288101] (yolo_msgs) StdoutLine: {'line': b'-- Up-to-date symlink: /workspaces/install/yolo_msgs/include/yolo_msgs/yolo_msgs/msg/vector2.hpp\n'}
[0.288140] (yolo_msgs) StdoutLine: {'line': b'-- Up-to-date symlink: /workspaces/install/yolo_msgs/include/yolo_msgs/yolo_msgs/srv/detail/set_classes__builder.hpp\n'}
[0.288179] (yolo_msgs) StdoutLine: {'line': b'-- Up-to-date symlink: /workspaces/install/yolo_msgs/include/yolo_msgs/yolo_msgs/srv/detail/set_classes__struct.hpp\n'}
[0.288218] (yolo_msgs) StdoutLine: {'line': b'-- Up-to-date symlink: /workspaces/install/yolo_msgs/include/yolo_msgs/yolo_msgs/srv/detail/set_classes__traits.hpp\n'}
[0.288306] (yolo_msgs) StdoutLine: {'line': b'-- Up-to-date symlink: /workspaces/install/yolo_msgs/include/yolo_msgs/yolo_msgs/srv/detail/set_classes__type_support.hpp\n'}
[0.288353] (yolo_msgs) StdoutLine: {'line': b'-- Up-to-date symlink: /workspaces/install/yolo_msgs/include/yolo_msgs/yolo_msgs/srv/set_classes.hpp\n'}
[0.288392] (wildbot_localization) Command: {'cmd': ['/usr/bin/cmake', '--install', '/workspaces/build/wildbot_localization'], 'cwd': '/workspaces/build/wildbot_localization', 'env': OrderedDict({'HISTFILESIZE': '2147450879', 'GZ_CONFIG_PATH': '/opt/ros/jazzy/opt/sdformat_vendor/share/gz', 'HOSTNAME': '55c7aa138653', 'SHLVL': '1', 'LD_LIBRARY_PATH': '/opt/ros/jazzy/opt/sdformat_vendor/lib:/opt/ros/jazzy/opt/rviz_ogre_vendor/lib:/opt/ros/jazzy/lib/x86_64-linux-gnu:/opt/ros/jazzy/opt/gz_math_vendor/lib:/opt/ros/jazzy/opt/gz_utils_vendor/lib:/opt/ros/jazzy/opt/gz_tools_vendor/lib:/opt/ros/jazzy/opt/gz_cmake_vendor/lib:/opt/ros/jazzy/lib', 'LESS': '-R', 'HOME': '/root', 'LSCOLORS': 'Gxfxcxdxdxegedabagacad', 'ROS_PYTHON_VERSION': '3', 'PAGER': 'less', 'ROS_DISTRO': 'jazzy', 'OSH': '/root/.oh-my-bash', '_': '/usr/bin/colcon', 'ROS_VERSION': '2', 'TERM': 'xterm', 'DRIVER_WS': '/robot_ws', 'PATH': '/usr/lib/ccache:/opt/ros/jazzy/opt/gz_tools_vendor/bin:/opt/ros/jazzy/bin:/usr/local/sbin:/usr/local/bin:/usr/sbin:/usr/bin:/sbin:/bin', 'ydlidar_sdk_DIR': '/usr/lib/cmake/ydlidar_sdk', 'HISTSIZE': '2147450879', 'LANG': 'C.UTF-8', 'LS_COLORS': 'rs=0:di=01;34:ln=01;36:mh=00:pi=40;33:so=01;35:do=01;35:bd=40;33;01:cd=40;33;01:or=40;31;01:mi=00:su=37;41:sg=30;43:ca=00:tw=30;42:ow=34;42:st=37;44:ex=01;32:*.tar=01;31:*.tgz=01;31:*.arc=01;31:*.arj=01;31:*.taz=01;31:*.lha=01;31:*.lz4=01;31:*.lzh=01;31:*.lzma=01;31:*.tlz=01;31:*.txz=01;31:*.tzo=01;31:*.t7z=01;31:*.zip=01;31:*.z=01;31:*.dz=01;31:*.gz=01;31:*.lrz=01;31:*.lz=01;31:*.lzo=01;31:*.xz=01;31:*.zst=01;31:*.tzst=01;31:*.bz2=01;31:*.bz=01;31:*.tbz=01;31:*.tbz2=01;31:*.tz=01;31:*.deb=01;31:*.rpm=01;31:*.jar=01;31:*.war=01;31:*.ear=01;31:*.sar=01;31:*.rar=01;31:*.alz=01;31:*.ace=01;31:*.zoo=01;31:*.cpio=01;31:*.7z=01;31:*.rz=01;31:*.cab=01;31:*.wim=01;31:*.swm=01;31:*.dwm=01;31:*.esd=01;31:*.avif=01;35:*.jpg=01;35:*.jpeg=01;35:*.mjpg=01;35:*.mjpeg=01;35:*.gif=01;35:*.bmp=01;35:*.pbm=01;35:*.pgm=01;35:*.ppm=01;35:*.tga=01;35:*.xbm=01;35:*.xpm=01;35:*.tif=01;35:*.tiff=01;35:*.png=01;35:*.svg=01;35:*.svgz=01;35:*.mng=01;35:*.pcx=01;35:*.mov=01;35:*.mpg=01;35:*.mpeg=01;35:*.m2v=01;35:*.mkv=01;35:*.webm=01;35:*.webp=01;35:*.ogm=01;35:*.mp4=01;35:*.m4v=01;35:*.mp4v=01;35:*.vob=01;35:*.qt=01;35:*.nuv=01;35:*.wmv=01;35:*.asf=01;35:*.rm=01;35:*.rmvb=01;35:*.flc=01;35:*.avi=01;35:*.fli=01;35:*.flv=01;35:*.gl=01;35:*.dl=01;35:*.xcf=01;35:*.xwd=01;35:*.yuv=01;35:*.cgm=01;35:*.emf=01;35:*.ogv=01;35:*.ogx=01;35:*.aac=00;36:*.au=00;36:*.flac=00;36:*.m4a=00;36:*.mid=00;36:*.midi=00;36:*.mka=00;36:*.mp3=00;36:*.mpc=00;36:*.ogg=00;36:*.ra=00;36:*.wav=00;36:*.oga=00;36:*.opus=00;36:*.spx=00;36:*.xspf=00;36:*~=00;90:*#=00;90:*.bak=00;90:*.crdownload=00;90:*.dpkg-dist=00;90:*.dpkg-new=00;90:*.dpkg-old=00;90:*.dpkg-tmp=00;90:*.old=00;90:*.orig=00;90:*.part=00;90:*.rej=00;90:*.rpmnew=00;90:*.rpmorig=00;90:*.rpmsave=00;90:*.swp=00;90:*.tmp=00;90:*.ucf-dist=00;90:*.ucf-new=00;90:*.ucf-old=00;90:', 'ROS_DOMAIN_ID': '0', 'AMENT_PREFIX_PATH': '/opt/ros/jazzy', 'ROS_AUTOMATIC_DISCOVERY_RANGE': 'SUBNET', 'PWD': '/workspaces/build/wildbot_localization', 'LC_ALL': 'C.UTF-8', 'PYTHONPATH': '/opt/ros/jazzy/lib/python3.12/site-packages', 'COLCON': '1', 'CMAKE_PREFIX_PATH': '/opt/ros/jazzy/opt/sdformat_vendor:/opt/ros/jazzy/opt/gz_math_vendor:/opt/ros/jazzy/opt/gz_utils_vendor:/opt/ros/jazzy/opt/gz_tools_vendor:/opt/ros/jazzy/opt/gz_cmake_vendor:/opt/ros/jazzy', 'ROS2_WS': '/workspaces'}), 'shell': False}
[0.288602] (yolo_msgs) StdoutLine: {'line': b'-- Up-to-date symlink: /workspaces/install/yolo_msgs/include/yolo_msgs/yolo_msgs/msg/detail/bounding_box2_d__rosidl_typesupport_fastrtps_cpp.hpp\n'}
[0.288654] (yolo_msgs) StdoutLine: {'line': b'-- Up-to-date symlink: /workspaces/install/yolo_msgs/include/yolo_msgs/yolo_msgs/msg/detail/bounding_box3_d__rosidl_typesupport_fastrtps_cpp.hpp\n'}
[0.288706] (yolo_msgs) StdoutLine: {'line': b'-- Up-to-date symlink: /workspaces/install/yolo_msgs/include/yolo_msgs/yolo_msgs/msg/detail/detection__rosidl_typesupport_fastrtps_cpp.hpp\n'}
[0.288743] (yolo_msgs) StdoutLine: {'line': b'-- Up-to-date symlink: /workspaces/install/yolo_msgs/include/yolo_msgs/yolo_msgs/msg/detail/detection_array__rosidl_typesupport_fastrtps_cpp.hpp\n'}
[0.288781] (yolo_msgs) StdoutLine: {'line': b'-- Up-to-date symlink: /workspaces/install/yolo_msgs/include/yolo_msgs/yolo_msgs/msg/detail/key_point2_d__rosidl_typesupport_fastrtps_cpp.hpp\n'}
[0.288817] (yolo_msgs) StdoutLine: {'line': b'-- Up-to-date symlink: /workspaces/install/yolo_msgs/include/yolo_msgs/yolo_msgs/msg/detail/key_point2_d_array__rosidl_typesupport_fastrtps_cpp.hpp\n'}
[0.288854] (yolo_msgs) StdoutLine: {'line': b'-- Up-to-date symlink: /workspaces/install/yolo_msgs/include/yolo_msgs/yolo_msgs/msg/detail/key_point3_d__rosidl_typesupport_fastrtps_cpp.hpp\n'}
[0.288890] (yolo_msgs) StdoutLine: {'line': b'-- Up-to-date symlink: /workspaces/install/yolo_msgs/include/yolo_msgs/yolo_msgs/msg/detail/key_point3_d_array__rosidl_typesupport_fastrtps_cpp.hpp\n'}
[0.288927] (yolo_msgs) StdoutLine: {'line': b'-- Up-to-date symlink: /workspaces/install/yolo_msgs/include/yolo_msgs/yolo_msgs/msg/detail/mask__rosidl_typesupport_fastrtps_cpp.hpp\n'}
[0.288964] (yolo_msgs) StdoutLine: {'line': b'-- Up-to-date symlink: /workspaces/install/yolo_msgs/include/yolo_msgs/yolo_msgs/msg/detail/point2_d__rosidl_typesupport_fastrtps_cpp.hpp\n'}
[0.289000] (yolo_msgs) StdoutLine: {'line': b'-- Up-to-date symlink: /workspaces/install/yolo_msgs/include/yolo_msgs/yolo_msgs/msg/detail/pose2_d__rosidl_typesupport_fastrtps_cpp.hpp\n'}
[0.289036] (yolo_msgs) StdoutLine: {'line': b'-- Up-to-date symlink: /workspaces/install/yolo_msgs/include/yolo_msgs/yolo_msgs/msg/detail/vector2__rosidl_typesupport_fastrtps_cpp.hpp\n'}
[0.289072] (yolo_msgs) StdoutLine: {'line': b'-- Up-to-date symlink: /workspaces/install/yolo_msgs/include/yolo_msgs/yolo_msgs/msg/rosidl_typesupport_fastrtps_cpp__visibility_control.h\n'}
[0.289108] (yolo_msgs) StdoutLine: {'line': b'-- Up-to-date symlink: /workspaces/install/yolo_msgs/include/yolo_msgs/yolo_msgs/srv/detail/set_classes__rosidl_typesupport_fastrtps_cpp.hpp\n'}
[0.289160] (wildbot_slam) CommandEnded: {'returncode': 0}
[0.289302] (yolo_msgs) StdoutLine: {'line': b'-- Up-to-date symlink: /workspaces/install/yolo_msgs/include/yolo_msgs/yolo_msgs/msg/detail/bounding_box2_d__rosidl_typesupport_introspection_cpp.hpp\n'}
[0.289366] (yolo_msgs) StdoutLine: {'line': b'-- Up-to-date symlink: /workspaces/install/yolo_msgs/include/yolo_msgs/yolo_msgs/msg/detail/bounding_box3_d__rosidl_typesupport_introspection_cpp.hpp\n'}
[0.289619] (yolo_msgs) StdoutLine: {'line': b'-- Up-to-date symlink: /workspaces/install/yolo_msgs/include/yolo_msgs/yolo_msgs/msg/detail/detection__rosidl_typesupport_introspection_cpp.hpp\n'}
[0.289844] (yolo_msgs) StdoutLine: {'line': b'-- Up-to-date symlink: /workspaces/install/yolo_msgs/include/yolo_msgs/yolo_msgs/msg/detail/detection_array__rosidl_typesupport_introspection_cpp.hpp\n'}
[0.289914] (yolo_msgs) StdoutLine: {'line': b'-- Up-to-date symlink: /workspaces/install/yolo_msgs/include/yolo_msgs/yolo_msgs/msg/detail/key_point2_d__rosidl_typesupport_introspection_cpp.hpp\n'}
[0.289952] (yolo_msgs) StdoutLine: {'line': b'-- Up-to-date symlink: /workspaces/install/yolo_msgs/include/yolo_msgs/yolo_msgs/msg/detail/key_point2_d_array__rosidl_typesupport_introspection_cpp.hpp\n'}
[0.289979] (yolo_msgs) StdoutLine: {'line': b'-- Up-to-date symlink: /workspaces/install/yolo_msgs/include/yolo_msgs/yolo_msgs/msg/detail/key_point3_d__rosidl_typesupport_introspection_cpp.hpp\n'}
[0.290010] (yolo_msgs) StdoutLine: {'line': b'-- Up-to-date symlink: /workspaces/install/yolo_msgs/include/yolo_msgs/yolo_msgs/msg/detail/key_point3_d_array__rosidl_typesupport_introspection_cpp.hpp\n'}
[0.290067] (yolo_msgs) StdoutLine: {'line': b'-- Up-to-date symlink: /workspaces/install/yolo_msgs/include/yolo_msgs/yolo_msgs/msg/detail/mask__rosidl_typesupport_introspection_cpp.hpp\n'}
[0.290099] (yolo_msgs) StdoutLine: {'line': b'-- Up-to-date symlink: /workspaces/install/yolo_msgs/include/yolo_msgs/yolo_msgs/msg/detail/point2_d__rosidl_typesupport_introspection_cpp.hpp\n'}
[0.290127] (yolo_msgs) StdoutLine: {'line': b'-- Up-to-date symlink: /workspaces/install/yolo_msgs/include/yolo_msgs/yolo_msgs/msg/detail/pose2_d__rosidl_typesupport_introspection_cpp.hpp\n'}
[0.290162] (yolo_msgs) StdoutLine: {'line': b'-- Up-to-date symlink: /workspaces/install/yolo_msgs/include/yolo_msgs/yolo_msgs/msg/detail/vector2__rosidl_typesupport_introspection_cpp.hpp\n'}
[0.290193] (yolo_msgs) StdoutLine: {'line': b'-- Up-to-date symlink: /workspaces/install/yolo_msgs/include/yolo_msgs/yolo_msgs/srv/detail/set_classes__rosidl_typesupport_introspection_cpp.hpp\n'}
[0.290219] (yolo_msgs) StdoutLine: {'line': b'-- Up-to-date symlink: /workspaces/install/yolo_msgs/share/yolo_msgs/environment/pythonpath.sh\n'}
[0.290251] (wildbot_slam) JobProgress: {'identifier': 'wildbot_slam', 'progress': 'install'}
[0.290261] (yolo_msgs) StdoutLine: {'line': b'-- Up-to-date symlink: /workspaces/install/yolo_msgs/share/yolo_msgs/environment/pythonpath.dsv\n'}
[0.290334] (wildbot_slam) Command: {'cmd': ['/usr/bin/cmake', '--install', '/workspaces/build/wildbot_slam'], 'cwd': '/workspaces/build/wildbot_slam', 'env': OrderedDict({'HISTFILESIZE': '2147450879', 'GZ_CONFIG_PATH': '/opt/ros/jazzy/opt/sdformat_vendor/share/gz', 'HOSTNAME': '55c7aa138653', 'SHLVL': '1', 'LD_LIBRARY_PATH': '/opt/ros/jazzy/opt/sdformat_vendor/lib:/opt/ros/jazzy/opt/rviz_ogre_vendor/lib:/opt/ros/jazzy/lib/x86_64-linux-gnu:/opt/ros/jazzy/opt/gz_math_vendor/lib:/opt/ros/jazzy/opt/gz_utils_vendor/lib:/opt/ros/jazzy/opt/gz_tools_vendor/lib:/opt/ros/jazzy/opt/gz_cmake_vendor/lib:/opt/ros/jazzy/lib', 'LESS': '-R', 'HOME': '/root', 'LSCOLORS': 'Gxfxcxdxdxegedabagacad', 'ROS_PYTHON_VERSION': '3', 'PAGER': 'less', 'ROS_DISTRO': 'jazzy', 'OSH': '/root/.oh-my-bash', '_': '/usr/bin/colcon', 'ROS_VERSION': '2', 'TERM': 'xterm', 'DRIVER_WS': '/robot_ws', 'PATH': '/usr/lib/ccache:/opt/ros/jazzy/opt/gz_tools_vendor/bin:/opt/ros/jazzy/bin:/usr/local/sbin:/usr/local/bin:/usr/sbin:/usr/bin:/sbin:/bin', 'ydlidar_sdk_DIR': '/usr/lib/cmake/ydlidar_sdk', 'HISTSIZE': '2147450879', 'LANG': 'C.UTF-8', 'LS_COLORS': 'rs=0:di=01;34:ln=01;36:mh=00:pi=40;33:so=01;35:do=01;35:bd=40;33;01:cd=40;33;01:or=40;31;01:mi=00:su=37;41:sg=30;43:ca=00:tw=30;42:ow=34;42:st=37;44:ex=01;32:*.tar=01;31:*.tgz=01;31:*.arc=01;31:*.arj=01;31:*.taz=01;31:*.lha=01;31:*.lz4=01;31:*.lzh=01;31:*.lzma=01;31:*.tlz=01;31:*.txz=01;31:*.tzo=01;31:*.t7z=01;31:*.zip=01;31:*.z=01;31:*.dz=01;31:*.gz=01;31:*.lrz=01;31:*.lz=01;31:*.lzo=01;31:*.xz=01;31:*.zst=01;31:*.tzst=01;31:*.bz2=01;31:*.bz=01;31:*.tbz=01;31:*.tbz2=01;31:*.tz=01;31:*.deb=01;31:*.rpm=01;31:*.jar=01;31:*.war=01;31:*.ear=01;31:*.sar=01;31:*.rar=01;31:*.alz=01;31:*.ace=01;31:*.zoo=01;31:*.cpio=01;31:*.7z=01;31:*.rz=01;31:*.cab=01;31:*.wim=01;31:*.swm=01;31:*.dwm=01;31:*.esd=01;31:*.avif=01;35:*.jpg=01;35:*.jpeg=01;35:*.mjpg=01;35:*.mjpeg=01;35:*.gif=01;35:*.bmp=01;35:*.pbm=01;35:*.pgm=01;35:*.ppm=01;35:*.tga=01;35:*.xbm=01;35:*.xpm=01;35:*.tif=01;35:*.tiff=01;35:*.png=01;35:*.svg=01;35:*.svgz=01;35:*.mng=01;35:*.pcx=01;35:*.mov=01;35:*.mpg=01;35:*.mpeg=01;35:*.m2v=01;35:*.mkv=01;35:*.webm=01;35:*.webp=01;35:*.ogm=01;35:*.mp4=01;35:*.m4v=01;35:*.mp4v=01;35:*.vob=01;35:*.qt=01;35:*.nuv=01;35:*.wmv=01;35:*.asf=01;35:*.rm=01;35:*.rmvb=01;35:*.flc=01;35:*.avi=01;35:*.fli=01;35:*.flv=01;35:*.gl=01;35:*.dl=01;35:*.xcf=01;35:*.xwd=01;35:*.yuv=01;35:*.cgm=01;35:*.emf=01;35:*.ogv=01;35:*.ogx=01;35:*.aac=00;36:*.au=00;36:*.flac=00;36:*.m4a=00;36:*.mid=00;36:*.midi=00;36:*.mka=00;36:*.mp3=00;36:*.mpc=00;36:*.ogg=00;36:*.ra=00;36:*.wav=00;36:*.oga=00;36:*.opus=00;36:*.spx=00;36:*.xspf=00;36:*~=00;90:*#=00;90:*.bak=00;90:*.crdownload=00;90:*.dpkg-dist=00;90:*.dpkg-new=00;90:*.dpkg-old=00;90:*.dpkg-tmp=00;90:*.old=00;90:*.orig=00;90:*.part=00;90:*.rej=00;90:*.rpmnew=00;90:*.rpmorig=00;90:*.rpmsave=00;90:*.swp=00;90:*.tmp=00;90:*.ucf-dist=00;90:*.ucf-new=00;90:*.ucf-old=00;90:', 'ROS_DOMAIN_ID': '0', 'AMENT_PREFIX_PATH': '/opt/ros/jazzy', 'ROS_AUTOMATIC_DISCOVERY_RANGE': 'SUBNET', 'PWD': '/workspaces/build/wildbot_slam', 'LC_ALL': 'C.UTF-8', 'PYTHONPATH': '/opt/ros/jazzy/lib/python3.12/site-packages', 'COLCON': '1', 'CMAKE_PREFIX_PATH': '/opt/ros/jazzy/opt/sdformat_vendor:/opt/ros/jazzy/opt/gz_math_vendor:/opt/ros/jazzy/opt/gz_utils_vendor:/opt/ros/jazzy/opt/gz_tools_vendor:/opt/ros/jazzy/opt/gz_cmake_vendor:/opt/ros/jazzy', 'ROS2_WS': '/workspaces'}), 'shell': False}
[0.290455] (yolo_msgs) StdoutLine: {'line': b'-- Up-to-date symlink: /workspaces/install/yolo_msgs/lib/python3.12/site-packages/yolo_msgs-4.6.0-py3.12.egg-info/PKG-INFO\n'}
[0.290511] (yolo_msgs) StdoutLine: {'line': b'-- Up-to-date symlink: /workspaces/install/yolo_msgs/lib/python3.12/site-packages/yolo_msgs-4.6.0-py3.12.egg-info/SOURCES.txt\n'}
[0.290597] (yolo_msgs) StdoutLine: {'line': b'-- Up-to-date symlink: /workspaces/install/yolo_msgs/lib/python3.12/site-packages/yolo_msgs-4.6.0-py3.12.egg-info/dependency_links.txt\n'}
[0.290625] (yolo_msgs) StdoutLine: {'line': b'-- Up-to-date symlink: /workspaces/install/yolo_msgs/lib/python3.12/site-packages/yolo_msgs-4.6.0-py3.12.egg-info/top_level.txt\n'}
[0.290650] (yolo_msgs) StdoutLine: {'line': b'-- Up-to-date symlink: /workspaces/install/yolo_msgs/lib/python3.12/site-packages/yolo_msgs/__init__.py\n'}
[0.290675] (yolo_msgs) StdoutLine: {'line': b'-- Up-to-date symlink: /workspaces/install/yolo_msgs/lib/python3.12/site-packages/yolo_msgs/_yolo_msgs_s.ep.rosidl_typesupport_c.c\n'}
[0.290713] (yolo_msgs) StdoutLine: {'line': b'-- Up-to-date symlink: /workspaces/install/yolo_msgs/lib/python3.12/site-packages/yolo_msgs/_yolo_msgs_s.ep.rosidl_typesupport_fastrtps_c.c\n'}
[0.290739] (yolo_msgs) StdoutLine: {'line': b'-- Up-to-date symlink: /workspaces/install/yolo_msgs/lib/python3.12/site-packages/yolo_msgs/_yolo_msgs_s.ep.rosidl_typesupport_introspection_c.c\n'}
[0.290764] (yolo_msgs) StdoutLine: {'line': b'-- Up-to-date symlink: /workspaces/install/yolo_msgs/lib/python3.12/site-packages/yolo_msgs/msg/__init__.py\n'}
[0.290789] (yolo_msgs) StdoutLine: {'line': b'-- Up-to-date symlink: /workspaces/install/yolo_msgs/lib/python3.12/site-packages/yolo_msgs/msg/_bounding_box2_d.py\n'}
[0.290813] (yolo_msgs) StdoutLine: {'line': b'-- Up-to-date symlink: /workspaces/install/yolo_msgs/lib/python3.12/site-packages/yolo_msgs/msg/_bounding_box2_d_s.c\n'}
[0.290837] (yolo_msgs) StdoutLine: {'line': b'-- Up-to-date symlink: /workspaces/install/yolo_msgs/lib/python3.12/site-packages/yolo_msgs/msg/_bounding_box3_d.py\n'}
[0.290861] (yolo_msgs) StdoutLine: {'line': b'-- Up-to-date symlink: /workspaces/install/yolo_msgs/lib/python3.12/site-packages/yolo_msgs/msg/_bounding_box3_d_s.c\n'}
[0.290885] (yolo_msgs) StdoutLine: {'line': b'-- Up-to-date symlink: /workspaces/install/yolo_msgs/lib/python3.12/site-packages/yolo_msgs/msg/_detection.py\n'}
[0.290909] (yolo_msgs) StdoutLine: {'line': b'-- Up-to-date symlink: /workspaces/install/yolo_msgs/lib/python3.12/site-packages/yolo_msgs/msg/_detection_array.py\n'}
[0.290933] (yolo_msgs) StdoutLine: {'line': b'-- Up-to-date symlink: /workspaces/install/yolo_msgs/lib/python3.12/site-packages/yolo_msgs/msg/_detection_array_s.c\n'}
[0.290958] (yolo_msgs) StdoutLine: {'line': b'-- Up-to-date symlink: /workspaces/install/yolo_msgs/lib/python3.12/site-packages/yolo_msgs/msg/_detection_s.c\n'}
[0.290982] (yolo_msgs) StdoutLine: {'line': b'-- Up-to-date symlink: /workspaces/install/yolo_msgs/lib/python3.12/site-packages/yolo_msgs/msg/_key_point2_d.py\n'}
[0.291005] (yolo_msgs) StdoutLine: {'line': b'-- Up-to-date symlink: /workspaces/install/yolo_msgs/lib/python3.12/site-packages/yolo_msgs/msg/_key_point2_d_array.py\n'}
[0.291030] (yolo_msgs) StdoutLine: {'line': b'-- Up-to-date symlink: /workspaces/install/yolo_msgs/lib/python3.12/site-packages/yolo_msgs/msg/_key_point2_d_array_s.c\n'}
[0.291053] (yolo_msgs) StdoutLine: {'line': b'-- Up-to-date symlink: /workspaces/install/yolo_msgs/lib/python3.12/site-packages/yolo_msgs/msg/_key_point2_d_s.c\n'}
[0.291077] (yolo_msgs) StdoutLine: {'line': b'-- Up-to-date symlink: /workspaces/install/yolo_msgs/lib/python3.12/site-packages/yolo_msgs/msg/_key_point3_d.py\n'}
[0.291099] (yolo_msgs) StdoutLine: {'line': b'-- Up-to-date symlink: /workspaces/install/yolo_msgs/lib/python3.12/site-packages/yolo_msgs/msg/_key_point3_d_array.py\n'}
[0.291124] (yolo_msgs) StdoutLine: {'line': b'-- Up-to-date symlink: /workspaces/install/yolo_msgs/lib/python3.12/site-packages/yolo_msgs/msg/_key_point3_d_array_s.c\n'}
[0.291146] (yolo_msgs) StdoutLine: {'line': b'-- Up-to-date symlink: /workspaces/install/yolo_msgs/lib/python3.12/site-packages/yolo_msgs/msg/_key_point3_d_s.c\n'}
[0.291170] (yolo_msgs) StdoutLine: {'line': b'-- Up-to-date symlink: /workspaces/install/yolo_msgs/lib/python3.12/site-packages/yolo_msgs/msg/_mask.py\n'}
[0.291195] (yolo_msgs) StdoutLine: {'line': b'-- Up-to-date symlink: /workspaces/install/yolo_msgs/lib/python3.12/site-packages/yolo_msgs/msg/_mask_s.c\n'}
[0.291217] (yolo_msgs) StdoutLine: {'line': b'-- Up-to-date symlink: /workspaces/install/yolo_msgs/lib/python3.12/site-packages/yolo_msgs/msg/_point2_d.py\n'}
[0.291241] (yolo_msgs) StdoutLine: {'line': b'-- Up-to-date symlink: /workspaces/install/yolo_msgs/lib/python3.12/site-packages/yolo_msgs/msg/_point2_d_s.c\n'}
[0.291264] (yolo_msgs) StdoutLine: {'line': b'-- Up-to-date symlink: /workspaces/install/yolo_msgs/lib/python3.12/site-packages/yolo_msgs/msg/_pose2_d.py\n'}
[0.291296] (yolo_msgs) StdoutLine: {'line': b'-- Up-to-date symlink: /workspaces/install/yolo_msgs/lib/python3.12/site-packages/yolo_msgs/msg/_pose2_d_s.c\n'}
[0.291324] (yolo_msgs) StdoutLine: {'line': b'-- Up-to-date symlink: /workspaces/install/yolo_msgs/lib/python3.12/site-packages/yolo_msgs/msg/_vector2.py\n'}
[0.291346] (yolo_msgs) StdoutLine: {'line': b'-- Up-to-date symlink: /workspaces/install/yolo_msgs/lib/python3.12/site-packages/yolo_msgs/msg/_vector2_s.c\n'}
[0.291369] (yolo_msgs) StdoutLine: {'line': b'-- Up-to-date symlink: /workspaces/install/yolo_msgs/lib/python3.12/site-packages/yolo_msgs/srv/__init__.py\n'}
[0.291394] (yolo_msgs) StdoutLine: {'line': b'-- Up-to-date symlink: /workspaces/install/yolo_msgs/lib/python3.12/site-packages/yolo_msgs/srv/_set_classes.py\n'}
[0.291416] (yolo_msgs) StdoutLine: {'line': b'-- Up-to-date symlink: /workspaces/install/yolo_msgs/lib/python3.12/site-packages/yolo_msgs/srv/_set_classes_s.c\n'}
[0.291442] (yolo_msgs) StdoutLine: {'line': b'-- Up-to-date symlink: /workspaces/install/yolo_msgs/lib/python3.12/site-packages/yolo_msgs/yolo_msgs_s__rosidl_typesupport_c.so\n'}
[0.291555] (yolo_msgs) StdoutLine: {'line': b'-- Up-to-date symlink: /workspaces/install/yolo_msgs/lib/python3.12/site-packages/yolo_msgs/yolo_msgs_s__rosidl_typesupport_fastrtps_c.so\n'}
[0.291578] (yolo_msgs) StdoutLine: {'line': b'-- Up-to-date symlink: /workspaces/install/yolo_msgs/lib/python3.12/site-packages/yolo_msgs/yolo_msgs_s__rosidl_typesupport_introspection_c.so\n'}
[0.291601] (yolo_msgs) StdoutLine: {'line': b'-- Up-to-date symlink: /workspaces/install/yolo_msgs/lib/python3.12/site-packages/yolo_msgs/yolo_msgs_s__rosidl_typesupport_fastrtps_c.so\n'}
[0.291643] (yolo_msgs) StdoutLine: {'line': b'-- Up-to-date symlink: /workspaces/install/yolo_msgs/lib/python3.12/site-packages/yolo_msgs/yolo_msgs_s__rosidl_typesupport_introspection_c.so\n'}
[0.291666] (yolo_msgs) StdoutLine: {'line': b'-- Up-to-date symlink: /workspaces/install/yolo_msgs/lib/python3.12/site-packages/yolo_msgs/yolo_msgs_s__rosidl_typesupport_c.so\n'}
[0.291687] (yolo_msgs) StdoutLine: {'line': b'-- Up-to-date symlink: /workspaces/install/yolo_msgs/share/yolo_msgs/msg/Point2D.idl\n'}
[0.291709] (yolo_msgs) StdoutLine: {'line': b'-- Up-to-date symlink: /workspaces/install/yolo_msgs/share/yolo_msgs/msg/Vector2.idl\n'}
[0.291734] (yolo_msgs) StdoutLine: {'line': b'-- Up-to-date symlink: /workspaces/install/yolo_msgs/share/yolo_msgs/msg/Pose2D.idl\n'}
[0.291759] (wildbot_slam) StdoutLine: {'line': b'-- Install configuration: ""\n'}
[0.291805] (yolo_msgs) StdoutLine: {'line': b'-- Up-to-date symlink: /workspaces/install/yolo_msgs/share/yolo_msgs/msg/BoundingBox2D.idl\n'}
[0.291833] (yolo_msgs) StdoutLine: {'line': b'-- Up-to-date symlink: /workspaces/install/yolo_msgs/share/yolo_msgs/msg/BoundingBox3D.idl\n'}
[0.291856] (yolo_msgs) StdoutLine: {'line': b'-- Up-to-date symlink: /workspaces/install/yolo_msgs/share/yolo_msgs/msg/Mask.idl\n'}
[0.291880] (yolo_msgs) StdoutLine: {'line': b'-- Up-to-date symlink: /workspaces/install/yolo_msgs/share/yolo_msgs/msg/KeyPoint2D.idl\n'}
[0.291902] (yolo_msgs) StdoutLine: {'line': b'-- Up-to-date symlink: /workspaces/install/yolo_msgs/share/yolo_msgs/msg/KeyPoint2DArray.idl\n'}
[0.291927] (yolo_msgs) StdoutLine: {'line': b'-- Up-to-date symlink: /workspaces/install/yolo_msgs/share/yolo_msgs/msg/KeyPoint3D.idl\n'}
[0.291951] (yolo_msgs) StdoutLine: {'line': b'-- Up-to-date symlink: /workspaces/install/yolo_msgs/share/yolo_msgs/msg/KeyPoint3DArray.idl\n'}
[0.291973] (yolo_msgs) StdoutLine: {'line': b'-- Up-to-date symlink: /workspaces/install/yolo_msgs/share/yolo_msgs/msg/Detection.idl\n'}
[0.291996] (wildbot_localization) StdoutLine: {'line': b'-- Install configuration: ""\n'}
[0.292139] (yolo_msgs) StdoutLine: {'line': b'-- Up-to-date symlink: /workspaces/install/yolo_msgs/share/yolo_msgs/msg/DetectionArray.idl\n'}
[0.292304] (yolo_msgs) StdoutLine: {'line': b'-- Up-to-date symlink: /workspaces/install/yolo_msgs/share/yolo_msgs/srv/SetClasses.idl\n'}
[0.292401] (yolo_msgs) StdoutLine: {'line': b'-- Up-to-date symlink: /workspaces/install/yolo_msgs/share/yolo_msgs/msg/Point2D.msg\n'}
[0.292483] (yolo_msgs) StdoutLine: {'line': b'-- Up-to-date symlink: /workspaces/install/yolo_msgs/share/yolo_msgs/msg/Vector2.msg\n'}
[0.292559] (yolo_msgs) StdoutLine: {'line': b'-- Up-to-date symlink: /workspaces/install/yolo_msgs/share/yolo_msgs/msg/Pose2D.msg\n'}
[0.292627] (yolo_msgs) StdoutLine: {'line': b'-- Up-to-date symlink: /workspaces/install/yolo_msgs/share/yolo_msgs/msg/BoundingBox2D.msg\n'}
[0.292698] (yolo_msgs) StdoutLine: {'line': b'-- Up-to-date symlink: /workspaces/install/yolo_msgs/share/yolo_msgs/msg/BoundingBox3D.msg\n'}
[0.292768] (yolo_msgs) StdoutLine: {'line': b'-- Up-to-date symlink: /workspaces/install/yolo_msgs/share/yolo_msgs/msg/Mask.msg\n'}
[0.292848] (yolo_msgs) StdoutLine: {'line': b'-- Up-to-date symlink: /workspaces/install/yolo_msgs/share/yolo_msgs/msg/KeyPoint2D.msg\n'}
[0.292894] (wildbot_slam) StdoutLine: {'line': b'-- Execute custom install script\n'}
[0.292950] (yolo_msgs) StdoutLine: {'line': b'-- Up-to-date symlink: /workspaces/install/yolo_msgs/share/yolo_msgs/msg/KeyPoint2DArray.msg\n'}
[0.292997] (wildbot_localization) StdoutLine: {'line': b'-- Execute custom install script\n'}
[0.293048] (yolo_msgs) StdoutLine: {'line': b'-- Up-to-date symlink: /workspaces/install/yolo_msgs/share/yolo_msgs/msg/KeyPoint3D.msg\n'}
[0.293100] (yolo_msgs) StdoutLine: {'line': b'-- Up-to-date symlink: /workspaces/install/yolo_msgs/share/yolo_msgs/msg/KeyPoint3DArray.msg\n'}
[0.293145] (yolo_msgs) StdoutLine: {'line': b'-- Up-to-date symlink: /workspaces/install/yolo_msgs/share/yolo_msgs/msg/Detection.msg\n'}
[0.293189] (yolo_msgs) StdoutLine: {'line': b'-- Up-to-date symlink: /workspaces/install/yolo_msgs/share/yolo_msgs/msg/DetectionArray.msg\n'}
[0.293234] (yolo_msgs) StdoutLine: {'line': b'-- Up-to-date symlink: /workspaces/install/yolo_msgs/share/yolo_msgs/srv/SetClasses.srv\n'}
[0.293283] (yolo_msgs) StdoutLine: {'line': b'-- Up-to-date symlink: /workspaces/install/yolo_msgs/share/ament_index/resource_index/package_run_dependencies/yolo_msgs\n'}
[0.293338] (yolo_msgs) StdoutLine: {'line': b'-- Up-to-date symlink: /workspaces/install/yolo_msgs/share/ament_index/resource_index/parent_prefix_path/yolo_msgs\n'}
[0.293389] (yolo_msgs) StdoutLine: {'line': b'-- Up-to-date symlink: /workspaces/install/yolo_msgs/share/yolo_msgs/environment/ament_prefix_path.sh\n'}
[0.293449] (yolo_msgs) StdoutLine: {'line': b'-- Up-to-date symlink: /workspaces/install/yolo_msgs/share/yolo_msgs/environment/ament_prefix_path.dsv\n'}
[0.293500] (yolo_msgs) StdoutLine: {'line': b'-- Up-to-date symlink: /workspaces/install/yolo_msgs/share/yolo_msgs/environment/path.sh\n'}
[0.293543] (yolo_msgs) StdoutLine: {'line': b'-- Up-to-date symlink: /workspaces/install/yolo_msgs/share/yolo_msgs/environment/path.dsv\n'}
[0.293588] (yolo_msgs) StdoutLine: {'line': b'-- Up-to-date symlink: /workspaces/install/yolo_msgs/share/yolo_msgs/local_setup.bash\n'}
[0.293635] (yolo_msgs) StdoutLine: {'line': b'-- Up-to-date symlink: /workspaces/install/yolo_msgs/share/yolo_msgs/local_setup.sh\n'}
[0.293677] (yolo_msgs) StdoutLine: {'line': b'-- Up-to-date symlink: /workspaces/install/yolo_msgs/share/yolo_msgs/local_setup.zsh\n'}
[0.293719] (yolo_msgs) StdoutLine: {'line': b'-- Up-to-date symlink: /workspaces/install/yolo_msgs/share/yolo_msgs/local_setup.dsv\n'}
[0.293762] (yolo_msgs) StdoutLine: {'line': b'-- Symlinking: /workspaces/install/yolo_msgs/share/yolo_msgs/package.dsv\n'}
[0.293817] (wildbot_localization) StdoutLine: {'line': b'-- Up-to-date symlink: /workspaces/install/wildbot_localization/share/wildbot_localization/config/ekf.yaml\n'}
[0.293874] (wildbot_slam) StdoutLine: {'line': b'-- Up-to-date symlink: /workspaces/install/wildbot_slam/share/wildbot_slam/config/mapper_params_online_async.yaml\n'}
[0.293922] (wildbot_localization) StdoutLine: {'line': b'-- Up-to-date symlink: /workspaces/install/wildbot_localization/share/wildbot_localization/launch/ekf_launch.py\n'}
[0.293967] (wildbot_localization) StdoutLine: {'line': b'-- Up-to-date symlink: /workspaces/install/wildbot_localization/share/ament_index/resource_index/package_run_dependencies/wildbot_localization\n'}
[0.294011] (wildbot_localization) StdoutLine: {'line': b'-- Up-to-date symlink: /workspaces/install/wildbot_localization/share/ament_index/resource_index/parent_prefix_path/wildbot_localization\n'}
[0.294054] (wildbot_slam) StdoutLine: {'line': b'-- Up-to-date symlink: /workspaces/install/wildbot_slam/share/wildbot_slam/launch/slam_launch.py\n'}
[0.294102] (wildbot_slam) StdoutLine: {'line': b'-- Up-to-date symlink: /workspaces/install/wildbot_slam/share/ament_index/resource_index/package_run_dependencies/wildbot_slam\n'}
[0.294147] (wildbot_slam) StdoutLine: {'line': b'-- Up-to-date symlink: /workspaces/install/wildbot_slam/share/ament_index/resource_index/parent_prefix_path/wildbot_slam\n'}
[0.294190] (wildbot_slam) StdoutLine: {'line': b'-- Up-to-date symlink: /workspaces/install/wildbot_slam/share/wildbot_slam/environment/ament_prefix_path.sh\n'}
[0.294234] (wildbot_slam) StdoutLine: {'line': b'-- Up-to-date symlink: /workspaces/install/wildbot_slam/share/wildbot_slam/environment/ament_prefix_path.dsv\n'}
[0.294275] (wildbot_localization) StdoutLine: {'line': b'-- Up-to-date symlink: /workspaces/install/wildbot_localization/share/wildbot_localization/environment/ament_prefix_path.sh\n'}
[0.294327] (wildbot_slam) StdoutLine: {'line': b'-- Up-to-date symlink: /workspaces/install/wildbot_slam/share/wildbot_slam/environment/path.sh\n'}
[0.294370] (wildbot_localization) StdoutLine: {'line': b'-- Up-to-date symlink: /workspaces/install/wildbot_localization/share/wildbot_localization/environment/ament_prefix_path.dsv\n'}
[0.294413] (wildbot_slam) StdoutLine: {'line': b'-- Up-to-date symlink: /workspaces/install/wildbot_slam/share/wildbot_slam/environment/path.dsv\n'}
[0.294454] (wildbot_slam) StdoutLine: {'line': b'-- Up-to-date symlink: /workspaces/install/wildbot_slam/share/wildbot_slam/local_setup.bash\n'}
[0.294503] (wildbot_slam) StdoutLine: {'line': b'-- Up-to-date symlink: /workspaces/install/wildbot_slam/share/wildbot_slam/local_setup.sh\n'}
[0.294550] (wildbot_localization) StdoutLine: {'line': b'-- Up-to-date symlink: /workspaces/install/wildbot_localization/share/wildbot_localization/environment/path.sh\n'}
[0.294592] (wildbot_localization) StdoutLine: {'line': b'-- Up-to-date symlink: /workspaces/install/wildbot_localization/share/wildbot_localization/environment/path.dsv\n'}
[0.294640] (wildbot_localization) StdoutLine: {'line': b'-- Up-to-date symlink: /workspaces/install/wildbot_localization/share/wildbot_localization/local_setup.bash\n'}
[0.294685] (wildbot_slam) StdoutLine: {'line': b'-- Up-to-date symlink: /workspaces/install/wildbot_slam/share/wildbot_slam/local_setup.zsh\n'}
[0.294728] (wildbot_slam) StdoutLine: {'line': b'-- Up-to-date symlink: /workspaces/install/wildbot_slam/share/wildbot_slam/local_setup.dsv\n'}
[0.294769] (wildbot_localization) StdoutLine: {'line': b'-- Up-to-date symlink: /workspaces/install/wildbot_localization/share/wildbot_localization/local_setup.sh\n'}
[0.294811] (wildbot_localization) StdoutLine: {'line': b'-- Up-to-date symlink: /workspaces/install/wildbot_localization/share/wildbot_localization/local_setup.zsh\n'}
[0.294854] (wildbot_localization) StdoutLine: {'line': b'-- Up-to-date symlink: /workspaces/install/wildbot_localization/share/wildbot_localization/local_setup.dsv\n'}
[0.294894] (wildbot_slam) StdoutLine: {'line': b'-- Symlinking: /workspaces/install/wildbot_slam/share/wildbot_slam/package.dsv\n'}
[0.294936] (wildbot_localization) StdoutLine: {'line': b'-- Symlinking: /workspaces/install/wildbot_localization/share/wildbot_localization/package.dsv\n'}
[0.296060] (yolo_msgs) StdoutLine: {'line': b'-- Up-to-date symlink: /workspaces/install/yolo_msgs/share/ament_index/resource_index/packages/yolo_msgs\n'}
[0.296169] (yolo_msgs) StdoutLine: {'line': b'-- Up-to-date symlink: /workspaces/install/yolo_msgs/share/yolo_msgs/cmake/rosidl_cmake-extras.cmake\n'}
[0.296203] (yolo_msgs) StdoutLine: {'line': b'-- Up-to-date symlink: /workspaces/install/yolo_msgs/share/yolo_msgs/cmake/ament_cmake_export_dependencies-extras.cmake\n'}
[0.296255] (yolo_msgs) StdoutLine: {'line': b'-- Up-to-date symlink: /workspaces/install/yolo_msgs/share/yolo_msgs/cmake/ament_cmake_export_include_directories-extras.cmake\n'}
[0.296286] (yolo_msgs) StdoutLine: {'line': b'-- Up-to-date symlink: /workspaces/install/yolo_msgs/share/yolo_msgs/cmake/ament_cmake_export_libraries-extras.cmake\n'}
[0.296335] (yolo_msgs) StdoutLine: {'line': b'-- Up-to-date symlink: /workspaces/install/yolo_msgs/share/yolo_msgs/cmake/ament_cmake_export_targets-extras.cmake\n'}
[0.296884] (yolo_msgs) StdoutLine: {'line': b'-- Up-to-date symlink: /workspaces/install/yolo_msgs/share/yolo_msgs/cmake/rosidl_cmake_export_typesupport_targets-extras.cmake\n'}
[0.297020] (yolo_msgs) StdoutLine: {'line': b'-- Up-to-date symlink: /workspaces/install/yolo_msgs/share/yolo_msgs/cmake/rosidl_cmake_export_typesupport_libraries-extras.cmake\n'}
[0.297094] (wildbot_localization) StdoutLine: {'line': b'-- Up-to-date symlink: /workspaces/install/wildbot_localization/share/ament_index/resource_index/packages/wildbot_localization\n'}
[0.297153] (yolo_msgs) StdoutLine: {'line': b'-- Up-to-date symlink: /workspaces/install/yolo_msgs/share/yolo_msgs/cmake/yolo_msgsConfig.cmake\n'}
[0.297226] (yolo_msgs) StdoutLine: {'line': b'-- Up-to-date symlink: /workspaces/install/yolo_msgs/share/yolo_msgs/cmake/yolo_msgsConfig-version.cmake\n'}
[0.297274] (yolo_msgs) StdoutLine: {'line': b'-- Up-to-date symlink: /workspaces/install/yolo_msgs/share/yolo_msgs/package.xml\n'}
[0.297330] (wildbot_localization) StdoutLine: {'line': b'-- Up-to-date symlink: /workspaces/install/wildbot_localization/share/wildbot_localization/cmake/wildbot_localizationConfig.cmake\n'}
[0.297378] (wildbot_localization) StdoutLine: {'line': b'-- Up-to-date symlink: /workspaces/install/wildbot_localization/share/wildbot_localization/cmake/wildbot_localizationConfig-version.cmake\n'}
[0.297426] (wildbot_localization) StdoutLine: {'line': b'-- Up-to-date symlink: /workspaces/install/wildbot_localization/share/wildbot_localization/package.xml\n'}
[0.297468] (yolo_msgs) StdoutLine: {'line': b'-- Up-to-date: /workspaces/install/yolo_msgs/lib/libyolo_msgs__rosidl_generator_c.so\n'}
[0.297893] (yolo_msgs) StdoutLine: {'line': b'-- Up-to-date: /workspaces/install/yolo_msgs/lib/libyolo_msgs__rosidl_typesupport_fastrtps_c.so\n'}
[0.298320] (wildbot_localization) CommandEnded: {'returncode': 0}
[0.298642] (yolo_msgs) StdoutLine: {'line': b'-- Up-to-date: /workspaces/install/yolo_msgs/lib/libyolo_msgs__rosidl_typesupport_introspection_c.so\n'}
[0.298790] (wildbot_slam) StdoutLine: {'line': b'-- Up-to-date symlink: /workspaces/install/wildbot_slam/share/ament_index/resource_index/packages/wildbot_slam\n'}
[0.298903] (wildbot_slam) StdoutLine: {'line': b'-- Up-to-date symlink: /workspaces/install/wildbot_slam/share/wildbot_slam/cmake/wildbot_slamConfig.cmake\n'}
[0.298965] (wildbot_slam) StdoutLine: {'line': b'-- Up-to-date symlink: /workspaces/install/wildbot_slam/share/wildbot_slam/cmake/wildbot_slamConfig-version.cmake\n'}
[0.299070] (wildbot_slam) StdoutLine: {'line': b'-- Up-to-date symlink: /workspaces/install/wildbot_slam/share/wildbot_slam/package.xml\n'}
[0.299527] (yolo_msgs) StdoutLine: {'line': b'-- Up-to-date: /workspaces/install/yolo_msgs/lib/libyolo_msgs__rosidl_typesupport_c.so\n'}
[0.300058] (-) TimerEvent: {}
[0.300329] (yolo_msgs) StdoutLine: {'line': b'-- Up-to-date: /workspaces/install/yolo_msgs/lib/libyolo_msgs__rosidl_typesupport_fastrtps_cpp.so\n'}
[0.300775] (yolo_msgs) StdoutLine: {'line': b'-- Up-to-date: /workspaces/install/yolo_msgs/lib/libyolo_msgs__rosidl_typesupport_introspection_cpp.so\n'}
[0.301169] (yolo_msgs) StdoutLine: {'line': b'-- Up-to-date: /workspaces/install/yolo_msgs/lib/libyolo_msgs__rosidl_typesupport_cpp.so\n'}
[0.313807] (wildbot_localization) JobEnded: {'identifier': 'wildbot_localization', 'rc': 0}
[0.314914] (wildbot_slam) CommandEnded: {'returncode': 0}
[0.322428] (wildbot_slam) JobEnded: {'identifier': 'wildbot_slam', 'rc': 0}
[0.330585] (yolo_msgs) StdoutLine: {'line': b"Listing '/workspaces/install/yolo_msgs/lib/python3.12/site-packages/yolo_msgs'...\n"}
[0.330828] (yolo_msgs) StdoutLine: {'line': b"Listing '/workspaces/install/yolo_msgs/lib/python3.12/site-packages/yolo_msgs/msg'...\n"}
[0.330894] (yolo_msgs) StdoutLine: {'line': b"Listing '/workspaces/install/yolo_msgs/lib/python3.12/site-packages/yolo_msgs/srv'...\n"}
[0.331353] (ydlidar_ros2_driver) StdoutLine: {'line': b'[ 75%] Built target ydlidar_ros2_driver_client\n'}
[0.331533] (ydlidar_ros2_driver) StdoutLine: {'line': b'[100%] Built target ydlidar_ros2_driver_node\n'}
[0.338068] (yolo_msgs) StdoutLine: {'line': b'-- Up-to-date: /workspaces/install/yolo_msgs/lib/libyolo_msgs__rosidl_generator_py.so\n'}
[0.338475] (yolo_msgs) StdoutLine: {'line': b'-- Up-to-date: /workspaces/install/yolo_msgs/share/yolo_msgs/cmake/export_yolo_msgs__rosidl_generator_cExport.cmake\n'}
[0.338574] (yolo_msgs) StdoutLine: {'line': b'-- Up-to-date: /workspaces/install/yolo_msgs/share/yolo_msgs/cmake/export_yolo_msgs__rosidl_generator_cExport-noconfig.cmake\n'}
[0.338717] (yolo_msgs) StdoutLine: {'line': b'-- Up-to-date: /workspaces/install/yolo_msgs/share/yolo_msgs/cmake/export_yolo_msgs__rosidl_typesupport_fastrtps_cExport.cmake\n'}
[0.338864] (yolo_msgs) StdoutLine: {'line': b'-- Up-to-date: /workspaces/install/yolo_msgs/share/yolo_msgs/cmake/export_yolo_msgs__rosidl_typesupport_fastrtps_cExport-noconfig.cmake\n'}
[0.339038] (yolo_msgs) StdoutLine: {'line': b'-- Up-to-date: /workspaces/install/yolo_msgs/share/yolo_msgs/cmake/yolo_msgs__rosidl_typesupport_introspection_cExport.cmake\n'}
[0.339179] (yolo_msgs) StdoutLine: {'line': b'-- Up-to-date: /workspaces/install/yolo_msgs/share/yolo_msgs/cmake/yolo_msgs__rosidl_typesupport_introspection_cExport-noconfig.cmake\n'}
[0.339260] (yolo_msgs) StdoutLine: {'line': b'-- Up-to-date: /workspaces/install/yolo_msgs/share/yolo_msgs/cmake/yolo_msgs__rosidl_typesupport_cExport.cmake\n'}
[0.339352] (yolo_msgs) StdoutLine: {'line': b'-- Up-to-date: /workspaces/install/yolo_msgs/share/yolo_msgs/cmake/yolo_msgs__rosidl_typesupport_cExport-noconfig.cmake\n'}
[0.339505] (yolo_msgs) StdoutLine: {'line': b'-- Up-to-date: /workspaces/install/yolo_msgs/share/yolo_msgs/cmake/export_yolo_msgs__rosidl_generator_cppExport.cmake\n'}
[0.339704] (yolo_msgs) StdoutLine: {'line': b'-- Up-to-date: /workspaces/install/yolo_msgs/share/yolo_msgs/cmake/export_yolo_msgs__rosidl_typesupport_fastrtps_cppExport.cmake\n'}
[0.339785] (yolo_msgs) StdoutLine: {'line': b'-- Up-to-date: /workspaces/install/yolo_msgs/share/yolo_msgs/cmake/export_yolo_msgs__rosidl_typesupport_fastrtps_cppExport-noconfig.cmake\n'}
[0.339979] (yolo_msgs) StdoutLine: {'line': b'-- Up-to-date: /workspaces/install/yolo_msgs/share/yolo_msgs/cmake/yolo_msgs__rosidl_typesupport_introspection_cppExport.cmake\n'}
[0.340073] (yolo_msgs) StdoutLine: {'line': b'-- Up-to-date: /workspaces/install/yolo_msgs/share/yolo_msgs/cmake/yolo_msgs__rosidl_typesupport_introspection_cppExport-noconfig.cmake\n'}
[0.340307] (yolo_msgs) StdoutLine: {'line': b'-- Up-to-date: /workspaces/install/yolo_msgs/share/yolo_msgs/cmake/yolo_msgs__rosidl_typesupport_cppExport.cmake\n'}
[0.340386] (yolo_msgs) StdoutLine: {'line': b'-- Up-to-date: /workspaces/install/yolo_msgs/share/yolo_msgs/cmake/yolo_msgs__rosidl_typesupport_cppExport-noconfig.cmake\n'}
[0.340568] (yolo_msgs) StdoutLine: {'line': b'-- Up-to-date: /workspaces/install/yolo_msgs/share/yolo_msgs/cmake/export_yolo_msgs__rosidl_generator_pyExport.cmake\n'}
[0.340629] (yolo_msgs) StdoutLine: {'line': b'-- Up-to-date: /workspaces/install/yolo_msgs/share/yolo_msgs/cmake/export_yolo_msgs__rosidl_generator_pyExport-noconfig.cmake\n'}
[0.341540] (ydlidar_ros2_driver) CommandEnded: {'returncode': 0}
[0.342246] (ydlidar_ros2_driver) JobProgress: {'identifier': 'ydlidar_ros2_driver', 'progress': 'install'}
[0.342515] (ydlidar_ros2_driver) Command: {'cmd': ['/usr/bin/cmake', '--install', '/workspaces/build/ydlidar_ros2_driver'], 'cwd': '/workspaces/build/ydlidar_ros2_driver', 'env': OrderedDict({'HISTFILESIZE': '2147450879', 'GZ_CONFIG_PATH': '/opt/ros/jazzy/opt/sdformat_vendor/share/gz', 'HOSTNAME': '55c7aa138653', 'SHLVL': '1', 'LD_LIBRARY_PATH': '/opt/ros/jazzy/opt/sdformat_vendor/lib:/opt/ros/jazzy/opt/rviz_ogre_vendor/lib:/opt/ros/jazzy/lib/x86_64-linux-gnu:/opt/ros/jazzy/opt/gz_math_vendor/lib:/opt/ros/jazzy/opt/gz_utils_vendor/lib:/opt/ros/jazzy/opt/gz_tools_vendor/lib:/opt/ros/jazzy/opt/gz_cmake_vendor/lib:/opt/ros/jazzy/lib', 'LESS': '-R', 'HOME': '/root', 'LSCOLORS': 'Gxfxcxdxdxegedabagacad', 'ROS_PYTHON_VERSION': '3', 'PAGER': 'less', 'ROS_DISTRO': 'jazzy', 'OSH': '/root/.oh-my-bash', '_': '/usr/bin/colcon', 'ROS_VERSION': '2', 'TERM': 'xterm', 'DRIVER_WS': '/robot_ws', 'PATH': '/usr/lib/ccache:/opt/ros/jazzy/opt/gz_tools_vendor/bin:/opt/ros/jazzy/bin:/usr/local/sbin:/usr/local/bin:/usr/sbin:/usr/bin:/sbin:/bin', 'ydlidar_sdk_DIR': '/usr/lib/cmake/ydlidar_sdk', 'HISTSIZE': '2147450879', 'LANG': 'C.UTF-8', 'LS_COLORS': 'rs=0:di=01;34:ln=01;36:mh=00:pi=40;33:so=01;35:do=01;35:bd=40;33;01:cd=40;33;01:or=40;31;01:mi=00:su=37;41:sg=30;43:ca=00:tw=30;42:ow=34;42:st=37;44:ex=01;32:*.tar=01;31:*.tgz=01;31:*.arc=01;31:*.arj=01;31:*.taz=01;31:*.lha=01;31:*.lz4=01;31:*.lzh=01;31:*.lzma=01;31:*.tlz=01;31:*.txz=01;31:*.tzo=01;31:*.t7z=01;31:*.zip=01;31:*.z=01;31:*.dz=01;31:*.gz=01;31:*.lrz=01;31:*.lz=01;31:*.lzo=01;31:*.xz=01;31:*.zst=01;31:*.tzst=01;31:*.bz2=01;31:*.bz=01;31:*.tbz=01;31:*.tbz2=01;31:*.tz=01;31:*.deb=01;31:*.rpm=01;31:*.jar=01;31:*.war=01;31:*.ear=01;31:*.sar=01;31:*.rar=01;31:*.alz=01;31:*.ace=01;31:*.zoo=01;31:*.cpio=01;31:*.7z=01;31:*.rz=01;31:*.cab=01;31:*.wim=01;31:*.swm=01;31:*.dwm=01;31:*.esd=01;31:*.avif=01;35:*.jpg=01;35:*.jpeg=01;35:*.mjpg=01;35:*.mjpeg=01;35:*.gif=01;35:*.bmp=01;35:*.pbm=01;35:*.pgm=01;35:*.ppm=01;35:*.tga=01;35:*.xbm=01;35:*.xpm=01;35:*.tif=01;35:*.tiff=01;35:*.png=01;35:*.svg=01;35:*.svgz=01;35:*.mng=01;35:*.pcx=01;35:*.mov=01;35:*.mpg=01;35:*.mpeg=01;35:*.m2v=01;35:*.mkv=01;35:*.webm=01;35:*.webp=01;35:*.ogm=01;35:*.mp4=01;35:*.m4v=01;35:*.mp4v=01;35:*.vob=01;35:*.qt=01;35:*.nuv=01;35:*.wmv=01;35:*.asf=01;35:*.rm=01;35:*.rmvb=01;35:*.flc=01;35:*.avi=01;35:*.fli=01;35:*.flv=01;35:*.gl=01;35:*.dl=01;35:*.xcf=01;35:*.xwd=01;35:*.yuv=01;35:*.cgm=01;35:*.emf=01;35:*.ogv=01;35:*.ogx=01;35:*.aac=00;36:*.au=00;36:*.flac=00;36:*.m4a=00;36:*.mid=00;36:*.midi=00;36:*.mka=00;36:*.mp3=00;36:*.mpc=00;36:*.ogg=00;36:*.ra=00;36:*.wav=00;36:*.oga=00;36:*.opus=00;36:*.spx=00;36:*.xspf=00;36:*~=00;90:*#=00;90:*.bak=00;90:*.crdownload=00;90:*.dpkg-dist=00;90:*.dpkg-new=00;90:*.dpkg-old=00;90:*.dpkg-tmp=00;90:*.old=00;90:*.orig=00;90:*.part=00;90:*.rej=00;90:*.rpmnew=00;90:*.rpmorig=00;90:*.rpmsave=00;90:*.swp=00;90:*.tmp=00;90:*.ucf-dist=00;90:*.ucf-new=00;90:*.ucf-old=00;90:', 'ROS_DOMAIN_ID': '0', 'AMENT_PREFIX_PATH': '/opt/ros/jazzy', 'ROS_AUTOMATIC_DISCOVERY_RANGE': 'SUBNET', 'PWD': '/workspaces/build/ydlidar_ros2_driver', 'LC_ALL': 'C.UTF-8', 'PYTHONPATH': '/opt/ros/jazzy/lib/python3.12/site-packages', 'COLCON': '1', 'CMAKE_PREFIX_PATH': '/opt/ros/jazzy/opt/sdformat_vendor:/opt/ros/jazzy/opt/gz_math_vendor:/opt/ros/jazzy/opt/gz_utils_vendor:/opt/ros/jazzy/opt/gz_tools_vendor:/opt/ros/jazzy/opt/gz_cmake_vendor:/opt/ros/jazzy', 'ROS2_WS': '/workspaces'}), 'shell': False}
[0.343274] (yolo_msgs) CommandEnded: {'returncode': 0}
[0.347506] (ydlidar_ros2_driver) StdoutLine: {'line': b'-- Install configuration: ""\n'}
[0.347898] (ydlidar_ros2_driver) StdoutLine: {'line': b'-- Execute custom install script\n'}
[0.348128] (ydlidar_ros2_driver) StdoutLine: {'line': b'-- Up-to-date symlink: /workspaces/install/ydlidar_ros2_driver/lib/ydlidar_ros2_driver/ydlidar_ros2_driver_node\n'}
[0.348254] (ydlidar_ros2_driver) StdoutLine: {'line': b'-- Up-to-date symlink: /workspaces/install/ydlidar_ros2_driver/lib/ydlidar_ros2_driver/ydlidar_ros2_driver_client\n'}
[0.348386] (ydlidar_ros2_driver) StdoutLine: {'line': b'-- Up-to-date symlink: /workspaces/install/ydlidar_ros2_driver/share/ydlidar_ros2_driver/launch/ydlidar_launch.py\n'}
[0.348489] (ydlidar_ros2_driver) StdoutLine: {'line': b'-- Up-to-date symlink: /workspaces/install/ydlidar_ros2_driver/share/ydlidar_ros2_driver/launch/ydlidar_view_launch.py\n'}
[0.348566] (ydlidar_ros2_driver) StdoutLine: {'line': b'-- Up-to-date symlink: /workspaces/install/ydlidar_ros2_driver/share/ydlidar_ros2_driver/params/ydlidar.yaml\n'}
[0.348633] (ydlidar_ros2_driver) StdoutLine: {'line': b'-- Up-to-date symlink: /workspaces/install/ydlidar_ros2_driver/share/ydlidar_ros2_driver/config/ydlidar.rviz\n'}
[0.348772] (ydlidar_ros2_driver) StdoutLine: {'line': b'-- Up-to-date symlink: /workspaces/install/ydlidar_ros2_driver/share/ament_index/resource_index/package_run_dependencies/ydlidar_ros2_driver\n'}
[0.349081] (ydlidar_ros2_driver) StdoutLine: {'line': b'-- Up-to-date symlink: /workspaces/install/ydlidar_ros2_driver/share/ament_index/resource_index/parent_prefix_path/ydlidar_ros2_driver\n'}
[0.349159] (ydlidar_ros2_driver) StdoutLine: {'line': b'-- Up-to-date symlink: /workspaces/install/ydlidar_ros2_driver/share/ydlidar_ros2_driver/environment/ament_prefix_path.sh\n'}
[0.349275] (ydlidar_ros2_driver) StdoutLine: {'line': b'-- Up-to-date symlink: /workspaces/install/ydlidar_ros2_driver/share/ydlidar_ros2_driver/environment/ament_prefix_path.dsv\n'}
[0.349399] (ydlidar_ros2_driver) StdoutLine: {'line': b'-- Up-to-date symlink: /workspaces/install/ydlidar_ros2_driver/share/ydlidar_ros2_driver/environment/path.sh\n'}
[0.349463] (ydlidar_ros2_driver) StdoutLine: {'line': b'-- Up-to-date symlink: /workspaces/install/ydlidar_ros2_driver/share/ydlidar_ros2_driver/environment/path.dsv\n'}
[0.349530] (ydlidar_ros2_driver) StdoutLine: {'line': b'-- Up-to-date symlink: /workspaces/install/ydlidar_ros2_driver/share/ydlidar_ros2_driver/local_setup.bash\n'}
[0.349625] (ydlidar_ros2_driver) StdoutLine: {'line': b'-- Up-to-date symlink: /workspaces/install/ydlidar_ros2_driver/share/ydlidar_ros2_driver/local_setup.sh\n'}
[0.349724] (ydlidar_ros2_driver) StdoutLine: {'line': b'-- Up-to-date symlink: /workspaces/install/ydlidar_ros2_driver/share/ydlidar_ros2_driver/local_setup.zsh\n'}
[0.349799] (ydlidar_ros2_driver) StdoutLine: {'line': b'-- Up-to-date symlink: /workspaces/install/ydlidar_ros2_driver/share/ydlidar_ros2_driver/local_setup.dsv\n'}
[0.349864] (ydlidar_ros2_driver) StdoutLine: {'line': b'-- Symlinking: /workspaces/install/ydlidar_ros2_driver/share/ydlidar_ros2_driver/package.dsv\n'}
[0.353831] (yolo_msgs) JobEnded: {'identifier': 'yolo_msgs', 'rc': 0}
[0.354781] (yolo_ros) JobStarted: {'identifier': 'yolo_ros'}
[0.357380] (ydlidar_ros2_driver) StdoutLine: {'line': b'-- Up-to-date symlink: /workspaces/install/ydlidar_ros2_driver/share/ament_index/resource_index/packages/ydlidar_ros2_driver\n'}
[0.357538] (ydlidar_ros2_driver) StdoutLine: {'line': b'-- Up-to-date symlink: /workspaces/install/ydlidar_ros2_driver/share/ydlidar_ros2_driver/cmake/ydlidar_ros2_driverConfig.cmake\n'}
[0.357600] (ydlidar_ros2_driver) StdoutLine: {'line': b'-- Up-to-date symlink: /workspaces/install/ydlidar_ros2_driver/share/ydlidar_ros2_driver/cmake/ydlidar_ros2_driverConfig-version.cmake\n'}
[0.357660] (ydlidar_ros2_driver) StdoutLine: {'line': b'-- Up-to-date symlink: /workspaces/install/ydlidar_ros2_driver/share/ydlidar_ros2_driver/package.xml\n'}
[0.358724] (ydlidar_ros2_driver) CommandEnded: {'returncode': 0}
[0.364992] (ydlidar_ros2_driver) JobEnded: {'identifier': 'ydlidar_ros2_driver', 'rc': 0}
[0.400159] (-) TimerEvent: {}
[0.500430] (-) TimerEvent: {}
[0.600689] (-) TimerEvent: {}
[0.623242] (handsfree_imu_ros2) Command: {'cmd': ['/usr/bin/python3', '-W', 'ignore:setup.py install is deprecated', '-W', 'ignore:easy_install command is deprecated', 'setup.py', 'develop', '--editable', '--build-directory', '/workspaces/build/handsfree_imu_ros2/build', '--no-deps', 'symlink_data'], 'cwd': '/workspaces/build/handsfree_imu_ros2', 'env': {'HISTFILESIZE': '2147450879', 'GZ_CONFIG_PATH': '/opt/ros/jazzy/opt/sdformat_vendor/share/gz', 'HOSTNAME': '55c7aa138653', 'SHLVL': '1', 'LD_LIBRARY_PATH': '/opt/ros/jazzy/opt/sdformat_vendor/lib:/opt/ros/jazzy/opt/rviz_ogre_vendor/lib:/opt/ros/jazzy/lib/x86_64-linux-gnu:/opt/ros/jazzy/opt/gz_math_vendor/lib:/opt/ros/jazzy/opt/gz_utils_vendor/lib:/opt/ros/jazzy/opt/gz_tools_vendor/lib:/opt/ros/jazzy/opt/gz_cmake_vendor/lib:/opt/ros/jazzy/lib', 'LESS': '-R', 'HOME': '/root', 'LSCOLORS': 'Gxfxcxdxdxegedabagacad', 'ROS_PYTHON_VERSION': '3', 'PAGER': 'less', 'ROS_DISTRO': 'jazzy', 'OSH': '/root/.oh-my-bash', '_': '/usr/bin/colcon', 'ROS_VERSION': '2', 'TERM': 'xterm', 'DRIVER_WS': '/robot_ws', 'PATH': '/usr/lib/ccache:/opt/ros/jazzy/opt/gz_tools_vendor/bin:/opt/ros/jazzy/bin:/usr/local/sbin:/usr/local/bin:/usr/sbin:/usr/bin:/sbin:/bin', 'ydlidar_sdk_DIR': '/usr/lib/cmake/ydlidar_sdk', 'HISTSIZE': '2147450879', 'LANG': 'C.UTF-8', 'LS_COLORS': 'rs=0:di=01;34:ln=01;36:mh=00:pi=40;33:so=01;35:do=01;35:bd=40;33;01:cd=40;33;01:or=40;31;01:mi=00:su=37;41:sg=30;43:ca=00:tw=30;42:ow=34;42:st=37;44:ex=01;32:*.tar=01;31:*.tgz=01;31:*.arc=01;31:*.arj=01;31:*.taz=01;31:*.lha=01;31:*.lz4=01;31:*.lzh=01;31:*.lzma=01;31:*.tlz=01;31:*.txz=01;31:*.tzo=01;31:*.t7z=01;31:*.zip=01;31:*.z=01;31:*.dz=01;31:*.gz=01;31:*.lrz=01;31:*.lz=01;31:*.lzo=01;31:*.xz=01;31:*.zst=01;31:*.tzst=01;31:*.bz2=01;31:*.bz=01;31:*.tbz=01;31:*.tbz2=01;31:*.tz=01;31:*.deb=01;31:*.rpm=01;31:*.jar=01;31:*.war=01;31:*.ear=01;31:*.sar=01;31:*.rar=01;31:*.alz=01;31:*.ace=01;31:*.zoo=01;31:*.cpio=01;31:*.7z=01;31:*.rz=01;31:*.cab=01;31:*.wim=01;31:*.swm=01;31:*.dwm=01;31:*.esd=01;31:*.avif=01;35:*.jpg=01;35:*.jpeg=01;35:*.mjpg=01;35:*.mjpeg=01;35:*.gif=01;35:*.bmp=01;35:*.pbm=01;35:*.pgm=01;35:*.ppm=01;35:*.tga=01;35:*.xbm=01;35:*.xpm=01;35:*.tif=01;35:*.tiff=01;35:*.png=01;35:*.svg=01;35:*.svgz=01;35:*.mng=01;35:*.pcx=01;35:*.mov=01;35:*.mpg=01;35:*.mpeg=01;35:*.m2v=01;35:*.mkv=01;35:*.webm=01;35:*.webp=01;35:*.ogm=01;35:*.mp4=01;35:*.m4v=01;35:*.mp4v=01;35:*.vob=01;35:*.qt=01;35:*.nuv=01;35:*.wmv=01;35:*.asf=01;35:*.rm=01;35:*.rmvb=01;35:*.flc=01;35:*.avi=01;35:*.fli=01;35:*.flv=01;35:*.gl=01;35:*.dl=01;35:*.xcf=01;35:*.xwd=01;35:*.yuv=01;35:*.cgm=01;35:*.emf=01;35:*.ogv=01;35:*.ogx=01;35:*.aac=00;36:*.au=00;36:*.flac=00;36:*.m4a=00;36:*.mid=00;36:*.midi=00;36:*.mka=00;36:*.mp3=00;36:*.mpc=00;36:*.ogg=00;36:*.ra=00;36:*.wav=00;36:*.oga=00;36:*.opus=00;36:*.spx=00;36:*.xspf=00;36:*~=00;90:*#=00;90:*.bak=00;90:*.crdownload=00;90:*.dpkg-dist=00;90:*.dpkg-new=00;90:*.dpkg-old=00;90:*.dpkg-tmp=00;90:*.old=00;90:*.orig=00;90:*.part=00;90:*.rej=00;90:*.rpmnew=00;90:*.rpmorig=00;90:*.rpmsave=00;90:*.swp=00;90:*.tmp=00;90:*.ucf-dist=00;90:*.ucf-new=00;90:*.ucf-old=00;90:', 'ROS_DOMAIN_ID': '0', 'AMENT_PREFIX_PATH': '/opt/ros/jazzy', 'ROS_AUTOMATIC_DISCOVERY_RANGE': 'SUBNET', 'PWD': '/workspaces/build/handsfree_imu_ros2', 'LC_ALL': 'C.UTF-8', 'PYTHONPATH': '/workspaces/build/handsfree_imu_ros2/prefix_override:/usr/lib/python3/dist-packages/colcon_core/task/python/colcon_distutils_commands:/workspaces/install/handsfree_imu_ros2/lib/python3.12/site-packages:/opt/ros/jazzy/lib/python3.12/site-packages', 'COLCON': '1', 'CMAKE_PREFIX_PATH': '/opt/ros/jazzy/opt/sdformat_vendor:/opt/ros/jazzy/opt/gz_math_vendor:/opt/ros/jazzy/opt/gz_utils_vendor:/opt/ros/jazzy/opt/gz_tools_vendor:/opt/ros/jazzy/opt/gz_cmake_vendor', 'ROS2_WS': '/workspaces'}, 'shell': False}
[0.625103] (wildbot_control) Command: {'cmd': ['/usr/bin/python3', '-W', 'ignore:setup.py install is deprecated', '-W', 'ignore:easy_install command is deprecated', 'setup.py', 'develop', '--editable', '--build-directory', '/workspaces/build/wildbot_control/build', '--no-deps', 'symlink_data'], 'cwd': '/workspaces/build/wildbot_control', 'env': {'HISTFILESIZE': '2147450879', 'GZ_CONFIG_PATH': '/opt/ros/jazzy/opt/sdformat_vendor/share/gz', 'HOSTNAME': '55c7aa138653', 'SHLVL': '1', 'LD_LIBRARY_PATH': '/opt/ros/jazzy/opt/sdformat_vendor/lib:/opt/ros/jazzy/opt/rviz_ogre_vendor/lib:/opt/ros/jazzy/lib/x86_64-linux-gnu:/opt/ros/jazzy/opt/gz_math_vendor/lib:/opt/ros/jazzy/opt/gz_utils_vendor/lib:/opt/ros/jazzy/opt/gz_tools_vendor/lib:/opt/ros/jazzy/opt/gz_cmake_vendor/lib:/opt/ros/jazzy/lib', 'LESS': '-R', 'HOME': '/root', 'LSCOLORS': 'Gxfxcxdxdxegedabagacad', 'ROS_PYTHON_VERSION': '3', 'PAGER': 'less', 'ROS_DISTRO': 'jazzy', 'OSH': '/root/.oh-my-bash', '_': '/usr/bin/colcon', 'ROS_VERSION': '2', 'TERM': 'xterm', 'DRIVER_WS': '/robot_ws', 'PATH': '/usr/lib/ccache:/opt/ros/jazzy/opt/gz_tools_vendor/bin:/opt/ros/jazzy/bin:/usr/local/sbin:/usr/local/bin:/usr/sbin:/usr/bin:/sbin:/bin', 'ydlidar_sdk_DIR': '/usr/lib/cmake/ydlidar_sdk', 'HISTSIZE': '2147450879', 'LANG': 'C.UTF-8', 'LS_COLORS': 'rs=0:di=01;34:ln=01;36:mh=00:pi=40;33:so=01;35:do=01;35:bd=40;33;01:cd=40;33;01:or=40;31;01:mi=00:su=37;41:sg=30;43:ca=00:tw=30;42:ow=34;42:st=37;44:ex=01;32:*.tar=01;31:*.tgz=01;31:*.arc=01;31:*.arj=01;31:*.taz=01;31:*.lha=01;31:*.lz4=01;31:*.lzh=01;31:*.lzma=01;31:*.tlz=01;31:*.txz=01;31:*.tzo=01;31:*.t7z=01;31:*.zip=01;31:*.z=01;31:*.dz=01;31:*.gz=01;31:*.lrz=01;31:*.lz=01;31:*.lzo=01;31:*.xz=01;31:*.zst=01;31:*.tzst=01;31:*.bz2=01;31:*.bz=01;31:*.tbz=01;31:*.tbz2=01;31:*.tz=01;31:*.deb=01;31:*.rpm=01;31:*.jar=01;31:*.war=01;31:*.ear=01;31:*.sar=01;31:*.rar=01;31:*.alz=01;31:*.ace=01;31:*.zoo=01;31:*.cpio=01;31:*.7z=01;31:*.rz=01;31:*.cab=01;31:*.wim=01;31:*.swm=01;31:*.dwm=01;31:*.esd=01;31:*.avif=01;35:*.jpg=01;35:*.jpeg=01;35:*.mjpg=01;35:*.mjpeg=01;35:*.gif=01;35:*.bmp=01;35:*.pbm=01;35:*.pgm=01;35:*.ppm=01;35:*.tga=01;35:*.xbm=01;35:*.xpm=01;35:*.tif=01;35:*.tiff=01;35:*.png=01;35:*.svg=01;35:*.svgz=01;35:*.mng=01;35:*.pcx=01;35:*.mov=01;35:*.mpg=01;35:*.mpeg=01;35:*.m2v=01;35:*.mkv=01;35:*.webm=01;35:*.webp=01;35:*.ogm=01;35:*.mp4=01;35:*.m4v=01;35:*.mp4v=01;35:*.vob=01;35:*.qt=01;35:*.nuv=01;35:*.wmv=01;35:*.asf=01;35:*.rm=01;35:*.rmvb=01;35:*.flc=01;35:*.avi=01;35:*.fli=01;35:*.flv=01;35:*.gl=01;35:*.dl=01;35:*.xcf=01;35:*.xwd=01;35:*.yuv=01;35:*.cgm=01;35:*.emf=01;35:*.ogv=01;35:*.ogx=01;35:*.aac=00;36:*.au=00;36:*.flac=00;36:*.m4a=00;36:*.mid=00;36:*.midi=00;36:*.mka=00;36:*.mp3=00;36:*.mpc=00;36:*.ogg=00;36:*.ra=00;36:*.wav=00;36:*.oga=00;36:*.opus=00;36:*.spx=00;36:*.xspf=00;36:*~=00;90:*#=00;90:*.bak=00;90:*.crdownload=00;90:*.dpkg-dist=00;90:*.dpkg-new=00;90:*.dpkg-old=00;90:*.dpkg-tmp=00;90:*.old=00;90:*.orig=00;90:*.part=00;90:*.rej=00;90:*.rpmnew=00;90:*.rpmorig=00;90:*.rpmsave=00;90:*.swp=00;90:*.tmp=00;90:*.ucf-dist=00;90:*.ucf-new=00;90:*.ucf-old=00;90:', 'ROS_DOMAIN_ID': '0', 'AMENT_PREFIX_PATH': '/opt/ros/jazzy', 'ROS_AUTOMATIC_DISCOVERY_RANGE': 'SUBNET', 'PWD': '/workspaces/build/wildbot_control', 'LC_ALL': 'C.UTF-8', 'PYTHONPATH': '/workspaces/build/wildbot_control/prefix_override:/usr/lib/python3/dist-packages/colcon_core/task/python/colcon_distutils_commands:/workspaces/install/wildbot_control/lib/python3.12/site-packages:/opt/ros/jazzy/lib/python3.12/site-packages', 'COLCON': '1', 'CMAKE_PREFIX_PATH': '/opt/ros/jazzy/opt/sdformat_vendor:/opt/ros/jazzy/opt/gz_math_vendor:/opt/ros/jazzy/opt/gz_utils_vendor:/opt/ros/jazzy/opt/gz_tools_vendor:/opt/ros/jazzy/opt/gz_cmake_vendor', 'ROS2_WS': '/workspaces'}, 'shell': False}
[0.700805] (-) TimerEvent: {}
[0.710187] (yolo_ros) Command: {'cmd': ['/usr/bin/python3', '-W', 'ignore:setup.py install is deprecated', '-W', 'ignore:easy_install command is deprecated', 'setup.py', 'develop', '--editable', '--build-directory', '/workspaces/build/yolo_ros/build', '--no-deps', 'symlink_data'], 'cwd': '/workspaces/build/yolo_ros', 'env': {'HISTFILESIZE': '2147450879', 'GZ_CONFIG_PATH': '/opt/ros/jazzy/opt/sdformat_vendor/share/gz', 'HOSTNAME': '55c7aa138653', 'SHLVL': '1', 'LD_LIBRARY_PATH': '/workspaces/install/yolo_msgs/lib:/opt/ros/jazzy/opt/sdformat_vendor/lib:/opt/ros/jazzy/opt/rviz_ogre_vendor/lib:/opt/ros/jazzy/lib/x86_64-linux-gnu:/opt/ros/jazzy/opt/gz_math_vendor/lib:/opt/ros/jazzy/opt/gz_utils_vendor/lib:/opt/ros/jazzy/opt/gz_tools_vendor/lib:/opt/ros/jazzy/opt/gz_cmake_vendor/lib:/opt/ros/jazzy/lib', 'LESS': '-R', 'HOME': '/root', 'LSCOLORS': 'Gxfxcxdxdxegedabagacad', 'ROS_PYTHON_VERSION': '3', 'PAGER': 'less', 'ROS_DISTRO': 'jazzy', 'OSH': '/root/.oh-my-bash', '_': '/usr/bin/colcon', 'ROS_VERSION': '2', 'TERM': 'xterm', 'DRIVER_WS': '/robot_ws', 'PATH': '/usr/lib/ccache:/opt/ros/jazzy/opt/gz_tools_vendor/bin:/opt/ros/jazzy/bin:/usr/local/sbin:/usr/local/bin:/usr/sbin:/usr/bin:/sbin:/bin', 'ydlidar_sdk_DIR': '/usr/lib/cmake/ydlidar_sdk', 'HISTSIZE': '2147450879', 'LANG': 'C.UTF-8', 'LS_COLORS': 'rs=0:di=01;34:ln=01;36:mh=00:pi=40;33:so=01;35:do=01;35:bd=40;33;01:cd=40;33;01:or=40;31;01:mi=00:su=37;41:sg=30;43:ca=00:tw=30;42:ow=34;42:st=37;44:ex=01;32:*.tar=01;31:*.tgz=01;31:*.arc=01;31:*.arj=01;31:*.taz=01;31:*.lha=01;31:*.lz4=01;31:*.lzh=01;31:*.lzma=01;31:*.tlz=01;31:*.txz=01;31:*.tzo=01;31:*.t7z=01;31:*.zip=01;31:*.z=01;31:*.dz=01;31:*.gz=01;31:*.lrz=01;31:*.lz=01;31:*.lzo=01;31:*.xz=01;31:*.zst=01;31:*.tzst=01;31:*.bz2=01;31:*.bz=01;31:*.tbz=01;31:*.tbz2=01;31:*.tz=01;31:*.deb=01;31:*.rpm=01;31:*.jar=01;31:*.war=01;31:*.ear=01;31:*.sar=01;31:*.rar=01;31:*.alz=01;31:*.ace=01;31:*.zoo=01;31:*.cpio=01;31:*.7z=01;31:*.rz=01;31:*.cab=01;31:*.wim=01;31:*.swm=01;31:*.dwm=01;31:*.esd=01;31:*.avif=01;35:*.jpg=01;35:*.jpeg=01;35:*.mjpg=01;35:*.mjpeg=01;35:*.gif=01;35:*.bmp=01;35:*.pbm=01;35:*.pgm=01;35:*.ppm=01;35:*.tga=01;35:*.xbm=01;35:*.xpm=01;35:*.tif=01;35:*.tiff=01;35:*.png=01;35:*.svg=01;35:*.svgz=01;35:*.mng=01;35:*.pcx=01;35:*.mov=01;35:*.mpg=01;35:*.mpeg=01;35:*.m2v=01;35:*.mkv=01;35:*.webm=01;35:*.webp=01;35:*.ogm=01;35:*.mp4=01;35:*.m4v=01;35:*.mp4v=01;35:*.vob=01;35:*.qt=01;35:*.nuv=01;35:*.wmv=01;35:*.asf=01;35:*.rm=01;35:*.rmvb=01;35:*.flc=01;35:*.avi=01;35:*.fli=01;35:*.flv=01;35:*.gl=01;35:*.dl=01;35:*.xcf=01;35:*.xwd=01;35:*.yuv=01;35:*.cgm=01;35:*.emf=01;35:*.ogv=01;35:*.ogx=01;35:*.aac=00;36:*.au=00;36:*.flac=00;36:*.m4a=00;36:*.mid=00;36:*.midi=00;36:*.mka=00;36:*.mp3=00;36:*.mpc=00;36:*.ogg=00;36:*.ra=00;36:*.wav=00;36:*.oga=00;36:*.opus=00;36:*.spx=00;36:*.xspf=00;36:*~=00;90:*#=00;90:*.bak=00;90:*.crdownload=00;90:*.dpkg-dist=00;90:*.dpkg-new=00;90:*.dpkg-old=00;90:*.dpkg-tmp=00;90:*.old=00;90:*.orig=00;90:*.part=00;90:*.rej=00;90:*.rpmnew=00;90:*.rpmorig=00;90:*.rpmsave=00;90:*.swp=00;90:*.tmp=00;90:*.ucf-dist=00;90:*.ucf-new=00;90:*.ucf-old=00;90:', 'ROS_DOMAIN_ID': '0', 'AMENT_PREFIX_PATH': '/workspaces/install/yolo_msgs:/opt/ros/jazzy', 'ROS_AUTOMATIC_DISCOVERY_RANGE': 'SUBNET', 'PWD': '/workspaces/build/yolo_ros', 'LC_ALL': 'C.UTF-8', 'PYTHONPATH': '/workspaces/build/yolo_ros/prefix_override:/usr/lib/python3/dist-packages/colcon_core/task/python/colcon_distutils_commands:/workspaces/install/yolo_ros/lib/python3.12/site-packages:/workspaces/install/yolo_msgs/lib/python3.12/site-packages:/opt/ros/jazzy/lib/python3.12/site-packages', 'COLCON': '1', 'CMAKE_PREFIX_PATH': '/workspaces/install/yolo_msgs:/opt/ros/jazzy/opt/sdformat_vendor:/opt/ros/jazzy/opt/gz_math_vendor:/opt/ros/jazzy/opt/gz_utils_vendor:/opt/ros/jazzy/opt/gz_tools_vendor:/opt/ros/jazzy/opt/gz_cmake_vendor', 'ROS2_WS': '/workspaces'}, 'shell': False}
[0.751020] (handsfree_imu_ros2) StdoutLine: {'line': b'running develop\n'}
[0.778340] (wildbot_control) StdoutLine: {'line': b'running develop\n'}
[0.800888] (-) TimerEvent: {}
[0.806978] (handsfree_imu_ros2) StdoutLine: {'line': b'running egg_info\n'}
[0.812247] (handsfree_imu_ros2) StdoutLine: {'line': b'writing handsfree_imu_ros2.egg-info/PKG-INFO\n'}
[0.812520] (handsfree_imu_ros2) StdoutLine: {'line': b'writing dependency_links to handsfree_imu_ros2.egg-info/dependency_links.txt\n'}
[0.812627] (handsfree_imu_ros2) StdoutLine: {'line': b'writing entry points to handsfree_imu_ros2.egg-info/entry_points.txt\n'}
[0.812737] (handsfree_imu_ros2) StdoutLine: {'line': b'writing requirements to handsfree_imu_ros2.egg-info/requires.txt\n'}
[0.812835] (handsfree_imu_ros2) StdoutLine: {'line': b'writing top-level names to handsfree_imu_ros2.egg-info/top_level.txt\n'}
[0.824630] (handsfree_imu_ros2) StdoutLine: {'line': b"reading manifest file 'handsfree_imu_ros2.egg-info/SOURCES.txt'\n"}
[0.825163] (handsfree_imu_ros2) StdoutLine: {'line': b"writing manifest file 'handsfree_imu_ros2.egg-info/SOURCES.txt'\n"}
[0.832283] (handsfree_imu_ros2) StdoutLine: {'line': b'running build_ext\n'}
[0.832461] (handsfree_imu_ros2) StdoutLine: {'line': b'Creating /workspaces/install/handsfree_imu_ros2/lib/python3.12/site-packages/handsfree-imu-ros2.egg-link (link to .)\n'}
[0.832683] (wildbot_control) StdoutLine: {'line': b'running egg_info\n'}
[0.832774] (handsfree_imu_ros2) StdoutLine: {'line': b'Installing imu_a9_data_node script to /workspaces/install/handsfree_imu_ros2/lib/handsfree_imu_ros2\n'}
[0.832907] (handsfree_imu_ros2) StdoutLine: {'line': b'Installing imu_a9_node script to /workspaces/install/handsfree_imu_ros2/lib/handsfree_imu_ros2\n'}
[0.833014] (handsfree_imu_ros2) StdoutLine: {'line': b'\n'}
[0.833065] (handsfree_imu_ros2) StdoutLine: {'line': b'Installed /workspaces/build/handsfree_imu_ros2\n'}
[0.833117] (handsfree_imu_ros2) StdoutLine: {'line': b'running symlink_data\n'}
[0.838658] (wildbot_control) StdoutLine: {'line': b'writing wildbot_control.egg-info/PKG-INFO\n'}
[0.838871] (wildbot_control) StdoutLine: {'line': b'writing dependency_links to wildbot_control.egg-info/dependency_links.txt\n'}
[0.838999] (wildbot_control) StdoutLine: {'line': b'writing entry points to wildbot_control.egg-info/entry_points.txt\n'}
[0.839079] (wildbot_control) StdoutLine: {'line': b'writing requirements to wildbot_control.egg-info/requires.txt\n'}
[0.839141] (wildbot_control) StdoutLine: {'line': b'writing top-level names to wildbot_control.egg-info/top_level.txt\n'}
[0.844435] (yolo_ros) StdoutLine: {'line': b'running develop\n'}
[0.850469] (wildbot_control) StdoutLine: {'line': b"reading manifest file 'wildbot_control.egg-info/SOURCES.txt'\n"}
[0.851013] (wildbot_control) StdoutLine: {'line': b"writing manifest file 'wildbot_control.egg-info/SOURCES.txt'\n"}
[0.854288] (handsfree_imu_ros2) CommandEnded: {'returncode': 0}
[0.857599] (wildbot_control) StdoutLine: {'line': b'running build_ext\n'}
[0.857827] (wildbot_control) StdoutLine: {'line': b'Creating /workspaces/install/wildbot_control/lib/python3.12/site-packages/wildbot-control.egg-link (link to .)\n'}
[0.858187] (wildbot_control) StdoutLine: {'line': b'Installing yaw_hold_node script to /workspaces/install/wildbot_control/lib/wildbot_control\n'}
[0.858514] (wildbot_control) StdoutLine: {'line': b'\n'}
[0.858634] (wildbot_control) StdoutLine: {'line': b'Installed /workspaces/build/wildbot_control\n'}
[0.858854] (wildbot_control) StdoutLine: {'line': b'running symlink_data\n'}
[0.859231] (handsfree_imu_ros2) JobEnded: {'identifier': 'handsfree_imu_ros2', 'rc': 0}
[0.882355] (wildbot_control) CommandEnded: {'returncode': 0}
[0.887013] (wildbot_control) JobEnded: {'identifier': 'wildbot_control', 'rc': 0}
[0.900982] (-) TimerEvent: {}
[0.919040] (yolo_ros) StdoutLine: {'line': b'running egg_info\n'}
[0.924626] (yolo_ros) StdoutLine: {'line': b'writing yolo_ros.egg-info/PKG-INFO\n'}
[0.924836] (yolo_ros) StdoutLine: {'line': b'writing dependency_links to yolo_ros.egg-info/dependency_links.txt\n'}
[0.924923] (yolo_ros) StdoutLine: {'line': b'writing entry points to yolo_ros.egg-info/entry_points.txt\n'}
[0.924997] (yolo_ros) StdoutLine: {'line': b'writing requirements to yolo_ros.egg-info/requires.txt\n'}
[0.925073] (yolo_ros) StdoutLine: {'line': b'writing top-level names to yolo_ros.egg-info/top_level.txt\n'}
[0.936991] (yolo_ros) StdoutLine: {'line': b"reading manifest file 'yolo_ros.egg-info/SOURCES.txt'\n"}
[0.937496] (yolo_ros) StdoutLine: {'line': b"writing manifest file 'yolo_ros.egg-info/SOURCES.txt'\n"}
[0.944124] (yolo_ros) StdoutLine: {'line': b'running build_ext\n'}
[0.944264] (yolo_ros) StdoutLine: {'line': b'Creating /workspaces/install/yolo_ros/lib/python3.12/site-packages/yolo-ros.egg-link (link to .)\n'}
[0.944602] (yolo_ros) StdoutLine: {'line': b'Installing debug_node script to /workspaces/install/yolo_ros/lib/yolo_ros\n'}
[0.944723] (yolo_ros) StdoutLine: {'line': b'Installing detect_3d_node script to /workspaces/install/yolo_ros/lib/yolo_ros\n'}
[0.944781] (yolo_ros) StdoutLine: {'line': b'Installing tracking_node script to /workspaces/install/yolo_ros/lib/yolo_ros\n'}
[0.944839] (yolo_ros) StdoutLine: {'line': b'Installing yolo_node script to /workspaces/install/yolo_ros/lib/yolo_ros\n'}
[0.944900] (yolo_ros) StdoutLine: {'line': b'\n'}
[0.944951] (yolo_ros) StdoutLine: {'line': b'Installed /workspaces/build/yolo_ros\n'}
[0.945012] (yolo_ros) StdoutLine: {'line': b'running symlink_data\n'}
[0.968451] (yolo_ros) CommandEnded: {'returncode': 0}
[0.972618] (yolo_ros) JobEnded: {'identifier': 'yolo_ros', 'rc': 0}
[0.973082] (yolo_bringup) JobStarted: {'identifier': 'yolo_bringup'}
[0.978240] (yolo_bringup) JobProgress: {'identifier': 'yolo_bringup', 'progress': 'cmake'}
[0.978852] (yolo_bringup) JobProgress: {'identifier': 'yolo_bringup', 'progress': 'build'}
[0.979117] (yolo_bringup) Command: {'cmd': ['/usr/bin/cmake', '--build', '/workspaces/build/yolo_bringup', '--', '-j16', '-l16'], 'cwd': '/workspaces/build/yolo_bringup', 'env': OrderedDict({'HISTFILESIZE': '2147450879', 'GZ_CONFIG_PATH': '/opt/ros/jazzy/opt/sdformat_vendor/share/gz', 'HOSTNAME': '55c7aa138653', 'SHLVL': '1', 'LD_LIBRARY_PATH': '/workspaces/install/yolo_msgs/lib:/opt/ros/jazzy/opt/sdformat_vendor/lib:/opt/ros/jazzy/opt/rviz_ogre_vendor/lib:/opt/ros/jazzy/lib/x86_64-linux-gnu:/opt/ros/jazzy/opt/gz_math_vendor/lib:/opt/ros/jazzy/opt/gz_utils_vendor/lib:/opt/ros/jazzy/opt/gz_tools_vendor/lib:/opt/ros/jazzy/opt/gz_cmake_vendor/lib:/opt/ros/jazzy/lib', 'LESS': '-R', 'HOME': '/root', 'LSCOLORS': 'Gxfxcxdxdxegedabagacad', 'ROS_PYTHON_VERSION': '3', 'PAGER': 'less', 'ROS_DISTRO': 'jazzy', 'OSH': '/root/.oh-my-bash', '_': '/usr/bin/colcon', 'ROS_VERSION': '2', 'TERM': 'xterm', 'DRIVER_WS': '/robot_ws', 'PATH': '/usr/lib/ccache:/opt/ros/jazzy/opt/gz_tools_vendor/bin:/opt/ros/jazzy/bin:/usr/local/sbin:/usr/local/bin:/usr/sbin:/usr/bin:/sbin:/bin', 'ydlidar_sdk_DIR': '/usr/lib/cmake/ydlidar_sdk', 'HISTSIZE': '2147450879', 'LANG': 'C.UTF-8', 'LS_COLORS': 'rs=0:di=01;34:ln=01;36:mh=00:pi=40;33:so=01;35:do=01;35:bd=40;33;01:cd=40;33;01:or=40;31;01:mi=00:su=37;41:sg=30;43:ca=00:tw=30;42:ow=34;42:st=37;44:ex=01;32:*.tar=01;31:*.tgz=01;31:*.arc=01;31:*.arj=01;31:*.taz=01;31:*.lha=01;31:*.lz4=01;31:*.lzh=01;31:*.lzma=01;31:*.tlz=01;31:*.txz=01;31:*.tzo=01;31:*.t7z=01;31:*.zip=01;31:*.z=01;31:*.dz=01;31:*.gz=01;31:*.lrz=01;31:*.lz=01;31:*.lzo=01;31:*.xz=01;31:*.zst=01;31:*.tzst=01;31:*.bz2=01;31:*.bz=01;31:*.tbz=01;31:*.tbz2=01;31:*.tz=01;31:*.deb=01;31:*.rpm=01;31:*.jar=01;31:*.war=01;31:*.ear=01;31:*.sar=01;31:*.rar=01;31:*.alz=01;31:*.ace=01;31:*.zoo=01;31:*.cpio=01;31:*.7z=01;31:*.rz=01;31:*.cab=01;31:*.wim=01;31:*.swm=01;31:*.dwm=01;31:*.esd=01;31:*.avif=01;35:*.jpg=01;35:*.jpeg=01;35:*.mjpg=01;35:*.mjpeg=01;35:*.gif=01;35:*.bmp=01;35:*.pbm=01;35:*.pgm=01;35:*.ppm=01;35:*.tga=01;35:*.xbm=01;35:*.xpm=01;35:*.tif=01;35:*.tiff=01;35:*.png=01;35:*.svg=01;35:*.svgz=01;35:*.mng=01;35:*.pcx=01;35:*.mov=01;35:*.mpg=01;35:*.mpeg=01;35:*.m2v=01;35:*.mkv=01;35:*.webm=01;35:*.webp=01;35:*.ogm=01;35:*.mp4=01;35:*.m4v=01;35:*.mp4v=01;35:*.vob=01;35:*.qt=01;35:*.nuv=01;35:*.wmv=01;35:*.asf=01;35:*.rm=01;35:*.rmvb=01;35:*.flc=01;35:*.avi=01;35:*.fli=01;35:*.flv=01;35:*.gl=01;35:*.dl=01;35:*.xcf=01;35:*.xwd=01;35:*.yuv=01;35:*.cgm=01;35:*.emf=01;35:*.ogv=01;35:*.ogx=01;35:*.aac=00;36:*.au=00;36:*.flac=00;36:*.m4a=00;36:*.mid=00;36:*.midi=00;36:*.mka=00;36:*.mp3=00;36:*.mpc=00;36:*.ogg=00;36:*.ra=00;36:*.wav=00;36:*.oga=00;36:*.opus=00;36:*.spx=00;36:*.xspf=00;36:*~=00;90:*#=00;90:*.bak=00;90:*.crdownload=00;90:*.dpkg-dist=00;90:*.dpkg-new=00;90:*.dpkg-old=00;90:*.dpkg-tmp=00;90:*.old=00;90:*.orig=00;90:*.part=00;90:*.rej=00;90:*.rpmnew=00;90:*.rpmorig=00;90:*.rpmsave=00;90:*.swp=00;90:*.tmp=00;90:*.ucf-dist=00;90:*.ucf-new=00;90:*.ucf-old=00;90:', 'ROS_DOMAIN_ID': '0', 'AMENT_PREFIX_PATH': '/workspaces/install/yolo_ros:/workspaces/install/yolo_msgs:/opt/ros/jazzy', 'ROS_AUTOMATIC_DISCOVERY_RANGE': 'SUBNET', 'PWD': '/workspaces/build/yolo_bringup', 'LC_ALL': 'C.UTF-8', 'PYTHONPATH': '/workspaces/build/yolo_ros:/workspaces/install/yolo_ros/lib/python3.12/site-packages:/workspaces/install/yolo_msgs/lib/python3.12/site-packages:/opt/ros/jazzy/lib/python3.12/site-packages', 'COLCON': '1', 'CMAKE_PREFIX_PATH': '/workspaces/install/yolo_msgs:/opt/ros/jazzy/opt/sdformat_vendor:/opt/ros/jazzy/opt/gz_math_vendor:/opt/ros/jazzy/opt/gz_utils_vendor:/opt/ros/jazzy/opt/gz_tools_vendor:/opt/ros/jazzy/opt/gz_cmake_vendor:/opt/ros/jazzy', 'ROS2_WS': '/workspaces'}), 'shell': False}
[1.001073] (-) TimerEvent: {}
[1.006434] (yolo_bringup) CommandEnded: {'returncode': 0}
[1.007146] (yolo_bringup) JobProgress: {'identifier': 'yolo_bringup', 'progress': 'install'}
[1.007406] (yolo_bringup) Command: {'cmd': ['/usr/bin/cmake', '--install', '/workspaces/build/yolo_bringup'], 'cwd': '/workspaces/build/yolo_bringup', 'env': OrderedDict({'HISTFILESIZE': '2147450879', 'GZ_CONFIG_PATH': '/opt/ros/jazzy/opt/sdformat_vendor/share/gz', 'HOSTNAME': '55c7aa138653', 'SHLVL': '1', 'LD_LIBRARY_PATH': '/workspaces/install/yolo_msgs/lib:/opt/ros/jazzy/opt/sdformat_vendor/lib:/opt/ros/jazzy/opt/rviz_ogre_vendor/lib:/opt/ros/jazzy/lib/x86_64-linux-gnu:/opt/ros/jazzy/opt/gz_math_vendor/lib:/opt/ros/jazzy/opt/gz_utils_vendor/lib:/opt/ros/jazzy/opt/gz_tools_vendor/lib:/opt/ros/jazzy/opt/gz_cmake_vendor/lib:/opt/ros/jazzy/lib', 'LESS': '-R', 'HOME': '/root', 'LSCOLORS': 'Gxfxcxdxdxegedabagacad', 'ROS_PYTHON_VERSION': '3', 'PAGER': 'less', 'ROS_DISTRO': 'jazzy', 'OSH': '/root/.oh-my-bash', '_': '/usr/bin/colcon', 'ROS_VERSION': '2', 'TERM': 'xterm', 'DRIVER_WS': '/robot_ws', 'PATH': '/usr/lib/ccache:/opt/ros/jazzy/opt/gz_tools_vendor/bin:/opt/ros/jazzy/bin:/usr/local/sbin:/usr/local/bin:/usr/sbin:/usr/bin:/sbin:/bin', 'ydlidar_sdk_DIR': '/usr/lib/cmake/ydlidar_sdk', 'HISTSIZE': '2147450879', 'LANG': 'C.UTF-8', 'LS_COLORS': 'rs=0:di=01;34:ln=01;36:mh=00:pi=40;33:so=01;35:do=01;35:bd=40;33;01:cd=40;33;01:or=40;31;01:mi=00:su=37;41:sg=30;43:ca=00:tw=30;42:ow=34;42:st=37;44:ex=01;32:*.tar=01;31:*.tgz=01;31:*.arc=01;31:*.arj=01;31:*.taz=01;31:*.lha=01;31:*.lz4=01;31:*.lzh=01;31:*.lzma=01;31:*.tlz=01;31:*.txz=01;31:*.tzo=01;31:*.t7z=01;31:*.zip=01;31:*.z=01;31:*.dz=01;31:*.gz=01;31:*.lrz=01;31:*.lz=01;31:*.lzo=01;31:*.xz=01;31:*.zst=01;31:*.tzst=01;31:*.bz2=01;31:*.bz=01;31:*.tbz=01;31:*.tbz2=01;31:*.tz=01;31:*.deb=01;31:*.rpm=01;31:*.jar=01;31:*.war=01;31:*.ear=01;31:*.sar=01;31:*.rar=01;31:*.alz=01;31:*.ace=01;31:*.zoo=01;31:*.cpio=01;31:*.7z=01;31:*.rz=01;31:*.cab=01;31:*.wim=01;31:*.swm=01;31:*.dwm=01;31:*.esd=01;31:*.avif=01;35:*.jpg=01;35:*.jpeg=01;35:*.mjpg=01;35:*.mjpeg=01;35:*.gif=01;35:*.bmp=01;35:*.pbm=01;35:*.pgm=01;35:*.ppm=01;35:*.tga=01;35:*.xbm=01;35:*.xpm=01;35:*.tif=01;35:*.tiff=01;35:*.png=01;35:*.svg=01;35:*.svgz=01;35:*.mng=01;35:*.pcx=01;35:*.mov=01;35:*.mpg=01;35:*.mpeg=01;35:*.m2v=01;35:*.mkv=01;35:*.webm=01;35:*.webp=01;35:*.ogm=01;35:*.mp4=01;35:*.m4v=01;35:*.mp4v=01;35:*.vob=01;35:*.qt=01;35:*.nuv=01;35:*.wmv=01;35:*.asf=01;35:*.rm=01;35:*.rmvb=01;35:*.flc=01;35:*.avi=01;35:*.fli=01;35:*.flv=01;35:*.gl=01;35:*.dl=01;35:*.xcf=01;35:*.xwd=01;35:*.yuv=01;35:*.cgm=01;35:*.emf=01;35:*.ogv=01;35:*.ogx=01;35:*.aac=00;36:*.au=00;36:*.flac=00;36:*.m4a=00;36:*.mid=00;36:*.midi=00;36:*.mka=00;36:*.mp3=00;36:*.mpc=00;36:*.ogg=00;36:*.ra=00;36:*.wav=00;36:*.oga=00;36:*.opus=00;36:*.spx=00;36:*.xspf=00;36:*~=00;90:*#=00;90:*.bak=00;90:*.crdownload=00;90:*.dpkg-dist=00;90:*.dpkg-new=00;90:*.dpkg-old=00;90:*.dpkg-tmp=00;90:*.old=00;90:*.orig=00;90:*.part=00;90:*.rej=00;90:*.rpmnew=00;90:*.rpmorig=00;90:*.rpmsave=00;90:*.swp=00;90:*.tmp=00;90:*.ucf-dist=00;90:*.ucf-new=00;90:*.ucf-old=00;90:', 'ROS_DOMAIN_ID': '0', 'AMENT_PREFIX_PATH': '/workspaces/install/yolo_ros:/workspaces/install/yolo_msgs:/opt/ros/jazzy', 'ROS_AUTOMATIC_DISCOVERY_RANGE': 'SUBNET', 'PWD': '/workspaces/build/yolo_bringup', 'LC_ALL': 'C.UTF-8', 'PYTHONPATH': '/workspaces/build/yolo_ros:/workspaces/install/yolo_ros/lib/python3.12/site-packages:/workspaces/install/yolo_msgs/lib/python3.12/site-packages:/opt/ros/jazzy/lib/python3.12/site-packages', 'COLCON': '1', 'CMAKE_PREFIX_PATH': '/workspaces/install/yolo_msgs:/opt/ros/jazzy/opt/sdformat_vendor:/opt/ros/jazzy/opt/gz_math_vendor:/opt/ros/jazzy/opt/gz_utils_vendor:/opt/ros/jazzy/opt/gz_tools_vendor:/opt/ros/jazzy/opt/gz_cmake_vendor:/opt/ros/jazzy', 'ROS2_WS': '/workspaces'}), 'shell': False}
[1.014340] (yolo_bringup) StdoutLine: {'line': b'-- Install configuration: ""\n'}
[1.015099] (yolo_bringup) StdoutLine: {'line': b'-- Execute custom install script\n'}
[1.015613] (yolo_bringup) StdoutLine: {'line': b'-- Up-to-date symlink: /workspaces/install/yolo_bringup/share/yolo_bringup//launch/yolo-world.launch.py\n'}
[1.015699] (yolo_bringup) StdoutLine: {'line': b'-- Up-to-date symlink: /workspaces/install/yolo_bringup/share/yolo_bringup//launch/yolo-world.launch.py:Zone.Identifier\n'}
[1.015777] (yolo_bringup) StdoutLine: {'line': b'-- Up-to-date symlink: /workspaces/install/yolo_bringup/share/yolo_bringup//launch/yolo.launch.py\n'}
[1.015869] (yolo_bringup) StdoutLine: {'line': b'-- Up-to-date symlink: /workspaces/install/yolo_bringup/share/yolo_bringup//launch/yolo.launch.py:Zone.Identifier\n'}
[1.015939] (yolo_bringup) StdoutLine: {'line': b'-- Up-to-date symlink: /workspaces/install/yolo_bringup/share/yolo_bringup//launch/yoloe.launch.py\n'}
[1.016000] (yolo_bringup) StdoutLine: {'line': b'-- Up-to-date symlink: /workspaces/install/yolo_bringup/share/yolo_bringup//launch/yoloe.launch.py:Zone.Identifier\n'}
[1.016066] (yolo_bringup) StdoutLine: {'line': b'-- Up-to-date symlink: /workspaces/install/yolo_bringup/share/yolo_bringup//launch/yolov10.launch.py\n'}
[1.016125] (yolo_bringup) StdoutLine: {'line': b'-- Up-to-date symlink: /workspaces/install/yolo_bringup/share/yolo_bringup//launch/yolov10.launch.py:Zone.Identifier\n'}
[1.016179] (yolo_bringup) StdoutLine: {'line': b'-- Up-to-date symlink: /workspaces/install/yolo_bringup/share/yolo_bringup//launch/yolov11.launch.py\n'}
[1.016312] (yolo_bringup) StdoutLine: {'line': b'-- Up-to-date symlink: /workspaces/install/yolo_bringup/share/yolo_bringup//launch/yolov11.launch.py:Zone.Identifier\n'}
[1.016410] (yolo_bringup) StdoutLine: {'line': b'-- Up-to-date symlink: /workspaces/install/yolo_bringup/share/yolo_bringup//launch/yolov12.launch.py\n'}
[1.016472] (yolo_bringup) StdoutLine: {'line': b'-- Up-to-date symlink: /workspaces/install/yolo_bringup/share/yolo_bringup//launch/yolov12.launch.py:Zone.Identifier\n'}
[1.016526] (yolo_bringup) StdoutLine: {'line': b'-- Up-to-date symlink: /workspaces/install/yolo_bringup/share/yolo_bringup//launch/yolov26.launch.py\n'}
[1.016582] (yolo_bringup) StdoutLine: {'line': b'-- Up-to-date symlink: /workspaces/install/yolo_bringup/share/yolo_bringup//launch/yolov26.launch.py:Zone.Identifier\n'}
[1.016637] (yolo_bringup) StdoutLine: {'line': b'-- Up-to-date symlink: /workspaces/install/yolo_bringup/share/yolo_bringup//launch/yolov5.launch.py\n'}
[1.016699] (yolo_bringup) StdoutLine: {'line': b'-- Up-to-date symlink: /workspaces/install/yolo_bringup/share/yolo_bringup//launch/yolov5.launch.py:Zone.Identifier\n'}
[1.016756] (yolo_bringup) StdoutLine: {'line': b'-- Up-to-date symlink: /workspaces/install/yolo_bringup/share/yolo_bringup//launch/yolov8.launch.py\n'}
[1.016808] (yolo_bringup) StdoutLine: {'line': b'-- Up-to-date symlink: /workspaces/install/yolo_bringup/share/yolo_bringup//launch/yolov8.launch.py:Zone.Identifier\n'}
[1.016862] (yolo_bringup) StdoutLine: {'line': b'-- Up-to-date symlink: /workspaces/install/yolo_bringup/share/yolo_bringup//launch/yolov9.launch.py\n'}
[1.016918] (yolo_bringup) StdoutLine: {'line': b'-- Up-to-date symlink: /workspaces/install/yolo_bringup/share/yolo_bringup//launch/yolov9.launch.py:Zone.Identifier\n'}
[1.017002] (yolo_bringup) StdoutLine: {'line': b'-- Up-to-date symlink: /workspaces/install/yolo_bringup/share/ament_index/resource_index/package_run_dependencies/yolo_bringup\n'}
[1.017056] (yolo_bringup) StdoutLine: {'line': b'-- Up-to-date symlink: /workspaces/install/yolo_bringup/share/ament_index/resource_index/parent_prefix_path/yolo_bringup\n'}
[1.017132] (yolo_bringup) StdoutLine: {'line': b'-- Up-to-date symlink: /workspaces/install/yolo_bringup/share/yolo_bringup/environment/ament_prefix_path.sh\n'}
[1.017182] (yolo_bringup) StdoutLine: {'line': b'-- Up-to-date symlink: /workspaces/install/yolo_bringup/share/yolo_bringup/environment/ament_prefix_path.dsv\n'}
[1.017235] (yolo_bringup) StdoutLine: {'line': b'-- Up-to-date symlink: /workspaces/install/yolo_bringup/share/yolo_bringup/environment/path.sh\n'}
[1.017295] (yolo_bringup) StdoutLine: {'line': b'-- Up-to-date symlink: /workspaces/install/yolo_bringup/share/yolo_bringup/environment/path.dsv\n'}
[1.017372] (yolo_bringup) StdoutLine: {'line': b'-- Up-to-date symlink: /workspaces/install/yolo_bringup/share/yolo_bringup/local_setup.bash\n'}
[1.017478] (yolo_bringup) StdoutLine: {'line': b'-- Up-to-date symlink: /workspaces/install/yolo_bringup/share/yolo_bringup/local_setup.sh\n'}
[1.017529] (yolo_bringup) StdoutLine: {'line': b'-- Up-to-date symlink: /workspaces/install/yolo_bringup/share/yolo_bringup/local_setup.zsh\n'}
[1.017568] (yolo_bringup) StdoutLine: {'line': b'-- Up-to-date symlink: /workspaces/install/yolo_bringup/share/yolo_bringup/local_setup.dsv\n'}
[1.017592] (yolo_bringup) StdoutLine: {'line': b'-- Symlinking: /workspaces/install/yolo_bringup/share/yolo_bringup/package.dsv\n'}
[1.024065] (yolo_bringup) StdoutLine: {'line': b'-- Up-to-date symlink: /workspaces/install/yolo_bringup/share/ament_index/resource_index/packages/yolo_bringup\n'}
[1.024245] (yolo_bringup) StdoutLine: {'line': b'-- Up-to-date symlink: /workspaces/install/yolo_bringup/share/yolo_bringup/cmake/yolo_bringupConfig.cmake\n'}
[1.024323] (yolo_bringup) StdoutLine: {'line': b'-- Up-to-date symlink: /workspaces/install/yolo_bringup/share/yolo_bringup/cmake/yolo_bringupConfig-version.cmake\n'}
[1.024366] (yolo_bringup) StdoutLine: {'line': b'-- Up-to-date symlink: /workspaces/install/yolo_bringup/share/yolo_bringup/package.xml\n'}
[1.025670] (yolo_bringup) CommandEnded: {'returncode': 0}
[1.031589] (yolo_bringup) JobEnded: {'identifier': 'yolo_bringup', 'rc': 0}
[1.032065] (-) EventReactorShutdown: {}
