[0.000000] (-) TimerEvent: {}
[0.000271] (handsfree_imu_ros2) JobQueued: {'identifier': 'handsfree_imu_ros2', 'dependencies': OrderedDict()}
[0.000524] (wildbot_control) JobQueued: {'identifier': 'wildbot_control', 'dependencies': OrderedDict()}
[0.000570] (wildbot_localization) JobQueued: {'identifier': 'wildbot_localization', 'dependencies': OrderedDict()}
[0.000697] (wildbot_slam) JobQueued: {'identifier': 'wildbot_slam', 'dependencies': OrderedDict()}
[0.000859] (ydlidar_ros2_driver) JobQueued: {'identifier': 'ydlidar_ros2_driver', 'dependencies': OrderedDict()}
[0.000895] (yolo_msgs) JobQueued: {'identifier': 'yolo_msgs', 'dependencies': OrderedDict()}
[0.000917] (yolo_ros) JobQueued: {'identifier': 'yolo_ros', 'dependencies': OrderedDict({'yolo_msgs': '/workspaces/install/yolo_msgs'})}
[0.000943] (yolo_bringup) JobQueued: {'identifier': 'yolo_bringup', 'dependencies': OrderedDict({'yolo_msgs': '/workspaces/install/yolo_msgs', 'yolo_ros': '/workspaces/install/yolo_ros'})}
[0.000966] (yolo_msgs) JobStarted: {'identifier': 'yolo_msgs'}
[0.004238] (handsfree_imu_ros2) JobStarted: {'identifier': 'handsfree_imu_ros2'}
[0.006447] (wildbot_control) JobStarted: {'identifier': 'wildbot_control'}
[0.008430] (wildbot_localization) JobStarted: {'identifier': 'wildbot_localization'}
[0.009768] (wildbot_slam) JobStarted: {'identifier': 'wildbot_slam'}
[0.011053] (ydlidar_ros2_driver) JobStarted: {'identifier': 'ydlidar_ros2_driver'}
[0.013078] (yolo_msgs) JobProgress: {'identifier': 'yolo_msgs', 'progress': 'cmake'}
[0.013327] (yolo_msgs) JobProgress: {'identifier': 'yolo_msgs', 'progress': 'build'}
[0.013704] (yolo_msgs) Command: {'cmd': ['/usr/bin/cmake', '--build', '/workspaces/build/yolo_msgs', '--', '-j16', '-l16'], 'cwd': '/workspaces/build/yolo_msgs', 'env': OrderedDict({'HISTFILESIZE': '2147450879', 'GZ_CONFIG_PATH': '/opt/ros/jazzy/opt/sdformat_vendor/share/gz', 'HOSTNAME': '1c8bd271465b', 'SHLVL': '1', 'LD_LIBRARY_PATH': '/opt/ros/jazzy/opt/sdformat_vendor/lib:/opt/ros/jazzy/opt/rviz_ogre_vendor/lib:/opt/ros/jazzy/lib/x86_64-linux-gnu:/opt/ros/jazzy/opt/gz_math_vendor/lib:/opt/ros/jazzy/opt/gz_utils_vendor/lib:/opt/ros/jazzy/opt/gz_tools_vendor/lib:/opt/ros/jazzy/opt/gz_cmake_vendor/lib:/opt/ros/jazzy/lib', 'LESS': '-R', 'HOME': '/root', 'LSCOLORS': 'Gxfxcxdxdxegedabagacad', 'ROS_PYTHON_VERSION': '3', 'PAGER': 'less', 'ROS_DISTRO': 'jazzy', 'OSH': '/root/.oh-my-bash', '_': '/usr/bin/colcon', 'ROS_VERSION': '2', 'TERM': 'xterm', 'DRIVER_WS': '/robot_ws', 'PATH': '/usr/lib/ccache:/opt/ros/jazzy/opt/gz_tools_vendor/bin:/opt/ros/jazzy/bin:/usr/local/sbin:/usr/local/bin:/usr/sbin:/usr/bin:/sbin:/bin', 'ydlidar_sdk_DIR': '/usr/lib/cmake/ydlidar_sdk', 'HISTSIZE': '2147450879', 'LANG': 'C.UTF-8', 'LS_COLORS': 'rs=0:di=01;34:ln=01;36:mh=00:pi=40;33:so=01;35:do=01;35:bd=40;33;01:cd=40;33;01:or=40;31;01:mi=00:su=37;41:sg=30;43:ca=00:tw=30;42:ow=34;42:st=37;44:ex=01;32:*.tar=01;31:*.tgz=01;31:*.arc=01;31:*.arj=01;31:*.taz=01;31:*.lha=01;31:*.lz4=01;31:*.lzh=01;31:*.lzma=01;31:*.tlz=01;31:*.txz=01;31:*.tzo=01;31:*.t7z=01;31:*.zip=01;31:*.z=01;31:*.dz=01;31:*.gz=01;31:*.lrz=01;31:*.lz=01;31:*.lzo=01;31:*.xz=01;31:*.zst=01;31:*.tzst=01;31:*.bz2=01;31:*.bz=01;31:*.tbz=01;31:*.tbz2=01;31:*.tz=01;31:*.deb=01;31:*.rpm=01;31:*.jar=01;31:*.war=01;31:*.ear=01;31:*.sar=01;31:*.rar=01;31:*.alz=01;31:*.ace=01;31:*.zoo=01;31:*.cpio=01;31:*.7z=01;31:*.rz=01;31:*.cab=01;31:*.wim=01;31:*.swm=01;31:*.dwm=01;31:*.esd=01;31:*.avif=01;35:*.jpg=01;35:*.jpeg=01;35:*.mjpg=01;35:*.mjpeg=01;35:*.gif=01;35:*.bmp=01;35:*.pbm=01;35:*.pgm=01;35:*.ppm=01;35:*.tga=01;35:*.xbm=01;35:*.xpm=01;35:*.tif=01;35:*.tiff=01;35:*.png=01;35:*.svg=01;35:*.svgz=01;35:*.mng=01;35:*.pcx=01;35:*.mov=01;35:*.mpg=01;35:*.mpeg=01;35:*.m2v=01;35:*.mkv=01;35:*.webm=01;35:*.webp=01;35:*.ogm=01;35:*.mp4=01;35:*.m4v=01;35:*.mp4v=01;35:*.vob=01;35:*.qt=01;35:*.nuv=01;35:*.wmv=01;35:*.asf=01;35:*.rm=01;35:*.rmvb=01;35:*.flc=01;35:*.avi=01;35:*.fli=01;35:*.flv=01;35:*.gl=01;35:*.dl=01;35:*.xcf=01;35:*.xwd=01;35:*.yuv=01;35:*.cgm=01;35:*.emf=01;35:*.ogv=01;35:*.ogx=01;35:*.aac=00;36:*.au=00;36:*.flac=00;36:*.m4a=00;36:*.mid=00;36:*.midi=00;36:*.mka=00;36:*.mp3=00;36:*.mpc=00;36:*.ogg=00;36:*.ra=00;36:*.wav=00;36:*.oga=00;36:*.opus=00;36:*.spx=00;36:*.xspf=00;36:*~=00;90:*#=00;90:*.bak=00;90:*.crdownload=00;90:*.dpkg-dist=00;90:*.dpkg-new=00;90:*.dpkg-old=00;90:*.dpkg-tmp=00;90:*.old=00;90:*.orig=00;90:*.part=00;90:*.rej=00;90:*.rpmnew=00;90:*.rpmorig=00;90:*.rpmsave=00;90:*.swp=00;90:*.tmp=00;90:*.ucf-dist=00;90:*.ucf-new=00;90:*.ucf-old=00;90:', 'ROS_DOMAIN_ID': '0', 'AMENT_PREFIX_PATH': '/opt/ros/jazzy', 'ROS_AUTOMATIC_DISCOVERY_RANGE': 'SUBNET', 'PWD': '/workspaces/build/yolo_msgs', 'LC_ALL': 'C.UTF-8', 'PYTHONPATH': '/opt/ros/jazzy/lib/python3.12/site-packages', 'COLCON': '1', 'CMAKE_PREFIX_PATH': '/opt/ros/jazzy/opt/sdformat_vendor:/opt/ros/jazzy/opt/gz_math_vendor:/opt/ros/jazzy/opt/gz_utils_vendor:/opt/ros/jazzy/opt/gz_tools_vendor:/opt/ros/jazzy/opt/gz_cmake_vendor:/opt/ros/jazzy', 'ROS2_WS': '/workspaces'}), 'shell': False}
[0.099748] (-) TimerEvent: {}
[0.200035] (-) TimerEvent: {}
[0.246297] (wildbot_localization) JobProgress: {'identifier': 'wildbot_localization', 'progress': 'cmake'}
[0.246722] (wildbot_localization) Command: {'cmd': ['/usr/bin/cmake', '/workspaces/workspaces/src/wildbot_localization', '-DAMENT_CMAKE_SYMLINK_INSTALL=1', '-DCMAKE_INSTALL_PREFIX=/workspaces/install/wildbot_localization'], 'cwd': '/workspaces/build/wildbot_localization', 'env': OrderedDict({'HISTFILESIZE': '2147450879', 'GZ_CONFIG_PATH': '/opt/ros/jazzy/opt/sdformat_vendor/share/gz', 'HOSTNAME': '1c8bd271465b', 'SHLVL': '1', 'LD_LIBRARY_PATH': '/opt/ros/jazzy/opt/sdformat_vendor/lib:/opt/ros/jazzy/opt/rviz_ogre_vendor/lib:/opt/ros/jazzy/lib/x86_64-linux-gnu:/opt/ros/jazzy/opt/gz_math_vendor/lib:/opt/ros/jazzy/opt/gz_utils_vendor/lib:/opt/ros/jazzy/opt/gz_tools_vendor/lib:/opt/ros/jazzy/opt/gz_cmake_vendor/lib:/opt/ros/jazzy/lib', 'LESS': '-R', 'HOME': '/root', 'LSCOLORS': 'Gxfxcxdxdxegedabagacad', 'ROS_PYTHON_VERSION': '3', 'PAGER': 'less', 'ROS_DISTRO': 'jazzy', 'OSH': '/root/.oh-my-bash', '_': '/usr/bin/colcon', 'ROS_VERSION': '2', 'TERM': 'xterm', 'DRIVER_WS': '/robot_ws', 'PATH': '/usr/lib/ccache:/opt/ros/jazzy/opt/gz_tools_vendor/bin:/opt/ros/jazzy/bin:/usr/local/sbin:/usr/local/bin:/usr/sbin:/usr/bin:/sbin:/bin', 'ydlidar_sdk_DIR': '/usr/lib/cmake/ydlidar_sdk', 'HISTSIZE': '2147450879', 'LANG': 'C.UTF-8', 'LS_COLORS': 'rs=0:di=01;34:ln=01;36:mh=00:pi=40;33:so=01;35:do=01;35:bd=40;33;01:cd=40;33;01:or=40;31;01:mi=00:su=37;41:sg=30;43:ca=00:tw=30;42:ow=34;42:st=37;44:ex=01;32:*.tar=01;31:*.tgz=01;31:*.arc=01;31:*.arj=01;31:*.taz=01;31:*.lha=01;31:*.lz4=01;31:*.lzh=01;31:*.lzma=01;31:*.tlz=01;31:*.txz=01;31:*.tzo=01;31:*.t7z=01;31:*.zip=01;31:*.z=01;31:*.dz=01;31:*.gz=01;31:*.lrz=01;31:*.lz=01;31:*.lzo=01;31:*.xz=01;31:*.zst=01;31:*.tzst=01;31:*.bz2=01;31:*.bz=01;31:*.tbz=01;31:*.tbz2=01;31:*.tz=01;31:*.deb=01;31:*.rpm=01;31:*.jar=01;31:*.war=01;31:*.ear=01;31:*.sar=01;31:*.rar=01;31:*.alz=01;31:*.ace=01;31:*.zoo=01;31:*.cpio=01;31:*.7z=01;31:*.rz=01;31:*.cab=01;31:*.wim=01;31:*.swm=01;31:*.dwm=01;31:*.esd=01;31:*.avif=01;35:*.jpg=01;35:*.jpeg=01;35:*.mjpg=01;35:*.mjpeg=01;35:*.gif=01;35:*.bmp=01;35:*.pbm=01;35:*.pgm=01;35:*.ppm=01;35:*.tga=01;35:*.xbm=01;35:*.xpm=01;35:*.tif=01;35:*.tiff=01;35:*.png=01;35:*.svg=01;35:*.svgz=01;35:*.mng=01;35:*.pcx=01;35:*.mov=01;35:*.mpg=01;35:*.mpeg=01;35:*.m2v=01;35:*.mkv=01;35:*.webm=01;35:*.webp=01;35:*.ogm=01;35:*.mp4=01;35:*.m4v=01;35:*.mp4v=01;35:*.vob=01;35:*.qt=01;35:*.nuv=01;35:*.wmv=01;35:*.asf=01;35:*.rm=01;35:*.rmvb=01;35:*.flc=01;35:*.avi=01;35:*.fli=01;35:*.flv=01;35:*.gl=01;35:*.dl=01;35:*.xcf=01;35:*.xwd=01;35:*.yuv=01;35:*.cgm=01;35:*.emf=01;35:*.ogv=01;35:*.ogx=01;35:*.aac=00;36:*.au=00;36:*.flac=00;36:*.m4a=00;36:*.mid=00;36:*.midi=00;36:*.mka=00;36:*.mp3=00;36:*.mpc=00;36:*.ogg=00;36:*.ra=00;36:*.wav=00;36:*.oga=00;36:*.opus=00;36:*.spx=00;36:*.xspf=00;36:*~=00;90:*#=00;90:*.bak=00;90:*.crdownload=00;90:*.dpkg-dist=00;90:*.dpkg-new=00;90:*.dpkg-old=00;90:*.dpkg-tmp=00;90:*.old=00;90:*.orig=00;90:*.part=00;90:*.rej=00;90:*.rpmnew=00;90:*.rpmorig=00;90:*.rpmsave=00;90:*.swp=00;90:*.tmp=00;90:*.ucf-dist=00;90:*.ucf-new=00;90:*.ucf-old=00;90:', 'ROS_DOMAIN_ID': '0', 'AMENT_PREFIX_PATH': '/opt/ros/jazzy', 'ROS_AUTOMATIC_DISCOVERY_RANGE': 'SUBNET', 'PWD': '/workspaces/build/wildbot_localization', 'LC_ALL': 'C.UTF-8', 'PYTHONPATH': '/opt/ros/jazzy/lib/python3.12/site-packages', 'COLCON': '1', 'CMAKE_PREFIX_PATH': '/opt/ros/jazzy/opt/sdformat_vendor:/opt/ros/jazzy/opt/gz_math_vendor:/opt/ros/jazzy/opt/gz_utils_vendor:/opt/ros/jazzy/opt/gz_tools_vendor:/opt/ros/jazzy/opt/gz_cmake_vendor:/opt/ros/jazzy', 'ROS2_WS': '/workspaces'}), 'shell': False}
[0.247479] (wildbot_slam) JobProgress: {'identifier': 'wildbot_slam', 'progress': 'cmake'}
[0.247888] (wildbot_slam) Command: {'cmd': ['/usr/bin/cmake', '/workspaces/workspaces/src/wildbot_slam', '-DAMENT_CMAKE_SYMLINK_INSTALL=1', '-DCMAKE_INSTALL_PREFIX=/workspaces/install/wildbot_slam'], 'cwd': '/workspaces/build/wildbot_slam', 'env': OrderedDict({'HISTFILESIZE': '2147450879', 'GZ_CONFIG_PATH': '/opt/ros/jazzy/opt/sdformat_vendor/share/gz', 'HOSTNAME': '1c8bd271465b', 'SHLVL': '1', 'LD_LIBRARY_PATH': '/opt/ros/jazzy/opt/sdformat_vendor/lib:/opt/ros/jazzy/opt/rviz_ogre_vendor/lib:/opt/ros/jazzy/lib/x86_64-linux-gnu:/opt/ros/jazzy/opt/gz_math_vendor/lib:/opt/ros/jazzy/opt/gz_utils_vendor/lib:/opt/ros/jazzy/opt/gz_tools_vendor/lib:/opt/ros/jazzy/opt/gz_cmake_vendor/lib:/opt/ros/jazzy/lib', 'LESS': '-R', 'HOME': '/root', 'LSCOLORS': 'Gxfxcxdxdxegedabagacad', 'ROS_PYTHON_VERSION': '3', 'PAGER': 'less', 'ROS_DISTRO': 'jazzy', 'OSH': '/root/.oh-my-bash', '_': '/usr/bin/colcon', 'ROS_VERSION': '2', 'TERM': 'xterm', 'DRIVER_WS': '/robot_ws', 'PATH': '/usr/lib/ccache:/opt/ros/jazzy/opt/gz_tools_vendor/bin:/opt/ros/jazzy/bin:/usr/local/sbin:/usr/local/bin:/usr/sbin:/usr/bin:/sbin:/bin', 'ydlidar_sdk_DIR': '/usr/lib/cmake/ydlidar_sdk', 'HISTSIZE': '2147450879', 'LANG': 'C.UTF-8', 'LS_COLORS': 'rs=0:di=01;34:ln=01;36:mh=00:pi=40;33:so=01;35:do=01;35:bd=40;33;01:cd=40;33;01:or=40;31;01:mi=00:su=37;41:sg=30;43:ca=00:tw=30;42:ow=34;42:st=37;44:ex=01;32:*.tar=01;31:*.tgz=01;31:*.arc=01;31:*.arj=01;31:*.taz=01;31:*.lha=01;31:*.lz4=01;31:*.lzh=01;31:*.lzma=01;31:*.tlz=01;31:*.txz=01;31:*.tzo=01;31:*.t7z=01;31:*.zip=01;31:*.z=01;31:*.dz=01;31:*.gz=01;31:*.lrz=01;31:*.lz=01;31:*.lzo=01;31:*.xz=01;31:*.zst=01;31:*.tzst=01;31:*.bz2=01;31:*.bz=01;31:*.tbz=01;31:*.tbz2=01;31:*.tz=01;31:*.deb=01;31:*.rpm=01;31:*.jar=01;31:*.war=01;31:*.ear=01;31:*.sar=01;31:*.rar=01;31:*.alz=01;31:*.ace=01;31:*.zoo=01;31:*.cpio=01;31:*.7z=01;31:*.rz=01;31:*.cab=01;31:*.wim=01;31:*.swm=01;31:*.dwm=01;31:*.esd=01;31:*.avif=01;35:*.jpg=01;35:*.jpeg=01;35:*.mjpg=01;35:*.mjpeg=01;35:*.gif=01;35:*.bmp=01;35:*.pbm=01;35:*.pgm=01;35:*.ppm=01;35:*.tga=01;35:*.xbm=01;35:*.xpm=01;35:*.tif=01;35:*.tiff=01;35:*.png=01;35:*.svg=01;35:*.svgz=01;35:*.mng=01;35:*.pcx=01;35:*.mov=01;35:*.mpg=01;35:*.mpeg=01;35:*.m2v=01;35:*.mkv=01;35:*.webm=01;35:*.webp=01;35:*.ogm=01;35:*.mp4=01;35:*.m4v=01;35:*.mp4v=01;35:*.vob=01;35:*.qt=01;35:*.nuv=01;35:*.wmv=01;35:*.asf=01;35:*.rm=01;35:*.rmvb=01;35:*.flc=01;35:*.avi=01;35:*.fli=01;35:*.flv=01;35:*.gl=01;35:*.dl=01;35:*.xcf=01;35:*.xwd=01;35:*.yuv=01;35:*.cgm=01;35:*.emf=01;35:*.ogv=01;35:*.ogx=01;35:*.aac=00;36:*.au=00;36:*.flac=00;36:*.m4a=00;36:*.mid=00;36:*.midi=00;36:*.mka=00;36:*.mp3=00;36:*.mpc=00;36:*.ogg=00;36:*.ra=00;36:*.wav=00;36:*.oga=00;36:*.opus=00;36:*.spx=00;36:*.xspf=00;36:*~=00;90:*#=00;90:*.bak=00;90:*.crdownload=00;90:*.dpkg-dist=00;90:*.dpkg-new=00;90:*.dpkg-old=00;90:*.dpkg-tmp=00;90:*.old=00;90:*.orig=00;90:*.part=00;90:*.rej=00;90:*.rpmnew=00;90:*.rpmorig=00;90:*.rpmsave=00;90:*.swp=00;90:*.tmp=00;90:*.ucf-dist=00;90:*.ucf-new=00;90:*.ucf-old=00;90:', 'ROS_DOMAIN_ID': '0', 'AMENT_PREFIX_PATH': '/opt/ros/jazzy', 'ROS_AUTOMATIC_DISCOVERY_RANGE': 'SUBNET', 'PWD': '/workspaces/build/wildbot_slam', 'LC_ALL': 'C.UTF-8', 'PYTHONPATH': '/opt/ros/jazzy/lib/python3.12/site-packages', 'COLCON': '1', 'CMAKE_PREFIX_PATH': '/opt/ros/jazzy/opt/sdformat_vendor:/opt/ros/jazzy/opt/gz_math_vendor:/opt/ros/jazzy/opt/gz_utils_vendor:/opt/ros/jazzy/opt/gz_tools_vendor:/opt/ros/jazzy/opt/gz_cmake_vendor:/opt/ros/jazzy', 'ROS2_WS': '/workspaces'}), 'shell': False}
[0.249497] (yolo_msgs) StdoutLine: {'line': b'[  0%] Built target yolo_msgs__rosidl_generator_type_description\n'}
[0.250127] (yolo_msgs) StdoutLine: {'line': b'[  0%] Built target ament_cmake_python_symlink_yolo_msgs\n'}
[0.250352] (yolo_msgs) StdoutLine: {'line': b'[  0%] Built target yolo_msgs__cpp\n'}
[0.250598] (yolo_msgs) StdoutLine: {'line': b'[ 26%] Built target yolo_msgs__rosidl_generator_c\n'}
[0.250783] (yolo_msgs) StdoutLine: {'line': b'[ 36%] Built target yolo_msgs__rosidl_typesupport_cpp\n'}
[0.251016] (yolo_msgs) StdoutLine: {'line': b'[ 46%] Built target yolo_msgs__rosidl_typesupport_c\n'}
[0.251436] (yolo_msgs) StdoutLine: {'line': b'[ 55%] Built target yolo_msgs__rosidl_typesupport_fastrtps_c\n'}
[0.251543] (yolo_msgs) StdoutLine: {'line': b'[ 65%] Built target yolo_msgs__rosidl_typesupport_introspection_c\n'}
[0.251721] (yolo_msgs) StdoutLine: {'line': b'[ 84%] Built target yolo_msgs__rosidl_typesupport_fastrtps_cpp\n'}
[0.251887] (yolo_msgs) StdoutLine: {'line': b'[ 85%] Built target yolo_msgs__rosidl_typesupport_introspection_cpp\n'}
[0.251964] (yolo_msgs) StdoutLine: {'line': b'[ 85%] Built target yolo_msgs\n'}
[0.252180] (yolo_msgs) StdoutLine: {'line': b'[ 86%] Built target yolo_msgs__py\n'}
[0.252246] (yolo_msgs) StdoutLine: {'line': b'[ 96%] Built target yolo_msgs__rosidl_generator_py\n'}
[0.252292] (yolo_msgs) StdoutLine: {'line': b'running egg_info\n'}
[0.252337] (yolo_msgs) StdoutLine: {'line': b'[ 97%] Built target yolo_msgs_s__rosidl_typesupport_fastrtps_c\n'}
[0.252382] (yolo_msgs) StdoutLine: {'line': b'writing yolo_msgs.egg-info/PKG-INFO\n'}
[0.252430] (yolo_msgs) StdoutLine: {'line': b'writing dependency_links to yolo_msgs.egg-info/dependency_links.txt\n'}
[0.252476] (yolo_msgs) StdoutLine: {'line': b'writing top-level names to yolo_msgs.egg-info/top_level.txt\n'}
[0.252521] (yolo_msgs) StdoutLine: {'line': b'[100%] Built target yolo_msgs_s__rosidl_typesupport_c\n'}
[0.252595] (yolo_msgs) StdoutLine: {'line': b'[100%] Built target yolo_msgs_s__rosidl_typesupport_introspection_c\n'}
[0.252652] (yolo_msgs) StdoutLine: {'line': b"reading manifest file 'yolo_msgs.egg-info/SOURCES.txt'\n"}
[0.252697] (yolo_msgs) StdoutLine: {'line': b"writing manifest file 'yolo_msgs.egg-info/SOURCES.txt'\n"}
[0.252741] (yolo_msgs) StdoutLine: {'line': b'[100%] Built target ament_cmake_python_build_yolo_msgs_egg\n'}
[0.252791] (yolo_msgs) CommandEnded: {'returncode': 0}
[0.253040] (yolo_msgs) JobProgress: {'identifier': 'yolo_msgs', 'progress': 'install'}
[0.255041] (wildbot_slam) StdoutLine: {'line': b'-- Found ament_cmake: 2.5.5 (/opt/ros/jazzy/share/ament_cmake/cmake)\n'}
[0.255948] (wildbot_localization) StdoutLine: {'line': b'-- Found ament_cmake: 2.5.5 (/opt/ros/jazzy/share/ament_cmake/cmake)\n'}
[0.259951] (yolo_msgs) Command: {'cmd': ['/usr/bin/cmake', '--install', '/workspaces/build/yolo_msgs'], 'cwd': '/workspaces/build/yolo_msgs', 'env': OrderedDict({'HISTFILESIZE': '2147450879', 'GZ_CONFIG_PATH': '/opt/ros/jazzy/opt/sdformat_vendor/share/gz', 'HOSTNAME': '1c8bd271465b', 'SHLVL': '1', 'LD_LIBRARY_PATH': '/opt/ros/jazzy/opt/sdformat_vendor/lib:/opt/ros/jazzy/opt/rviz_ogre_vendor/lib:/opt/ros/jazzy/lib/x86_64-linux-gnu:/opt/ros/jazzy/opt/gz_math_vendor/lib:/opt/ros/jazzy/opt/gz_utils_vendor/lib:/opt/ros/jazzy/opt/gz_tools_vendor/lib:/opt/ros/jazzy/opt/gz_cmake_vendor/lib:/opt/ros/jazzy/lib', 'LESS': '-R', 'HOME': '/root', 'LSCOLORS': 'Gxfxcxdxdxegedabagacad', 'ROS_PYTHON_VERSION': '3', 'PAGER': 'less', 'ROS_DISTRO': 'jazzy', 'OSH': '/root/.oh-my-bash', '_': '/usr/bin/colcon', 'ROS_VERSION': '2', 'TERM': 'xterm', 'DRIVER_WS': '/robot_ws', 'PATH': '/usr/lib/ccache:/opt/ros/jazzy/opt/gz_tools_vendor/bin:/opt/ros/jazzy/bin:/usr/local/sbin:/usr/local/bin:/usr/sbin:/usr/bin:/sbin:/bin', 'ydlidar_sdk_DIR': '/usr/lib/cmake/ydlidar_sdk', 'HISTSIZE': '2147450879', 'LANG': 'C.UTF-8', 'LS_COLORS': 'rs=0:di=01;34:ln=01;36:mh=00:pi=40;33:so=01;35:do=01;35:bd=40;33;01:cd=40;33;01:or=40;31;01:mi=00:su=37;41:sg=30;43:ca=00:tw=30;42:ow=34;42:st=37;44:ex=01;32:*.tar=01;31:*.tgz=01;31:*.arc=01;31:*.arj=01;31:*.taz=01;31:*.lha=01;31:*.lz4=01;31:*.lzh=01;31:*.lzma=01;31:*.tlz=01;31:*.txz=01;31:*.tzo=01;31:*.t7z=01;31:*.zip=01;31:*.z=01;31:*.dz=01;31:*.gz=01;31:*.lrz=01;31:*.lz=01;31:*.lzo=01;31:*.xz=01;31:*.zst=01;31:*.tzst=01;31:*.bz2=01;31:*.bz=01;31:*.tbz=01;31:*.tbz2=01;31:*.tz=01;31:*.deb=01;31:*.rpm=01;31:*.jar=01;31:*.war=01;31:*.ear=01;31:*.sar=01;31:*.rar=01;31:*.alz=01;31:*.ace=01;31:*.zoo=01;31:*.cpio=01;31:*.7z=01;31:*.rz=01;31:*.cab=01;31:*.wim=01;31:*.swm=01;31:*.dwm=01;31:*.esd=01;31:*.avif=01;35:*.jpg=01;35:*.jpeg=01;35:*.mjpg=01;35:*.mjpeg=01;35:*.gif=01;35:*.bmp=01;35:*.pbm=01;35:*.pgm=01;35:*.ppm=01;35:*.tga=01;35:*.xbm=01;35:*.xpm=01;35:*.tif=01;35:*.tiff=01;35:*.png=01;35:*.svg=01;35:*.svgz=01;35:*.mng=01;35:*.pcx=01;35:*.mov=01;35:*.mpg=01;35:*.mpeg=01;35:*.m2v=01;35:*.mkv=01;35:*.webm=01;35:*.webp=01;35:*.ogm=01;35:*.mp4=01;35:*.m4v=01;35:*.mp4v=01;35:*.vob=01;35:*.qt=01;35:*.nuv=01;35:*.wmv=01;35:*.asf=01;35:*.rm=01;35:*.rmvb=01;35:*.flc=01;35:*.avi=01;35:*.fli=01;35:*.flv=01;35:*.gl=01;35:*.dl=01;35:*.xcf=01;35:*.xwd=01;35:*.yuv=01;35:*.cgm=01;35:*.emf=01;35:*.ogv=01;35:*.ogx=01;35:*.aac=00;36:*.au=00;36:*.flac=00;36:*.m4a=00;36:*.mid=00;36:*.midi=00;36:*.mka=00;36:*.mp3=00;36:*.mpc=00;36:*.ogg=00;36:*.ra=00;36:*.wav=00;36:*.oga=00;36:*.opus=00;36:*.spx=00;36:*.xspf=00;36:*~=00;90:*#=00;90:*.bak=00;90:*.crdownload=00;90:*.dpkg-dist=00;90:*.dpkg-new=00;90:*.dpkg-old=00;90:*.dpkg-tmp=00;90:*.old=00;90:*.orig=00;90:*.part=00;90:*.rej=00;90:*.rpmnew=00;90:*.rpmorig=00;90:*.rpmsave=00;90:*.swp=00;90:*.tmp=00;90:*.ucf-dist=00;90:*.ucf-new=00;90:*.ucf-old=00;90:', 'ROS_DOMAIN_ID': '0', 'AMENT_PREFIX_PATH': '/opt/ros/jazzy', 'ROS_AUTOMATIC_DISCOVERY_RANGE': 'SUBNET', 'PWD': '/workspaces/build/yolo_msgs', 'LC_ALL': 'C.UTF-8', 'PYTHONPATH': '/opt/ros/jazzy/lib/python3.12/site-packages', 'COLCON': '1', 'CMAKE_PREFIX_PATH': '/opt/ros/jazzy/opt/sdformat_vendor:/opt/ros/jazzy/opt/gz_math_vendor:/opt/ros/jazzy/opt/gz_utils_vendor:/opt/ros/jazzy/opt/gz_tools_vendor:/opt/ros/jazzy/opt/gz_cmake_vendor:/opt/ros/jazzy', 'ROS2_WS': '/workspaces'}), 'shell': False}
[0.260855] (ydlidar_ros2_driver) JobProgress: {'identifier': 'ydlidar_ros2_driver', 'progress': 'cmake'}
[0.261240] (ydlidar_ros2_driver) JobProgress: {'identifier': 'ydlidar_ros2_driver', 'progress': 'build'}
[0.261576] (ydlidar_ros2_driver) Command: {'cmd': ['/usr/bin/cmake', '--build', '/workspaces/build/ydlidar_ros2_driver', '--', '-j16', '-l16'], 'cwd': '/workspaces/build/ydlidar_ros2_driver', 'env': OrderedDict({'HISTFILESIZE': '2147450879', 'GZ_CONFIG_PATH': '/opt/ros/jazzy/opt/sdformat_vendor/share/gz', 'HOSTNAME': '1c8bd271465b', 'SHLVL': '1', 'LD_LIBRARY_PATH': '/opt/ros/jazzy/opt/sdformat_vendor/lib:/opt/ros/jazzy/opt/rviz_ogre_vendor/lib:/opt/ros/jazzy/lib/x86_64-linux-gnu:/opt/ros/jazzy/opt/gz_math_vendor/lib:/opt/ros/jazzy/opt/gz_utils_vendor/lib:/opt/ros/jazzy/opt/gz_tools_vendor/lib:/opt/ros/jazzy/opt/gz_cmake_vendor/lib:/opt/ros/jazzy/lib', 'LESS': '-R', 'HOME': '/root', 'LSCOLORS': 'Gxfxcxdxdxegedabagacad', 'ROS_PYTHON_VERSION': '3', 'PAGER': 'less', 'ROS_DISTRO': 'jazzy', 'OSH': '/root/.oh-my-bash', '_': '/usr/bin/colcon', 'ROS_VERSION': '2', 'TERM': 'xterm', 'DRIVER_WS': '/robot_ws', 'PATH': '/usr/lib/ccache:/opt/ros/jazzy/opt/gz_tools_vendor/bin:/opt/ros/jazzy/bin:/usr/local/sbin:/usr/local/bin:/usr/sbin:/usr/bin:/sbin:/bin', 'ydlidar_sdk_DIR': '/usr/lib/cmake/ydlidar_sdk', 'HISTSIZE': '2147450879', 'LANG': 'C.UTF-8', 'LS_COLORS': 'rs=0:di=01;34:ln=01;36:mh=00:pi=40;33:so=01;35:do=01;35:bd=40;33;01:cd=40;33;01:or=40;31;01:mi=00:su=37;41:sg=30;43:ca=00:tw=30;42:ow=34;42:st=37;44:ex=01;32:*.tar=01;31:*.tgz=01;31:*.arc=01;31:*.arj=01;31:*.taz=01;31:*.lha=01;31:*.lz4=01;31:*.lzh=01;31:*.lzma=01;31:*.tlz=01;31:*.txz=01;31:*.tzo=01;31:*.t7z=01;31:*.zip=01;31:*.z=01;31:*.dz=01;31:*.gz=01;31:*.lrz=01;31:*.lz=01;31:*.lzo=01;31:*.xz=01;31:*.zst=01;31:*.tzst=01;31:*.bz2=01;31:*.bz=01;31:*.tbz=01;31:*.tbz2=01;31:*.tz=01;31:*.deb=01;31:*.rpm=01;31:*.jar=01;31:*.war=01;31:*.ear=01;31:*.sar=01;31:*.rar=01;31:*.alz=01;31:*.ace=01;31:*.zoo=01;31:*.cpio=01;31:*.7z=01;31:*.rz=01;31:*.cab=01;31:*.wim=01;31:*.swm=01;31:*.dwm=01;31:*.esd=01;31:*.avif=01;35:*.jpg=01;35:*.jpeg=01;35:*.mjpg=01;35:*.mjpeg=01;35:*.gif=01;35:*.bmp=01;35:*.pbm=01;35:*.pgm=01;35:*.ppm=01;35:*.tga=01;35:*.xbm=01;35:*.xpm=01;35:*.tif=01;35:*.tiff=01;35:*.png=01;35:*.svg=01;35:*.svgz=01;35:*.mng=01;35:*.pcx=01;35:*.mov=01;35:*.mpg=01;35:*.mpeg=01;35:*.m2v=01;35:*.mkv=01;35:*.webm=01;35:*.webp=01;35:*.ogm=01;35:*.mp4=01;35:*.m4v=01;35:*.mp4v=01;35:*.vob=01;35:*.qt=01;35:*.nuv=01;35:*.wmv=01;35:*.asf=01;35:*.rm=01;35:*.rmvb=01;35:*.flc=01;35:*.avi=01;35:*.fli=01;35:*.flv=01;35:*.gl=01;35:*.dl=01;35:*.xcf=01;35:*.xwd=01;35:*.yuv=01;35:*.cgm=01;35:*.emf=01;35:*.ogv=01;35:*.ogx=01;35:*.aac=00;36:*.au=00;36:*.flac=00;36:*.m4a=00;36:*.mid=00;36:*.midi=00;36:*.mka=00;36:*.mp3=00;36:*.mpc=00;36:*.ogg=00;36:*.ra=00;36:*.wav=00;36:*.oga=00;36:*.opus=00;36:*.spx=00;36:*.xspf=00;36:*~=00;90:*#=00;90:*.bak=00;90:*.crdownload=00;90:*.dpkg-dist=00;90:*.dpkg-new=00;90:*.dpkg-old=00;90:*.dpkg-tmp=00;90:*.old=00;90:*.orig=00;90:*.part=00;90:*.rej=00;90:*.rpmnew=00;90:*.rpmorig=00;90:*.rpmsave=00;90:*.swp=00;90:*.tmp=00;90:*.ucf-dist=00;90:*.ucf-new=00;90:*.ucf-old=00;90:', 'ROS_DOMAIN_ID': '0', 'AMENT_PREFIX_PATH': '/opt/ros/jazzy', 'ROS_AUTOMATIC_DISCOVERY_RANGE': 'SUBNET', 'PWD': '/workspaces/build/ydlidar_ros2_driver', 'LC_ALL': 'C.UTF-8', 'PYTHONPATH': '/opt/ros/jazzy/lib/python3.12/site-packages', 'COLCON': '1', 'CMAKE_PREFIX_PATH': '/opt/ros/jazzy/opt/sdformat_vendor:/opt/ros/jazzy/opt/gz_math_vendor:/opt/ros/jazzy/opt/gz_utils_vendor:/opt/ros/jazzy/opt/gz_tools_vendor:/opt/ros/jazzy/opt/gz_cmake_vendor:/opt/ros/jazzy', 'ROS2_WS': '/workspaces'}), 'shell': False}
[0.266836] (yolo_msgs) StdoutLine: {'line': b'-- Install configuration: ""\n'}
[0.267531] (yolo_msgs) StdoutLine: {'line': b'-- Execute custom install script\n'}
[0.267828] (yolo_msgs) StdoutLine: {'line': b'-- Up-to-date symlink: /workspaces/install/yolo_msgs/share/ament_index/resource_index/rosidl_interfaces/yolo_msgs\n'}
[0.267991] (yolo_msgs) StdoutLine: {'line': b'-- Up-to-date symlink: /workspaces/install/yolo_msgs/share/yolo_msgs/msg/Point2D.json\n'}
[0.268148] (yolo_msgs) StdoutLine: {'line': b'-- Up-to-date symlink: /workspaces/install/yolo_msgs/share/yolo_msgs/msg/Vector2.json\n'}
[0.268308] (yolo_msgs) StdoutLine: {'line': b'-- Up-to-date symlink: /workspaces/install/yolo_msgs/share/yolo_msgs/msg/Pose2D.json\n'}
[0.268457] (yolo_msgs) StdoutLine: {'line': b'-- Up-to-date symlink: /workspaces/install/yolo_msgs/share/yolo_msgs/msg/BoundingBox2D.json\n'}
[0.268603] (yolo_msgs) StdoutLine: {'line': b'-- Up-to-date symlink: /workspaces/install/yolo_msgs/share/yolo_msgs/msg/BoundingBox3D.json\n'}
[0.268795] (yolo_msgs) StdoutLine: {'line': b'-- Up-to-date symlink: /workspaces/install/yolo_msgs/share/yolo_msgs/msg/Mask.json\n'}
[0.268970] (yolo_msgs) StdoutLine: {'line': b'-- Up-to-date symlink: /workspaces/install/yolo_msgs/share/yolo_msgs/msg/KeyPoint2D.json\n'}
[0.269122] (yolo_msgs) StdoutLine: {'line': b'-- Up-to-date symlink: /workspaces/install/yolo_msgs/share/yolo_msgs/msg/KeyPoint2DArray.json\n'}
[0.269254] (yolo_msgs) StdoutLine: {'line': b'-- Up-to-date symlink: /workspaces/install/yolo_msgs/share/yolo_msgs/msg/KeyPoint3D.json\n'}
[0.269355] (yolo_msgs) StdoutLine: {'line': b'-- Up-to-date symlink: /workspaces/install/yolo_msgs/share/yolo_msgs/msg/KeyPoint3DArray.json\n'}
[0.269476] (yolo_msgs) StdoutLine: {'line': b'-- Up-to-date symlink: /workspaces/install/yolo_msgs/share/yolo_msgs/msg/Detection.json\n'}
[0.269694] (yolo_msgs) StdoutLine: {'line': b'-- Up-to-date symlink: /workspaces/install/yolo_msgs/share/yolo_msgs/msg/DetectionArray.json\n'}
[0.269782] (yolo_msgs) StdoutLine: {'line': b'-- Up-to-date symlink: /workspaces/install/yolo_msgs/share/yolo_msgs/srv/SetClasses.json\n'}
[0.271089] (yolo_msgs) StdoutLine: {'line': b'-- Up-to-date symlink: /workspaces/install/yolo_msgs/include/yolo_msgs/yolo_msgs/msg/bounding_box2_d.h\n'}
[0.271152] (yolo_msgs) StdoutLine: {'line': b'-- Up-to-date symlink: /workspaces/install/yolo_msgs/include/yolo_msgs/yolo_msgs/msg/bounding_box3_d.h\n'}
[0.271219] (yolo_msgs) StdoutLine: {'line': b'-- Up-to-date symlink: /workspaces/install/yolo_msgs/include/yolo_msgs/yolo_msgs/msg/detail/bounding_box2_d__functions.h\n'}
[0.271285] (yolo_msgs) StdoutLine: {'line': b'-- Up-to-date symlink: /workspaces/install/yolo_msgs/include/yolo_msgs/yolo_msgs/msg/detail/bounding_box2_d__struct.h\n'}
[0.271351] (yolo_msgs) StdoutLine: {'line': b'-- Up-to-date symlink: /workspaces/install/yolo_msgs/include/yolo_msgs/yolo_msgs/msg/detail/bounding_box2_d__type_support.h\n'}
[0.271415] (yolo_msgs) StdoutLine: {'line': b'-- Up-to-date symlink: /workspaces/install/yolo_msgs/include/yolo_msgs/yolo_msgs/msg/detail/bounding_box3_d__functions.h\n'}
[0.271486] (yolo_msgs) StdoutLine: {'line': b'-- Up-to-date symlink: /workspaces/install/yolo_msgs/include/yolo_msgs/yolo_msgs/msg/detail/bounding_box3_d__struct.h\n'}
[0.271552] (yolo_msgs) StdoutLine: {'line': b'-- Up-to-date symlink: /workspaces/install/yolo_msgs/include/yolo_msgs/yolo_msgs/msg/detail/bounding_box3_d__type_support.h\n'}
[0.271617] (yolo_msgs) StdoutLine: {'line': b'-- Up-to-date symlink: /workspaces/install/yolo_msgs/include/yolo_msgs/yolo_msgs/msg/detail/detection__functions.h\n'}
[0.271691] (yolo_msgs) StdoutLine: {'line': b'-- Up-to-date symlink: /workspaces/install/yolo_msgs/include/yolo_msgs/yolo_msgs/msg/detail/detection__struct.h\n'}
[0.271756] (yolo_msgs) StdoutLine: {'line': b'-- Up-to-date symlink: /workspaces/install/yolo_msgs/include/yolo_msgs/yolo_msgs/msg/detail/detection__type_support.h\n'}
[0.271819] (yolo_msgs) StdoutLine: {'line': b'-- Up-to-date symlink: /workspaces/install/yolo_msgs/include/yolo_msgs/yolo_msgs/msg/detail/detection_array__functions.h\n'}
[0.271883] (yolo_msgs) StdoutLine: {'line': b'-- Up-to-date symlink: /workspaces/install/yolo_msgs/include/yolo_msgs/yolo_msgs/msg/detail/detection_array__struct.h\n'}
[0.271946] (yolo_msgs) StdoutLine: {'line': b'-- Up-to-date symlink: /workspaces/install/yolo_msgs/include/yolo_msgs/yolo_msgs/msg/detail/detection_array__type_support.h\n'}
[0.272015] (yolo_msgs) StdoutLine: {'line': b'-- Up-to-date symlink: /workspaces/install/yolo_msgs/include/yolo_msgs/yolo_msgs/msg/detail/key_point2_d__functions.h\n'}
[0.272081] (yolo_msgs) StdoutLine: {'line': b'-- Up-to-date symlink: /workspaces/install/yolo_msgs/include/yolo_msgs/yolo_msgs/msg/detail/key_point2_d__struct.h\n'}
[0.272149] (yolo_msgs) StdoutLine: {'line': b'-- Up-to-date symlink: /workspaces/install/yolo_msgs/include/yolo_msgs/yolo_msgs/msg/detail/key_point2_d__type_support.h\n'}
[0.272209] (yolo_msgs) StdoutLine: {'line': b'-- Up-to-date symlink: /workspaces/install/yolo_msgs/include/yolo_msgs/yolo_msgs/msg/detail/key_point2_d_array__functions.h\n'}
[0.272271] (yolo_msgs) StdoutLine: {'line': b'-- Up-to-date symlink: /workspaces/install/yolo_msgs/include/yolo_msgs/yolo_msgs/msg/detail/key_point2_d_array__struct.h\n'}
[0.272336] (yolo_msgs) StdoutLine: {'line': b'-- Up-to-date symlink: /workspaces/install/yolo_msgs/include/yolo_msgs/yolo_msgs/msg/detail/key_point2_d_array__type_support.h\n'}
[0.272404] (yolo_msgs) StdoutLine: {'line': b'-- Up-to-date symlink: /workspaces/install/yolo_msgs/include/yolo_msgs/yolo_msgs/msg/detail/key_point3_d__functions.h\n'}
[0.272468] (yolo_msgs) StdoutLine: {'line': b'-- Up-to-date symlink: /workspaces/install/yolo_msgs/include/yolo_msgs/yolo_msgs/msg/detail/key_point3_d__struct.h\n'}
[0.272538] (yolo_msgs) StdoutLine: {'line': b'-- Up-to-date symlink: /workspaces/install/yolo_msgs/include/yolo_msgs/yolo_msgs/msg/detail/key_point3_d__type_support.h\n'}
[0.272608] (yolo_msgs) StdoutLine: {'line': b'-- Up-to-date symlink: /workspaces/install/yolo_msgs/include/yolo_msgs/yolo_msgs/msg/detail/key_point3_d_array__functions.h\n'}
[0.272675] (yolo_msgs) StdoutLine: {'line': b'-- Up-to-date symlink: /workspaces/install/yolo_msgs/include/yolo_msgs/yolo_msgs/msg/detail/key_point3_d_array__struct.h\n'}
[0.272742] (yolo_msgs) StdoutLine: {'line': b'-- Up-to-date symlink: /workspaces/install/yolo_msgs/include/yolo_msgs/yolo_msgs/msg/detail/key_point3_d_array__type_support.h\n'}
[0.272808] (yolo_msgs) StdoutLine: {'line': b'-- Up-to-date symlink: /workspaces/install/yolo_msgs/include/yolo_msgs/yolo_msgs/msg/detail/mask__functions.h\n'}
[0.272868] (yolo_msgs) StdoutLine: {'line': b'-- Up-to-date symlink: /workspaces/install/yolo_msgs/include/yolo_msgs/yolo_msgs/msg/detail/mask__struct.h\n'}
[0.272937] (yolo_msgs) StdoutLine: {'line': b'-- Up-to-date symlink: /workspaces/install/yolo_msgs/include/yolo_msgs/yolo_msgs/msg/detail/mask__type_support.h\n'}
[0.273002] (yolo_msgs) StdoutLine: {'line': b'-- Up-to-date symlink: /workspaces/install/yolo_msgs/include/yolo_msgs/yolo_msgs/msg/detail/point2_d__functions.h\n'}
[0.273085] (yolo_msgs) StdoutLine: {'line': b'-- Up-to-date symlink: /workspaces/install/yolo_msgs/include/yolo_msgs/yolo_msgs/msg/detail/point2_d__struct.h\n'}
[0.273188] (yolo_msgs) StdoutLine: {'line': b'-- Up-to-date symlink: /workspaces/install/yolo_msgs/include/yolo_msgs/yolo_msgs/msg/detail/point2_d__type_support.h\n'}
[0.273243] (yolo_msgs) StdoutLine: {'line': b'-- Up-to-date symlink: /workspaces/install/yolo_msgs/include/yolo_msgs/yolo_msgs/msg/detail/pose2_d__functions.h\n'}
[0.273300] (yolo_msgs) StdoutLine: {'line': b'-- Up-to-date symlink: /workspaces/install/yolo_msgs/include/yolo_msgs/yolo_msgs/msg/detail/pose2_d__struct.h\n'}
[0.273353] (yolo_msgs) StdoutLine: {'line': b'-- Up-to-date symlink: /workspaces/install/yolo_msgs/include/yolo_msgs/yolo_msgs/msg/detail/pose2_d__type_support.h\n'}
[0.273401] (yolo_msgs) StdoutLine: {'line': b'-- Up-to-date symlink: /workspaces/install/yolo_msgs/include/yolo_msgs/yolo_msgs/msg/detail/vector2__functions.h\n'}
[0.273471] (yolo_msgs) StdoutLine: {'line': b'-- Up-to-date symlink: /workspaces/install/yolo_msgs/include/yolo_msgs/yolo_msgs/msg/detail/vector2__struct.h\n'}
[0.273524] (yolo_msgs) StdoutLine: {'line': b'-- Up-to-date symlink: /workspaces/install/yolo_msgs/include/yolo_msgs/yolo_msgs/msg/detail/vector2__type_support.h\n'}
[0.273591] (yolo_msgs) StdoutLine: {'line': b'-- Up-to-date symlink: /workspaces/install/yolo_msgs/include/yolo_msgs/yolo_msgs/msg/detection.h\n'}
[0.273683] (yolo_msgs) StdoutLine: {'line': b'-- Up-to-date symlink: /workspaces/install/yolo_msgs/include/yolo_msgs/yolo_msgs/msg/detection_array.h\n'}
[0.273782] (yolo_msgs) StdoutLine: {'line': b'-- Up-to-date symlink: /workspaces/install/yolo_msgs/include/yolo_msgs/yolo_msgs/msg/key_point2_d.h\n'}
[0.273840] (yolo_msgs) StdoutLine: {'line': b'-- Up-to-date symlink: /workspaces/install/yolo_msgs/include/yolo_msgs/yolo_msgs/msg/key_point2_d_array.h\n'}
[0.273891] (yolo_msgs) StdoutLine: {'line': b'-- Up-to-date symlink: /workspaces/install/yolo_msgs/include/yolo_msgs/yolo_msgs/msg/key_point3_d.h\n'}
[0.273940] (yolo_msgs) StdoutLine: {'line': b'-- Up-to-date symlink: /workspaces/install/yolo_msgs/include/yolo_msgs/yolo_msgs/msg/key_point3_d_array.h\n'}
[0.273996] (yolo_msgs) StdoutLine: {'line': b'-- Up-to-date symlink: /workspaces/install/yolo_msgs/include/yolo_msgs/yolo_msgs/msg/mask.h\n'}
[0.274059] (yolo_msgs) StdoutLine: {'line': b'-- Up-to-date symlink: /workspaces/install/yolo_msgs/include/yolo_msgs/yolo_msgs/msg/point2_d.h\n'}
[0.274132] (yolo_msgs) StdoutLine: {'line': b'-- Up-to-date symlink: /workspaces/install/yolo_msgs/include/yolo_msgs/yolo_msgs/msg/pose2_d.h\n'}
[0.274186] (yolo_msgs) StdoutLine: {'line': b'-- Up-to-date symlink: /workspaces/install/yolo_msgs/include/yolo_msgs/yolo_msgs/msg/rosidl_generator_c__visibility_control.h\n'}
[0.274250] (yolo_msgs) StdoutLine: {'line': b'-- Up-to-date symlink: /workspaces/install/yolo_msgs/include/yolo_msgs/yolo_msgs/msg/vector2.h\n'}
[0.274318] (yolo_msgs) StdoutLine: {'line': b'-- Up-to-date symlink: /workspaces/install/yolo_msgs/include/yolo_msgs/yolo_msgs/srv/detail/set_classes__functions.h\n'}
[0.274382] (yolo_msgs) StdoutLine: {'line': b'-- Up-to-date symlink: /workspaces/install/yolo_msgs/include/yolo_msgs/yolo_msgs/srv/detail/set_classes__struct.h\n'}
[0.274447] (yolo_msgs) StdoutLine: {'line': b'-- Up-to-date symlink: /workspaces/install/yolo_msgs/include/yolo_msgs/yolo_msgs/srv/detail/set_classes__type_support.h\n'}
[0.274508] (yolo_msgs) StdoutLine: {'line': b'-- Up-to-date symlink: /workspaces/install/yolo_msgs/include/yolo_msgs/yolo_msgs/srv/set_classes.h\n'}
[0.274721] (yolo_msgs) StdoutLine: {'line': b'-- Up-to-date symlink: /workspaces/install/yolo_msgs/share/yolo_msgs/environment/library_path.sh\n'}
[0.274794] (yolo_msgs) StdoutLine: {'line': b'-- Up-to-date symlink: /workspaces/install/yolo_msgs/share/yolo_msgs/environment/library_path.dsv\n'}
[0.275390] (yolo_msgs) StdoutLine: {'line': b'-- Up-to-date symlink: /workspaces/install/yolo_msgs/include/yolo_msgs/yolo_msgs/msg/detail/bounding_box2_d__rosidl_typesupport_fastrtps_c.h\n'}
[0.275466] (yolo_msgs) StdoutLine: {'line': b'-- Up-to-date symlink: /workspaces/install/yolo_msgs/include/yolo_msgs/yolo_msgs/msg/detail/bounding_box3_d__rosidl_typesupport_fastrtps_c.h\n'}
[0.275525] (yolo_msgs) StdoutLine: {'line': b'-- Up-to-date symlink: /workspaces/install/yolo_msgs/include/yolo_msgs/yolo_msgs/msg/detail/detection__rosidl_typesupport_fastrtps_c.h\n'}
[0.275584] (yolo_msgs) StdoutLine: {'line': b'-- Up-to-date symlink: /workspaces/install/yolo_msgs/include/yolo_msgs/yolo_msgs/msg/detail/detection_array__rosidl_typesupport_fastrtps_c.h\n'}
[0.275639] (yolo_msgs) StdoutLine: {'line': b'-- Up-to-date symlink: /workspaces/install/yolo_msgs/include/yolo_msgs/yolo_msgs/msg/detail/key_point2_d__rosidl_typesupport_fastrtps_c.h\n'}
[0.275713] (yolo_msgs) StdoutLine: {'line': b'-- Up-to-date symlink: /workspaces/install/yolo_msgs/include/yolo_msgs/yolo_msgs/msg/detail/key_point2_d_array__rosidl_typesupport_fastrtps_c.h\n'}
[0.275785] (yolo_msgs) StdoutLine: {'line': b'-- Up-to-date symlink: /workspaces/install/yolo_msgs/include/yolo_msgs/yolo_msgs/msg/detail/key_point3_d__rosidl_typesupport_fastrtps_c.h\n'}
[0.275856] (yolo_msgs) StdoutLine: {'line': b'-- Up-to-date symlink: /workspaces/install/yolo_msgs/include/yolo_msgs/yolo_msgs/msg/detail/key_point3_d_array__rosidl_typesupport_fastrtps_c.h\n'}
[0.275919] (yolo_msgs) StdoutLine: {'line': b'-- Up-to-date symlink: /workspaces/install/yolo_msgs/include/yolo_msgs/yolo_msgs/msg/detail/mask__rosidl_typesupport_fastrtps_c.h\n'}
[0.275982] (yolo_msgs) StdoutLine: {'line': b'-- Up-to-date symlink: /workspaces/install/yolo_msgs/include/yolo_msgs/yolo_msgs/msg/detail/point2_d__rosidl_typesupport_fastrtps_c.h\n'}
[0.276047] (yolo_msgs) StdoutLine: {'line': b'-- Up-to-date symlink: /workspaces/install/yolo_msgs/include/yolo_msgs/yolo_msgs/msg/detail/pose2_d__rosidl_typesupport_fastrtps_c.h\n'}
[0.276111] (yolo_msgs) StdoutLine: {'line': b'-- Up-to-date symlink: /workspaces/install/yolo_msgs/include/yolo_msgs/yolo_msgs/msg/detail/vector2__rosidl_typesupport_fastrtps_c.h\n'}
[0.276174] (yolo_msgs) StdoutLine: {'line': b'-- Up-to-date symlink: /workspaces/install/yolo_msgs/include/yolo_msgs/yolo_msgs/msg/rosidl_typesupport_fastrtps_c__visibility_control.h\n'}
[0.276240] (yolo_msgs) StdoutLine: {'line': b'-- Up-to-date symlink: /workspaces/install/yolo_msgs/include/yolo_msgs/yolo_msgs/srv/detail/set_classes__rosidl_typesupport_fastrtps_c.h\n'}
[0.276623] (yolo_msgs) StdoutLine: {'line': b'-- Up-to-date symlink: /workspaces/install/yolo_msgs/include/yolo_msgs/yolo_msgs/msg/detail/bounding_box2_d__rosidl_typesupport_introspection_c.h\n'}
[0.276688] (yolo_msgs) StdoutLine: {'line': b'-- Up-to-date symlink: /workspaces/install/yolo_msgs/include/yolo_msgs/yolo_msgs/msg/detail/bounding_box3_d__rosidl_typesupport_introspection_c.h\n'}
[0.276759] (yolo_msgs) StdoutLine: {'line': b'-- Up-to-date symlink: /workspaces/install/yolo_msgs/include/yolo_msgs/yolo_msgs/msg/detail/detection__rosidl_typesupport_introspection_c.h\n'}
[0.276824] (yolo_msgs) StdoutLine: {'line': b'-- Up-to-date symlink: /workspaces/install/yolo_msgs/include/yolo_msgs/yolo_msgs/msg/detail/detection_array__rosidl_typesupport_introspection_c.h\n'}
[0.276890] (yolo_msgs) StdoutLine: {'line': b'-- Up-to-date symlink: /workspaces/install/yolo_msgs/include/yolo_msgs/yolo_msgs/msg/detail/key_point2_d__rosidl_typesupport_introspection_c.h\n'}
[0.276959] (yolo_msgs) StdoutLine: {'line': b'-- Up-to-date symlink: /workspaces/install/yolo_msgs/include/yolo_msgs/yolo_msgs/msg/detail/key_point2_d_array__rosidl_typesupport_introspection_c.h\n'}
[0.277023] (yolo_msgs) StdoutLine: {'line': b'-- Up-to-date symlink: /workspaces/install/yolo_msgs/include/yolo_msgs/yolo_msgs/msg/detail/key_point3_d__rosidl_typesupport_introspection_c.h\n'}
[0.277089] (yolo_msgs) StdoutLine: {'line': b'-- Up-to-date symlink: /workspaces/install/yolo_msgs/include/yolo_msgs/yolo_msgs/msg/detail/key_point3_d_array__rosidl_typesupport_introspection_c.h\n'}
[0.277152] (yolo_msgs) StdoutLine: {'line': b'-- Up-to-date symlink: /workspaces/install/yolo_msgs/include/yolo_msgs/yolo_msgs/msg/detail/mask__rosidl_typesupport_introspection_c.h\n'}
[0.277220] (yolo_msgs) StdoutLine: {'line': b'-- Up-to-date symlink: /workspaces/install/yolo_msgs/include/yolo_msgs/yolo_msgs/msg/detail/point2_d__rosidl_typesupport_introspection_c.h\n'}
[0.277283] (yolo_msgs) StdoutLine: {'line': b'-- Up-to-date symlink: /workspaces/install/yolo_msgs/include/yolo_msgs/yolo_msgs/msg/detail/pose2_d__rosidl_typesupport_introspection_c.h\n'}
[0.277349] (yolo_msgs) StdoutLine: {'line': b'-- Up-to-date symlink: /workspaces/install/yolo_msgs/include/yolo_msgs/yolo_msgs/msg/detail/vector2__rosidl_typesupport_introspection_c.h\n'}
[0.277408] (yolo_msgs) StdoutLine: {'line': b'-- Up-to-date symlink: /workspaces/install/yolo_msgs/include/yolo_msgs/yolo_msgs/msg/rosidl_typesupport_introspection_c__visibility_control.h\n'}
[0.277489] (yolo_msgs) StdoutLine: {'line': b'-- Up-to-date symlink: /workspaces/install/yolo_msgs/include/yolo_msgs/yolo_msgs/srv/detail/set_classes__rosidl_typesupport_introspection_c.h\n'}
[0.278129] (yolo_msgs) StdoutLine: {'line': b'-- Up-to-date symlink: /workspaces/install/yolo_msgs/include/yolo_msgs/yolo_msgs/msg/bounding_box2_d.hpp\n'}
[0.278191] (yolo_msgs) StdoutLine: {'line': b'-- Up-to-date symlink: /workspaces/install/yolo_msgs/include/yolo_msgs/yolo_msgs/msg/bounding_box3_d.hpp\n'}
[0.278247] (yolo_msgs) StdoutLine: {'line': b'-- Up-to-date symlink: /workspaces/install/yolo_msgs/include/yolo_msgs/yolo_msgs/msg/detail/bounding_box2_d__builder.hpp\n'}
[0.278311] (yolo_msgs) StdoutLine: {'line': b'-- Up-to-date symlink: /workspaces/install/yolo_msgs/include/yolo_msgs/yolo_msgs/msg/detail/bounding_box2_d__struct.hpp\n'}
[0.278373] (yolo_msgs) StdoutLine: {'line': b'-- Up-to-date symlink: /workspaces/install/yolo_msgs/include/yolo_msgs/yolo_msgs/msg/detail/bounding_box2_d__traits.hpp\n'}
[0.278435] (yolo_msgs) StdoutLine: {'line': b'-- Up-to-date symlink: /workspaces/install/yolo_msgs/include/yolo_msgs/yolo_msgs/msg/detail/bounding_box2_d__type_support.hpp\n'}
[0.278506] (yolo_msgs) StdoutLine: {'line': b'-- Up-to-date symlink: /workspaces/install/yolo_msgs/include/yolo_msgs/yolo_msgs/msg/detail/bounding_box3_d__builder.hpp\n'}
[0.278568] (yolo_msgs) StdoutLine: {'line': b'-- Up-to-date symlink: /workspaces/install/yolo_msgs/include/yolo_msgs/yolo_msgs/msg/detail/bounding_box3_d__struct.hpp\n'}
[0.278648] (yolo_msgs) StdoutLine: {'line': b'-- Up-to-date symlink: /workspaces/install/yolo_msgs/include/yolo_msgs/yolo_msgs/msg/detail/bounding_box3_d__traits.hpp\n'}
[0.278713] (yolo_msgs) StdoutLine: {'line': b'-- Up-to-date symlink: /workspaces/install/yolo_msgs/include/yolo_msgs/yolo_msgs/msg/detail/bounding_box3_d__type_support.hpp\n'}
[0.278781] (yolo_msgs) StdoutLine: {'line': b'-- Up-to-date symlink: /workspaces/install/yolo_msgs/include/yolo_msgs/yolo_msgs/msg/detail/detection__builder.hpp\n'}
[0.278852] (yolo_msgs) StdoutLine: {'line': b'-- Up-to-date symlink: /workspaces/install/yolo_msgs/include/yolo_msgs/yolo_msgs/msg/detail/detection__struct.hpp\n'}
[0.278945] (yolo_msgs) StdoutLine: {'line': b'-- Up-to-date symlink: /workspaces/install/yolo_msgs/include/yolo_msgs/yolo_msgs/msg/detail/detection__traits.hpp\n'}
[0.279140] (yolo_msgs) StdoutLine: {'line': b'-- Up-to-date symlink: /workspaces/install/yolo_msgs/include/yolo_msgs/yolo_msgs/msg/detail/detection__type_support.hpp\n'}
[0.279276] (yolo_msgs) StdoutLine: {'line': b'-- Up-to-date symlink: /workspaces/install/yolo_msgs/include/yolo_msgs/yolo_msgs/msg/detail/detection_array__builder.hpp\n'}
[0.279381] (yolo_msgs) StdoutLine: {'line': b'-- Up-to-date symlink: /workspaces/install/yolo_msgs/include/yolo_msgs/yolo_msgs/msg/detail/detection_array__struct.hpp\n'}
[0.279477] (yolo_msgs) StdoutLine: {'line': b'-- Up-to-date symlink: /workspaces/install/yolo_msgs/include/yolo_msgs/yolo_msgs/msg/detail/detection_array__traits.hpp\n'}
[0.279576] (yolo_msgs) StdoutLine: {'line': b'-- Up-to-date symlink: /workspaces/install/yolo_msgs/include/yolo_msgs/yolo_msgs/msg/detail/detection_array__type_support.hpp\n'}
[0.279669] (yolo_msgs) StdoutLine: {'line': b'-- Up-to-date symlink: /workspaces/install/yolo_msgs/include/yolo_msgs/yolo_msgs/msg/detail/key_point2_d__builder.hpp\n'}
[0.279757] (yolo_msgs) StdoutLine: {'line': b'-- Up-to-date symlink: /workspaces/install/yolo_msgs/include/yolo_msgs/yolo_msgs/msg/detail/key_point2_d__struct.hpp\n'}
[0.279844] (yolo_msgs) StdoutLine: {'line': b'-- Up-to-date symlink: /workspaces/install/yolo_msgs/include/yolo_msgs/yolo_msgs/msg/detail/key_point2_d__traits.hpp\n'}
[0.279931] (yolo_msgs) StdoutLine: {'line': b'-- Up-to-date symlink: /workspaces/install/yolo_msgs/include/yolo_msgs/yolo_msgs/msg/detail/key_point2_d__type_support.hpp\n'}
[0.280017] (yolo_msgs) StdoutLine: {'line': b'-- Up-to-date symlink: /workspaces/install/yolo_msgs/include/yolo_msgs/yolo_msgs/msg/detail/key_point2_d_array__builder.hpp\n'}
[0.280106] (yolo_msgs) StdoutLine: {'line': b'-- Up-to-date symlink: /workspaces/install/yolo_msgs/include/yolo_msgs/yolo_msgs/msg/detail/key_point2_d_array__struct.hpp\n'}
[0.280190] (yolo_msgs) StdoutLine: {'line': b'-- Up-to-date symlink: /workspaces/install/yolo_msgs/include/yolo_msgs/yolo_msgs/msg/detail/key_point2_d_array__traits.hpp\n'}
[0.280272] (yolo_msgs) StdoutLine: {'line': b'-- Up-to-date symlink: /workspaces/install/yolo_msgs/include/yolo_msgs/yolo_msgs/msg/detail/key_point2_d_array__type_support.hpp\n'}
[0.280355] (yolo_msgs) StdoutLine: {'line': b'-- Up-to-date symlink: /workspaces/install/yolo_msgs/include/yolo_msgs/yolo_msgs/msg/detail/key_point3_d__builder.hpp\n'}
[0.280480] (yolo_msgs) StdoutLine: {'line': b'-- Up-to-date symlink: /workspaces/install/yolo_msgs/include/yolo_msgs/yolo_msgs/msg/detail/key_point3_d__struct.hpp\n'}
[0.280541] (yolo_msgs) StdoutLine: {'line': b'-- Up-to-date symlink: /workspaces/install/yolo_msgs/include/yolo_msgs/yolo_msgs/msg/detail/key_point3_d__traits.hpp\n'}
[0.280593] (yolo_msgs) StdoutLine: {'line': b'-- Up-to-date symlink: /workspaces/install/yolo_msgs/include/yolo_msgs/yolo_msgs/msg/detail/key_point3_d__type_support.hpp\n'}
[0.280634] (yolo_msgs) StdoutLine: {'line': b'-- Up-to-date symlink: /workspaces/install/yolo_msgs/include/yolo_msgs/yolo_msgs/msg/detail/key_point3_d_array__builder.hpp\n'}
[0.280679] (yolo_msgs) StdoutLine: {'line': b'-- Up-to-date symlink: /workspaces/install/yolo_msgs/include/yolo_msgs/yolo_msgs/msg/detail/key_point3_d_array__struct.hpp\n'}
[0.280715] (yolo_msgs) StdoutLine: {'line': b'-- Up-to-date symlink: /workspaces/install/yolo_msgs/include/yolo_msgs/yolo_msgs/msg/detail/key_point3_d_array__traits.hpp\n'}
[0.280798] (yolo_msgs) StdoutLine: {'line': b'-- Up-to-date symlink: /workspaces/install/yolo_msgs/include/yolo_msgs/yolo_msgs/msg/detail/key_point3_d_array__type_support.hpp\n'}
[0.280834] (yolo_msgs) StdoutLine: {'line': b'-- Up-to-date symlink: /workspaces/install/yolo_msgs/include/yolo_msgs/yolo_msgs/msg/detail/mask__builder.hpp\n'}
[0.280879] (yolo_msgs) StdoutLine: {'line': b'-- Up-to-date symlink: /workspaces/install/yolo_msgs/include/yolo_msgs/yolo_msgs/msg/detail/mask__struct.hpp\n'}
[0.280913] (yolo_msgs) StdoutLine: {'line': b'-- Up-to-date symlink: /workspaces/install/yolo_msgs/include/yolo_msgs/yolo_msgs/msg/detail/mask__traits.hpp\n'}
[0.280950] (yolo_msgs) StdoutLine: {'line': b'-- Up-to-date symlink: /workspaces/install/yolo_msgs/include/yolo_msgs/yolo_msgs/msg/detail/mask__type_support.hpp\n'}
[0.280996] (yolo_msgs) StdoutLine: {'line': b'-- Up-to-date symlink: /workspaces/install/yolo_msgs/include/yolo_msgs/yolo_msgs/msg/detail/point2_d__builder.hpp\n'}
[0.281038] (yolo_msgs) StdoutLine: {'line': b'-- Up-to-date symlink: /workspaces/install/yolo_msgs/include/yolo_msgs/yolo_msgs/msg/detail/point2_d__struct.hpp\n'}
[0.281073] (yolo_msgs) StdoutLine: {'line': b'-- Up-to-date symlink: /workspaces/install/yolo_msgs/include/yolo_msgs/yolo_msgs/msg/detail/point2_d__traits.hpp\n'}
[0.281126] (yolo_msgs) StdoutLine: {'line': b'-- Up-to-date symlink: /workspaces/install/yolo_msgs/include/yolo_msgs/yolo_msgs/msg/detail/point2_d__type_support.hpp\n'}
[0.281175] (yolo_msgs) StdoutLine: {'line': b'-- Up-to-date symlink: /workspaces/install/yolo_msgs/include/yolo_msgs/yolo_msgs/msg/detail/pose2_d__builder.hpp\n'}
[0.281234] (yolo_msgs) StdoutLine: {'line': b'-- Up-to-date symlink: /workspaces/install/yolo_msgs/include/yolo_msgs/yolo_msgs/msg/detail/pose2_d__struct.hpp\n'}
[0.281303] (yolo_msgs) StdoutLine: {'line': b'-- Up-to-date symlink: /workspaces/install/yolo_msgs/include/yolo_msgs/yolo_msgs/msg/detail/pose2_d__traits.hpp\n'}
[0.281371] (yolo_msgs) StdoutLine: {'line': b'-- Up-to-date symlink: /workspaces/install/yolo_msgs/include/yolo_msgs/yolo_msgs/msg/detail/pose2_d__type_support.hpp\n'}
[0.281441] (yolo_msgs) StdoutLine: {'line': b'-- Up-to-date symlink: /workspaces/install/yolo_msgs/include/yolo_msgs/yolo_msgs/msg/detail/vector2__builder.hpp\n'}
[0.281523] (yolo_msgs) StdoutLine: {'line': b'-- Up-to-date symlink: /workspaces/install/yolo_msgs/include/yolo_msgs/yolo_msgs/msg/detail/vector2__struct.hpp\n'}
[0.281589] (yolo_msgs) StdoutLine: {'line': b'-- Up-to-date symlink: /workspaces/install/yolo_msgs/include/yolo_msgs/yolo_msgs/msg/detail/vector2__traits.hpp\n'}
[0.281679] (yolo_msgs) StdoutLine: {'line': b'-- Up-to-date symlink: /workspaces/install/yolo_msgs/include/yolo_msgs/yolo_msgs/msg/detail/vector2__type_support.hpp\n'}
[0.281748] (yolo_msgs) StdoutLine: {'line': b'-- Up-to-date symlink: /workspaces/install/yolo_msgs/include/yolo_msgs/yolo_msgs/msg/detection.hpp\n'}
[0.281820] (yolo_msgs) StdoutLine: {'line': b'-- Up-to-date symlink: /workspaces/install/yolo_msgs/include/yolo_msgs/yolo_msgs/msg/detection_array.hpp\n'}
[0.281884] (yolo_msgs) StdoutLine: {'line': b'-- Up-to-date symlink: /workspaces/install/yolo_msgs/include/yolo_msgs/yolo_msgs/msg/key_point2_d.hpp\n'}
[0.281953] (yolo_msgs) StdoutLine: {'line': b'-- Up-to-date symlink: /workspaces/install/yolo_msgs/include/yolo_msgs/yolo_msgs/msg/key_point2_d_array.hpp\n'}
[0.282019] (yolo_msgs) StdoutLine: {'line': b'-- Up-to-date symlink: /workspaces/install/yolo_msgs/include/yolo_msgs/yolo_msgs/msg/key_point3_d.hpp\n'}
[0.282086] (yolo_msgs) StdoutLine: {'line': b'-- Up-to-date symlink: /workspaces/install/yolo_msgs/include/yolo_msgs/yolo_msgs/msg/key_point3_d_array.hpp\n'}
[0.282154] (yolo_msgs) StdoutLine: {'line': b'-- Up-to-date symlink: /workspaces/install/yolo_msgs/include/yolo_msgs/yolo_msgs/msg/mask.hpp\n'}
[0.282221] (yolo_msgs) StdoutLine: {'line': b'-- Up-to-date symlink: /workspaces/install/yolo_msgs/include/yolo_msgs/yolo_msgs/msg/point2_d.hpp\n'}
[0.282287] (yolo_msgs) StdoutLine: {'line': b'-- Up-to-date symlink: /workspaces/install/yolo_msgs/include/yolo_msgs/yolo_msgs/msg/pose2_d.hpp\n'}
[0.282357] (yolo_msgs) StdoutLine: {'line': b'-- Up-to-date symlink: /workspaces/install/yolo_msgs/include/yolo_msgs/yolo_msgs/msg/rosidl_generator_cpp__visibility_control.hpp\n'}
[0.282429] (yolo_msgs) StdoutLine: {'line': b'-- Up-to-date symlink: /workspaces/install/yolo_msgs/include/yolo_msgs/yolo_msgs/msg/vector2.hpp\n'}
[0.282498] (yolo_msgs) StdoutLine: {'line': b'-- Up-to-date symlink: /workspaces/install/yolo_msgs/include/yolo_msgs/yolo_msgs/srv/detail/set_classes__builder.hpp\n'}
[0.282572] (yolo_msgs) StdoutLine: {'line': b'-- Up-to-date symlink: /workspaces/install/yolo_msgs/include/yolo_msgs/yolo_msgs/srv/detail/set_classes__struct.hpp\n'}
[0.282642] (yolo_msgs) StdoutLine: {'line': b'-- Up-to-date symlink: /workspaces/install/yolo_msgs/include/yolo_msgs/yolo_msgs/srv/detail/set_classes__traits.hpp\n'}
[0.282717] (yolo_msgs) StdoutLine: {'line': b'-- Up-to-date symlink: /workspaces/install/yolo_msgs/include/yolo_msgs/yolo_msgs/srv/detail/set_classes__type_support.hpp\n'}
[0.282784] (yolo_msgs) StdoutLine: {'line': b'-- Up-to-date symlink: /workspaces/install/yolo_msgs/include/yolo_msgs/yolo_msgs/srv/set_classes.hpp\n'}
[0.283489] (yolo_msgs) StdoutLine: {'line': b'-- Up-to-date symlink: /workspaces/install/yolo_msgs/include/yolo_msgs/yolo_msgs/msg/detail/bounding_box2_d__rosidl_typesupport_fastrtps_cpp.hpp\n'}
[0.283557] (yolo_msgs) StdoutLine: {'line': b'-- Up-to-date symlink: /workspaces/install/yolo_msgs/include/yolo_msgs/yolo_msgs/msg/detail/bounding_box3_d__rosidl_typesupport_fastrtps_cpp.hpp\n'}
[0.283639] (yolo_msgs) StdoutLine: {'line': b'-- Up-to-date symlink: /workspaces/install/yolo_msgs/include/yolo_msgs/yolo_msgs/msg/detail/detection__rosidl_typesupport_fastrtps_cpp.hpp\n'}
[0.283709] (yolo_msgs) StdoutLine: {'line': b'-- Up-to-date symlink: /workspaces/install/yolo_msgs/include/yolo_msgs/yolo_msgs/msg/detail/detection_array__rosidl_typesupport_fastrtps_cpp.hpp\n'}
[0.283778] (yolo_msgs) StdoutLine: {'line': b'-- Up-to-date symlink: /workspaces/install/yolo_msgs/include/yolo_msgs/yolo_msgs/msg/detail/key_point2_d__rosidl_typesupport_fastrtps_cpp.hpp\n'}
[0.283850] (yolo_msgs) StdoutLine: {'line': b'-- Up-to-date symlink: /workspaces/install/yolo_msgs/include/yolo_msgs/yolo_msgs/msg/detail/key_point2_d_array__rosidl_typesupport_fastrtps_cpp.hpp\n'}
[0.283922] (yolo_msgs) StdoutLine: {'line': b'-- Up-to-date symlink: /workspaces/install/yolo_msgs/include/yolo_msgs/yolo_msgs/msg/detail/key_point3_d__rosidl_typesupport_fastrtps_cpp.hpp\n'}
[0.283991] (yolo_msgs) StdoutLine: {'line': b'-- Up-to-date symlink: /workspaces/install/yolo_msgs/include/yolo_msgs/yolo_msgs/msg/detail/key_point3_d_array__rosidl_typesupport_fastrtps_cpp.hpp\n'}
[0.284062] (yolo_msgs) StdoutLine: {'line': b'-- Up-to-date symlink: /workspaces/install/yolo_msgs/include/yolo_msgs/yolo_msgs/msg/detail/mask__rosidl_typesupport_fastrtps_cpp.hpp\n'}
[0.284140] (yolo_msgs) StdoutLine: {'line': b'-- Up-to-date symlink: /workspaces/install/yolo_msgs/include/yolo_msgs/yolo_msgs/msg/detail/point2_d__rosidl_typesupport_fastrtps_cpp.hpp\n'}
[0.284210] (yolo_msgs) StdoutLine: {'line': b'-- Up-to-date symlink: /workspaces/install/yolo_msgs/include/yolo_msgs/yolo_msgs/msg/detail/pose2_d__rosidl_typesupport_fastrtps_cpp.hpp\n'}
[0.284279] (yolo_msgs) StdoutLine: {'line': b'-- Up-to-date symlink: /workspaces/install/yolo_msgs/include/yolo_msgs/yolo_msgs/msg/detail/vector2__rosidl_typesupport_fastrtps_cpp.hpp\n'}
[0.284348] (yolo_msgs) StdoutLine: {'line': b'-- Up-to-date symlink: /workspaces/install/yolo_msgs/include/yolo_msgs/yolo_msgs/msg/rosidl_typesupport_fastrtps_cpp__visibility_control.h\n'}
[0.284418] (yolo_msgs) StdoutLine: {'line': b'-- Up-to-date symlink: /workspaces/install/yolo_msgs/include/yolo_msgs/yolo_msgs/srv/detail/set_classes__rosidl_typesupport_fastrtps_cpp.hpp\n'}
[0.284816] (yolo_msgs) StdoutLine: {'line': b'-- Up-to-date symlink: /workspaces/install/yolo_msgs/include/yolo_msgs/yolo_msgs/msg/detail/bounding_box2_d__rosidl_typesupport_introspection_cpp.hpp\n'}
[0.284888] (yolo_msgs) StdoutLine: {'line': b'-- Up-to-date symlink: /workspaces/install/yolo_msgs/include/yolo_msgs/yolo_msgs/msg/detail/bounding_box3_d__rosidl_typesupport_introspection_cpp.hpp\n'}
[0.284956] (yolo_msgs) StdoutLine: {'line': b'-- Up-to-date symlink: /workspaces/install/yolo_msgs/include/yolo_msgs/yolo_msgs/msg/detail/detection__rosidl_typesupport_introspection_cpp.hpp\n'}
[0.285025] (yolo_msgs) StdoutLine: {'line': b'-- Up-to-date symlink: /workspaces/install/yolo_msgs/include/yolo_msgs/yolo_msgs/msg/detail/detection_array__rosidl_typesupport_introspection_cpp.hpp\n'}
[0.285097] (yolo_msgs) StdoutLine: {'line': b'-- Up-to-date symlink: /workspaces/install/yolo_msgs/include/yolo_msgs/yolo_msgs/msg/detail/key_point2_d__rosidl_typesupport_introspection_cpp.hpp\n'}
[0.285181] (yolo_msgs) StdoutLine: {'line': b'-- Up-to-date symlink: /workspaces/install/yolo_msgs/include/yolo_msgs/yolo_msgs/msg/detail/key_point2_d_array__rosidl_typesupport_introspection_cpp.hpp\n'}
[0.285328] (yolo_msgs) StdoutLine: {'line': b'-- Up-to-date symlink: /workspaces/install/yolo_msgs/include/yolo_msgs/yolo_msgs/msg/detail/key_point3_d__rosidl_typesupport_introspection_cpp.hpp\n'}
[0.285512] (ydlidar_ros2_driver) StdoutLine: {'line': b'-- Found ament_cmake: 2.5.5 (/opt/ros/jazzy/share/ament_cmake/cmake)\n'}
[0.285580] (yolo_msgs) StdoutLine: {'line': b'-- Up-to-date symlink: /workspaces/install/yolo_msgs/include/yolo_msgs/yolo_msgs/msg/detail/key_point3_d_array__rosidl_typesupport_introspection_cpp.hpp\n'}
[0.285619] (yolo_msgs) StdoutLine: {'line': b'-- Up-to-date symlink: /workspaces/install/yolo_msgs/include/yolo_msgs/yolo_msgs/msg/detail/mask__rosidl_typesupport_introspection_cpp.hpp\n'}
[0.285664] (yolo_msgs) StdoutLine: {'line': b'-- Up-to-date symlink: /workspaces/install/yolo_msgs/include/yolo_msgs/yolo_msgs/msg/detail/point2_d__rosidl_typesupport_introspection_cpp.hpp\n'}
[0.285717] (yolo_msgs) StdoutLine: {'line': b'-- Up-to-date symlink: /workspaces/install/yolo_msgs/include/yolo_msgs/yolo_msgs/msg/detail/pose2_d__rosidl_typesupport_introspection_cpp.hpp\n'}
[0.285751] (yolo_msgs) StdoutLine: {'line': b'-- Up-to-date symlink: /workspaces/install/yolo_msgs/include/yolo_msgs/yolo_msgs/msg/detail/vector2__rosidl_typesupport_introspection_cpp.hpp\n'}
[0.285787] (yolo_msgs) StdoutLine: {'line': b'-- Up-to-date symlink: /workspaces/install/yolo_msgs/include/yolo_msgs/yolo_msgs/srv/detail/set_classes__rosidl_typesupport_introspection_cpp.hpp\n'}
[0.285839] (yolo_msgs) StdoutLine: {'line': b'-- Up-to-date symlink: /workspaces/install/yolo_msgs/share/yolo_msgs/environment/pythonpath.sh\n'}
[0.285923] (yolo_msgs) StdoutLine: {'line': b'-- Up-to-date symlink: /workspaces/install/yolo_msgs/share/yolo_msgs/environment/pythonpath.dsv\n'}
[0.286150] (yolo_msgs) StdoutLine: {'line': b'-- Up-to-date symlink: /workspaces/install/yolo_msgs/lib/python3.12/site-packages/yolo_msgs-4.6.0-py3.12.egg-info/PKG-INFO\n'}
[0.286225] (yolo_msgs) StdoutLine: {'line': b'-- Up-to-date symlink: /workspaces/install/yolo_msgs/lib/python3.12/site-packages/yolo_msgs-4.6.0-py3.12.egg-info/SOURCES.txt\n'}
[0.286317] (yolo_msgs) StdoutLine: {'line': b'-- Up-to-date symlink: /workspaces/install/yolo_msgs/lib/python3.12/site-packages/yolo_msgs-4.6.0-py3.12.egg-info/dependency_links.txt\n'}
[0.286402] (yolo_msgs) StdoutLine: {'line': b'-- Up-to-date symlink: /workspaces/install/yolo_msgs/lib/python3.12/site-packages/yolo_msgs-4.6.0-py3.12.egg-info/top_level.txt\n'}
[0.287095] (yolo_msgs) StdoutLine: {'line': b'-- Up-to-date symlink: /workspaces/install/yolo_msgs/lib/python3.12/site-packages/yolo_msgs/__init__.py\n'}
[0.287150] (yolo_msgs) StdoutLine: {'line': b'-- Up-to-date symlink: /workspaces/install/yolo_msgs/lib/python3.12/site-packages/yolo_msgs/_yolo_msgs_s.ep.rosidl_typesupport_c.c\n'}
[0.287200] (yolo_msgs) StdoutLine: {'line': b'-- Up-to-date symlink: /workspaces/install/yolo_msgs/lib/python3.12/site-packages/yolo_msgs/_yolo_msgs_s.ep.rosidl_typesupport_fastrtps_c.c\n'}
[0.287270] (yolo_msgs) StdoutLine: {'line': b'-- Up-to-date symlink: /workspaces/install/yolo_msgs/lib/python3.12/site-packages/yolo_msgs/_yolo_msgs_s.ep.rosidl_typesupport_introspection_c.c\n'}
[0.287335] (yolo_msgs) StdoutLine: {'line': b'-- Up-to-date symlink: /workspaces/install/yolo_msgs/lib/python3.12/site-packages/yolo_msgs/msg/__init__.py\n'}
[0.287404] (yolo_msgs) StdoutLine: {'line': b'-- Up-to-date symlink: /workspaces/install/yolo_msgs/lib/python3.12/site-packages/yolo_msgs/msg/_bounding_box2_d.py\n'}
[0.287464] (yolo_msgs) StdoutLine: {'line': b'-- Up-to-date symlink: /workspaces/install/yolo_msgs/lib/python3.12/site-packages/yolo_msgs/msg/_bounding_box2_d_s.c\n'}
[0.287527] (yolo_msgs) StdoutLine: {'line': b'-- Up-to-date symlink: /workspaces/install/yolo_msgs/lib/python3.12/site-packages/yolo_msgs/msg/_bounding_box3_d.py\n'}
[0.287586] (yolo_msgs) StdoutLine: {'line': b'-- Up-to-date symlink: /workspaces/install/yolo_msgs/lib/python3.12/site-packages/yolo_msgs/msg/_bounding_box3_d_s.c\n'}
[0.287661] (yolo_msgs) StdoutLine: {'line': b'-- Up-to-date symlink: /workspaces/install/yolo_msgs/lib/python3.12/site-packages/yolo_msgs/msg/_detection.py\n'}
[0.287723] (yolo_msgs) StdoutLine: {'line': b'-- Up-to-date symlink: /workspaces/install/yolo_msgs/lib/python3.12/site-packages/yolo_msgs/msg/_detection_array.py\n'}
[0.287787] (yolo_msgs) StdoutLine: {'line': b'-- Up-to-date symlink: /workspaces/install/yolo_msgs/lib/python3.12/site-packages/yolo_msgs/msg/_detection_array_s.c\n'}
[0.287853] (yolo_msgs) StdoutLine: {'line': b'-- Up-to-date symlink: /workspaces/install/yolo_msgs/lib/python3.12/site-packages/yolo_msgs/msg/_detection_s.c\n'}
[0.287936] (yolo_msgs) StdoutLine: {'line': b'-- Up-to-date symlink: /workspaces/install/yolo_msgs/lib/python3.12/site-packages/yolo_msgs/msg/_key_point2_d.py\n'}
[0.288196] (yolo_msgs) StdoutLine: {'line': b'-- Up-to-date symlink: /workspaces/install/yolo_msgs/lib/python3.12/site-packages/yolo_msgs/msg/_key_point2_d_array.py\n'}
[0.288356] (yolo_msgs) StdoutLine: {'line': b'-- Up-to-date symlink: /workspaces/install/yolo_msgs/lib/python3.12/site-packages/yolo_msgs/msg/_key_point2_d_array_s.c\n'}
[0.288453] (yolo_msgs) StdoutLine: {'line': b'-- Up-to-date symlink: /workspaces/install/yolo_msgs/lib/python3.12/site-packages/yolo_msgs/msg/_key_point2_d_s.c\n'}
[0.288541] (yolo_msgs) StdoutLine: {'line': b'-- Up-to-date symlink: /workspaces/install/yolo_msgs/lib/python3.12/site-packages/yolo_msgs/msg/_key_point3_d.py\n'}
[0.288633] (yolo_msgs) StdoutLine: {'line': b'-- Up-to-date symlink: /workspaces/install/yolo_msgs/lib/python3.12/site-packages/yolo_msgs/msg/_key_point3_d_array.py\n'}
[0.288712] (yolo_msgs) StdoutLine: {'line': b'-- Up-to-date symlink: /workspaces/install/yolo_msgs/lib/python3.12/site-packages/yolo_msgs/msg/_key_point3_d_array_s.c\n'}
[0.288797] (yolo_msgs) StdoutLine: {'line': b'-- Up-to-date symlink: /workspaces/install/yolo_msgs/lib/python3.12/site-packages/yolo_msgs/msg/_key_point3_d_s.c\n'}
[0.288878] (yolo_msgs) StdoutLine: {'line': b'-- Up-to-date symlink: /workspaces/install/yolo_msgs/lib/python3.12/site-packages/yolo_msgs/msg/_mask.py\n'}
[0.288957] (yolo_msgs) StdoutLine: {'line': b'-- Up-to-date symlink: /workspaces/install/yolo_msgs/lib/python3.12/site-packages/yolo_msgs/msg/_mask_s.c\n'}
[0.289037] (yolo_msgs) StdoutLine: {'line': b'-- Up-to-date symlink: /workspaces/install/yolo_msgs/lib/python3.12/site-packages/yolo_msgs/msg/_point2_d.py\n'}
[0.289117] (yolo_msgs) StdoutLine: {'line': b'-- Up-to-date symlink: /workspaces/install/yolo_msgs/lib/python3.12/site-packages/yolo_msgs/msg/_point2_d_s.c\n'}
[0.289195] (yolo_msgs) StdoutLine: {'line': b'-- Up-to-date symlink: /workspaces/install/yolo_msgs/lib/python3.12/site-packages/yolo_msgs/msg/_pose2_d.py\n'}
[0.289266] (yolo_msgs) StdoutLine: {'line': b'-- Up-to-date symlink: /workspaces/install/yolo_msgs/lib/python3.12/site-packages/yolo_msgs/msg/_pose2_d_s.c\n'}
[0.289335] (yolo_msgs) StdoutLine: {'line': b'-- Up-to-date symlink: /workspaces/install/yolo_msgs/lib/python3.12/site-packages/yolo_msgs/msg/_vector2.py\n'}
[0.289403] (yolo_msgs) StdoutLine: {'line': b'-- Up-to-date symlink: /workspaces/install/yolo_msgs/lib/python3.12/site-packages/yolo_msgs/msg/_vector2_s.c\n'}
[0.289500] (yolo_msgs) StdoutLine: {'line': b'-- Up-to-date symlink: /workspaces/install/yolo_msgs/lib/python3.12/site-packages/yolo_msgs/srv/__init__.py\n'}
[0.289573] (yolo_msgs) StdoutLine: {'line': b'-- Up-to-date symlink: /workspaces/install/yolo_msgs/lib/python3.12/site-packages/yolo_msgs/srv/_set_classes.py\n'}
[0.289655] (yolo_msgs) StdoutLine: {'line': b'-- Up-to-date symlink: /workspaces/install/yolo_msgs/lib/python3.12/site-packages/yolo_msgs/srv/_set_classes_s.c\n'}
[0.289737] (yolo_msgs) StdoutLine: {'line': b'-- Up-to-date symlink: /workspaces/install/yolo_msgs/lib/python3.12/site-packages/yolo_msgs/yolo_msgs_s__rosidl_typesupport_c.so\n'}
[0.289826] (yolo_msgs) StdoutLine: {'line': b'-- Up-to-date symlink: /workspaces/install/yolo_msgs/lib/python3.12/site-packages/yolo_msgs/yolo_msgs_s__rosidl_typesupport_fastrtps_c.so\n'}
[0.289898] (yolo_msgs) StdoutLine: {'line': b'-- Up-to-date symlink: /workspaces/install/yolo_msgs/lib/python3.12/site-packages/yolo_msgs/yolo_msgs_s__rosidl_typesupport_introspection_c.so\n'}
[0.289985] (yolo_msgs) StdoutLine: {'line': b'-- Up-to-date symlink: /workspaces/install/yolo_msgs/lib/python3.12/site-packages/yolo_msgs/yolo_msgs_s__rosidl_typesupport_fastrtps_c.so\n'}
[0.290136] (yolo_msgs) StdoutLine: {'line': b'-- Up-to-date symlink: /workspaces/install/yolo_msgs/lib/python3.12/site-packages/yolo_msgs/yolo_msgs_s__rosidl_typesupport_introspection_c.so\n'}
[0.290313] (yolo_msgs) StdoutLine: {'line': b'-- Up-to-date symlink: /workspaces/install/yolo_msgs/lib/python3.12/site-packages/yolo_msgs/yolo_msgs_s__rosidl_typesupport_c.so\n'}
[0.290503] (yolo_msgs) StdoutLine: {'line': b'-- Up-to-date symlink: /workspaces/install/yolo_msgs/share/yolo_msgs/msg/Point2D.idl\n'}
[0.290648] (yolo_msgs) StdoutLine: {'line': b'-- Up-to-date symlink: /workspaces/install/yolo_msgs/share/yolo_msgs/msg/Vector2.idl\n'}
[0.290744] (yolo_msgs) StdoutLine: {'line': b'-- Up-to-date symlink: /workspaces/install/yolo_msgs/share/yolo_msgs/msg/Pose2D.idl\n'}
[0.290833] (yolo_msgs) StdoutLine: {'line': b'-- Up-to-date symlink: /workspaces/install/yolo_msgs/share/yolo_msgs/msg/BoundingBox2D.idl\n'}
[0.290941] (yolo_msgs) StdoutLine: {'line': b'-- Up-to-date symlink: /workspaces/install/yolo_msgs/share/yolo_msgs/msg/BoundingBox3D.idl\n'}
[0.291033] (yolo_msgs) StdoutLine: {'line': b'-- Up-to-date symlink: /workspaces/install/yolo_msgs/share/yolo_msgs/msg/Mask.idl\n'}
[0.291134] (yolo_msgs) StdoutLine: {'line': b'-- Up-to-date symlink: /workspaces/install/yolo_msgs/share/yolo_msgs/msg/KeyPoint2D.idl\n'}
[0.291222] (yolo_msgs) StdoutLine: {'line': b'-- Up-to-date symlink: /workspaces/install/yolo_msgs/share/yolo_msgs/msg/KeyPoint2DArray.idl\n'}
[0.291312] (yolo_msgs) StdoutLine: {'line': b'-- Up-to-date symlink: /workspaces/install/yolo_msgs/share/yolo_msgs/msg/KeyPoint3D.idl\n'}
[0.291393] (yolo_msgs) StdoutLine: {'line': b'-- Up-to-date symlink: /workspaces/install/yolo_msgs/share/yolo_msgs/msg/KeyPoint3DArray.idl\n'}
[0.291508] (yolo_msgs) StdoutLine: {'line': b'-- Up-to-date symlink: /workspaces/install/yolo_msgs/share/yolo_msgs/msg/Detection.idl\n'}
[0.291613] (yolo_msgs) StdoutLine: {'line': b'-- Up-to-date symlink: /workspaces/install/yolo_msgs/share/yolo_msgs/msg/DetectionArray.idl\n'}
[0.291706] (yolo_msgs) StdoutLine: {'line': b'-- Up-to-date symlink: /workspaces/install/yolo_msgs/share/yolo_msgs/srv/SetClasses.idl\n'}
[0.291782] (yolo_msgs) StdoutLine: {'line': b'-- Up-to-date symlink: /workspaces/install/yolo_msgs/share/yolo_msgs/msg/Point2D.msg\n'}
[0.291867] (yolo_msgs) StdoutLine: {'line': b'-- Up-to-date symlink: /workspaces/install/yolo_msgs/share/yolo_msgs/msg/Vector2.msg\n'}
[0.291953] (yolo_msgs) StdoutLine: {'line': b'-- Up-to-date symlink: /workspaces/install/yolo_msgs/share/yolo_msgs/msg/Pose2D.msg\n'}
[0.292040] (yolo_msgs) StdoutLine: {'line': b'-- Up-to-date symlink: /workspaces/install/yolo_msgs/share/yolo_msgs/msg/BoundingBox2D.msg\n'}
[0.292127] (yolo_msgs) StdoutLine: {'line': b'-- Up-to-date symlink: /workspaces/install/yolo_msgs/share/yolo_msgs/msg/BoundingBox3D.msg\n'}
[0.292212] (yolo_msgs) StdoutLine: {'line': b'-- Up-to-date symlink: /workspaces/install/yolo_msgs/share/yolo_msgs/msg/Mask.msg\n'}
[0.292301] (yolo_msgs) StdoutLine: {'line': b'-- Up-to-date symlink: /workspaces/install/yolo_msgs/share/yolo_msgs/msg/KeyPoint2D.msg\n'}
[0.292385] (yolo_msgs) StdoutLine: {'line': b'-- Up-to-date symlink: /workspaces/install/yolo_msgs/share/yolo_msgs/msg/KeyPoint2DArray.msg\n'}
[0.292468] (yolo_msgs) StdoutLine: {'line': b'-- Up-to-date symlink: /workspaces/install/yolo_msgs/share/yolo_msgs/msg/KeyPoint3D.msg\n'}
[0.292552] (yolo_msgs) StdoutLine: {'line': b'-- Up-to-date symlink: /workspaces/install/yolo_msgs/share/yolo_msgs/msg/KeyPoint3DArray.msg\n'}
[0.292651] (yolo_msgs) StdoutLine: {'line': b'-- Up-to-date symlink: /workspaces/install/yolo_msgs/share/yolo_msgs/msg/Detection.msg\n'}
[0.292740] (yolo_msgs) StdoutLine: {'line': b'-- Up-to-date symlink: /workspaces/install/yolo_msgs/share/yolo_msgs/msg/DetectionArray.msg\n'}
[0.292841] (yolo_msgs) StdoutLine: {'line': b'-- Up-to-date symlink: /workspaces/install/yolo_msgs/share/yolo_msgs/srv/SetClasses.srv\n'}
[0.292918] (yolo_msgs) StdoutLine: {'line': b'-- Up-to-date symlink: /workspaces/install/yolo_msgs/share/ament_index/resource_index/package_run_dependencies/yolo_msgs\n'}
[0.293005] (yolo_msgs) StdoutLine: {'line': b'-- Up-to-date symlink: /workspaces/install/yolo_msgs/share/ament_index/resource_index/parent_prefix_path/yolo_msgs\n'}
[0.293087] (yolo_msgs) StdoutLine: {'line': b'-- Up-to-date symlink: /workspaces/install/yolo_msgs/share/yolo_msgs/environment/ament_prefix_path.sh\n'}
[0.293172] (yolo_msgs) StdoutLine: {'line': b'-- Up-to-date symlink: /workspaces/install/yolo_msgs/share/yolo_msgs/environment/ament_prefix_path.dsv\n'}
[0.293254] (yolo_msgs) StdoutLine: {'line': b'-- Up-to-date symlink: /workspaces/install/yolo_msgs/share/yolo_msgs/environment/path.sh\n'}
[0.293335] (yolo_msgs) StdoutLine: {'line': b'-- Up-to-date symlink: /workspaces/install/yolo_msgs/share/yolo_msgs/environment/path.dsv\n'}
[0.293417] (yolo_msgs) StdoutLine: {'line': b'-- Up-to-date symlink: /workspaces/install/yolo_msgs/share/yolo_msgs/local_setup.bash\n'}
[0.293505] (yolo_msgs) StdoutLine: {'line': b'-- Up-to-date symlink: /workspaces/install/yolo_msgs/share/yolo_msgs/local_setup.sh\n'}
[0.293588] (yolo_msgs) StdoutLine: {'line': b'-- Up-to-date symlink: /workspaces/install/yolo_msgs/share/yolo_msgs/local_setup.zsh\n'}
[0.293683] (yolo_msgs) StdoutLine: {'line': b'-- Up-to-date symlink: /workspaces/install/yolo_msgs/share/yolo_msgs/local_setup.dsv\n'}
[0.293769] (yolo_msgs) StdoutLine: {'line': b'-- Symlinking: /workspaces/install/yolo_msgs/share/yolo_msgs/package.dsv\n'}
[0.300140] (-) TimerEvent: {}
[0.303498] (yolo_msgs) StdoutLine: {'line': b'-- Up-to-date symlink: /workspaces/install/yolo_msgs/share/ament_index/resource_index/packages/yolo_msgs\n'}
[0.303788] (yolo_msgs) StdoutLine: {'line': b'-- Up-to-date symlink: /workspaces/install/yolo_msgs/share/yolo_msgs/cmake/rosidl_cmake-extras.cmake\n'}
[0.303931] (yolo_msgs) StdoutLine: {'line': b'-- Up-to-date symlink: /workspaces/install/yolo_msgs/share/yolo_msgs/cmake/ament_cmake_export_dependencies-extras.cmake\n'}
[0.304029] (yolo_msgs) StdoutLine: {'line': b'-- Up-to-date symlink: /workspaces/install/yolo_msgs/share/yolo_msgs/cmake/ament_cmake_export_include_directories-extras.cmake\n'}
[0.304118] (yolo_msgs) StdoutLine: {'line': b'-- Up-to-date symlink: /workspaces/install/yolo_msgs/share/yolo_msgs/cmake/ament_cmake_export_libraries-extras.cmake\n'}
[0.304204] (yolo_msgs) StdoutLine: {'line': b'-- Up-to-date symlink: /workspaces/install/yolo_msgs/share/yolo_msgs/cmake/ament_cmake_export_targets-extras.cmake\n'}
[0.304286] (yolo_msgs) StdoutLine: {'line': b'-- Up-to-date symlink: /workspaces/install/yolo_msgs/share/yolo_msgs/cmake/rosidl_cmake_export_typesupport_targets-extras.cmake\n'}
[0.304379] (yolo_msgs) StdoutLine: {'line': b'-- Up-to-date symlink: /workspaces/install/yolo_msgs/share/yolo_msgs/cmake/rosidl_cmake_export_typesupport_libraries-extras.cmake\n'}
[0.304465] (yolo_msgs) StdoutLine: {'line': b'-- Up-to-date symlink: /workspaces/install/yolo_msgs/share/yolo_msgs/cmake/yolo_msgsConfig.cmake\n'}
[0.304549] (yolo_msgs) StdoutLine: {'line': b'-- Up-to-date symlink: /workspaces/install/yolo_msgs/share/yolo_msgs/cmake/yolo_msgsConfig-version.cmake\n'}
[0.304630] (yolo_msgs) StdoutLine: {'line': b'-- Up-to-date symlink: /workspaces/install/yolo_msgs/share/yolo_msgs/package.xml\n'}
[0.304714] (yolo_msgs) StdoutLine: {'line': b'-- Up-to-date: /workspaces/install/yolo_msgs/lib/libyolo_msgs__rosidl_generator_c.so\n'}
[0.304890] (yolo_msgs) StdoutLine: {'line': b'-- Up-to-date: /workspaces/install/yolo_msgs/lib/libyolo_msgs__rosidl_typesupport_fastrtps_c.so\n'}
[0.305053] (yolo_msgs) StdoutLine: {'line': b'-- Up-to-date: /workspaces/install/yolo_msgs/lib/libyolo_msgs__rosidl_typesupport_introspection_c.so\n'}
[0.305226] (yolo_msgs) StdoutLine: {'line': b'-- Up-to-date: /workspaces/install/yolo_msgs/lib/libyolo_msgs__rosidl_typesupport_c.so\n'}
[0.305422] (yolo_msgs) StdoutLine: {'line': b'-- Up-to-date: /workspaces/install/yolo_msgs/lib/libyolo_msgs__rosidl_typesupport_fastrtps_cpp.so\n'}
[0.305539] (yolo_msgs) StdoutLine: {'line': b'-- Up-to-date: /workspaces/install/yolo_msgs/lib/libyolo_msgs__rosidl_typesupport_introspection_cpp.so\n'}
[0.305700] (yolo_msgs) StdoutLine: {'line': b'-- Up-to-date: /workspaces/install/yolo_msgs/lib/libyolo_msgs__rosidl_typesupport_cpp.so\n'}
[0.329969] (yolo_msgs) StdoutLine: {'line': b"Listing '/workspaces/install/yolo_msgs/lib/python3.12/site-packages/yolo_msgs'...\n"}
[0.330234] (yolo_msgs) StdoutLine: {'line': b"Listing '/workspaces/install/yolo_msgs/lib/python3.12/site-packages/yolo_msgs/msg'...\n"}
[0.330347] (yolo_msgs) StdoutLine: {'line': b"Listing '/workspaces/install/yolo_msgs/lib/python3.12/site-packages/yolo_msgs/srv'...\n"}
[0.334825] (yolo_msgs) StdoutLine: {'line': b'-- Up-to-date: /workspaces/install/yolo_msgs/lib/libyolo_msgs__rosidl_generator_py.so\n'}
[0.335125] (yolo_msgs) StdoutLine: {'line': b'-- Up-to-date: /workspaces/install/yolo_msgs/share/yolo_msgs/cmake/export_yolo_msgs__rosidl_generator_cExport.cmake\n'}
[0.335247] (yolo_msgs) StdoutLine: {'line': b'-- Up-to-date: /workspaces/install/yolo_msgs/share/yolo_msgs/cmake/export_yolo_msgs__rosidl_generator_cExport-noconfig.cmake\n'}
[0.335340] (yolo_msgs) StdoutLine: {'line': b'-- Up-to-date: /workspaces/install/yolo_msgs/share/yolo_msgs/cmake/export_yolo_msgs__rosidl_typesupport_fastrtps_cExport.cmake\n'}
[0.335433] (yolo_msgs) StdoutLine: {'line': b'-- Up-to-date: /workspaces/install/yolo_msgs/share/yolo_msgs/cmake/export_yolo_msgs__rosidl_typesupport_fastrtps_cExport-noconfig.cmake\n'}
[0.335523] (yolo_msgs) StdoutLine: {'line': b'-- Up-to-date: /workspaces/install/yolo_msgs/share/yolo_msgs/cmake/yolo_msgs__rosidl_typesupport_introspection_cExport.cmake\n'}
[0.335596] (yolo_msgs) StdoutLine: {'line': b'-- Up-to-date: /workspaces/install/yolo_msgs/share/yolo_msgs/cmake/yolo_msgs__rosidl_typesupport_introspection_cExport-noconfig.cmake\n'}
[0.335659] (yolo_msgs) StdoutLine: {'line': b'-- Up-to-date: /workspaces/install/yolo_msgs/share/yolo_msgs/cmake/yolo_msgs__rosidl_typesupport_cExport.cmake\n'}
[0.335715] (yolo_msgs) StdoutLine: {'line': b'-- Up-to-date: /workspaces/install/yolo_msgs/share/yolo_msgs/cmake/yolo_msgs__rosidl_typesupport_cExport-noconfig.cmake\n'}
[0.335787] (yolo_msgs) StdoutLine: {'line': b'-- Up-to-date: /workspaces/install/yolo_msgs/share/yolo_msgs/cmake/export_yolo_msgs__rosidl_generator_cppExport.cmake\n'}
[0.335853] (yolo_msgs) StdoutLine: {'line': b'-- Up-to-date: /workspaces/install/yolo_msgs/share/yolo_msgs/cmake/export_yolo_msgs__rosidl_typesupport_fastrtps_cppExport.cmake\n'}
[0.335965] (yolo_msgs) StdoutLine: {'line': b'-- Up-to-date: /workspaces/install/yolo_msgs/share/yolo_msgs/cmake/export_yolo_msgs__rosidl_typesupport_fastrtps_cppExport-noconfig.cmake\n'}
[0.336021] (yolo_msgs) StdoutLine: {'line': b'-- Up-to-date: /workspaces/install/yolo_msgs/share/yolo_msgs/cmake/yolo_msgs__rosidl_typesupport_introspection_cppExport.cmake\n'}
[0.336066] (yolo_msgs) StdoutLine: {'line': b'-- Up-to-date: /workspaces/install/yolo_msgs/share/yolo_msgs/cmake/yolo_msgs__rosidl_typesupport_introspection_cppExport-noconfig.cmake\n'}
[0.336116] (yolo_msgs) StdoutLine: {'line': b'-- Up-to-date: /workspaces/install/yolo_msgs/share/yolo_msgs/cmake/yolo_msgs__rosidl_typesupport_cppExport.cmake\n'}
[0.336156] (yolo_msgs) StdoutLine: {'line': b'-- Up-to-date: /workspaces/install/yolo_msgs/share/yolo_msgs/cmake/yolo_msgs__rosidl_typesupport_cppExport-noconfig.cmake\n'}
[0.336195] (yolo_msgs) StdoutLine: {'line': b'-- Up-to-date: /workspaces/install/yolo_msgs/share/yolo_msgs/cmake/export_yolo_msgs__rosidl_generator_pyExport.cmake\n'}
[0.336252] (yolo_msgs) StdoutLine: {'line': b'-- Up-to-date: /workspaces/install/yolo_msgs/share/yolo_msgs/cmake/export_yolo_msgs__rosidl_generator_pyExport-noconfig.cmake\n'}
[0.338619] (yolo_msgs) CommandEnded: {'returncode': 0}
[0.355440] (yolo_msgs) JobEnded: {'identifier': 'yolo_msgs', 'rc': 0}
[0.356711] (yolo_ros) JobStarted: {'identifier': 'yolo_ros'}
[0.388091] (wildbot_localization) StdoutLine: {'line': b'-- Override CMake install command with custom implementation using symlinks instead of copying resources\n'}
[0.400226] (-) TimerEvent: {}
[0.407507] (wildbot_slam) StdoutLine: {'line': b'-- Override CMake install command with custom implementation using symlinks instead of copying resources\n'}
[0.480625] (wildbot_localization) StdoutLine: {'line': b'-- Configuring done (0.2s)\n'}
[0.481711] (wildbot_slam) StdoutLine: {'line': b'-- Configuring done (0.2s)\n'}
[0.482980] (wildbot_localization) StdoutLine: {'line': b'-- Generating done (0.0s)\n'}
[0.483111] (wildbot_slam) StdoutLine: {'line': b'-- Generating done (0.0s)\n'}
[0.483202] (ydlidar_ros2_driver) StdoutLine: {'line': b'-- Override CMake install command with custom implementation using symlinks instead of copying resources\n'}
[0.483768] (wildbot_slam) StdoutLine: {'line': b'-- Build files have been written to: /workspaces/build/wildbot_slam\n'}
[0.483882] (wildbot_localization) StdoutLine: {'line': b'-- Build files have been written to: /workspaces/build/wildbot_localization\n'}
[0.489802] (ydlidar_ros2_driver) StdoutLine: {'line': b'-- Found rclcpp: 28.1.16 (/opt/ros/jazzy/share/rclcpp/cmake)\n'}
[0.500297] (-) TimerEvent: {}
[0.512451] (ydlidar_ros2_driver) StdoutLine: {'line': b'-- Found rosidl_generator_c: 4.6.7 (/opt/ros/jazzy/share/rosidl_generator_c/cmake)\n'}
[0.517138] (ydlidar_ros2_driver) StdoutLine: {'line': b'-- Found rosidl_generator_cpp: 4.6.7 (/opt/ros/jazzy/share/rosidl_generator_cpp/cmake)\n'}
[0.522982] (ydlidar_ros2_driver) StdoutLine: {'line': b'-- Using all available rosidl_typesupport_c: rosidl_typesupport_fastrtps_c;rosidl_typesupport_introspection_c\n'}
[0.533077] (ydlidar_ros2_driver) StdoutLine: {'line': b'-- Using all available rosidl_typesupport_cpp: rosidl_typesupport_fastrtps_cpp;rosidl_typesupport_introspection_cpp\n'}
[0.534139] (wildbot_slam) CommandEnded: {'returncode': 0}
[0.534532] (wildbot_slam) JobProgress: {'identifier': 'wildbot_slam', 'progress': 'build'}
[0.534954] (wildbot_slam) Command: {'cmd': ['/usr/bin/cmake', '--build', '/workspaces/build/wildbot_slam', '--', '-j16', '-l16'], 'cwd': '/workspaces/build/wildbot_slam', 'env': OrderedDict({'HISTFILESIZE': '2147450879', 'GZ_CONFIG_PATH': '/opt/ros/jazzy/opt/sdformat_vendor/share/gz', 'HOSTNAME': '1c8bd271465b', 'SHLVL': '1', 'LD_LIBRARY_PATH': '/opt/ros/jazzy/opt/sdformat_vendor/lib:/opt/ros/jazzy/opt/rviz_ogre_vendor/lib:/opt/ros/jazzy/lib/x86_64-linux-gnu:/opt/ros/jazzy/opt/gz_math_vendor/lib:/opt/ros/jazzy/opt/gz_utils_vendor/lib:/opt/ros/jazzy/opt/gz_tools_vendor/lib:/opt/ros/jazzy/opt/gz_cmake_vendor/lib:/opt/ros/jazzy/lib', 'LESS': '-R', 'HOME': '/root', 'LSCOLORS': 'Gxfxcxdxdxegedabagacad', 'ROS_PYTHON_VERSION': '3', 'PAGER': 'less', 'ROS_DISTRO': 'jazzy', 'OSH': '/root/.oh-my-bash', '_': '/usr/bin/colcon', 'ROS_VERSION': '2', 'TERM': 'xterm', 'DRIVER_WS': '/robot_ws', 'PATH': '/usr/lib/ccache:/opt/ros/jazzy/opt/gz_tools_vendor/bin:/opt/ros/jazzy/bin:/usr/local/sbin:/usr/local/bin:/usr/sbin:/usr/bin:/sbin:/bin', 'ydlidar_sdk_DIR': '/usr/lib/cmake/ydlidar_sdk', 'HISTSIZE': '2147450879', 'LANG': 'C.UTF-8', 'LS_COLORS': 'rs=0:di=01;34:ln=01;36:mh=00:pi=40;33:so=01;35:do=01;35:bd=40;33;01:cd=40;33;01:or=40;31;01:mi=00:su=37;41:sg=30;43:ca=00:tw=30;42:ow=34;42:st=37;44:ex=01;32:*.tar=01;31:*.tgz=01;31:*.arc=01;31:*.arj=01;31:*.taz=01;31:*.lha=01;31:*.lz4=01;31:*.lzh=01;31:*.lzma=01;31:*.tlz=01;31:*.txz=01;31:*.tzo=01;31:*.t7z=01;31:*.zip=01;31:*.z=01;31:*.dz=01;31:*.gz=01;31:*.lrz=01;31:*.lz=01;31:*.lzo=01;31:*.xz=01;31:*.zst=01;31:*.tzst=01;31:*.bz2=01;31:*.bz=01;31:*.tbz=01;31:*.tbz2=01;31:*.tz=01;31:*.deb=01;31:*.rpm=01;31:*.jar=01;31:*.war=01;31:*.ear=01;31:*.sar=01;31:*.rar=01;31:*.alz=01;31:*.ace=01;31:*.zoo=01;31:*.cpio=01;31:*.7z=01;31:*.rz=01;31:*.cab=01;31:*.wim=01;31:*.swm=01;31:*.dwm=01;31:*.esd=01;31:*.avif=01;35:*.jpg=01;35:*.jpeg=01;35:*.mjpg=01;35:*.mjpeg=01;35:*.gif=01;35:*.bmp=01;35:*.pbm=01;35:*.pgm=01;35:*.ppm=01;35:*.tga=01;35:*.xbm=01;35:*.xpm=01;35:*.tif=01;35:*.tiff=01;35:*.png=01;35:*.svg=01;35:*.svgz=01;35:*.mng=01;35:*.pcx=01;35:*.mov=01;35:*.mpg=01;35:*.mpeg=01;35:*.m2v=01;35:*.mkv=01;35:*.webm=01;35:*.webp=01;35:*.ogm=01;35:*.mp4=01;35:*.m4v=01;35:*.mp4v=01;35:*.vob=01;35:*.qt=01;35:*.nuv=01;35:*.wmv=01;35:*.asf=01;35:*.rm=01;35:*.rmvb=01;35:*.flc=01;35:*.avi=01;35:*.fli=01;35:*.flv=01;35:*.gl=01;35:*.dl=01;35:*.xcf=01;35:*.xwd=01;35:*.yuv=01;35:*.cgm=01;35:*.emf=01;35:*.ogv=01;35:*.ogx=01;35:*.aac=00;36:*.au=00;36:*.flac=00;36:*.m4a=00;36:*.mid=00;36:*.midi=00;36:*.mka=00;36:*.mp3=00;36:*.mpc=00;36:*.ogg=00;36:*.ra=00;36:*.wav=00;36:*.oga=00;36:*.opus=00;36:*.spx=00;36:*.xspf=00;36:*~=00;90:*#=00;90:*.bak=00;90:*.crdownload=00;90:*.dpkg-dist=00;90:*.dpkg-new=00;90:*.dpkg-old=00;90:*.dpkg-tmp=00;90:*.old=00;90:*.orig=00;90:*.part=00;90:*.rej=00;90:*.rpmnew=00;90:*.rpmorig=00;90:*.rpmsave=00;90:*.swp=00;90:*.tmp=00;90:*.ucf-dist=00;90:*.ucf-new=00;90:*.ucf-old=00;90:', 'ROS_DOMAIN_ID': '0', 'AMENT_PREFIX_PATH': '/opt/ros/jazzy', 'ROS_AUTOMATIC_DISCOVERY_RANGE': 'SUBNET', 'PWD': '/workspaces/build/wildbot_slam', 'LC_ALL': 'C.UTF-8', 'PYTHONPATH': '/opt/ros/jazzy/lib/python3.12/site-packages', 'COLCON': '1', 'CMAKE_PREFIX_PATH': '/opt/ros/jazzy/opt/sdformat_vendor:/opt/ros/jazzy/opt/gz_math_vendor:/opt/ros/jazzy/opt/gz_utils_vendor:/opt/ros/jazzy/opt/gz_tools_vendor:/opt/ros/jazzy/opt/gz_cmake_vendor:/opt/ros/jazzy', 'ROS2_WS': '/workspaces'}), 'shell': False}
[0.535981] (wildbot_localization) CommandEnded: {'returncode': 0}
[0.536451] (wildbot_localization) JobProgress: {'identifier': 'wildbot_localization', 'progress': 'build'}
[0.536552] (wildbot_localization) Command: {'cmd': ['/usr/bin/cmake', '--build', '/workspaces/build/wildbot_localization', '--', '-j16', '-l16'], 'cwd': '/workspaces/build/wildbot_localization', 'env': OrderedDict({'HISTFILESIZE': '2147450879', 'GZ_CONFIG_PATH': '/opt/ros/jazzy/opt/sdformat_vendor/share/gz', 'HOSTNAME': '1c8bd271465b', 'SHLVL': '1', 'LD_LIBRARY_PATH': '/opt/ros/jazzy/opt/sdformat_vendor/lib:/opt/ros/jazzy/opt/rviz_ogre_vendor/lib:/opt/ros/jazzy/lib/x86_64-linux-gnu:/opt/ros/jazzy/opt/gz_math_vendor/lib:/opt/ros/jazzy/opt/gz_utils_vendor/lib:/opt/ros/jazzy/opt/gz_tools_vendor/lib:/opt/ros/jazzy/opt/gz_cmake_vendor/lib:/opt/ros/jazzy/lib', 'LESS': '-R', 'HOME': '/root', 'LSCOLORS': 'Gxfxcxdxdxegedabagacad', 'ROS_PYTHON_VERSION': '3', 'PAGER': 'less', 'ROS_DISTRO': 'jazzy', 'OSH': '/root/.oh-my-bash', '_': '/usr/bin/colcon', 'ROS_VERSION': '2', 'TERM': 'xterm', 'DRIVER_WS': '/robot_ws', 'PATH': '/usr/lib/ccache:/opt/ros/jazzy/opt/gz_tools_vendor/bin:/opt/ros/jazzy/bin:/usr/local/sbin:/usr/local/bin:/usr/sbin:/usr/bin:/sbin:/bin', 'ydlidar_sdk_DIR': '/usr/lib/cmake/ydlidar_sdk', 'HISTSIZE': '2147450879', 'LANG': 'C.UTF-8', 'LS_COLORS': 'rs=0:di=01;34:ln=01;36:mh=00:pi=40;33:so=01;35:do=01;35:bd=40;33;01:cd=40;33;01:or=40;31;01:mi=00:su=37;41:sg=30;43:ca=00:tw=30;42:ow=34;42:st=37;44:ex=01;32:*.tar=01;31:*.tgz=01;31:*.arc=01;31:*.arj=01;31:*.taz=01;31:*.lha=01;31:*.lz4=01;31:*.lzh=01;31:*.lzma=01;31:*.tlz=01;31:*.txz=01;31:*.tzo=01;31:*.t7z=01;31:*.zip=01;31:*.z=01;31:*.dz=01;31:*.gz=01;31:*.lrz=01;31:*.lz=01;31:*.lzo=01;31:*.xz=01;31:*.zst=01;31:*.tzst=01;31:*.bz2=01;31:*.bz=01;31:*.tbz=01;31:*.tbz2=01;31:*.tz=01;31:*.deb=01;31:*.rpm=01;31:*.jar=01;31:*.war=01;31:*.ear=01;31:*.sar=01;31:*.rar=01;31:*.alz=01;31:*.ace=01;31:*.zoo=01;31:*.cpio=01;31:*.7z=01;31:*.rz=01;31:*.cab=01;31:*.wim=01;31:*.swm=01;31:*.dwm=01;31:*.esd=01;31:*.avif=01;35:*.jpg=01;35:*.jpeg=01;35:*.mjpg=01;35:*.mjpeg=01;35:*.gif=01;35:*.bmp=01;35:*.pbm=01;35:*.pgm=01;35:*.ppm=01;35:*.tga=01;35:*.xbm=01;35:*.xpm=01;35:*.tif=01;35:*.tiff=01;35:*.png=01;35:*.svg=01;35:*.svgz=01;35:*.mng=01;35:*.pcx=01;35:*.mov=01;35:*.mpg=01;35:*.mpeg=01;35:*.m2v=01;35:*.mkv=01;35:*.webm=01;35:*.webp=01;35:*.ogm=01;35:*.mp4=01;35:*.m4v=01;35:*.mp4v=01;35:*.vob=01;35:*.qt=01;35:*.nuv=01;35:*.wmv=01;35:*.asf=01;35:*.rm=01;35:*.rmvb=01;35:*.flc=01;35:*.avi=01;35:*.fli=01;35:*.flv=01;35:*.gl=01;35:*.dl=01;35:*.xcf=01;35:*.xwd=01;35:*.yuv=01;35:*.cgm=01;35:*.emf=01;35:*.ogv=01;35:*.ogx=01;35:*.aac=00;36:*.au=00;36:*.flac=00;36:*.m4a=00;36:*.mid=00;36:*.midi=00;36:*.mka=00;36:*.mp3=00;36:*.mpc=00;36:*.ogg=00;36:*.ra=00;36:*.wav=00;36:*.oga=00;36:*.opus=00;36:*.spx=00;36:*.xspf=00;36:*~=00;90:*#=00;90:*.bak=00;90:*.crdownload=00;90:*.dpkg-dist=00;90:*.dpkg-new=00;90:*.dpkg-old=00;90:*.dpkg-tmp=00;90:*.old=00;90:*.orig=00;90:*.part=00;90:*.rej=00;90:*.rpmnew=00;90:*.rpmorig=00;90:*.rpmsave=00;90:*.swp=00;90:*.tmp=00;90:*.ucf-dist=00;90:*.ucf-new=00;90:*.ucf-old=00;90:', 'ROS_DOMAIN_ID': '0', 'AMENT_PREFIX_PATH': '/opt/ros/jazzy', 'ROS_AUTOMATIC_DISCOVERY_RANGE': 'SUBNET', 'PWD': '/workspaces/build/wildbot_localization', 'LC_ALL': 'C.UTF-8', 'PYTHONPATH': '/opt/ros/jazzy/lib/python3.12/site-packages', 'COLCON': '1', 'CMAKE_PREFIX_PATH': '/opt/ros/jazzy/opt/sdformat_vendor:/opt/ros/jazzy/opt/gz_math_vendor:/opt/ros/jazzy/opt/gz_utils_vendor:/opt/ros/jazzy/opt/gz_tools_vendor:/opt/ros/jazzy/opt/gz_cmake_vendor:/opt/ros/jazzy', 'ROS2_WS': '/workspaces'}), 'shell': False}
[0.550930] (wildbot_control) Command: {'cmd': ['/usr/bin/python3', '-W', 'ignore:setup.py install is deprecated', '-W', 'ignore:easy_install command is deprecated', 'setup.py', 'develop', '--editable', '--build-directory', '/workspaces/build/wildbot_control/build', '--no-deps', 'symlink_data'], 'cwd': '/workspaces/build/wildbot_control', 'env': {'HISTFILESIZE': '2147450879', 'GZ_CONFIG_PATH': '/opt/ros/jazzy/opt/sdformat_vendor/share/gz', 'HOSTNAME': '1c8bd271465b', 'SHLVL': '1', 'LD_LIBRARY_PATH': '/opt/ros/jazzy/opt/sdformat_vendor/lib:/opt/ros/jazzy/opt/rviz_ogre_vendor/lib:/opt/ros/jazzy/lib/x86_64-linux-gnu:/opt/ros/jazzy/opt/gz_math_vendor/lib:/opt/ros/jazzy/opt/gz_utils_vendor/lib:/opt/ros/jazzy/opt/gz_tools_vendor/lib:/opt/ros/jazzy/opt/gz_cmake_vendor/lib:/opt/ros/jazzy/lib', 'LESS': '-R', 'HOME': '/root', 'LSCOLORS': 'Gxfxcxdxdxegedabagacad', 'ROS_PYTHON_VERSION': '3', 'PAGER': 'less', 'ROS_DISTRO': 'jazzy', 'OSH': '/root/.oh-my-bash', '_': '/usr/bin/colcon', 'ROS_VERSION': '2', 'TERM': 'xterm', 'DRIVER_WS': '/robot_ws', 'PATH': '/usr/lib/ccache:/opt/ros/jazzy/opt/gz_tools_vendor/bin:/opt/ros/jazzy/bin:/usr/local/sbin:/usr/local/bin:/usr/sbin:/usr/bin:/sbin:/bin', 'ydlidar_sdk_DIR': '/usr/lib/cmake/ydlidar_sdk', 'HISTSIZE': '2147450879', 'LANG': 'C.UTF-8', 'LS_COLORS': 'rs=0:di=01;34:ln=01;36:mh=00:pi=40;33:so=01;35:do=01;35:bd=40;33;01:cd=40;33;01:or=40;31;01:mi=00:su=37;41:sg=30;43:ca=00:tw=30;42:ow=34;42:st=37;44:ex=01;32:*.tar=01;31:*.tgz=01;31:*.arc=01;31:*.arj=01;31:*.taz=01;31:*.lha=01;31:*.lz4=01;31:*.lzh=01;31:*.lzma=01;31:*.tlz=01;31:*.txz=01;31:*.tzo=01;31:*.t7z=01;31:*.zip=01;31:*.z=01;31:*.dz=01;31:*.gz=01;31:*.lrz=01;31:*.lz=01;31:*.lzo=01;31:*.xz=01;31:*.zst=01;31:*.tzst=01;31:*.bz2=01;31:*.bz=01;31:*.tbz=01;31:*.tbz2=01;31:*.tz=01;31:*.deb=01;31:*.rpm=01;31:*.jar=01;31:*.war=01;31:*.ear=01;31:*.sar=01;31:*.rar=01;31:*.alz=01;31:*.ace=01;31:*.zoo=01;31:*.cpio=01;31:*.7z=01;31:*.rz=01;31:*.cab=01;31:*.wim=01;31:*.swm=01;31:*.dwm=01;31:*.esd=01;31:*.avif=01;35:*.jpg=01;35:*.jpeg=01;35:*.mjpg=01;35:*.mjpeg=01;35:*.gif=01;35:*.bmp=01;35:*.pbm=01;35:*.pgm=01;35:*.ppm=01;35:*.tga=01;35:*.xbm=01;35:*.xpm=01;35:*.tif=01;35:*.tiff=01;35:*.png=01;35:*.svg=01;35:*.svgz=01;35:*.mng=01;35:*.pcx=01;35:*.mov=01;35:*.mpg=01;35:*.mpeg=01;35:*.m2v=01;35:*.mkv=01;35:*.webm=01;35:*.webp=01;35:*.ogm=01;35:*.mp4=01;35:*.m4v=01;35:*.mp4v=01;35:*.vob=01;35:*.qt=01;35:*.nuv=01;35:*.wmv=01;35:*.asf=01;35:*.rm=01;35:*.rmvb=01;35:*.flc=01;35:*.avi=01;35:*.fli=01;35:*.flv=01;35:*.gl=01;35:*.dl=01;35:*.xcf=01;35:*.xwd=01;35:*.yuv=01;35:*.cgm=01;35:*.emf=01;35:*.ogv=01;35:*.ogx=01;35:*.aac=00;36:*.au=00;36:*.flac=00;36:*.m4a=00;36:*.mid=00;36:*.midi=00;36:*.mka=00;36:*.mp3=00;36:*.mpc=00;36:*.ogg=00;36:*.ra=00;36:*.wav=00;36:*.oga=00;36:*.opus=00;36:*.spx=00;36:*.xspf=00;36:*~=00;90:*#=00;90:*.bak=00;90:*.crdownload=00;90:*.dpkg-dist=00;90:*.dpkg-new=00;90:*.dpkg-old=00;90:*.dpkg-tmp=00;90:*.old=00;90:*.orig=00;90:*.part=00;90:*.rej=00;90:*.rpmnew=00;90:*.rpmorig=00;90:*.rpmsave=00;90:*.swp=00;90:*.tmp=00;90:*.ucf-dist=00;90:*.ucf-new=00;90:*.ucf-old=00;90:', 'ROS_DOMAIN_ID': '0', 'AMENT_PREFIX_PATH': '/opt/ros/jazzy', 'ROS_AUTOMATIC_DISCOVERY_RANGE': 'SUBNET', 'PWD': '/workspaces/build/wildbot_control', 'LC_ALL': 'C.UTF-8', 'PYTHONPATH': '/workspaces/build/wildbot_control/prefix_override:/usr/lib/python3/dist-packages/colcon_core/task/python/colcon_distutils_commands:/workspaces/install/wildbot_control/lib/python3.12/site-packages:/opt/ros/jazzy/lib/python3.12/site-packages', 'COLCON': '1', 'CMAKE_PREFIX_PATH': '/opt/ros/jazzy/opt/sdformat_vendor:/opt/ros/jazzy/opt/gz_math_vendor:/opt/ros/jazzy/opt/gz_utils_vendor:/opt/ros/jazzy/opt/gz_tools_vendor:/opt/ros/jazzy/opt/gz_cmake_vendor', 'ROS2_WS': '/workspaces'}, 'shell': False}
[0.570153] (wildbot_slam) CommandEnded: {'returncode': 0}
[0.570836] (wildbot_slam) JobProgress: {'identifier': 'wildbot_slam', 'progress': 'install'}
[0.571220] (wildbot_slam) Command: {'cmd': ['/usr/bin/cmake', '--install', '/workspaces/build/wildbot_slam'], 'cwd': '/workspaces/build/wildbot_slam', 'env': OrderedDict({'HISTFILESIZE': '2147450879', 'GZ_CONFIG_PATH': '/opt/ros/jazzy/opt/sdformat_vendor/share/gz', 'HOSTNAME': '1c8bd271465b', 'SHLVL': '1', 'LD_LIBRARY_PATH': '/opt/ros/jazzy/opt/sdformat_vendor/lib:/opt/ros/jazzy/opt/rviz_ogre_vendor/lib:/opt/ros/jazzy/lib/x86_64-linux-gnu:/opt/ros/jazzy/opt/gz_math_vendor/lib:/opt/ros/jazzy/opt/gz_utils_vendor/lib:/opt/ros/jazzy/opt/gz_tools_vendor/lib:/opt/ros/jazzy/opt/gz_cmake_vendor/lib:/opt/ros/jazzy/lib', 'LESS': '-R', 'HOME': '/root', 'LSCOLORS': 'Gxfxcxdxdxegedabagacad', 'ROS_PYTHON_VERSION': '3', 'PAGER': 'less', 'ROS_DISTRO': 'jazzy', 'OSH': '/root/.oh-my-bash', '_': '/usr/bin/colcon', 'ROS_VERSION': '2', 'TERM': 'xterm', 'DRIVER_WS': '/robot_ws', 'PATH': '/usr/lib/ccache:/opt/ros/jazzy/opt/gz_tools_vendor/bin:/opt/ros/jazzy/bin:/usr/local/sbin:/usr/local/bin:/usr/sbin:/usr/bin:/sbin:/bin', 'ydlidar_sdk_DIR': '/usr/lib/cmake/ydlidar_sdk', 'HISTSIZE': '2147450879', 'LANG': 'C.UTF-8', 'LS_COLORS': 'rs=0:di=01;34:ln=01;36:mh=00:pi=40;33:so=01;35:do=01;35:bd=40;33;01:cd=40;33;01:or=40;31;01:mi=00:su=37;41:sg=30;43:ca=00:tw=30;42:ow=34;42:st=37;44:ex=01;32:*.tar=01;31:*.tgz=01;31:*.arc=01;31:*.arj=01;31:*.taz=01;31:*.lha=01;31:*.lz4=01;31:*.lzh=01;31:*.lzma=01;31:*.tlz=01;31:*.txz=01;31:*.tzo=01;31:*.t7z=01;31:*.zip=01;31:*.z=01;31:*.dz=01;31:*.gz=01;31:*.lrz=01;31:*.lz=01;31:*.lzo=01;31:*.xz=01;31:*.zst=01;31:*.tzst=01;31:*.bz2=01;31:*.bz=01;31:*.tbz=01;31:*.tbz2=01;31:*.tz=01;31:*.deb=01;31:*.rpm=01;31:*.jar=01;31:*.war=01;31:*.ear=01;31:*.sar=01;31:*.rar=01;31:*.alz=01;31:*.ace=01;31:*.zoo=01;31:*.cpio=01;31:*.7z=01;31:*.rz=01;31:*.cab=01;31:*.wim=01;31:*.swm=01;31:*.dwm=01;31:*.esd=01;31:*.avif=01;35:*.jpg=01;35:*.jpeg=01;35:*.mjpg=01;35:*.mjpeg=01;35:*.gif=01;35:*.bmp=01;35:*.pbm=01;35:*.pgm=01;35:*.ppm=01;35:*.tga=01;35:*.xbm=01;35:*.xpm=01;35:*.tif=01;35:*.tiff=01;35:*.png=01;35:*.svg=01;35:*.svgz=01;35:*.mng=01;35:*.pcx=01;35:*.mov=01;35:*.mpg=01;35:*.mpeg=01;35:*.m2v=01;35:*.mkv=01;35:*.webm=01;35:*.webp=01;35:*.ogm=01;35:*.mp4=01;35:*.m4v=01;35:*.mp4v=01;35:*.vob=01;35:*.qt=01;35:*.nuv=01;35:*.wmv=01;35:*.asf=01;35:*.rm=01;35:*.rmvb=01;35:*.flc=01;35:*.avi=01;35:*.fli=01;35:*.flv=01;35:*.gl=01;35:*.dl=01;35:*.xcf=01;35:*.xwd=01;35:*.yuv=01;35:*.cgm=01;35:*.emf=01;35:*.ogv=01;35:*.ogx=01;35:*.aac=00;36:*.au=00;36:*.flac=00;36:*.m4a=00;36:*.mid=00;36:*.midi=00;36:*.mka=00;36:*.mp3=00;36:*.mpc=00;36:*.ogg=00;36:*.ra=00;36:*.wav=00;36:*.oga=00;36:*.opus=00;36:*.spx=00;36:*.xspf=00;36:*~=00;90:*#=00;90:*.bak=00;90:*.crdownload=00;90:*.dpkg-dist=00;90:*.dpkg-new=00;90:*.dpkg-old=00;90:*.dpkg-tmp=00;90:*.old=00;90:*.orig=00;90:*.part=00;90:*.rej=00;90:*.rpmnew=00;90:*.rpmorig=00;90:*.rpmsave=00;90:*.swp=00;90:*.tmp=00;90:*.ucf-dist=00;90:*.ucf-new=00;90:*.ucf-old=00;90:', 'ROS_DOMAIN_ID': '0', 'AMENT_PREFIX_PATH': '/opt/ros/jazzy', 'ROS_AUTOMATIC_DISCOVERY_RANGE': 'SUBNET', 'PWD': '/workspaces/build/wildbot_slam', 'LC_ALL': 'C.UTF-8', 'PYTHONPATH': '/opt/ros/jazzy/lib/python3.12/site-packages', 'COLCON': '1', 'CMAKE_PREFIX_PATH': '/opt/ros/jazzy/opt/sdformat_vendor:/opt/ros/jazzy/opt/gz_math_vendor:/opt/ros/jazzy/opt/gz_utils_vendor:/opt/ros/jazzy/opt/gz_tools_vendor:/opt/ros/jazzy/opt/gz_cmake_vendor:/opt/ros/jazzy', 'ROS2_WS': '/workspaces'}), 'shell': False}
[0.571667] (ydlidar_ros2_driver) StdoutLine: {'line': b'-- Found rmw_implementation_cmake: 7.3.3 (/opt/ros/jazzy/share/rmw_implementation_cmake/cmake)\n'}
[0.571929] (ydlidar_ros2_driver) StdoutLine: {'line': b'-- Found rmw_fastrtps_cpp: 8.4.3 (/opt/ros/jazzy/share/rmw_fastrtps_cpp/cmake)\n'}
[0.572638] (wildbot_localization) CommandEnded: {'returncode': 0}
[0.573131] (wildbot_localization) JobProgress: {'identifier': 'wildbot_localization', 'progress': 'install'}
[0.573615] (wildbot_localization) Command: {'cmd': ['/usr/bin/cmake', '--install', '/workspaces/build/wildbot_localization'], 'cwd': '/workspaces/build/wildbot_localization', 'env': OrderedDict({'HISTFILESIZE': '2147450879', 'GZ_CONFIG_PATH': '/opt/ros/jazzy/opt/sdformat_vendor/share/gz', 'HOSTNAME': '1c8bd271465b', 'SHLVL': '1', 'LD_LIBRARY_PATH': '/opt/ros/jazzy/opt/sdformat_vendor/lib:/opt/ros/jazzy/opt/rviz_ogre_vendor/lib:/opt/ros/jazzy/lib/x86_64-linux-gnu:/opt/ros/jazzy/opt/gz_math_vendor/lib:/opt/ros/jazzy/opt/gz_utils_vendor/lib:/opt/ros/jazzy/opt/gz_tools_vendor/lib:/opt/ros/jazzy/opt/gz_cmake_vendor/lib:/opt/ros/jazzy/lib', 'LESS': '-R', 'HOME': '/root', 'LSCOLORS': 'Gxfxcxdxdxegedabagacad', 'ROS_PYTHON_VERSION': '3', 'PAGER': 'less', 'ROS_DISTRO': 'jazzy', 'OSH': '/root/.oh-my-bash', '_': '/usr/bin/colcon', 'ROS_VERSION': '2', 'TERM': 'xterm', 'DRIVER_WS': '/robot_ws', 'PATH': '/usr/lib/ccache:/opt/ros/jazzy/opt/gz_tools_vendor/bin:/opt/ros/jazzy/bin:/usr/local/sbin:/usr/local/bin:/usr/sbin:/usr/bin:/sbin:/bin', 'ydlidar_sdk_DIR': '/usr/lib/cmake/ydlidar_sdk', 'HISTSIZE': '2147450879', 'LANG': 'C.UTF-8', 'LS_COLORS': 'rs=0:di=01;34:ln=01;36:mh=00:pi=40;33:so=01;35:do=01;35:bd=40;33;01:cd=40;33;01:or=40;31;01:mi=00:su=37;41:sg=30;43:ca=00:tw=30;42:ow=34;42:st=37;44:ex=01;32:*.tar=01;31:*.tgz=01;31:*.arc=01;31:*.arj=01;31:*.taz=01;31:*.lha=01;31:*.lz4=01;31:*.lzh=01;31:*.lzma=01;31:*.tlz=01;31:*.txz=01;31:*.tzo=01;31:*.t7z=01;31:*.zip=01;31:*.z=01;31:*.dz=01;31:*.gz=01;31:*.lrz=01;31:*.lz=01;31:*.lzo=01;31:*.xz=01;31:*.zst=01;31:*.tzst=01;31:*.bz2=01;31:*.bz=01;31:*.tbz=01;31:*.tbz2=01;31:*.tz=01;31:*.deb=01;31:*.rpm=01;31:*.jar=01;31:*.war=01;31:*.ear=01;31:*.sar=01;31:*.rar=01;31:*.alz=01;31:*.ace=01;31:*.zoo=01;31:*.cpio=01;31:*.7z=01;31:*.rz=01;31:*.cab=01;31:*.wim=01;31:*.swm=01;31:*.dwm=01;31:*.esd=01;31:*.avif=01;35:*.jpg=01;35:*.jpeg=01;35:*.mjpg=01;35:*.mjpeg=01;35:*.gif=01;35:*.bmp=01;35:*.pbm=01;35:*.pgm=01;35:*.ppm=01;35:*.tga=01;35:*.xbm=01;35:*.xpm=01;35:*.tif=01;35:*.tiff=01;35:*.png=01;35:*.svg=01;35:*.svgz=01;35:*.mng=01;35:*.pcx=01;35:*.mov=01;35:*.mpg=01;35:*.mpeg=01;35:*.m2v=01;35:*.mkv=01;35:*.webm=01;35:*.webp=01;35:*.ogm=01;35:*.mp4=01;35:*.m4v=01;35:*.mp4v=01;35:*.vob=01;35:*.qt=01;35:*.nuv=01;35:*.wmv=01;35:*.asf=01;35:*.rm=01;35:*.rmvb=01;35:*.flc=01;35:*.avi=01;35:*.fli=01;35:*.flv=01;35:*.gl=01;35:*.dl=01;35:*.xcf=01;35:*.xwd=01;35:*.yuv=01;35:*.cgm=01;35:*.emf=01;35:*.ogv=01;35:*.ogx=01;35:*.aac=00;36:*.au=00;36:*.flac=00;36:*.m4a=00;36:*.mid=00;36:*.midi=00;36:*.mka=00;36:*.mp3=00;36:*.mpc=00;36:*.ogg=00;36:*.ra=00;36:*.wav=00;36:*.oga=00;36:*.opus=00;36:*.spx=00;36:*.xspf=00;36:*~=00;90:*#=00;90:*.bak=00;90:*.crdownload=00;90:*.dpkg-dist=00;90:*.dpkg-new=00;90:*.dpkg-old=00;90:*.dpkg-tmp=00;90:*.old=00;90:*.orig=00;90:*.part=00;90:*.rej=00;90:*.rpmnew=00;90:*.rpmorig=00;90:*.rpmsave=00;90:*.swp=00;90:*.tmp=00;90:*.ucf-dist=00;90:*.ucf-new=00;90:*.ucf-old=00;90:', 'ROS_DOMAIN_ID': '0', 'AMENT_PREFIX_PATH': '/opt/ros/jazzy', 'ROS_AUTOMATIC_DISCOVERY_RANGE': 'SUBNET', 'PWD': '/workspaces/build/wildbot_localization', 'LC_ALL': 'C.UTF-8', 'PYTHONPATH': '/opt/ros/jazzy/lib/python3.12/site-packages', 'COLCON': '1', 'CMAKE_PREFIX_PATH': '/opt/ros/jazzy/opt/sdformat_vendor:/opt/ros/jazzy/opt/gz_math_vendor:/opt/ros/jazzy/opt/gz_utils_vendor:/opt/ros/jazzy/opt/gz_tools_vendor:/opt/ros/jazzy/opt/gz_cmake_vendor:/opt/ros/jazzy', 'ROS2_WS': '/workspaces'}), 'shell': False}
[0.580476] (wildbot_localization) StdoutLine: {'line': b'-- Install configuration: ""\n'}
[0.580743] (wildbot_slam) StdoutLine: {'line': b'-- Install configuration: ""\n'}
[0.580824] (wildbot_localization) StdoutLine: {'line': b'-- Execute custom install script\n'}
[0.580949] (wildbot_localization) StdoutLine: {'line': b'-- Symlinking: /workspaces/install/wildbot_localization/share/wildbot_localization/config/ekf.yaml\n'}
[0.581118] (wildbot_slam) StdoutLine: {'line': b'-- Execute custom install script\n'}
[0.581434] (wildbot_slam) StdoutLine: {'line': b'-- Symlinking: /workspaces/install/wildbot_slam/share/wildbot_slam/config/mapper_params_online_async.yaml\n'}
[0.586799] (wildbot_localization) StdoutLine: {'line': b'-- Symlinking: /workspaces/install/wildbot_localization/share/wildbot_localization/launch/ekf_launch.py\n'}
[0.589477] (wildbot_slam) StdoutLine: {'line': b'-- Symlinking: /workspaces/install/wildbot_slam/share/wildbot_slam/launch/slam_launch.py\n'}
[0.591877] (wildbot_localization) StdoutLine: {'line': b'-- Symlinking: /workspaces/install/wildbot_localization/share/ament_index/resource_index/package_run_dependencies/wildbot_localization\n'}
[0.594986] (wildbot_slam) StdoutLine: {'line': b'-- Symlinking: /workspaces/install/wildbot_slam/share/ament_index/resource_index/package_run_dependencies/wildbot_slam\n'}
[0.597093] (wildbot_localization) StdoutLine: {'line': b'-- Symlinking: /workspaces/install/wildbot_localization/share/ament_index/resource_index/parent_prefix_path/wildbot_localization\n'}
[0.600378] (-) TimerEvent: {}
[0.603554] (wildbot_slam) StdoutLine: {'line': b'-- Symlinking: /workspaces/install/wildbot_slam/share/ament_index/resource_index/parent_prefix_path/wildbot_slam\n'}
[0.603763] (wildbot_localization) StdoutLine: {'line': b'-- Symlinking: /workspaces/install/wildbot_localization/share/wildbot_localization/environment/ament_prefix_path.sh\n'}
[0.611050] (wildbot_localization) StdoutLine: {'line': b'-- Symlinking: /workspaces/install/wildbot_localization/share/wildbot_localization/environment/ament_prefix_path.dsv\n'}
[0.611701] (wildbot_slam) StdoutLine: {'line': b'-- Symlinking: /workspaces/install/wildbot_slam/share/wildbot_slam/environment/ament_prefix_path.sh\n'}
[0.613335] (ydlidar_ros2_driver) StdoutLine: {'line': b"-- Using RMW implementation 'rmw_fastrtps_cpp' as default\n"}
[0.617508] (wildbot_slam) StdoutLine: {'line': b'-- Symlinking: /workspaces/install/wildbot_slam/share/wildbot_slam/environment/ament_prefix_path.dsv\n'}
[0.617749] (wildbot_localization) StdoutLine: {'line': b'-- Symlinking: /workspaces/install/wildbot_localization/share/wildbot_localization/environment/path.sh\n'}
[0.623400] (wildbot_slam) StdoutLine: {'line': b'-- Symlinking: /workspaces/install/wildbot_slam/share/wildbot_slam/environment/path.sh\n'}
[0.625379] (wildbot_localization) StdoutLine: {'line': b'-- Symlinking: /workspaces/install/wildbot_localization/share/wildbot_localization/environment/path.dsv\n'}
[0.628401] (handsfree_imu_ros2) Command: {'cmd': ['/usr/bin/python3', '-W', 'ignore:setup.py install is deprecated', '-W', 'ignore:easy_install command is deprecated', 'setup.py', 'develop', '--editable', '--build-directory', '/workspaces/build/handsfree_imu_ros2/build', '--no-deps', 'symlink_data'], 'cwd': '/workspaces/build/handsfree_imu_ros2', 'env': {'HISTFILESIZE': '2147450879', 'GZ_CONFIG_PATH': '/opt/ros/jazzy/opt/sdformat_vendor/share/gz', 'HOSTNAME': '1c8bd271465b', 'SHLVL': '1', 'LD_LIBRARY_PATH': '/opt/ros/jazzy/opt/sdformat_vendor/lib:/opt/ros/jazzy/opt/rviz_ogre_vendor/lib:/opt/ros/jazzy/lib/x86_64-linux-gnu:/opt/ros/jazzy/opt/gz_math_vendor/lib:/opt/ros/jazzy/opt/gz_utils_vendor/lib:/opt/ros/jazzy/opt/gz_tools_vendor/lib:/opt/ros/jazzy/opt/gz_cmake_vendor/lib:/opt/ros/jazzy/lib', 'LESS': '-R', 'HOME': '/root', 'LSCOLORS': 'Gxfxcxdxdxegedabagacad', 'ROS_PYTHON_VERSION': '3', 'PAGER': 'less', 'ROS_DISTRO': 'jazzy', 'OSH': '/root/.oh-my-bash', '_': '/usr/bin/colcon', 'ROS_VERSION': '2', 'TERM': 'xterm', 'DRIVER_WS': '/robot_ws', 'PATH': '/usr/lib/ccache:/opt/ros/jazzy/opt/gz_tools_vendor/bin:/opt/ros/jazzy/bin:/usr/local/sbin:/usr/local/bin:/usr/sbin:/usr/bin:/sbin:/bin', 'ydlidar_sdk_DIR': '/usr/lib/cmake/ydlidar_sdk', 'HISTSIZE': '2147450879', 'LANG': 'C.UTF-8', 'LS_COLORS': 'rs=0:di=01;34:ln=01;36:mh=00:pi=40;33:so=01;35:do=01;35:bd=40;33;01:cd=40;33;01:or=40;31;01:mi=00:su=37;41:sg=30;43:ca=00:tw=30;42:ow=34;42:st=37;44:ex=01;32:*.tar=01;31:*.tgz=01;31:*.arc=01;31:*.arj=01;31:*.taz=01;31:*.lha=01;31:*.lz4=01;31:*.lzh=01;31:*.lzma=01;31:*.tlz=01;31:*.txz=01;31:*.tzo=01;31:*.t7z=01;31:*.zip=01;31:*.z=01;31:*.dz=01;31:*.gz=01;31:*.lrz=01;31:*.lz=01;31:*.lzo=01;31:*.xz=01;31:*.zst=01;31:*.tzst=01;31:*.bz2=01;31:*.bz=01;31:*.tbz=01;31:*.tbz2=01;31:*.tz=01;31:*.deb=01;31:*.rpm=01;31:*.jar=01;31:*.war=01;31:*.ear=01;31:*.sar=01;31:*.rar=01;31:*.alz=01;31:*.ace=01;31:*.zoo=01;31:*.cpio=01;31:*.7z=01;31:*.rz=01;31:*.cab=01;31:*.wim=01;31:*.swm=01;31:*.dwm=01;31:*.esd=01;31:*.avif=01;35:*.jpg=01;35:*.jpeg=01;35:*.mjpg=01;35:*.mjpeg=01;35:*.gif=01;35:*.bmp=01;35:*.pbm=01;35:*.pgm=01;35:*.ppm=01;35:*.tga=01;35:*.xbm=01;35:*.xpm=01;35:*.tif=01;35:*.tiff=01;35:*.png=01;35:*.svg=01;35:*.svgz=01;35:*.mng=01;35:*.pcx=01;35:*.mov=01;35:*.mpg=01;35:*.mpeg=01;35:*.m2v=01;35:*.mkv=01;35:*.webm=01;35:*.webp=01;35:*.ogm=01;35:*.mp4=01;35:*.m4v=01;35:*.mp4v=01;35:*.vob=01;35:*.qt=01;35:*.nuv=01;35:*.wmv=01;35:*.asf=01;35:*.rm=01;35:*.rmvb=01;35:*.flc=01;35:*.avi=01;35:*.fli=01;35:*.flv=01;35:*.gl=01;35:*.dl=01;35:*.xcf=01;35:*.xwd=01;35:*.yuv=01;35:*.cgm=01;35:*.emf=01;35:*.ogv=01;35:*.ogx=01;35:*.aac=00;36:*.au=00;36:*.flac=00;36:*.m4a=00;36:*.mid=00;36:*.midi=00;36:*.mka=00;36:*.mp3=00;36:*.mpc=00;36:*.ogg=00;36:*.ra=00;36:*.wav=00;36:*.oga=00;36:*.opus=00;36:*.spx=00;36:*.xspf=00;36:*~=00;90:*#=00;90:*.bak=00;90:*.crdownload=00;90:*.dpkg-dist=00;90:*.dpkg-new=00;90:*.dpkg-old=00;90:*.dpkg-tmp=00;90:*.old=00;90:*.orig=00;90:*.part=00;90:*.rej=00;90:*.rpmnew=00;90:*.rpmorig=00;90:*.rpmsave=00;90:*.swp=00;90:*.tmp=00;90:*.ucf-dist=00;90:*.ucf-new=00;90:*.ucf-old=00;90:', 'ROS_DOMAIN_ID': '0', 'AMENT_PREFIX_PATH': '/opt/ros/jazzy', 'ROS_AUTOMATIC_DISCOVERY_RANGE': 'SUBNET', 'PWD': '/workspaces/build/handsfree_imu_ros2', 'LC_ALL': 'C.UTF-8', 'PYTHONPATH': '/workspaces/build/handsfree_imu_ros2/prefix_override:/usr/lib/python3/dist-packages/colcon_core/task/python/colcon_distutils_commands:/workspaces/install/handsfree_imu_ros2/lib/python3.12/site-packages:/opt/ros/jazzy/lib/python3.12/site-packages', 'COLCON': '1', 'CMAKE_PREFIX_PATH': '/opt/ros/jazzy/opt/sdformat_vendor:/opt/ros/jazzy/opt/gz_math_vendor:/opt/ros/jazzy/opt/gz_utils_vendor:/opt/ros/jazzy/opt/gz_tools_vendor:/opt/ros/jazzy/opt/gz_cmake_vendor', 'ROS2_WS': '/workspaces'}, 'shell': False}
[0.632870] (wildbot_slam) StdoutLine: {'line': b'-- Symlinking: /workspaces/install/wildbot_slam/share/wildbot_slam/environment/path.dsv\n'}
[0.633822] (wildbot_localization) StdoutLine: {'line': b'-- Symlinking: /workspaces/install/wildbot_localization/share/wildbot_localization/local_setup.bash\n'}
[0.639362] (wildbot_slam) StdoutLine: {'line': b'-- Symlinking: /workspaces/install/wildbot_slam/share/wildbot_slam/local_setup.bash\n'}
[0.642335] (wildbot_localization) StdoutLine: {'line': b'-- Symlinking: /workspaces/install/wildbot_localization/share/wildbot_localization/local_setup.sh\n'}
[0.648205] (wildbot_slam) StdoutLine: {'line': b'-- Symlinking: /workspaces/install/wildbot_slam/share/wildbot_slam/local_setup.sh\n'}
[0.649287] (wildbot_localization) StdoutLine: {'line': b'-- Symlinking: /workspaces/install/wildbot_localization/share/wildbot_localization/local_setup.zsh\n'}
[0.651936] (ydlidar_ros2_driver) StdoutLine: {'line': b'-- Found sensor_msgs: 5.3.6 (/opt/ros/jazzy/share/sensor_msgs/cmake)\n'}
[0.655447] (wildbot_localization) StdoutLine: {'line': b'-- Symlinking: /workspaces/install/wildbot_localization/share/wildbot_localization/local_setup.dsv\n'}
[0.656501] (wildbot_slam) StdoutLine: {'line': b'-- Symlinking: /workspaces/install/wildbot_slam/share/wildbot_slam/local_setup.zsh\n'}
[0.664342] (wildbot_localization) StdoutLine: {'line': b'-- Symlinking: /workspaces/install/wildbot_localization/share/wildbot_localization/package.dsv\n'}
[0.664730] (wildbot_slam) StdoutLine: {'line': b'-- Symlinking: /workspaces/install/wildbot_slam/share/wildbot_slam/local_setup.dsv\n'}
[0.673908] (wildbot_slam) StdoutLine: {'line': b'-- Symlinking: /workspaces/install/wildbot_slam/share/wildbot_slam/package.dsv\n'}
[0.674186] (wildbot_localization) StdoutLine: {'line': b'-- Symlinking: /workspaces/install/wildbot_localization/share/ament_index/resource_index/packages/wildbot_localization\n'}
[0.682771] (wildbot_localization) StdoutLine: {'line': b'-- Symlinking: /workspaces/install/wildbot_localization/share/wildbot_localization/cmake/wildbot_localizationConfig.cmake\n'}
[0.683389] (wildbot_slam) StdoutLine: {'line': b'-- Symlinking: /workspaces/install/wildbot_slam/share/ament_index/resource_index/packages/wildbot_slam\n'}
[0.687678] (ydlidar_ros2_driver) StdoutLine: {'line': b'-- Found visualization_msgs: 5.3.6 (/opt/ros/jazzy/share/visualization_msgs/cmake)\n'}
[0.691099] (wildbot_localization) StdoutLine: {'line': b'-- Symlinking: /workspaces/install/wildbot_localization/share/wildbot_localization/cmake/wildbot_localizationConfig-version.cmake\n'}
[0.691325] (wildbot_slam) StdoutLine: {'line': b'-- Symlinking: /workspaces/install/wildbot_slam/share/wildbot_slam/cmake/wildbot_slamConfig.cmake\n'}
[0.699604] (wildbot_localization) StdoutLine: {'line': b'-- Symlinking: /workspaces/install/wildbot_localization/share/wildbot_localization/package.xml\n'}
[0.700459] (-) TimerEvent: {}
[0.701307] (wildbot_slam) StdoutLine: {'line': b'-- Symlinking: /workspaces/install/wildbot_slam/share/wildbot_slam/cmake/wildbot_slamConfig-version.cmake\n'}
[0.707149] (ydlidar_ros2_driver) StdoutLine: {'line': b'-- Found std_srvs: 5.3.6 (/opt/ros/jazzy/share/std_srvs/cmake)\n'}
[0.710176] (wildbot_localization) CommandEnded: {'returncode': 0}
[0.711005] (wildbot_slam) StdoutLine: {'line': b'-- Symlinking: /workspaces/install/wildbot_slam/share/wildbot_slam/package.xml\n'}
[0.720024] (ydlidar_ros2_driver) StdoutLine: {'line': b'-- Found ament_lint_auto: 0.17.4 (/opt/ros/jazzy/share/ament_lint_auto/cmake)\n'}
[0.721552] (wildbot_control) StdoutLine: {'line': b'running develop\n'}
[0.723015] (wildbot_localization) JobEnded: {'identifier': 'wildbot_localization', 'rc': 0}
[0.723775] (wildbot_slam) CommandEnded: {'returncode': 0}
[0.735988] (wildbot_slam) JobEnded: {'identifier': 'wildbot_slam', 'rc': 0}
[0.782265] (wildbot_control) StdoutLine: {'line': b'running egg_info\n'}
[0.787850] (wildbot_control) StdoutLine: {'line': b'writing wildbot_control.egg-info/PKG-INFO\n'}
[0.788085] (wildbot_control) StdoutLine: {'line': b'writing dependency_links to wildbot_control.egg-info/dependency_links.txt\n'}
[0.788228] (wildbot_control) StdoutLine: {'line': b'writing entry points to wildbot_control.egg-info/entry_points.txt\n'}
[0.788329] (wildbot_control) StdoutLine: {'line': b'writing requirements to wildbot_control.egg-info/requires.txt\n'}
[0.788398] (wildbot_control) StdoutLine: {'line': b'writing top-level names to wildbot_control.egg-info/top_level.txt\n'}
[0.797774] (ydlidar_ros2_driver) StdoutLine: {'line': b"-- Added test 'copyright' to check source files copyright and LICENSE\n"}
[0.798836] (ydlidar_ros2_driver) StdoutLine: {'line': b"-- Added test 'cppcheck' to perform static code analysis on C / C++ code\n"}
[0.799288] (ydlidar_ros2_driver) StdoutLine: {'line': b'-- Configured cppcheck include dirs: /workspaces/workspaces/src/ydlidar_ros2_driver/src\n'}
[0.799364] (ydlidar_ros2_driver) StdoutLine: {'line': b'-- Configured cppcheck exclude dirs and/or files: \n'}
[0.800016] (ydlidar_ros2_driver) StdoutLine: {'line': b"-- Added test 'cpplint' to check C / C++ code against the Google style\n"}
[0.800204] (ydlidar_ros2_driver) StdoutLine: {'line': b'-- Configured cpplint exclude dirs and/or files: \n'}
[0.800341] (ydlidar_ros2_driver) StdoutLine: {'line': b"-- Added test 'flake8' to check Python code syntax and style conventions\n"}
[0.800420] (ydlidar_ros2_driver) StdoutLine: {'line': b"-- Configured 'flake8' exclude dirs and/or files: \n"}
[0.800495] (-) TimerEvent: {}
[0.800673] (ydlidar_ros2_driver) StdoutLine: {'line': b"-- Added test 'lint_cmake' to check CMake code style\n"}
[0.800790] (ydlidar_ros2_driver) StdoutLine: {'line': b"-- Added test 'pep257' to check Python code against some of the docstring style conventions in PEP 257\n"}
[0.801062] (ydlidar_ros2_driver) StdoutLine: {'line': b"-- Added test 'uncrustify' to check C / C++ code style\n"}
[0.801139] (ydlidar_ros2_driver) StdoutLine: {'line': b'-- Configured uncrustify additional arguments: \n'}
[0.801262] (ydlidar_ros2_driver) StdoutLine: {'line': b"-- Added test 'xmllint' to check XML markup files\n"}
[0.801468] (wildbot_control) StdoutLine: {'line': b"reading manifest file 'wildbot_control.egg-info/SOURCES.txt'\n"}
[0.802008] (ydlidar_ros2_driver) StdoutLine: {'line': b'-- Configuring done (0.5s)\n'}
[0.802162] (wildbot_control) StdoutLine: {'line': b"writing manifest file 'wildbot_control.egg-info/SOURCES.txt'\n"}
[0.810181] (wildbot_control) StdoutLine: {'line': b'running build_ext\n'}
[0.810364] (wildbot_control) StdoutLine: {'line': b'Creating /workspaces/install/wildbot_control/lib/python3.12/site-packages/wildbot-control.egg-link (link to .)\n'}
[0.810716] (wildbot_control) StdoutLine: {'line': b'Installing yaw_hold_node script to /workspaces/install/wildbot_control/lib/wildbot_control\n'}
[0.810902] (wildbot_control) StdoutLine: {'line': b'\n'}
[0.810977] (wildbot_control) StdoutLine: {'line': b'Installed /workspaces/build/wildbot_control\n'}
[0.811023] (wildbot_control) StdoutLine: {'line': b'running symlink_data\n'}
[0.817264] (handsfree_imu_ros2) StdoutLine: {'line': b'running develop\n'}
[0.819546] (ydlidar_ros2_driver) StdoutLine: {'line': b'-- Generating done (0.0s)\n'}
[0.824621] (ydlidar_ros2_driver) StdoutLine: {'line': b'-- Build files have been written to: /workspaces/build/ydlidar_ros2_driver\n'}
[0.849691] (yolo_ros) Command: {'cmd': ['/usr/bin/python3', '-W', 'ignore:setup.py install is deprecated', '-W', 'ignore:easy_install command is deprecated', 'setup.py', 'develop', '--editable', '--build-directory', '/workspaces/build/yolo_ros/build', '--no-deps', 'symlink_data'], 'cwd': '/workspaces/build/yolo_ros', 'env': {'HISTFILESIZE': '2147450879', 'GZ_CONFIG_PATH': '/opt/ros/jazzy/opt/sdformat_vendor/share/gz', 'HOSTNAME': '1c8bd271465b', 'SHLVL': '1', 'LD_LIBRARY_PATH': '/workspaces/install/yolo_msgs/lib:/opt/ros/jazzy/opt/sdformat_vendor/lib:/opt/ros/jazzy/opt/rviz_ogre_vendor/lib:/opt/ros/jazzy/lib/x86_64-linux-gnu:/opt/ros/jazzy/opt/gz_math_vendor/lib:/opt/ros/jazzy/opt/gz_utils_vendor/lib:/opt/ros/jazzy/opt/gz_tools_vendor/lib:/opt/ros/jazzy/opt/gz_cmake_vendor/lib:/opt/ros/jazzy/lib', 'LESS': '-R', 'HOME': '/root', 'LSCOLORS': 'Gxfxcxdxdxegedabagacad', 'ROS_PYTHON_VERSION': '3', 'PAGER': 'less', 'ROS_DISTRO': 'jazzy', 'OSH': '/root/.oh-my-bash', '_': '/usr/bin/colcon', 'ROS_VERSION': '2', 'TERM': 'xterm', 'DRIVER_WS': '/robot_ws', 'PATH': '/usr/lib/ccache:/opt/ros/jazzy/opt/gz_tools_vendor/bin:/opt/ros/jazzy/bin:/usr/local/sbin:/usr/local/bin:/usr/sbin:/usr/bin:/sbin:/bin', 'ydlidar_sdk_DIR': '/usr/lib/cmake/ydlidar_sdk', 'HISTSIZE': '2147450879', 'LANG': 'C.UTF-8', 'LS_COLORS': 'rs=0:di=01;34:ln=01;36:mh=00:pi=40;33:so=01;35:do=01;35:bd=40;33;01:cd=40;33;01:or=40;31;01:mi=00:su=37;41:sg=30;43:ca=00:tw=30;42:ow=34;42:st=37;44:ex=01;32:*.tar=01;31:*.tgz=01;31:*.arc=01;31:*.arj=01;31:*.taz=01;31:*.lha=01;31:*.lz4=01;31:*.lzh=01;31:*.lzma=01;31:*.tlz=01;31:*.txz=01;31:*.tzo=01;31:*.t7z=01;31:*.zip=01;31:*.z=01;31:*.dz=01;31:*.gz=01;31:*.lrz=01;31:*.lz=01;31:*.lzo=01;31:*.xz=01;31:*.zst=01;31:*.tzst=01;31:*.bz2=01;31:*.bz=01;31:*.tbz=01;31:*.tbz2=01;31:*.tz=01;31:*.deb=01;31:*.rpm=01;31:*.jar=01;31:*.war=01;31:*.ear=01;31:*.sar=01;31:*.rar=01;31:*.alz=01;31:*.ace=01;31:*.zoo=01;31:*.cpio=01;31:*.7z=01;31:*.rz=01;31:*.cab=01;31:*.wim=01;31:*.swm=01;31:*.dwm=01;31:*.esd=01;31:*.avif=01;35:*.jpg=01;35:*.jpeg=01;35:*.mjpg=01;35:*.mjpeg=01;35:*.gif=01;35:*.bmp=01;35:*.pbm=01;35:*.pgm=01;35:*.ppm=01;35:*.tga=01;35:*.xbm=01;35:*.xpm=01;35:*.tif=01;35:*.tiff=01;35:*.png=01;35:*.svg=01;35:*.svgz=01;35:*.mng=01;35:*.pcx=01;35:*.mov=01;35:*.mpg=01;35:*.mpeg=01;35:*.m2v=01;35:*.mkv=01;35:*.webm=01;35:*.webp=01;35:*.ogm=01;35:*.mp4=01;35:*.m4v=01;35:*.mp4v=01;35:*.vob=01;35:*.qt=01;35:*.nuv=01;35:*.wmv=01;35:*.asf=01;35:*.rm=01;35:*.rmvb=01;35:*.flc=01;35:*.avi=01;35:*.fli=01;35:*.flv=01;35:*.gl=01;35:*.dl=01;35:*.xcf=01;35:*.xwd=01;35:*.yuv=01;35:*.cgm=01;35:*.emf=01;35:*.ogv=01;35:*.ogx=01;35:*.aac=00;36:*.au=00;36:*.flac=00;36:*.m4a=00;36:*.mid=00;36:*.midi=00;36:*.mka=00;36:*.mp3=00;36:*.mpc=00;36:*.ogg=00;36:*.ra=00;36:*.wav=00;36:*.oga=00;36:*.opus=00;36:*.spx=00;36:*.xspf=00;36:*~=00;90:*#=00;90:*.bak=00;90:*.crdownload=00;90:*.dpkg-dist=00;90:*.dpkg-new=00;90:*.dpkg-old=00;90:*.dpkg-tmp=00;90:*.old=00;90:*.orig=00;90:*.part=00;90:*.rej=00;90:*.rpmnew=00;90:*.rpmorig=00;90:*.rpmsave=00;90:*.swp=00;90:*.tmp=00;90:*.ucf-dist=00;90:*.ucf-new=00;90:*.ucf-old=00;90:', 'ROS_DOMAIN_ID': '0', 'AMENT_PREFIX_PATH': '/workspaces/install/yolo_msgs:/opt/ros/jazzy', 'ROS_AUTOMATIC_DISCOVERY_RANGE': 'SUBNET', 'PWD': '/workspaces/build/yolo_ros', 'LC_ALL': 'C.UTF-8', 'PYTHONPATH': '/workspaces/build/yolo_ros/prefix_override:/usr/lib/python3/dist-packages/colcon_core/task/python/colcon_distutils_commands:/workspaces/install/yolo_ros/lib/python3.12/site-packages:/workspaces/install/yolo_msgs/lib/python3.12/site-packages:/opt/ros/jazzy/lib/python3.12/site-packages', 'COLCON': '1', 'CMAKE_PREFIX_PATH': '/workspaces/install/yolo_msgs:/opt/ros/jazzy/opt/sdformat_vendor:/opt/ros/jazzy/opt/gz_math_vendor:/opt/ros/jazzy/opt/gz_utils_vendor:/opt/ros/jazzy/opt/gz_tools_vendor:/opt/ros/jazzy/opt/gz_cmake_vendor', 'ROS2_WS': '/workspaces'}, 'shell': False}
[0.851825] (wildbot_control) CommandEnded: {'returncode': 0}
[0.858703] (wildbot_control) JobEnded: {'identifier': 'wildbot_control', 'rc': 0}
[0.863766] (ydlidar_ros2_driver) StdoutLine: {'line': b'[ 25%] \x1b[32mBuilding CXX object CMakeFiles/ydlidar_ros2_driver_node.dir/src/ydlidar_ros2_driver_node.cpp.o\x1b[0m\n'}
[0.864366] (ydlidar_ros2_driver) StdoutLine: {'line': b'[ 75%] Built target ydlidar_ros2_driver_client\n'}
[0.882014] (handsfree_imu_ros2) StdoutLine: {'line': b'running egg_info\n'}
[0.888434] (handsfree_imu_ros2) StdoutLine: {'line': b'writing handsfree_imu_ros2.egg-info/PKG-INFO\n'}
[0.888653] (handsfree_imu_ros2) StdoutLine: {'line': b'writing dependency_links to handsfree_imu_ros2.egg-info/dependency_links.txt\n'}
[0.888810] (handsfree_imu_ros2) StdoutLine: {'line': b'writing entry points to handsfree_imu_ros2.egg-info/entry_points.txt\n'}
[0.888873] (handsfree_imu_ros2) StdoutLine: {'line': b'writing requirements to handsfree_imu_ros2.egg-info/requires.txt\n'}
[0.888929] (handsfree_imu_ros2) StdoutLine: {'line': b'writing top-level names to handsfree_imu_ros2.egg-info/top_level.txt\n'}
[0.900590] (-) TimerEvent: {}
[0.903550] (handsfree_imu_ros2) StdoutLine: {'line': b"reading manifest file 'handsfree_imu_ros2.egg-info/SOURCES.txt'\n"}
[0.903972] (handsfree_imu_ros2) StdoutLine: {'line': b"writing manifest file 'handsfree_imu_ros2.egg-info/SOURCES.txt'\n"}
[0.911786] (handsfree_imu_ros2) StdoutLine: {'line': b'running build_ext\n'}
[0.911954] (handsfree_imu_ros2) StdoutLine: {'line': b'Creating /workspaces/install/handsfree_imu_ros2/lib/python3.12/site-packages/handsfree-imu-ros2.egg-link (link to .)\n'}
[0.912309] (handsfree_imu_ros2) StdoutLine: {'line': b'Installing imu_a9_data_node script to /workspaces/install/handsfree_imu_ros2/lib/handsfree_imu_ros2\n'}
[0.912418] (handsfree_imu_ros2) StdoutLine: {'line': b'Installing imu_a9_node script to /workspaces/install/handsfree_imu_ros2/lib/handsfree_imu_ros2\n'}
[0.912530] (handsfree_imu_ros2) StdoutLine: {'line': b'\n'}
[0.912577] (handsfree_imu_ros2) StdoutLine: {'line': b'Installed /workspaces/build/handsfree_imu_ros2\n'}
[0.912655] (handsfree_imu_ros2) StdoutLine: {'line': b'running symlink_data\n'}
[0.948864] (handsfree_imu_ros2) CommandEnded: {'returncode': 0}
[0.954268] (handsfree_imu_ros2) JobEnded: {'identifier': 'handsfree_imu_ros2', 'rc': 0}
[1.000678] (-) TimerEvent: {}
[1.023108] (yolo_ros) StdoutLine: {'line': b'running develop\n'}
[1.092885] (yolo_ros) StdoutLine: {'line': b'running egg_info\n'}
[1.099450] (yolo_ros) StdoutLine: {'line': b'writing yolo_ros.egg-info/PKG-INFO\n'}
[1.099671] (yolo_ros) StdoutLine: {'line': b'writing dependency_links to yolo_ros.egg-info/dependency_links.txt\n'}
[1.099836] (yolo_ros) StdoutLine: {'line': b'writing entry points to yolo_ros.egg-info/entry_points.txt\n'}
[1.099935] (yolo_ros) StdoutLine: {'line': b'writing requirements to yolo_ros.egg-info/requires.txt\n'}
[1.099999] (yolo_ros) StdoutLine: {'line': b'writing top-level names to yolo_ros.egg-info/top_level.txt\n'}
[1.100731] (-) TimerEvent: {}
[1.112143] (yolo_ros) StdoutLine: {'line': b"reading manifest file 'yolo_ros.egg-info/SOURCES.txt'\n"}
[1.112527] (yolo_ros) StdoutLine: {'line': b"writing manifest file 'yolo_ros.egg-info/SOURCES.txt'\n"}
[1.119379] (yolo_ros) StdoutLine: {'line': b'running build_ext\n'}
[1.119487] (yolo_ros) StdoutLine: {'line': b'Creating /workspaces/install/yolo_ros/lib/python3.12/site-packages/yolo-ros.egg-link (link to .)\n'}
[1.119823] (yolo_ros) StdoutLine: {'line': b'Installing debug_node script to /workspaces/install/yolo_ros/lib/yolo_ros\n'}
[1.119954] (yolo_ros) StdoutLine: {'line': b'Installing detect_3d_node script to /workspaces/install/yolo_ros/lib/yolo_ros\n'}
[1.120012] (yolo_ros) StdoutLine: {'line': b'Installing tracking_node script to /workspaces/install/yolo_ros/lib/yolo_ros\n'}
[1.120053] (yolo_ros) StdoutLine: {'line': b'Installing yolo_node script to /workspaces/install/yolo_ros/lib/yolo_ros\n'}
[1.120132] (yolo_ros) StdoutLine: {'line': b'\n'}
[1.120167] (yolo_ros) StdoutLine: {'line': b'Installed /workspaces/build/yolo_ros\n'}
[1.120193] (yolo_ros) StdoutLine: {'line': b'running symlink_data\n'}
[1.151635] (yolo_ros) CommandEnded: {'returncode': 0}
[1.156305] (yolo_ros) JobEnded: {'identifier': 'yolo_ros', 'rc': 0}
[1.156846] (yolo_bringup) JobStarted: {'identifier': 'yolo_bringup'}
[1.161173] (yolo_bringup) JobProgress: {'identifier': 'yolo_bringup', 'progress': 'cmake'}
[1.161446] (yolo_bringup) JobProgress: {'identifier': 'yolo_bringup', 'progress': 'build'}
[1.161690] (yolo_bringup) Command: {'cmd': ['/usr/bin/cmake', '--build', '/workspaces/build/yolo_bringup', '--', '-j16', '-l16'], 'cwd': '/workspaces/build/yolo_bringup', 'env': OrderedDict({'HISTFILESIZE': '2147450879', 'GZ_CONFIG_PATH': '/opt/ros/jazzy/opt/sdformat_vendor/share/gz', 'HOSTNAME': '1c8bd271465b', 'SHLVL': '1', 'LD_LIBRARY_PATH': '/workspaces/install/yolo_msgs/lib:/opt/ros/jazzy/opt/sdformat_vendor/lib:/opt/ros/jazzy/opt/rviz_ogre_vendor/lib:/opt/ros/jazzy/lib/x86_64-linux-gnu:/opt/ros/jazzy/opt/gz_math_vendor/lib:/opt/ros/jazzy/opt/gz_utils_vendor/lib:/opt/ros/jazzy/opt/gz_tools_vendor/lib:/opt/ros/jazzy/opt/gz_cmake_vendor/lib:/opt/ros/jazzy/lib', 'LESS': '-R', 'HOME': '/root', 'LSCOLORS': 'Gxfxcxdxdxegedabagacad', 'ROS_PYTHON_VERSION': '3', 'PAGER': 'less', 'ROS_DISTRO': 'jazzy', 'OSH': '/root/.oh-my-bash', '_': '/usr/bin/colcon', 'ROS_VERSION': '2', 'TERM': 'xterm', 'DRIVER_WS': '/robot_ws', 'PATH': '/usr/lib/ccache:/opt/ros/jazzy/opt/gz_tools_vendor/bin:/opt/ros/jazzy/bin:/usr/local/sbin:/usr/local/bin:/usr/sbin:/usr/bin:/sbin:/bin', 'ydlidar_sdk_DIR': '/usr/lib/cmake/ydlidar_sdk', 'HISTSIZE': '2147450879', 'LANG': 'C.UTF-8', 'LS_COLORS': 'rs=0:di=01;34:ln=01;36:mh=00:pi=40;33:so=01;35:do=01;35:bd=40;33;01:cd=40;33;01:or=40;31;01:mi=00:su=37;41:sg=30;43:ca=00:tw=30;42:ow=34;42:st=37;44:ex=01;32:*.tar=01;31:*.tgz=01;31:*.arc=01;31:*.arj=01;31:*.taz=01;31:*.lha=01;31:*.lz4=01;31:*.lzh=01;31:*.lzma=01;31:*.tlz=01;31:*.txz=01;31:*.tzo=01;31:*.t7z=01;31:*.zip=01;31:*.z=01;31:*.dz=01;31:*.gz=01;31:*.lrz=01;31:*.lz=01;31:*.lzo=01;31:*.xz=01;31:*.zst=01;31:*.tzst=01;31:*.bz2=01;31:*.bz=01;31:*.tbz=01;31:*.tbz2=01;31:*.tz=01;31:*.deb=01;31:*.rpm=01;31:*.jar=01;31:*.war=01;31:*.ear=01;31:*.sar=01;31:*.rar=01;31:*.alz=01;31:*.ace=01;31:*.zoo=01;31:*.cpio=01;31:*.7z=01;31:*.rz=01;31:*.cab=01;31:*.wim=01;31:*.swm=01;31:*.dwm=01;31:*.esd=01;31:*.avif=01;35:*.jpg=01;35:*.jpeg=01;35:*.mjpg=01;35:*.mjpeg=01;35:*.gif=01;35:*.bmp=01;35:*.pbm=01;35:*.pgm=01;35:*.ppm=01;35:*.tga=01;35:*.xbm=01;35:*.xpm=01;35:*.tif=01;35:*.tiff=01;35:*.png=01;35:*.svg=01;35:*.svgz=01;35:*.mng=01;35:*.pcx=01;35:*.mov=01;35:*.mpg=01;35:*.mpeg=01;35:*.m2v=01;35:*.mkv=01;35:*.webm=01;35:*.webp=01;35:*.ogm=01;35:*.mp4=01;35:*.m4v=01;35:*.mp4v=01;35:*.vob=01;35:*.qt=01;35:*.nuv=01;35:*.wmv=01;35:*.asf=01;35:*.rm=01;35:*.rmvb=01;35:*.flc=01;35:*.avi=01;35:*.fli=01;35:*.flv=01;35:*.gl=01;35:*.dl=01;35:*.xcf=01;35:*.xwd=01;35:*.yuv=01;35:*.cgm=01;35:*.emf=01;35:*.ogv=01;35:*.ogx=01;35:*.aac=00;36:*.au=00;36:*.flac=00;36:*.m4a=00;36:*.mid=00;36:*.midi=00;36:*.mka=00;36:*.mp3=00;36:*.mpc=00;36:*.ogg=00;36:*.ra=00;36:*.wav=00;36:*.oga=00;36:*.opus=00;36:*.spx=00;36:*.xspf=00;36:*~=00;90:*#=00;90:*.bak=00;90:*.crdownload=00;90:*.dpkg-dist=00;90:*.dpkg-new=00;90:*.dpkg-old=00;90:*.dpkg-tmp=00;90:*.old=00;90:*.orig=00;90:*.part=00;90:*.rej=00;90:*.rpmnew=00;90:*.rpmorig=00;90:*.rpmsave=00;90:*.swp=00;90:*.tmp=00;90:*.ucf-dist=00;90:*.ucf-new=00;90:*.ucf-old=00;90:', 'ROS_DOMAIN_ID': '0', 'AMENT_PREFIX_PATH': '/workspaces/install/yolo_ros:/workspaces/install/yolo_msgs:/opt/ros/jazzy', 'ROS_AUTOMATIC_DISCOVERY_RANGE': 'SUBNET', 'PWD': '/workspaces/build/yolo_bringup', 'LC_ALL': 'C.UTF-8', 'PYTHONPATH': '/workspaces/build/yolo_ros:/workspaces/install/yolo_ros/lib/python3.12/site-packages:/workspaces/install/yolo_msgs/lib/python3.12/site-packages:/opt/ros/jazzy/lib/python3.12/site-packages', 'COLCON': '1', 'CMAKE_PREFIX_PATH': '/workspaces/install/yolo_msgs:/opt/ros/jazzy/opt/sdformat_vendor:/opt/ros/jazzy/opt/gz_math_vendor:/opt/ros/jazzy/opt/gz_utils_vendor:/opt/ros/jazzy/opt/gz_tools_vendor:/opt/ros/jazzy/opt/gz_cmake_vendor:/opt/ros/jazzy', 'ROS2_WS': '/workspaces'}), 'shell': False}
[1.186252] (yolo_bringup) CommandEnded: {'returncode': 0}
[1.186671] (yolo_bringup) JobProgress: {'identifier': 'yolo_bringup', 'progress': 'install'}
[1.186898] (yolo_bringup) Command: {'cmd': ['/usr/bin/cmake', '--install', '/workspaces/build/yolo_bringup'], 'cwd': '/workspaces/build/yolo_bringup', 'env': OrderedDict({'HISTFILESIZE': '2147450879', 'GZ_CONFIG_PATH': '/opt/ros/jazzy/opt/sdformat_vendor/share/gz', 'HOSTNAME': '1c8bd271465b', 'SHLVL': '1', 'LD_LIBRARY_PATH': '/workspaces/install/yolo_msgs/lib:/opt/ros/jazzy/opt/sdformat_vendor/lib:/opt/ros/jazzy/opt/rviz_ogre_vendor/lib:/opt/ros/jazzy/lib/x86_64-linux-gnu:/opt/ros/jazzy/opt/gz_math_vendor/lib:/opt/ros/jazzy/opt/gz_utils_vendor/lib:/opt/ros/jazzy/opt/gz_tools_vendor/lib:/opt/ros/jazzy/opt/gz_cmake_vendor/lib:/opt/ros/jazzy/lib', 'LESS': '-R', 'HOME': '/root', 'LSCOLORS': 'Gxfxcxdxdxegedabagacad', 'ROS_PYTHON_VERSION': '3', 'PAGER': 'less', 'ROS_DISTRO': 'jazzy', 'OSH': '/root/.oh-my-bash', '_': '/usr/bin/colcon', 'ROS_VERSION': '2', 'TERM': 'xterm', 'DRIVER_WS': '/robot_ws', 'PATH': '/usr/lib/ccache:/opt/ros/jazzy/opt/gz_tools_vendor/bin:/opt/ros/jazzy/bin:/usr/local/sbin:/usr/local/bin:/usr/sbin:/usr/bin:/sbin:/bin', 'ydlidar_sdk_DIR': '/usr/lib/cmake/ydlidar_sdk', 'HISTSIZE': '2147450879', 'LANG': 'C.UTF-8', 'LS_COLORS': 'rs=0:di=01;34:ln=01;36:mh=00:pi=40;33:so=01;35:do=01;35:bd=40;33;01:cd=40;33;01:or=40;31;01:mi=00:su=37;41:sg=30;43:ca=00:tw=30;42:ow=34;42:st=37;44:ex=01;32:*.tar=01;31:*.tgz=01;31:*.arc=01;31:*.arj=01;31:*.taz=01;31:*.lha=01;31:*.lz4=01;31:*.lzh=01;31:*.lzma=01;31:*.tlz=01;31:*.txz=01;31:*.tzo=01;31:*.t7z=01;31:*.zip=01;31:*.z=01;31:*.dz=01;31:*.gz=01;31:*.lrz=01;31:*.lz=01;31:*.lzo=01;31:*.xz=01;31:*.zst=01;31:*.tzst=01;31:*.bz2=01;31:*.bz=01;31:*.tbz=01;31:*.tbz2=01;31:*.tz=01;31:*.deb=01;31:*.rpm=01;31:*.jar=01;31:*.war=01;31:*.ear=01;31:*.sar=01;31:*.rar=01;31:*.alz=01;31:*.ace=01;31:*.zoo=01;31:*.cpio=01;31:*.7z=01;31:*.rz=01;31:*.cab=01;31:*.wim=01;31:*.swm=01;31:*.dwm=01;31:*.esd=01;31:*.avif=01;35:*.jpg=01;35:*.jpeg=01;35:*.mjpg=01;35:*.mjpeg=01;35:*.gif=01;35:*.bmp=01;35:*.pbm=01;35:*.pgm=01;35:*.ppm=01;35:*.tga=01;35:*.xbm=01;35:*.xpm=01;35:*.tif=01;35:*.tiff=01;35:*.png=01;35:*.svg=01;35:*.svgz=01;35:*.mng=01;35:*.pcx=01;35:*.mov=01;35:*.mpg=01;35:*.mpeg=01;35:*.m2v=01;35:*.mkv=01;35:*.webm=01;35:*.webp=01;35:*.ogm=01;35:*.mp4=01;35:*.m4v=01;35:*.mp4v=01;35:*.vob=01;35:*.qt=01;35:*.nuv=01;35:*.wmv=01;35:*.asf=01;35:*.rm=01;35:*.rmvb=01;35:*.flc=01;35:*.avi=01;35:*.fli=01;35:*.flv=01;35:*.gl=01;35:*.dl=01;35:*.xcf=01;35:*.xwd=01;35:*.yuv=01;35:*.cgm=01;35:*.emf=01;35:*.ogv=01;35:*.ogx=01;35:*.aac=00;36:*.au=00;36:*.flac=00;36:*.m4a=00;36:*.mid=00;36:*.midi=00;36:*.mka=00;36:*.mp3=00;36:*.mpc=00;36:*.ogg=00;36:*.ra=00;36:*.wav=00;36:*.oga=00;36:*.opus=00;36:*.spx=00;36:*.xspf=00;36:*~=00;90:*#=00;90:*.bak=00;90:*.crdownload=00;90:*.dpkg-dist=00;90:*.dpkg-new=00;90:*.dpkg-old=00;90:*.dpkg-tmp=00;90:*.old=00;90:*.orig=00;90:*.part=00;90:*.rej=00;90:*.rpmnew=00;90:*.rpmorig=00;90:*.rpmsave=00;90:*.swp=00;90:*.tmp=00;90:*.ucf-dist=00;90:*.ucf-new=00;90:*.ucf-old=00;90:', 'ROS_DOMAIN_ID': '0', 'AMENT_PREFIX_PATH': '/workspaces/install/yolo_ros:/workspaces/install/yolo_msgs:/opt/ros/jazzy', 'ROS_AUTOMATIC_DISCOVERY_RANGE': 'SUBNET', 'PWD': '/workspaces/build/yolo_bringup', 'LC_ALL': 'C.UTF-8', 'PYTHONPATH': '/workspaces/build/yolo_ros:/workspaces/install/yolo_ros/lib/python3.12/site-packages:/workspaces/install/yolo_msgs/lib/python3.12/site-packages:/opt/ros/jazzy/lib/python3.12/site-packages', 'COLCON': '1', 'CMAKE_PREFIX_PATH': '/workspaces/install/yolo_msgs:/opt/ros/jazzy/opt/sdformat_vendor:/opt/ros/jazzy/opt/gz_math_vendor:/opt/ros/jazzy/opt/gz_utils_vendor:/opt/ros/jazzy/opt/gz_tools_vendor:/opt/ros/jazzy/opt/gz_cmake_vendor:/opt/ros/jazzy', 'ROS2_WS': '/workspaces'}), 'shell': False}
[1.191636] (yolo_bringup) StdoutLine: {'line': b'-- Install configuration: ""\n'}
[1.191974] (yolo_bringup) StdoutLine: {'line': b'-- Execute custom install script\n'}
[1.192263] (yolo_bringup) StdoutLine: {'line': b'-- Up-to-date symlink: /workspaces/install/yolo_bringup/share/yolo_bringup//launch/yolo-world.launch.py\n'}
[1.192342] (yolo_bringup) StdoutLine: {'line': b'-- Up-to-date symlink: /workspaces/install/yolo_bringup/share/yolo_bringup//launch/yolo-world.launch.py:Zone.Identifier\n'}
[1.192391] (yolo_bringup) StdoutLine: {'line': b'-- Up-to-date symlink: /workspaces/install/yolo_bringup/share/yolo_bringup//launch/yolo.launch.py\n'}
[1.192449] (yolo_bringup) StdoutLine: {'line': b'-- Up-to-date symlink: /workspaces/install/yolo_bringup/share/yolo_bringup//launch/yolo.launch.py:Zone.Identifier\n'}
[1.192490] (yolo_bringup) StdoutLine: {'line': b'-- Up-to-date symlink: /workspaces/install/yolo_bringup/share/yolo_bringup//launch/yoloe.launch.py\n'}
[1.192517] (yolo_bringup) StdoutLine: {'line': b'-- Up-to-date symlink: /workspaces/install/yolo_bringup/share/yolo_bringup//launch/yoloe.launch.py:Zone.Identifier\n'}
[1.192548] (yolo_bringup) StdoutLine: {'line': b'-- Up-to-date symlink: /workspaces/install/yolo_bringup/share/yolo_bringup//launch/yolov10.launch.py\n'}
[1.192683] (yolo_bringup) StdoutLine: {'line': b'-- Up-to-date symlink: /workspaces/install/yolo_bringup/share/yolo_bringup//launch/yolov10.launch.py:Zone.Identifier\n'}
[1.192841] (yolo_bringup) StdoutLine: {'line': b'-- Up-to-date symlink: /workspaces/install/yolo_bringup/share/yolo_bringup//launch/yolov11.launch.py\n'}
[1.192878] (yolo_bringup) StdoutLine: {'line': b'-- Up-to-date symlink: /workspaces/install/yolo_bringup/share/yolo_bringup//launch/yolov11.launch.py:Zone.Identifier\n'}
[1.192935] (yolo_bringup) StdoutLine: {'line': b'-- Up-to-date symlink: /workspaces/install/yolo_bringup/share/yolo_bringup//launch/yolov12.launch.py\n'}
[1.192962] (yolo_bringup) StdoutLine: {'line': b'-- Up-to-date symlink: /workspaces/install/yolo_bringup/share/yolo_bringup//launch/yolov12.launch.py:Zone.Identifier\n'}
[1.192992] (yolo_bringup) StdoutLine: {'line': b'-- Up-to-date symlink: /workspaces/install/yolo_bringup/share/yolo_bringup//launch/yolov26.launch.py\n'}
[1.193032] (yolo_bringup) StdoutLine: {'line': b'-- Up-to-date symlink: /workspaces/install/yolo_bringup/share/yolo_bringup//launch/yolov26.launch.py:Zone.Identifier\n'}
[1.193073] (yolo_bringup) StdoutLine: {'line': b'-- Up-to-date symlink: /workspaces/install/yolo_bringup/share/yolo_bringup//launch/yolov5.launch.py\n'}
[1.193114] (yolo_bringup) StdoutLine: {'line': b'-- Up-to-date symlink: /workspaces/install/yolo_bringup/share/yolo_bringup//launch/yolov5.launch.py:Zone.Identifier\n'}
[1.193149] (yolo_bringup) StdoutLine: {'line': b'-- Up-to-date symlink: /workspaces/install/yolo_bringup/share/yolo_bringup//launch/yolov8.launch.py\n'}
[1.193177] (yolo_bringup) StdoutLine: {'line': b'-- Up-to-date symlink: /workspaces/install/yolo_bringup/share/yolo_bringup//launch/yolov8.launch.py:Zone.Identifier\n'}
[1.193200] (yolo_bringup) StdoutLine: {'line': b'-- Up-to-date symlink: /workspaces/install/yolo_bringup/share/yolo_bringup//launch/yolov9.launch.py\n'}
[1.193225] (yolo_bringup) StdoutLine: {'line': b'-- Up-to-date symlink: /workspaces/install/yolo_bringup/share/yolo_bringup//launch/yolov9.launch.py:Zone.Identifier\n'}
[1.193262] (yolo_bringup) StdoutLine: {'line': b'-- Up-to-date symlink: /workspaces/install/yolo_bringup/share/ament_index/resource_index/package_run_dependencies/yolo_bringup\n'}
[1.193323] (yolo_bringup) StdoutLine: {'line': b'-- Up-to-date symlink: /workspaces/install/yolo_bringup/share/ament_index/resource_index/parent_prefix_path/yolo_bringup\n'}
[1.193436] (yolo_bringup) StdoutLine: {'line': b'-- Up-to-date symlink: /workspaces/install/yolo_bringup/share/yolo_bringup/environment/ament_prefix_path.sh\n'}
[1.193491] (yolo_bringup) StdoutLine: {'line': b'-- Up-to-date symlink: /workspaces/install/yolo_bringup/share/yolo_bringup/environment/ament_prefix_path.dsv\n'}
[1.193547] (yolo_bringup) StdoutLine: {'line': b'-- Up-to-date symlink: /workspaces/install/yolo_bringup/share/yolo_bringup/environment/path.sh\n'}
[1.193611] (yolo_bringup) StdoutLine: {'line': b'-- Up-to-date symlink: /workspaces/install/yolo_bringup/share/yolo_bringup/environment/path.dsv\n'}
[1.193686] (yolo_bringup) StdoutLine: {'line': b'-- Up-to-date symlink: /workspaces/install/yolo_bringup/share/yolo_bringup/local_setup.bash\n'}
[1.193755] (yolo_bringup) StdoutLine: {'line': b'-- Up-to-date symlink: /workspaces/install/yolo_bringup/share/yolo_bringup/local_setup.sh\n'}
[1.193817] (yolo_bringup) StdoutLine: {'line': b'-- Up-to-date symlink: /workspaces/install/yolo_bringup/share/yolo_bringup/local_setup.zsh\n'}
[1.193880] (yolo_bringup) StdoutLine: {'line': b'-- Up-to-date symlink: /workspaces/install/yolo_bringup/share/yolo_bringup/local_setup.dsv\n'}
[1.193933] (yolo_bringup) StdoutLine: {'line': b'-- Symlinking: /workspaces/install/yolo_bringup/share/yolo_bringup/package.dsv\n'}
[1.200540] (yolo_bringup) StdoutLine: {'line': b'-- Up-to-date symlink: /workspaces/install/yolo_bringup/share/ament_index/resource_index/packages/yolo_bringup\n'}
[1.200842] (-) TimerEvent: {}
[1.200937] (yolo_bringup) StdoutLine: {'line': b'-- Up-to-date symlink: /workspaces/install/yolo_bringup/share/yolo_bringup/cmake/yolo_bringupConfig.cmake\n'}
[1.201027] (yolo_bringup) StdoutLine: {'line': b'-- Up-to-date symlink: /workspaces/install/yolo_bringup/share/yolo_bringup/cmake/yolo_bringupConfig-version.cmake\n'}
[1.201086] (yolo_bringup) StdoutLine: {'line': b'-- Up-to-date symlink: /workspaces/install/yolo_bringup/share/yolo_bringup/package.xml\n'}
[1.201849] (yolo_bringup) CommandEnded: {'returncode': 0}
[1.207497] (yolo_bringup) JobEnded: {'identifier': 'yolo_bringup', 'rc': 0}
[1.300936] (-) TimerEvent: {}
[1.401186] (-) TimerEvent: {}
[1.501442] (-) TimerEvent: {}
[1.601732] (-) TimerEvent: {}
[1.702006] (-) TimerEvent: {}
[1.802290] (-) TimerEvent: {}
[1.902567] (-) TimerEvent: {}
[2.002849] (-) TimerEvent: {}
[2.103035] (-) TimerEvent: {}
[2.203309] (-) TimerEvent: {}
[2.303574] (-) TimerEvent: {}
[2.403841] (-) TimerEvent: {}
[2.504097] (-) TimerEvent: {}
[2.604365] (-) TimerEvent: {}
[2.704657] (-) TimerEvent: {}
[2.805019] (-) TimerEvent: {}
[2.905334] (-) TimerEvent: {}
[3.005609] (-) TimerEvent: {}
[3.105841] (-) TimerEvent: {}
[3.206054] (-) TimerEvent: {}
[3.306282] (-) TimerEvent: {}
[3.406504] (-) TimerEvent: {}
[3.506762] (-) TimerEvent: {}
[3.606973] (-) TimerEvent: {}
[3.707202] (-) TimerEvent: {}
[3.807460] (-) TimerEvent: {}
[3.907767] (-) TimerEvent: {}
[4.008057] (-) TimerEvent: {}
[4.108309] (-) TimerEvent: {}
[4.171027] (ydlidar_ros2_driver) StderrLine: {'line': b'\x1b[01m\x1b[K/workspaces/workspaces/src/ydlidar_ros2_driver/src/ydlidar_ros2_driver_node.cpp:\x1b[m\x1b[K In lambda function:\n'}
[4.171256] (ydlidar_ros2_driver) StderrLine: {'line': b'\x1b[01m\x1b[K/workspaces/workspaces/src/ydlidar_ros2_driver/src/ydlidar_ros2_driver_node.cpp:163:54:\x1b[m\x1b[K \x1b[01;35m\x1b[Kwarning: \x1b[m\x1b[Kunused parameter \xe2\x80\x98\x1b[01m\x1b[Krequest_header\x1b[m\x1b[K\xe2\x80\x99 [\x1b[01;35m\x1b[K-Wunused-parameter\x1b[m\x1b[K]\n'}
[4.171335] (ydlidar_ros2_driver) StderrLine: {'line': b'  163 |     [&laser](\x1b[01;35m\x1b[Kconst std::shared_ptr<rmw_request_id_t> request_header\x1b[m\x1b[K,\n'}
[4.171396] (ydlidar_ros2_driver) StderrLine: {'line': b'      |              \x1b[01;35m\x1b[K~~~~~~~~~~~~~~~~~~~~~~~~~~~~~~~~~~~~~~~~^~~~~~~~~~~~~~\x1b[m\x1b[K\n'}
[4.171453] (ydlidar_ros2_driver) StderrLine: {'line': b'\x1b[01m\x1b[K/workspaces/workspaces/src/ydlidar_ros2_driver/src/ydlidar_ros2_driver_node.cpp:164:56:\x1b[m\x1b[K \x1b[01;35m\x1b[Kwarning: \x1b[m\x1b[Kunused parameter \xe2\x80\x98\x1b[01m\x1b[Kreq\x1b[m\x1b[K\xe2\x80\x99 [\x1b[01;35m\x1b[K-Wunused-parameter\x1b[m\x1b[K]\n'}
[4.171509] (ydlidar_ros2_driver) StderrLine: {'line': b'  164 |   \x1b[01;35m\x1b[Kconst std::shared_ptr<std_srvs::srv::Empty::Request> req\x1b[m\x1b[K,\n'}
[4.171562] (ydlidar_ros2_driver) StderrLine: {'line': b'      |   \x1b[01;35m\x1b[K~~~~~~~~~~~~~~~~~~~~~~~~~~~~~~~~~~~~~~~~~~~~~~~~~~~~~^~~\x1b[m\x1b[K\n'}
[4.171616] (ydlidar_ros2_driver) StderrLine: {'line': b'\x1b[01m\x1b[K/workspaces/workspaces/src/ydlidar_ros2_driver/src/ydlidar_ros2_driver_node.cpp:165:51:\x1b[m\x1b[K \x1b[01;35m\x1b[Kwarning: \x1b[m\x1b[Kunused parameter \xe2\x80\x98\x1b[01m\x1b[Kresponse\x1b[m\x1b[K\xe2\x80\x99 [\x1b[01;35m\x1b[K-Wunused-parameter\x1b[m\x1b[K]\n'}
[4.171672] (ydlidar_ros2_driver) StderrLine: {'line': b'  165 |   \x1b[01;35m\x1b[Kstd::shared_ptr<std_srvs::srv::Empty::Response> response\x1b[m\x1b[K) -> bool\n'}
[4.171725] (ydlidar_ros2_driver) StderrLine: {'line': b'      |   \x1b[01;35m\x1b[K~~~~~~~~~~~~~~~~~~~~~~~~~~~~~~~~~~~~~~~~~~~~~~~~^~~~~~~~\x1b[m\x1b[K\n'}
[4.171781] (ydlidar_ros2_driver) StderrLine: {'line': b'\x1b[01m\x1b[K/workspaces/workspaces/src/ydlidar_ros2_driver/src/ydlidar_ros2_driver_node.cpp:\x1b[m\x1b[K In lambda function:\n'}
[4.171832] (ydlidar_ros2_driver) StderrLine: {'line': b'\x1b[01m\x1b[K/workspaces/workspaces/src/ydlidar_ros2_driver/src/ydlidar_ros2_driver_node.cpp:173:54:\x1b[m\x1b[K \x1b[01;35m\x1b[Kwarning: \x1b[m\x1b[Kunused parameter \xe2\x80\x98\x1b[01m\x1b[Krequest_header\x1b[m\x1b[K\xe2\x80\x99 [\x1b[01;35m\x1b[K-Wunused-parameter\x1b[m\x1b[K]\n'}
[4.171879] (ydlidar_ros2_driver) StderrLine: {'line': b'  173 |     [&laser](\x1b[01;35m\x1b[Kconst std::shared_ptr<rmw_request_id_t> request_header\x1b[m\x1b[K,\n'}
[4.171925] (ydlidar_ros2_driver) StderrLine: {'line': b'      |              \x1b[01;35m\x1b[K~~~~~~~~~~~~~~~~~~~~~~~~~~~~~~~~~~~~~~~~^~~~~~~~~~~~~~\x1b[m\x1b[K\n'}
[4.171974] (ydlidar_ros2_driver) StderrLine: {'line': b'\x1b[01m\x1b[K/workspaces/workspaces/src/ydlidar_ros2_driver/src/ydlidar_ros2_driver_node.cpp:174:56:\x1b[m\x1b[K \x1b[01;35m\x1b[Kwarning: \x1b[m\x1b[Kunused parameter \xe2\x80\x98\x1b[01m\x1b[Kreq\x1b[m\x1b[K\xe2\x80\x99 [\x1b[01;35m\x1b[K-Wunused-parameter\x1b[m\x1b[K]\n'}
[4.172022] (ydlidar_ros2_driver) StderrLine: {'line': b'  174 |   \x1b[01;35m\x1b[Kconst std::shared_ptr<std_srvs::srv::Empty::Request> req\x1b[m\x1b[K,\n'}
[4.172068] (ydlidar_ros2_driver) StderrLine: {'line': b'      |   \x1b[01;35m\x1b[K~~~~~~~~~~~~~~~~~~~~~~~~~~~~~~~~~~~~~~~~~~~~~~~~~~~~~^~~\x1b[m\x1b[K\n'}
[4.172115] (ydlidar_ros2_driver) StderrLine: {'line': b'\x1b[01m\x1b[K/workspaces/workspaces/src/ydlidar_ros2_driver/src/ydlidar_ros2_driver_node.cpp:175:51:\x1b[m\x1b[K \x1b[01;35m\x1b[Kwarning: \x1b[m\x1b[Kunused parameter \xe2\x80\x98\x1b[01m\x1b[Kresponse\x1b[m\x1b[K\xe2\x80\x99 [\x1b[01;35m\x1b[K-Wunused-parameter\x1b[m\x1b[K]\n'}
[4.172163] (ydlidar_ros2_driver) StderrLine: {'line': b'  175 |   \x1b[01;35m\x1b[Kstd::shared_ptr<std_srvs::srv::Empty::Response> response\x1b[m\x1b[K) -> bool\n'}
[4.172211] (ydlidar_ros2_driver) StderrLine: {'line': b'      |   \x1b[01;35m\x1b[K~~~~~~~~~~~~~~~~~~~~~~~~~~~~~~~~~~~~~~~~~~~~~~~~^~~~~~~~\x1b[m\x1b[K\n'}
[4.180133] (ydlidar_ros2_driver) StdoutLine: {'line': b'[100%] \x1b[32m\x1b[1mLinking CXX executable ydlidar_ros2_driver_node\x1b[0m\n'}
[4.208400] (-) TimerEvent: {}
[4.308671] (-) TimerEvent: {}
[4.317152] (ydlidar_ros2_driver) StdoutLine: {'line': b'[100%] Built target ydlidar_ros2_driver_node\n'}
[4.325743] (ydlidar_ros2_driver) CommandEnded: {'returncode': 0}
[4.326155] (ydlidar_ros2_driver) JobProgress: {'identifier': 'ydlidar_ros2_driver', 'progress': 'install'}
[4.326314] (ydlidar_ros2_driver) Command: {'cmd': ['/usr/bin/cmake', '--install', '/workspaces/build/ydlidar_ros2_driver'], 'cwd': '/workspaces/build/ydlidar_ros2_driver', 'env': OrderedDict({'HISTFILESIZE': '2147450879', 'GZ_CONFIG_PATH': '/opt/ros/jazzy/opt/sdformat_vendor/share/gz', 'HOSTNAME': '1c8bd271465b', 'SHLVL': '1', 'LD_LIBRARY_PATH': '/opt/ros/jazzy/opt/sdformat_vendor/lib:/opt/ros/jazzy/opt/rviz_ogre_vendor/lib:/opt/ros/jazzy/lib/x86_64-linux-gnu:/opt/ros/jazzy/opt/gz_math_vendor/lib:/opt/ros/jazzy/opt/gz_utils_vendor/lib:/opt/ros/jazzy/opt/gz_tools_vendor/lib:/opt/ros/jazzy/opt/gz_cmake_vendor/lib:/opt/ros/jazzy/lib', 'LESS': '-R', 'HOME': '/root', 'LSCOLORS': 'Gxfxcxdxdxegedabagacad', 'ROS_PYTHON_VERSION': '3', 'PAGER': 'less', 'ROS_DISTRO': 'jazzy', 'OSH': '/root/.oh-my-bash', '_': '/usr/bin/colcon', 'ROS_VERSION': '2', 'TERM': 'xterm', 'DRIVER_WS': '/robot_ws', 'PATH': '/usr/lib/ccache:/opt/ros/jazzy/opt/gz_tools_vendor/bin:/opt/ros/jazzy/bin:/usr/local/sbin:/usr/local/bin:/usr/sbin:/usr/bin:/sbin:/bin', 'ydlidar_sdk_DIR': '/usr/lib/cmake/ydlidar_sdk', 'HISTSIZE': '2147450879', 'LANG': 'C.UTF-8', 'LS_COLORS': 'rs=0:di=01;34:ln=01;36:mh=00:pi=40;33:so=01;35:do=01;35:bd=40;33;01:cd=40;33;01:or=40;31;01:mi=00:su=37;41:sg=30;43:ca=00:tw=30;42:ow=34;42:st=37;44:ex=01;32:*.tar=01;31:*.tgz=01;31:*.arc=01;31:*.arj=01;31:*.taz=01;31:*.lha=01;31:*.lz4=01;31:*.lzh=01;31:*.lzma=01;31:*.tlz=01;31:*.txz=01;31:*.tzo=01;31:*.t7z=01;31:*.zip=01;31:*.z=01;31:*.dz=01;31:*.gz=01;31:*.lrz=01;31:*.lz=01;31:*.lzo=01;31:*.xz=01;31:*.zst=01;31:*.tzst=01;31:*.bz2=01;31:*.bz=01;31:*.tbz=01;31:*.tbz2=01;31:*.tz=01;31:*.deb=01;31:*.rpm=01;31:*.jar=01;31:*.war=01;31:*.ear=01;31:*.sar=01;31:*.rar=01;31:*.alz=01;31:*.ace=01;31:*.zoo=01;31:*.cpio=01;31:*.7z=01;31:*.rz=01;31:*.cab=01;31:*.wim=01;31:*.swm=01;31:*.dwm=01;31:*.esd=01;31:*.avif=01;35:*.jpg=01;35:*.jpeg=01;35:*.mjpg=01;35:*.mjpeg=01;35:*.gif=01;35:*.bmp=01;35:*.pbm=01;35:*.pgm=01;35:*.ppm=01;35:*.tga=01;35:*.xbm=01;35:*.xpm=01;35:*.tif=01;35:*.tiff=01;35:*.png=01;35:*.svg=01;35:*.svgz=01;35:*.mng=01;35:*.pcx=01;35:*.mov=01;35:*.mpg=01;35:*.mpeg=01;35:*.m2v=01;35:*.mkv=01;35:*.webm=01;35:*.webp=01;35:*.ogm=01;35:*.mp4=01;35:*.m4v=01;35:*.mp4v=01;35:*.vob=01;35:*.qt=01;35:*.nuv=01;35:*.wmv=01;35:*.asf=01;35:*.rm=01;35:*.rmvb=01;35:*.flc=01;35:*.avi=01;35:*.fli=01;35:*.flv=01;35:*.gl=01;35:*.dl=01;35:*.xcf=01;35:*.xwd=01;35:*.yuv=01;35:*.cgm=01;35:*.emf=01;35:*.ogv=01;35:*.ogx=01;35:*.aac=00;36:*.au=00;36:*.flac=00;36:*.m4a=00;36:*.mid=00;36:*.midi=00;36:*.mka=00;36:*.mp3=00;36:*.mpc=00;36:*.ogg=00;36:*.ra=00;36:*.wav=00;36:*.oga=00;36:*.opus=00;36:*.spx=00;36:*.xspf=00;36:*~=00;90:*#=00;90:*.bak=00;90:*.crdownload=00;90:*.dpkg-dist=00;90:*.dpkg-new=00;90:*.dpkg-old=00;90:*.dpkg-tmp=00;90:*.old=00;90:*.orig=00;90:*.part=00;90:*.rej=00;90:*.rpmnew=00;90:*.rpmorig=00;90:*.rpmsave=00;90:*.swp=00;90:*.tmp=00;90:*.ucf-dist=00;90:*.ucf-new=00;90:*.ucf-old=00;90:', 'ROS_DOMAIN_ID': '0', 'AMENT_PREFIX_PATH': '/opt/ros/jazzy', 'ROS_AUTOMATIC_DISCOVERY_RANGE': 'SUBNET', 'PWD': '/workspaces/build/ydlidar_ros2_driver', 'LC_ALL': 'C.UTF-8', 'PYTHONPATH': '/opt/ros/jazzy/lib/python3.12/site-packages', 'COLCON': '1', 'CMAKE_PREFIX_PATH': '/opt/ros/jazzy/opt/sdformat_vendor:/opt/ros/jazzy/opt/gz_math_vendor:/opt/ros/jazzy/opt/gz_utils_vendor:/opt/ros/jazzy/opt/gz_tools_vendor:/opt/ros/jazzy/opt/gz_cmake_vendor:/opt/ros/jazzy', 'ROS2_WS': '/workspaces'}), 'shell': False}
[4.331888] (ydlidar_ros2_driver) StdoutLine: {'line': b'-- Install configuration: ""\n'}
[4.332132] (ydlidar_ros2_driver) StdoutLine: {'line': b'-- Execute custom install script\n'}
[4.332306] (ydlidar_ros2_driver) StdoutLine: {'line': b'-- Up-to-date symlink: /workspaces/install/ydlidar_ros2_driver/lib/ydlidar_ros2_driver/ydlidar_ros2_driver_node\n'}
[4.332385] (ydlidar_ros2_driver) StdoutLine: {'line': b'-- Up-to-date symlink: /workspaces/install/ydlidar_ros2_driver/lib/ydlidar_ros2_driver/ydlidar_ros2_driver_client\n'}
[4.332514] (ydlidar_ros2_driver) StdoutLine: {'line': b'-- Up-to-date symlink: /workspaces/install/ydlidar_ros2_driver/share/ydlidar_ros2_driver/launch/ydlidar_launch.py\n'}
[4.332577] (ydlidar_ros2_driver) StdoutLine: {'line': b'-- Symlinking: /workspaces/install/ydlidar_ros2_driver/share/ydlidar_ros2_driver/launch/ydlidar_view_launch.py\n'}
[4.339084] (ydlidar_ros2_driver) StdoutLine: {'line': b'-- Up-to-date symlink: /workspaces/install/ydlidar_ros2_driver/share/ydlidar_ros2_driver/params/ydlidar.yaml\n'}
[4.339289] (ydlidar_ros2_driver) StdoutLine: {'line': b'-- Up-to-date symlink: /workspaces/install/ydlidar_ros2_driver/share/ydlidar_ros2_driver/config/ydlidar.rviz\n'}
[4.339382] (ydlidar_ros2_driver) StdoutLine: {'line': b'-- Up-to-date symlink: /workspaces/install/ydlidar_ros2_driver/share/ament_index/resource_index/package_run_dependencies/ydlidar_ros2_driver\n'}
[4.339444] (ydlidar_ros2_driver) StdoutLine: {'line': b'-- Up-to-date symlink: /workspaces/install/ydlidar_ros2_driver/share/ament_index/resource_index/parent_prefix_path/ydlidar_ros2_driver\n'}
[4.339512] (ydlidar_ros2_driver) StdoutLine: {'line': b'-- Up-to-date symlink: /workspaces/install/ydlidar_ros2_driver/share/ydlidar_ros2_driver/environment/ament_prefix_path.sh\n'}
[4.339575] (ydlidar_ros2_driver) StdoutLine: {'line': b'-- Up-to-date symlink: /workspaces/install/ydlidar_ros2_driver/share/ydlidar_ros2_driver/environment/ament_prefix_path.dsv\n'}
[4.339639] (ydlidar_ros2_driver) StdoutLine: {'line': b'-- Up-to-date symlink: /workspaces/install/ydlidar_ros2_driver/share/ydlidar_ros2_driver/environment/path.sh\n'}
[4.339713] (ydlidar_ros2_driver) StdoutLine: {'line': b'-- Up-to-date symlink: /workspaces/install/ydlidar_ros2_driver/share/ydlidar_ros2_driver/environment/path.dsv\n'}
[4.339767] (ydlidar_ros2_driver) StdoutLine: {'line': b'-- Up-to-date symlink: /workspaces/install/ydlidar_ros2_driver/share/ydlidar_ros2_driver/local_setup.bash\n'}
[4.339812] (ydlidar_ros2_driver) StdoutLine: {'line': b'-- Up-to-date symlink: /workspaces/install/ydlidar_ros2_driver/share/ydlidar_ros2_driver/local_setup.sh\n'}
[4.339857] (ydlidar_ros2_driver) StdoutLine: {'line': b'-- Up-to-date symlink: /workspaces/install/ydlidar_ros2_driver/share/ydlidar_ros2_driver/local_setup.zsh\n'}
[4.339914] (ydlidar_ros2_driver) StdoutLine: {'line': b'-- Up-to-date symlink: /workspaces/install/ydlidar_ros2_driver/share/ydlidar_ros2_driver/local_setup.dsv\n'}
[4.339960] (ydlidar_ros2_driver) StdoutLine: {'line': b'-- Symlinking: /workspaces/install/ydlidar_ros2_driver/share/ydlidar_ros2_driver/package.dsv\n'}
[4.344313] (ydlidar_ros2_driver) StdoutLine: {'line': b'-- Up-to-date symlink: /workspaces/install/ydlidar_ros2_driver/share/ament_index/resource_index/packages/ydlidar_ros2_driver\n'}
[4.344435] (ydlidar_ros2_driver) StdoutLine: {'line': b'-- Up-to-date symlink: /workspaces/install/ydlidar_ros2_driver/share/ydlidar_ros2_driver/cmake/ydlidar_ros2_driverConfig.cmake\n'}
[4.344489] (ydlidar_ros2_driver) StdoutLine: {'line': b'-- Up-to-date symlink: /workspaces/install/ydlidar_ros2_driver/share/ydlidar_ros2_driver/cmake/ydlidar_ros2_driverConfig-version.cmake\n'}
[4.344539] (ydlidar_ros2_driver) StdoutLine: {'line': b'-- Up-to-date symlink: /workspaces/install/ydlidar_ros2_driver/share/ydlidar_ros2_driver/package.xml\n'}
[4.345443] (ydlidar_ros2_driver) CommandEnded: {'returncode': 0}
[4.351321] (ydlidar_ros2_driver) JobEnded: {'identifier': 'ydlidar_ros2_driver', 'rc': 0}
[4.352159] (-) EventReactorShutdown: {}
