[0.054s] DEBUG:colcon:Command line arguments: ['/usr/bin/colcon', 'build', '--symlink-install']
[0.054s] DEBUG:colcon:Parsed command line arguments: Namespace(log_base=None, log_level=None, verb_name='build', build_base='build', install_base='install', merge_install=False, symlink_install=True, test_result_base=None, continue_on_error=False, executor='parallel', parallel_workers=16, event_handlers=None, ignore_user_meta=False, metas=['./colcon.meta'], base_paths=['.'], packages_ignore=None, packages_ignore_regex=None, paths=None, packages_up_to=None, packages_up_to_regex=None, packages_above=None, packages_above_and_dependencies=None, packages_above_depth=None, packages_select_by_dep=None, packages_skip_by_dep=None, packages_skip_up_to=None, packages_select_build_failed=False, packages_skip_build_finished=False, packages_select_test_failures=False, packages_skip_test_passed=False, packages_select=None, packages_skip=None, packages_select_regex=None, packages_skip_regex=None, packages_start=None, packages_end=None, cmake_args=None, cmake_target=None, cmake_target_skip_unavailable=False, cmake_clean_cache=False, cmake_clean_first=False, cmake_force_configure=False, ament_cmake_args=None, catkin_cmake_args=None, catkin_skip_building_tests=False, mixin_files=None, mixin=None, verb_parser=<colcon_mixin.mixin.mixin_argument.MixinArgumentDecorator object at 0x7e354cc3c440>, verb_extension=<colcon_core.verb.build.BuildVerb object at 0x7e354cc3c200>, main=<bound method BuildVerb.main of <colcon_core.verb.build.BuildVerb object at 0x7e354cc3c200>>, mixin_verb=('build',))
[0.073s] Level 1:colcon.colcon_core.package_discovery:discover_packages(colcon_meta) check parameters
[0.074s] INFO:colcon.colcon_metadata.package_discovery.colcon_meta:Using configuration from '/root/.colcon/metadata/default/Gazebo.meta'
[0.074s] INFO:colcon.colcon_metadata.package_discovery.colcon_meta:Using configuration from '/root/.colcon/metadata/default/fastdds.meta'
[0.074s] INFO:colcon.colcon_metadata.package_discovery.colcon_meta:Using configuration from '/root/.colcon/metadata/default/fastrtps.meta'
[0.074s] Level 1:colcon.colcon_core.package_discovery:discover_packages(recursive) check parameters
[0.074s] Level 1:colcon.colcon_core.package_discovery:discover_packages(ignore) check parameters
[0.074s] Level 1:colcon.colcon_core.package_discovery:discover_packages(path) check parameters
[0.075s] Level 1:colcon.colcon_core.package_discovery:discover_packages(colcon_meta) discover
[0.075s] Level 1:colcon.colcon_core.package_discovery:discover_packages(recursive) discover
[0.075s] INFO:colcon.colcon_core.package_discovery:Crawling recursively for packages in '/workspaces'
[0.075s] Level 1:colcon.colcon_core.package_identification:_identify(.) by extensions ['ignore', 'ignore_ament_install']
[0.075s] Level 1:colcon.colcon_core.package_identification:_identify(.) by extension 'ignore'
[0.075s] Level 1:colcon.colcon_core.package_identification:_identify(.) by extension 'ignore_ament_install'
[0.075s] Level 1:colcon.colcon_core.package_identification:_identify(.) by extensions ['colcon_pkg']
[0.075s] Level 1:colcon.colcon_core.package_identification:_identify(.) by extension 'colcon_pkg'
[0.075s] Level 1:colcon.colcon_core.package_identification:_identify(.) by extensions ['colcon_meta']
[0.075s] Level 1:colcon.colcon_core.package_identification:_identify(.) by extension 'colcon_meta'
[0.075s] Level 1:colcon.colcon_core.package_identification:_identify(.) by extensions ['ros']
[0.075s] Level 1:colcon.colcon_core.package_identification:_identify(.) by extension 'ros'
[0.095s] Level 1:colcon.colcon_core.package_identification:_identify(.) by extensions ['cmake', 'python']
[0.095s] Level 1:colcon.colcon_core.package_identification:_identify(.) by extension 'cmake'
[0.095s] Level 1:colcon.colcon_core.package_identification:_identify(.) by extension 'python'
[0.095s] Level 1:colcon.colcon_core.package_identification:_identify(.) by extensions ['python_setup_py']
[0.095s] Level 1:colcon.colcon_core.package_identification:_identify(.) by extension 'python_setup_py'
[0.095s] Level 1:colcon.colcon_core.package_identification:_identify(build) by extensions ['ignore', 'ignore_ament_install']
[0.095s] Level 1:colcon.colcon_core.package_identification:_identify(build) by extension 'ignore'
[0.095s] Level 1:colcon.colcon_core.package_identification:_identify(build) ignored
[0.095s] Level 1:colcon.colcon_core.package_identification:_identify(docker) by extensions ['ignore', 'ignore_ament_install']
[0.096s] Level 1:colcon.colcon_core.package_identification:_identify(docker) by extension 'ignore'
[0.096s] Level 1:colcon.colcon_core.package_identification:_identify(docker) by extension 'ignore_ament_install'
[0.096s] Level 1:colcon.colcon_core.package_identification:_identify(docker) by extensions ['colcon_pkg']
[0.096s] Level 1:colcon.colcon_core.package_identification:_identify(docker) by extension 'colcon_pkg'
[0.096s] Level 1:colcon.colcon_core.package_identification:_identify(docker) by extensions ['colcon_meta']
[0.096s] Level 1:colcon.colcon_core.package_identification:_identify(docker) by extension 'colcon_meta'
[0.096s] Level 1:colcon.colcon_core.package_identification:_identify(docker) by extensions ['ros']
[0.096s] Level 1:colcon.colcon_core.package_identification:_identify(docker) by extension 'ros'
[0.096s] Level 1:colcon.colcon_core.package_identification:_identify(docker) by extensions ['cmake', 'python']
[0.096s] Level 1:colcon.colcon_core.package_identification:_identify(docker) by extension 'cmake'
[0.096s] Level 1:colcon.colcon_core.package_identification:_identify(docker) by extension 'python'
[0.096s] Level 1:colcon.colcon_core.package_identification:_identify(docker) by extensions ['python_setup_py']
[0.096s] Level 1:colcon.colcon_core.package_identification:_identify(docker) by extension 'python_setup_py'
[0.096s] Level 1:colcon.colcon_core.package_identification:_identify(docker/compose) by extensions ['ignore', 'ignore_ament_install']
[0.096s] Level 1:colcon.colcon_core.package_identification:_identify(docker/compose) by extension 'ignore'
[0.096s] Level 1:colcon.colcon_core.package_identification:_identify(docker/compose) by extension 'ignore_ament_install'
[0.096s] Level 1:colcon.colcon_core.package_identification:_identify(docker/compose) by extensions ['colcon_pkg']
[0.096s] Level 1:colcon.colcon_core.package_identification:_identify(docker/compose) by extension 'colcon_pkg'
[0.096s] Level 1:colcon.colcon_core.package_identification:_identify(docker/compose) by extensions ['colcon_meta']
[0.096s] Level 1:colcon.colcon_core.package_identification:_identify(docker/compose) by extension 'colcon_meta'
[0.096s] Level 1:colcon.colcon_core.package_identification:_identify(docker/compose) by extensions ['ros']
[0.096s] Level 1:colcon.colcon_core.package_identification:_identify(docker/compose) by extension 'ros'
[0.096s] Level 1:colcon.colcon_core.package_identification:_identify(docker/compose) by extensions ['cmake', 'python']
[0.096s] Level 1:colcon.colcon_core.package_identification:_identify(docker/compose) by extension 'cmake'
[0.096s] Level 1:colcon.colcon_core.package_identification:_identify(docker/compose) by extension 'python'
[0.096s] Level 1:colcon.colcon_core.package_identification:_identify(docker/compose) by extensions ['python_setup_py']
[0.096s] Level 1:colcon.colcon_core.package_identification:_identify(docker/compose) by extension 'python_setup_py'
[0.096s] Level 1:colcon.colcon_core.package_identification:_identify(docker/compose/configs) by extensions ['ignore', 'ignore_ament_install']
[0.096s] Level 1:colcon.colcon_core.package_identification:_identify(docker/compose/configs) by extension 'ignore'
[0.096s] Level 1:colcon.colcon_core.package_identification:_identify(docker/compose/configs) by extension 'ignore_ament_install'
[0.096s] Level 1:colcon.colcon_core.package_identification:_identify(docker/compose/configs) by extensions ['colcon_pkg']
[0.096s] Level 1:colcon.colcon_core.package_identification:_identify(docker/compose/configs) by extension 'colcon_pkg'
[0.096s] Level 1:colcon.colcon_core.package_identification:_identify(docker/compose/configs) by extensions ['colcon_meta']
[0.096s] Level 1:colcon.colcon_core.package_identification:_identify(docker/compose/configs) by extension 'colcon_meta'
[0.096s] Level 1:colcon.colcon_core.package_identification:_identify(docker/compose/configs) by extensions ['ros']
[0.096s] Level 1:colcon.colcon_core.package_identification:_identify(docker/compose/configs) by extension 'ros'
[0.096s] Level 1:colcon.colcon_core.package_identification:_identify(docker/compose/configs) by extensions ['cmake', 'python']
[0.096s] Level 1:colcon.colcon_core.package_identification:_identify(docker/compose/configs) by extension 'cmake'
[0.096s] Level 1:colcon.colcon_core.package_identification:_identify(docker/compose/configs) by extension 'python'
[0.096s] Level 1:colcon.colcon_core.package_identification:_identify(docker/compose/configs) by extensions ['python_setup_py']
[0.096s] Level 1:colcon.colcon_core.package_identification:_identify(docker/compose/configs) by extension 'python_setup_py'
[0.096s] Level 1:colcon.colcon_core.package_identification:_identify(docker/compose/launch) by extensions ['ignore', 'ignore_ament_install']
[0.096s] Level 1:colcon.colcon_core.package_identification:_identify(docker/compose/launch) by extension 'ignore'
[0.096s] Level 1:colcon.colcon_core.package_identification:_identify(docker/compose/launch) by extension 'ignore_ament_install'
[0.096s] Level 1:colcon.colcon_core.package_identification:_identify(docker/compose/launch) by extensions ['colcon_pkg']
[0.096s] Level 1:colcon.colcon_core.package_identification:_identify(docker/compose/launch) by extension 'colcon_pkg'
[0.096s] Level 1:colcon.colcon_core.package_identification:_identify(docker/compose/launch) by extensions ['colcon_meta']
[0.096s] Level 1:colcon.colcon_core.package_identification:_identify(docker/compose/launch) by extension 'colcon_meta'
[0.096s] Level 1:colcon.colcon_core.package_identification:_identify(docker/compose/launch) by extensions ['ros']
[0.096s] Level 1:colcon.colcon_core.package_identification:_identify(docker/compose/launch) by extension 'ros'
[0.096s] Level 1:colcon.colcon_core.package_identification:_identify(docker/compose/launch) by extensions ['cmake', 'python']
[0.096s] Level 1:colcon.colcon_core.package_identification:_identify(docker/compose/launch) by extension 'cmake'
[0.096s] Level 1:colcon.colcon_core.package_identification:_identify(docker/compose/launch) by extension 'python'
[0.096s] Level 1:colcon.colcon_core.package_identification:_identify(docker/compose/launch) by extensions ['python_setup_py']
[0.096s] Level 1:colcon.colcon_core.package_identification:_identify(docker/compose/launch) by extension 'python_setup_py'
[0.096s] Level 1:colcon.colcon_core.package_identification:_identify(install) by extensions ['ignore', 'ignore_ament_install']
[0.096s] Level 1:colcon.colcon_core.package_identification:_identify(install) by extension 'ignore'
[0.096s] Level 1:colcon.colcon_core.package_identification:_identify(install) ignored
[0.097s] Level 1:colcon.colcon_core.package_identification:_identify(log) by extensions ['ignore', 'ignore_ament_install']
[0.097s] Level 1:colcon.colcon_core.package_identification:_identify(log) by extension 'ignore'
[0.097s] Level 1:colcon.colcon_core.package_identification:_identify(log) ignored
[0.097s] Level 1:colcon.colcon_core.package_identification:_identify(photos) by extensions ['ignore', 'ignore_ament_install']
[0.097s] Level 1:colcon.colcon_core.package_identification:_identify(photos) by extension 'ignore'
[0.097s] Level 1:colcon.colcon_core.package_identification:_identify(photos) by extension 'ignore_ament_install'
[0.097s] Level 1:colcon.colcon_core.package_identification:_identify(photos) by extensions ['colcon_pkg']
[0.097s] Level 1:colcon.colcon_core.package_identification:_identify(photos) by extension 'colcon_pkg'
[0.097s] Level 1:colcon.colcon_core.package_identification:_identify(photos) by extensions ['colcon_meta']
[0.097s] Level 1:colcon.colcon_core.package_identification:_identify(photos) by extension 'colcon_meta'
[0.097s] Level 1:colcon.colcon_core.package_identification:_identify(photos) by extensions ['ros']
[0.097s] Level 1:colcon.colcon_core.package_identification:_identify(photos) by extension 'ros'
[0.097s] Level 1:colcon.colcon_core.package_identification:_identify(photos) by extensions ['cmake', 'python']
[0.097s] Level 1:colcon.colcon_core.package_identification:_identify(photos) by extension 'cmake'
[0.097s] Level 1:colcon.colcon_core.package_identification:_identify(photos) by extension 'python'
[0.097s] Level 1:colcon.colcon_core.package_identification:_identify(photos) by extensions ['python_setup_py']
[0.097s] Level 1:colcon.colcon_core.package_identification:_identify(photos) by extension 'python_setup_py'
[0.097s] Level 1:colcon.colcon_core.package_identification:_identify(scripts) by extensions ['ignore', 'ignore_ament_install']
[0.097s] Level 1:colcon.colcon_core.package_identification:_identify(scripts) by extension 'ignore'
[0.097s] Level 1:colcon.colcon_core.package_identification:_identify(scripts) by extension 'ignore_ament_install'
[0.097s] Level 1:colcon.colcon_core.package_identification:_identify(scripts) by extensions ['colcon_pkg']
[0.097s] Level 1:colcon.colcon_core.package_identification:_identify(scripts) by extension 'colcon_pkg'
[0.097s] Level 1:colcon.colcon_core.package_identification:_identify(scripts) by extensions ['colcon_meta']
[0.097s] Level 1:colcon.colcon_core.package_identification:_identify(scripts) by extension 'colcon_meta'
[0.097s] Level 1:colcon.colcon_core.package_identification:_identify(scripts) by extensions ['ros']
[0.097s] Level 1:colcon.colcon_core.package_identification:_identify(scripts) by extension 'ros'
[0.097s] Level 1:colcon.colcon_core.package_identification:_identify(scripts) by extensions ['cmake', 'python']
[0.097s] Level 1:colcon.colcon_core.package_identification:_identify(scripts) by extension 'cmake'
[0.097s] Level 1:colcon.colcon_core.package_identification:_identify(scripts) by extension 'python'
[0.097s] Level 1:colcon.colcon_core.package_identification:_identify(scripts) by extensions ['python_setup_py']
[0.097s] Level 1:colcon.colcon_core.package_identification:_identify(scripts) by extension 'python_setup_py'
[0.097s] Level 1:colcon.colcon_core.package_identification:_identify(workspaces) by extensions ['ignore', 'ignore_ament_install']
[0.097s] Level 1:colcon.colcon_core.package_identification:_identify(workspaces) by extension 'ignore'
[0.097s] Level 1:colcon.colcon_core.package_identification:_identify(workspaces) by extension 'ignore_ament_install'
[0.097s] Level 1:colcon.colcon_core.package_identification:_identify(workspaces) by extensions ['colcon_pkg']
[0.097s] Level 1:colcon.colcon_core.package_identification:_identify(workspaces) by extension 'colcon_pkg'
[0.097s] Level 1:colcon.colcon_core.package_identification:_identify(workspaces) by extensions ['colcon_meta']
[0.097s] Level 1:colcon.colcon_core.package_identification:_identify(workspaces) by extension 'colcon_meta'
[0.097s] Level 1:colcon.colcon_core.package_identification:_identify(workspaces) by extensions ['ros']
[0.097s] Level 1:colcon.colcon_core.package_identification:_identify(workspaces) by extension 'ros'
[0.097s] Level 1:colcon.colcon_core.package_identification:_identify(workspaces) by extensions ['cmake', 'python']
[0.097s] Level 1:colcon.colcon_core.package_identification:_identify(workspaces) by extension 'cmake'
[0.097s] Level 1:colcon.colcon_core.package_identification:_identify(workspaces) by extension 'python'
[0.097s] Level 1:colcon.colcon_core.package_identification:_identify(workspaces) by extensions ['python_setup_py']
[0.097s] Level 1:colcon.colcon_core.package_identification:_identify(workspaces) by extension 'python_setup_py'
[0.097s] Level 1:colcon.colcon_core.package_identification:_identify(workspaces/build) by extensions ['ignore', 'ignore_ament_install']
[0.097s] Level 1:colcon.colcon_core.package_identification:_identify(workspaces/build) by extension 'ignore'
[0.097s] Level 1:colcon.colcon_core.package_identification:_identify(workspaces/build) ignored
[0.097s] Level 1:colcon.colcon_core.package_identification:_identify(workspaces/imu_ws) by extensions ['ignore', 'ignore_ament_install']
[0.097s] Level 1:colcon.colcon_core.package_identification:_identify(workspaces/imu_ws) by extension 'ignore'
[0.097s] Level 1:colcon.colcon_core.package_identification:_identify(workspaces/imu_ws) by extension 'ignore_ament_install'
[0.097s] Level 1:colcon.colcon_core.package_identification:_identify(workspaces/imu_ws) by extensions ['colcon_pkg']
[0.097s] Level 1:colcon.colcon_core.package_identification:_identify(workspaces/imu_ws) by extension 'colcon_pkg'
[0.097s] Level 1:colcon.colcon_core.package_identification:_identify(workspaces/imu_ws) by extensions ['colcon_meta']
[0.097s] Level 1:colcon.colcon_core.package_identification:_identify(workspaces/imu_ws) by extension 'colcon_meta'
[0.097s] Level 1:colcon.colcon_core.package_identification:_identify(workspaces/imu_ws) by extensions ['ros']
[0.097s] Level 1:colcon.colcon_core.package_identification:_identify(workspaces/imu_ws) by extension 'ros'
[0.098s] Level 1:colcon.colcon_core.package_identification:_identify(workspaces/imu_ws) by extensions ['cmake', 'python']
[0.098s] Level 1:colcon.colcon_core.package_identification:_identify(workspaces/imu_ws) by extension 'cmake'
[0.098s] Level 1:colcon.colcon_core.package_identification:_identify(workspaces/imu_ws) by extension 'python'
[0.098s] Level 1:colcon.colcon_core.package_identification:_identify(workspaces/imu_ws) by extensions ['python_setup_py']
[0.098s] Level 1:colcon.colcon_core.package_identification:_identify(workspaces/imu_ws) by extension 'python_setup_py'
[0.098s] Level 1:colcon.colcon_core.package_identification:_identify(workspaces/imu_ws/build) by extensions ['ignore', 'ignore_ament_install']
[0.098s] Level 1:colcon.colcon_core.package_identification:_identify(workspaces/imu_ws/build) by extension 'ignore'
[0.098s] Level 1:colcon.colcon_core.package_identification:_identify(workspaces/imu_ws/build) ignored
[0.098s] Level 1:colcon.colcon_core.package_identification:_identify(workspaces/imu_ws/install) by extensions ['ignore', 'ignore_ament_install']
[0.098s] Level 1:colcon.colcon_core.package_identification:_identify(workspaces/imu_ws/install) by extension 'ignore'
[0.098s] Level 1:colcon.colcon_core.package_identification:_identify(workspaces/imu_ws/install) ignored
[0.098s] Level 1:colcon.colcon_core.package_identification:_identify(workspaces/imu_ws/log) by extensions ['ignore', 'ignore_ament_install']
[0.098s] Level 1:colcon.colcon_core.package_identification:_identify(workspaces/imu_ws/log) by extension 'ignore'
[0.098s] Level 1:colcon.colcon_core.package_identification:_identify(workspaces/imu_ws/log) ignored
[0.098s] Level 1:colcon.colcon_core.package_identification:_identify(workspaces/imu_ws/src) by extensions ['ignore', 'ignore_ament_install']
[0.098s] Level 1:colcon.colcon_core.package_identification:_identify(workspaces/imu_ws/src) by extension 'ignore'
[0.098s] Level 1:colcon.colcon_core.package_identification:_identify(workspaces/imu_ws/src) by extension 'ignore_ament_install'
[0.098s] Level 1:colcon.colcon_core.package_identification:_identify(workspaces/imu_ws/src) by extensions ['colcon_pkg']
[0.098s] Level 1:colcon.colcon_core.package_identification:_identify(workspaces/imu_ws/src) by extension 'colcon_pkg'
[0.098s] Level 1:colcon.colcon_core.package_identification:_identify(workspaces/imu_ws/src) by extensions ['colcon_meta']
[0.098s] Level 1:colcon.colcon_core.package_identification:_identify(workspaces/imu_ws/src) by extension 'colcon_meta'
[0.098s] Level 1:colcon.colcon_core.package_identification:_identify(workspaces/imu_ws/src) by extensions ['ros']
[0.098s] Level 1:colcon.colcon_core.package_identification:_identify(workspaces/imu_ws/src) by extension 'ros'
[0.098s] Level 1:colcon.colcon_core.package_identification:_identify(workspaces/imu_ws/src) by extensions ['cmake', 'python']
[0.098s] Level 1:colcon.colcon_core.package_identification:_identify(workspaces/imu_ws/src) by extension 'cmake'
[0.098s] Level 1:colcon.colcon_core.package_identification:_identify(workspaces/imu_ws/src) by extension 'python'
[0.098s] Level 1:colcon.colcon_core.package_identification:_identify(workspaces/imu_ws/src) by extensions ['python_setup_py']
[0.098s] Level 1:colcon.colcon_core.package_identification:_identify(workspaces/imu_ws/src) by extension 'python_setup_py'
[0.098s] Level 1:colcon.colcon_core.package_identification:_identify(workspaces/imu_ws/src/handsfree_imu_ros2) by extensions ['ignore', 'ignore_ament_install']
[0.098s] Level 1:colcon.colcon_core.package_identification:_identify(workspaces/imu_ws/src/handsfree_imu_ros2) by extension 'ignore'
[0.098s] Level 1:colcon.colcon_core.package_identification:_identify(workspaces/imu_ws/src/handsfree_imu_ros2) by extension 'ignore_ament_install'
[0.098s] Level 1:colcon.colcon_core.package_identification:_identify(workspaces/imu_ws/src/handsfree_imu_ros2) by extensions ['colcon_pkg']
[0.098s] Level 1:colcon.colcon_core.package_identification:_identify(workspaces/imu_ws/src/handsfree_imu_ros2) by extension 'colcon_pkg'
[0.098s] Level 1:colcon.colcon_core.package_identification:_identify(workspaces/imu_ws/src/handsfree_imu_ros2) by extensions ['colcon_meta']
[0.098s] Level 1:colcon.colcon_core.package_identification:_identify(workspaces/imu_ws/src/handsfree_imu_ros2) by extension 'colcon_meta'
[0.098s] Level 1:colcon.colcon_core.package_identification:_identify(workspaces/imu_ws/src/handsfree_imu_ros2) by extensions ['ros']
[0.098s] Level 1:colcon.colcon_core.package_identification:_identify(workspaces/imu_ws/src/handsfree_imu_ros2) by extension 'ros'
[0.099s] DEBUG:colcon.colcon_core.package_identification:Package 'workspaces/imu_ws/src/handsfree_imu_ros2' with type 'ros.ament_python' and name 'handsfree_imu_ros2'
[0.100s] Level 1:colcon.colcon_core.package_identification:_identify(workspaces/imu_ws/src/wildbot_control) by extensions ['ignore', 'ignore_ament_install']
[0.100s] Level 1:colcon.colcon_core.package_identification:_identify(workspaces/imu_ws/src/wildbot_control) by extension 'ignore'
[0.100s] Level 1:colcon.colcon_core.package_identification:_identify(workspaces/imu_ws/src/wildbot_control) by extension 'ignore_ament_install'
[0.100s] Level 1:colcon.colcon_core.package_identification:_identify(workspaces/imu_ws/src/wildbot_control) by extensions ['colcon_pkg']
[0.100s] Level 1:colcon.colcon_core.package_identification:_identify(workspaces/imu_ws/src/wildbot_control) by extension 'colcon_pkg'
[0.100s] Level 1:colcon.colcon_core.package_identification:_identify(workspaces/imu_ws/src/wildbot_control) by extensions ['colcon_meta']
[0.100s] Level 1:colcon.colcon_core.package_identification:_identify(workspaces/imu_ws/src/wildbot_control) by extension 'colcon_meta'
[0.100s] Level 1:colcon.colcon_core.package_identification:_identify(workspaces/imu_ws/src/wildbot_control) by extensions ['ros']
[0.100s] Level 1:colcon.colcon_core.package_identification:_identify(workspaces/imu_ws/src/wildbot_control) by extension 'ros'
[0.100s] DEBUG:colcon.colcon_core.package_identification:Package 'workspaces/imu_ws/src/wildbot_control' with type 'ros.ament_python' and name 'wildbot_control'
[0.100s] Level 1:colcon.colcon_core.package_identification:_identify(workspaces/install) by extensions ['ignore', 'ignore_ament_install']
[0.100s] Level 1:colcon.colcon_core.package_identification:_identify(workspaces/install) by extension 'ignore'
[0.100s] Level 1:colcon.colcon_core.package_identification:_identify(workspaces/install) ignored
[0.100s] Level 1:colcon.colcon_core.package_identification:_identify(workspaces/log) by extensions ['ignore', 'ignore_ament_install']
[0.100s] Level 1:colcon.colcon_core.package_identification:_identify(workspaces/log) by extension 'ignore'
[0.100s] Level 1:colcon.colcon_core.package_identification:_identify(workspaces/log) ignored
[0.100s] Level 1:colcon.colcon_core.package_identification:_identify(workspaces/src) by extensions ['ignore', 'ignore_ament_install']
[0.100s] Level 1:colcon.colcon_core.package_identification:_identify(workspaces/src) by extension 'ignore'
[0.100s] Level 1:colcon.colcon_core.package_identification:_identify(workspaces/src) by extension 'ignore_ament_install'
[0.100s] Level 1:colcon.colcon_core.package_identification:_identify(workspaces/src) by extensions ['colcon_pkg']
[0.100s] Level 1:colcon.colcon_core.package_identification:_identify(workspaces/src) by extension 'colcon_pkg'
[0.100s] Level 1:colcon.colcon_core.package_identification:_identify(workspaces/src) by extensions ['colcon_meta']
[0.100s] Level 1:colcon.colcon_core.package_identification:_identify(workspaces/src) by extension 'colcon_meta'
[0.100s] Level 1:colcon.colcon_core.package_identification:_identify(workspaces/src) by extensions ['ros']
[0.100s] Level 1:colcon.colcon_core.package_identification:_identify(workspaces/src) by extension 'ros'
[0.100s] Level 1:colcon.colcon_core.package_identification:_identify(workspaces/src) by extensions ['cmake', 'python']
[0.100s] Level 1:colcon.colcon_core.package_identification:_identify(workspaces/src) by extension 'cmake'
[0.100s] Level 1:colcon.colcon_core.package_identification:_identify(workspaces/src) by extension 'python'
[0.100s] Level 1:colcon.colcon_core.package_identification:_identify(workspaces/src) by extensions ['python_setup_py']
[0.100s] Level 1:colcon.colcon_core.package_identification:_identify(workspaces/src) by extension 'python_setup_py'
[0.100s] Level 1:colcon.colcon_core.package_identification:_identify(workspaces/src/wildbot_localization) by extensions ['ignore', 'ignore_ament_install']
[0.100s] Level 1:colcon.colcon_core.package_identification:_identify(workspaces/src/wildbot_localization) by extension 'ignore'
[0.100s] Level 1:colcon.colcon_core.package_identification:_identify(workspaces/src/wildbot_localization) by extension 'ignore_ament_install'
[0.100s] Level 1:colcon.colcon_core.package_identification:_identify(workspaces/src/wildbot_localization) by extensions ['colcon_pkg']
[0.100s] Level 1:colcon.colcon_core.package_identification:_identify(workspaces/src/wildbot_localization) by extension 'colcon_pkg'
[0.100s] Level 1:colcon.colcon_core.package_identification:_identify(workspaces/src/wildbot_localization) by extensions ['colcon_meta']
[0.100s] Level 1:colcon.colcon_core.package_identification:_identify(workspaces/src/wildbot_localization) by extension 'colcon_meta'
[0.100s] Level 1:colcon.colcon_core.package_identification:_identify(workspaces/src/wildbot_localization) by extensions ['ros']
[0.101s] Level 1:colcon.colcon_core.package_identification:_identify(workspaces/src/wildbot_localization) by extension 'ros'
[0.101s] DEBUG:colcon.colcon_core.package_identification:Package 'workspaces/src/wildbot_localization' with type 'ros.ament_cmake' and name 'wildbot_localization'
[0.101s] Level 1:colcon.colcon_core.package_identification:_identify(workspaces/src/wildbot_slam) by extensions ['ignore', 'ignore_ament_install']
[0.101s] Level 1:colcon.colcon_core.package_identification:_identify(workspaces/src/wildbot_slam) by extension 'ignore'
[0.101s] Level 1:colcon.colcon_core.package_identification:_identify(workspaces/src/wildbot_slam) by extension 'ignore_ament_install'
[0.101s] Level 1:colcon.colcon_core.package_identification:_identify(workspaces/src/wildbot_slam) by extensions ['colcon_pkg']
[0.101s] Level 1:colcon.colcon_core.package_identification:_identify(workspaces/src/wildbot_slam) by extension 'colcon_pkg'
[0.101s] Level 1:colcon.colcon_core.package_identification:_identify(workspaces/src/wildbot_slam) by extensions ['colcon_meta']
[0.101s] Level 1:colcon.colcon_core.package_identification:_identify(workspaces/src/wildbot_slam) by extension 'colcon_meta'
[0.101s] Level 1:colcon.colcon_core.package_identification:_identify(workspaces/src/wildbot_slam) by extensions ['ros']
[0.101s] Level 1:colcon.colcon_core.package_identification:_identify(workspaces/src/wildbot_slam) by extension 'ros'
[0.101s] DEBUG:colcon.colcon_core.package_identification:Package 'workspaces/src/wildbot_slam' with type 'ros.ament_cmake' and name 'wildbot_slam'
[0.101s] Level 1:colcon.colcon_core.package_identification:_identify(workspaces/src/ydlidar_ros2_driver) by extensions ['ignore', 'ignore_ament_install']
[0.101s] Level 1:colcon.colcon_core.package_identification:_identify(workspaces/src/ydlidar_ros2_driver) by extension 'ignore'
[0.101s] Level 1:colcon.colcon_core.package_identification:_identify(workspaces/src/ydlidar_ros2_driver) by extension 'ignore_ament_install'
[0.101s] Level 1:colcon.colcon_core.package_identification:_identify(workspaces/src/ydlidar_ros2_driver) by extensions ['colcon_pkg']
[0.101s] Level 1:colcon.colcon_core.package_identification:_identify(workspaces/src/ydlidar_ros2_driver) by extension 'colcon_pkg'
[0.101s] Level 1:colcon.colcon_core.package_identification:_identify(workspaces/src/ydlidar_ros2_driver) by extensions ['colcon_meta']
[0.101s] Level 1:colcon.colcon_core.package_identification:_identify(workspaces/src/ydlidar_ros2_driver) by extension 'colcon_meta'
[0.101s] Level 1:colcon.colcon_core.package_identification:_identify(workspaces/src/ydlidar_ros2_driver) by extensions ['ros']
[0.101s] Level 1:colcon.colcon_core.package_identification:_identify(workspaces/src/ydlidar_ros2_driver) by extension 'ros'
[0.101s] DEBUG:colcon.colcon_core.package_identification:Package 'workspaces/src/ydlidar_ros2_driver' with type 'ros.ament_cmake' and name 'ydlidar_ros2_driver'
[0.101s] Level 1:colcon.colcon_core.package_identification:_identify(workspaces/src/yolo_ros-main) by extensions ['ignore', 'ignore_ament_install']
[0.101s] Level 1:colcon.colcon_core.package_identification:_identify(workspaces/src/yolo_ros-main) by extension 'ignore'
[0.102s] Level 1:colcon.colcon_core.package_identification:_identify(workspaces/src/yolo_ros-main) by extension 'ignore_ament_install'
[0.102s] Level 1:colcon.colcon_core.package_identification:_identify(workspaces/src/yolo_ros-main) by extensions ['colcon_pkg']
[0.102s] Level 1:colcon.colcon_core.package_identification:_identify(workspaces/src/yolo_ros-main) by extension 'colcon_pkg'
[0.102s] Level 1:colcon.colcon_core.package_identification:_identify(workspaces/src/yolo_ros-main) by extensions ['colcon_meta']
[0.102s] Level 1:colcon.colcon_core.package_identification:_identify(workspaces/src/yolo_ros-main) by extension 'colcon_meta'
[0.102s] Level 1:colcon.colcon_core.package_identification:_identify(workspaces/src/yolo_ros-main) by extensions ['ros']
[0.102s] Level 1:colcon.colcon_core.package_identification:_identify(workspaces/src/yolo_ros-main) by extension 'ros'
[0.102s] Level 1:colcon.colcon_core.package_identification:_identify(workspaces/src/yolo_ros-main) by extensions ['cmake', 'python']
[0.102s] Level 1:colcon.colcon_core.package_identification:_identify(workspaces/src/yolo_ros-main) by extension 'cmake'
[0.102s] Level 1:colcon.colcon_core.package_identification:_identify(workspaces/src/yolo_ros-main) by extension 'python'
[0.102s] Level 1:colcon.colcon_core.package_identification:_identify(workspaces/src/yolo_ros-main) by extensions ['python_setup_py']
[0.102s] Level 1:colcon.colcon_core.package_identification:_identify(workspaces/src/yolo_ros-main) by extension 'python_setup_py'
[0.102s] Level 1:colcon.colcon_core.package_identification:_identify(workspaces/src/yolo_ros-main/docs) by extensions ['ignore', 'ignore_ament_install']
[0.102s] Level 1:colcon.colcon_core.package_identification:_identify(workspaces/src/yolo_ros-main/docs) by extension 'ignore'
[0.102s] Level 1:colcon.colcon_core.package_identification:_identify(workspaces/src/yolo_ros-main/docs) by extension 'ignore_ament_install'
[0.102s] Level 1:colcon.colcon_core.package_identification:_identify(workspaces/src/yolo_ros-main/docs) by extensions ['colcon_pkg']
[0.102s] Level 1:colcon.colcon_core.package_identification:_identify(workspaces/src/yolo_ros-main/docs) by extension 'colcon_pkg'
[0.102s] Level 1:colcon.colcon_core.package_identification:_identify(workspaces/src/yolo_ros-main/docs) by extensions ['colcon_meta']
[0.102s] Level 1:colcon.colcon_core.package_identification:_identify(workspaces/src/yolo_ros-main/docs) by extension 'colcon_meta'
[0.102s] Level 1:colcon.colcon_core.package_identification:_identify(workspaces/src/yolo_ros-main/docs) by extensions ['ros']
[0.102s] Level 1:colcon.colcon_core.package_identification:_identify(workspaces/src/yolo_ros-main/docs) by extension 'ros'
[0.102s] Level 1:colcon.colcon_core.package_identification:_identify(workspaces/src/yolo_ros-main/docs) by extensions ['cmake', 'python']
[0.102s] Level 1:colcon.colcon_core.package_identification:_identify(workspaces/src/yolo_ros-main/docs) by extension 'cmake'
[0.102s] Level 1:colcon.colcon_core.package_identification:_identify(workspaces/src/yolo_ros-main/docs) by extension 'python'
[0.102s] Level 1:colcon.colcon_core.package_identification:_identify(workspaces/src/yolo_ros-main/docs) by extensions ['python_setup_py']
[0.102s] Level 1:colcon.colcon_core.package_identification:_identify(workspaces/src/yolo_ros-main/docs) by extension 'python_setup_py'
[0.102s] Level 1:colcon.colcon_core.package_identification:_identify(workspaces/src/yolo_ros-main/model) by extensions ['ignore', 'ignore_ament_install']
[0.102s] Level 1:colcon.colcon_core.package_identification:_identify(workspaces/src/yolo_ros-main/model) by extension 'ignore'
[0.102s] Level 1:colcon.colcon_core.package_identification:_identify(workspaces/src/yolo_ros-main/model) by extension 'ignore_ament_install'
[0.102s] Level 1:colcon.colcon_core.package_identification:_identify(workspaces/src/yolo_ros-main/model) by extensions ['colcon_pkg']
[0.102s] Level 1:colcon.colcon_core.package_identification:_identify(workspaces/src/yolo_ros-main/model) by extension 'colcon_pkg'
[0.102s] Level 1:colcon.colcon_core.package_identification:_identify(workspaces/src/yolo_ros-main/model) by extensions ['colcon_meta']
[0.102s] Level 1:colcon.colcon_core.package_identification:_identify(workspaces/src/yolo_ros-main/model) by extension 'colcon_meta'
[0.102s] Level 1:colcon.colcon_core.package_identification:_identify(workspaces/src/yolo_ros-main/model) by extensions ['ros']
[0.102s] Level 1:colcon.colcon_core.package_identification:_identify(workspaces/src/yolo_ros-main/model) by extension 'ros'
[0.102s] Level 1:colcon.colcon_core.package_identification:_identify(workspaces/src/yolo_ros-main/model) by extensions ['cmake', 'python']
[0.102s] Level 1:colcon.colcon_core.package_identification:_identify(workspaces/src/yolo_ros-main/model) by extension 'cmake'
[0.102s] Level 1:colcon.colcon_core.package_identification:_identify(workspaces/src/yolo_ros-main/model) by extension 'python'
[0.102s] Level 1:colcon.colcon_core.package_identification:_identify(workspaces/src/yolo_ros-main/model) by extensions ['python_setup_py']
[0.102s] Level 1:colcon.colcon_core.package_identification:_identify(workspaces/src/yolo_ros-main/model) by extension 'python_setup_py'
[0.102s] Level 1:colcon.colcon_core.package_identification:_identify(workspaces/src/yolo_ros-main/yolo_bringup) by extensions ['ignore', 'ignore_ament_install']
[0.102s] Level 1:colcon.colcon_core.package_identification:_identify(workspaces/src/yolo_ros-main/yolo_bringup) by extension 'ignore'
[0.102s] Level 1:colcon.colcon_core.package_identification:_identify(workspaces/src/yolo_ros-main/yolo_bringup) by extension 'ignore_ament_install'
[0.102s] Level 1:colcon.colcon_core.package_identification:_identify(workspaces/src/yolo_ros-main/yolo_bringup) by extensions ['colcon_pkg']
[0.102s] Level 1:colcon.colcon_core.package_identification:_identify(workspaces/src/yolo_ros-main/yolo_bringup) by extension 'colcon_pkg'
[0.102s] Level 1:colcon.colcon_core.package_identification:_identify(workspaces/src/yolo_ros-main/yolo_bringup) by extensions ['colcon_meta']
[0.102s] Level 1:colcon.colcon_core.package_identification:_identify(workspaces/src/yolo_ros-main/yolo_bringup) by extension 'colcon_meta'
[0.102s] Level 1:colcon.colcon_core.package_identification:_identify(workspaces/src/yolo_ros-main/yolo_bringup) by extensions ['ros']
[0.102s] Level 1:colcon.colcon_core.package_identification:_identify(workspaces/src/yolo_ros-main/yolo_bringup) by extension 'ros'
[0.102s] DEBUG:colcon.colcon_core.package_identification:Package 'workspaces/src/yolo_ros-main/yolo_bringup' with type 'ros.ament_cmake' and name 'yolo_bringup'
[0.102s] Level 1:colcon.colcon_core.package_identification:_identify(workspaces/src/yolo_ros-main/yolo_msgs) by extensions ['ignore', 'ignore_ament_install']
[0.103s] Level 1:colcon.colcon_core.package_identification:_identify(workspaces/src/yolo_ros-main/yolo_msgs) by extension 'ignore'
[0.103s] Level 1:colcon.colcon_core.package_identification:_identify(workspaces/src/yolo_ros-main/yolo_msgs) by extension 'ignore_ament_install'
[0.103s] Level 1:colcon.colcon_core.package_identification:_identify(workspaces/src/yolo_ros-main/yolo_msgs) by extensions ['colcon_pkg']
[0.103s] Level 1:colcon.colcon_core.package_identification:_identify(workspaces/src/yolo_ros-main/yolo_msgs) by extension 'colcon_pkg'
[0.103s] Level 1:colcon.colcon_core.package_identification:_identify(workspaces/src/yolo_ros-main/yolo_msgs) by extensions ['colcon_meta']
[0.103s] Level 1:colcon.colcon_core.package_identification:_identify(workspaces/src/yolo_ros-main/yolo_msgs) by extension 'colcon_meta'
[0.103s] Level 1:colcon.colcon_core.package_identification:_identify(workspaces/src/yolo_ros-main/yolo_msgs) by extensions ['ros']
[0.103s] Level 1:colcon.colcon_core.package_identification:_identify(workspaces/src/yolo_ros-main/yolo_msgs) by extension 'ros'
[0.103s] DEBUG:colcon.colcon_core.package_identification:Package 'workspaces/src/yolo_ros-main/yolo_msgs' with type 'ros.ament_cmake' and name 'yolo_msgs'
[0.103s] Level 1:colcon.colcon_core.package_identification:_identify(workspaces/src/yolo_ros-main/yolo_ros) by extensions ['ignore', 'ignore_ament_install']
[0.103s] Level 1:colcon.colcon_core.package_identification:_identify(workspaces/src/yolo_ros-main/yolo_ros) by extension 'ignore'
[0.103s] Level 1:colcon.colcon_core.package_identification:_identify(workspaces/src/yolo_ros-main/yolo_ros) by extension 'ignore_ament_install'
[0.103s] Level 1:colcon.colcon_core.package_identification:_identify(workspaces/src/yolo_ros-main/yolo_ros) by extensions ['colcon_pkg']
[0.103s] Level 1:colcon.colcon_core.package_identification:_identify(workspaces/src/yolo_ros-main/yolo_ros) by extension 'colcon_pkg'
[0.103s] Level 1:colcon.colcon_core.package_identification:_identify(workspaces/src/yolo_ros-main/yolo_ros) by extensions ['colcon_meta']
[0.103s] Level 1:colcon.colcon_core.package_identification:_identify(workspaces/src/yolo_ros-main/yolo_ros) by extension 'colcon_meta'
[0.103s] Level 1:colcon.colcon_core.package_identification:_identify(workspaces/src/yolo_ros-main/yolo_ros) by extensions ['ros']
[0.103s] Level 1:colcon.colcon_core.package_identification:_identify(workspaces/src/yolo_ros-main/yolo_ros) by extension 'ros'
[0.103s] DEBUG:colcon.colcon_core.package_identification:Package 'workspaces/src/yolo_ros-main/yolo_ros' with type 'ros.ament_python' and name 'yolo_ros'
[0.103s] Level 1:colcon.colcon_core.package_discovery:discover_packages(recursive) using defaults
[0.103s] Level 1:colcon.colcon_core.package_discovery:discover_packages(ignore) discover
[0.103s] Level 1:colcon.colcon_core.package_discovery:discover_packages(ignore) using defaults
[0.103s] Level 1:colcon.colcon_core.package_discovery:discover_packages(path) discover
[0.103s] Level 1:colcon.colcon_core.package_discovery:discover_packages(path) using defaults
[0.113s] Level 5:colcon.colcon_core.verb:set package 'handsfree_imu_ros2' build argument 'cmake_args' from command line to 'None'
[0.113s] Level 5:colcon.colcon_core.verb:set package 'handsfree_imu_ros2' build argument 'cmake_target' from command line to 'None'
[0.113s] Level 5:colcon.colcon_core.verb:set package 'handsfree_imu_ros2' build argument 'cmake_target_skip_unavailable' from command line to 'False'
[0.113s] Level 5:colcon.colcon_core.verb:set package 'handsfree_imu_ros2' build argument 'cmake_clean_cache' from command line to 'False'
[0.113s] Level 5:colcon.colcon_core.verb:set package 'handsfree_imu_ros2' build argument 'cmake_clean_first' from command line to 'False'
[0.113s] Level 5:colcon.colcon_core.verb:set package 'handsfree_imu_ros2' build argument 'cmake_force_configure' from command line to 'False'
[0.113s] Level 5:colcon.colcon_core.verb:set package 'handsfree_imu_ros2' build argument 'ament_cmake_args' from command line to 'None'
[0.113s] Level 5:colcon.colcon_core.verb:set package 'handsfree_imu_ros2' build argument 'catkin_cmake_args' from command line to 'None'
[0.113s] Level 5:colcon.colcon_core.verb:set package 'handsfree_imu_ros2' build argument 'catkin_skip_building_tests' from command line to 'False'
[0.113s] DEBUG:colcon.colcon_core.verb:Building package 'handsfree_imu_ros2' with the following arguments: {'ament_cmake_args': None, 'build_base': '/workspaces/build/handsfree_imu_ros2', 'catkin_cmake_args': None, 'catkin_skip_building_tests': False, 'cmake_args': None, 'cmake_clean_cache': False, 'cmake_clean_first': False, 'cmake_force_configure': False, 'cmake_target': None, 'cmake_target_skip_unavailable': False, 'install_base': '/workspaces/install/handsfree_imu_ros2', 'merge_install': False, 'path': '/workspaces/workspaces/imu_ws/src/handsfree_imu_ros2', 'symlink_install': True, 'test_result_base': None}
[0.113s] Level 5:colcon.colcon_core.verb:set package 'wildbot_control' build argument 'cmake_args' from command line to 'None'
[0.113s] Level 5:colcon.colcon_core.verb:set package 'wildbot_control' build argument 'cmake_target' from command line to 'None'
[0.113s] Level 5:colcon.colcon_core.verb:set package 'wildbot_control' build argument 'cmake_target_skip_unavailable' from command line to 'False'
[0.113s] Level 5:colcon.colcon_core.verb:set package 'wildbot_control' build argument 'cmake_clean_cache' from command line to 'False'
[0.113s] Level 5:colcon.colcon_core.verb:set package 'wildbot_control' build argument 'cmake_clean_first' from command line to 'False'
[0.113s] Level 5:colcon.colcon_core.verb:set package 'wildbot_control' build argument 'cmake_force_configure' from command line to 'False'
[0.114s] Level 5:colcon.colcon_core.verb:set package 'wildbot_control' build argument 'ament_cmake_args' from command line to 'None'
[0.114s] Level 5:colcon.colcon_core.verb:set package 'wildbot_control' build argument 'catkin_cmake_args' from command line to 'None'
[0.114s] Level 5:colcon.colcon_core.verb:set package 'wildbot_control' build argument 'catkin_skip_building_tests' from command line to 'False'
[0.114s] DEBUG:colcon.colcon_core.verb:Building package 'wildbot_control' with the following arguments: {'ament_cmake_args': None, 'build_base': '/workspaces/build/wildbot_control', 'catkin_cmake_args': None, 'catkin_skip_building_tests': False, 'cmake_args': None, 'cmake_clean_cache': False, 'cmake_clean_first': False, 'cmake_force_configure': False, 'cmake_target': None, 'cmake_target_skip_unavailable': False, 'install_base': '/workspaces/install/wildbot_control', 'merge_install': False, 'path': '/workspaces/workspaces/imu_ws/src/wildbot_control', 'symlink_install': True, 'test_result_base': None}
[0.114s] Level 5:colcon.colcon_core.verb:set package 'wildbot_localization' build argument 'cmake_args' from command line to 'None'
[0.114s] Level 5:colcon.colcon_core.verb:set package 'wildbot_localization' build argument 'cmake_target' from command line to 'None'
[0.114s] Level 5:colcon.colcon_core.verb:set package 'wildbot_localization' build argument 'cmake_target_skip_unavailable' from command line to 'False'
[0.114s] Level 5:colcon.colcon_core.verb:set package 'wildbot_localization' build argument 'cmake_clean_cache' from command line to 'False'
[0.114s] Level 5:colcon.colcon_core.verb:set package 'wildbot_localization' build argument 'cmake_clean_first' from command line to 'False'
[0.114s] Level 5:colcon.colcon_core.verb:set package 'wildbot_localization' build argument 'cmake_force_configure' from command line to 'False'
[0.114s] Level 5:colcon.colcon_core.verb:set package 'wildbot_localization' build argument 'ament_cmake_args' from command line to 'None'
[0.114s] Level 5:colcon.colcon_core.verb:set package 'wildbot_localization' build argument 'catkin_cmake_args' from command line to 'None'
[0.114s] Level 5:colcon.colcon_core.verb:set package 'wildbot_localization' build argument 'catkin_skip_building_tests' from command line to 'False'
[0.114s] DEBUG:colcon.colcon_core.verb:Building package 'wildbot_localization' with the following arguments: {'ament_cmake_args': None, 'build_base': '/workspaces/build/wildbot_localization', 'catkin_cmake_args': None, 'catkin_skip_building_tests': False, 'cmake_args': None, 'cmake_clean_cache': False, 'cmake_clean_first': False, 'cmake_force_configure': False, 'cmake_target': None, 'cmake_target_skip_unavailable': False, 'install_base': '/workspaces/install/wildbot_localization', 'merge_install': False, 'path': '/workspaces/workspaces/src/wildbot_localization', 'symlink_install': True, 'test_result_base': None}
[0.114s] Level 5:colcon.colcon_core.verb:set package 'wildbot_slam' build argument 'cmake_args' from command line to 'None'
[0.114s] Level 5:colcon.colcon_core.verb:set package 'wildbot_slam' build argument 'cmake_target' from command line to 'None'
[0.114s] Level 5:colcon.colcon_core.verb:set package 'wildbot_slam' build argument 'cmake_target_skip_unavailable' from command line to 'False'
[0.114s] Level 5:colcon.colcon_core.verb:set package 'wildbot_slam' build argument 'cmake_clean_cache' from command line to 'False'
[0.114s] Level 5:colcon.colcon_core.verb:set package 'wildbot_slam' build argument 'cmake_clean_first' from command line to 'False'
[0.114s] Level 5:colcon.colcon_core.verb:set package 'wildbot_slam' build argument 'cmake_force_configure' from command line to 'False'
[0.114s] Level 5:colcon.colcon_core.verb:set package 'wildbot_slam' build argument 'ament_cmake_args' from command line to 'None'
[0.114s] Level 5:colcon.colcon_core.verb:set package 'wildbot_slam' build argument 'catkin_cmake_args' from command line to 'None'
[0.114s] Level 5:colcon.colcon_core.verb:set package 'wildbot_slam' build argument 'catkin_skip_building_tests' from command line to 'False'
[0.114s] DEBUG:colcon.colcon_core.verb:Building package 'wildbot_slam' with the following arguments: {'ament_cmake_args': None, 'build_base': '/workspaces/build/wildbot_slam', 'catkin_cmake_args': None, 'catkin_skip_building_tests': False, 'cmake_args': None, 'cmake_clean_cache': False, 'cmake_clean_first': False, 'cmake_force_configure': False, 'cmake_target': None, 'cmake_target_skip_unavailable': False, 'install_base': '/workspaces/install/wildbot_slam', 'merge_install': False, 'path': '/workspaces/workspaces/src/wildbot_slam', 'symlink_install': True, 'test_result_base': None}
[0.114s] Level 5:colcon.colcon_core.verb:set package 'ydlidar_ros2_driver' build argument 'cmake_args' from command line to 'None'
[0.114s] Level 5:colcon.colcon_core.verb:set package 'ydlidar_ros2_driver' build argument 'cmake_target' from command line to 'None'
[0.114s] Level 5:colcon.colcon_core.verb:set package 'ydlidar_ros2_driver' build argument 'cmake_target_skip_unavailable' from command line to 'False'
[0.114s] Level 5:colcon.colcon_core.verb:set package 'ydlidar_ros2_driver' build argument 'cmake_clean_cache' from command line to 'False'
[0.114s] Level 5:colcon.colcon_core.verb:set package 'ydlidar_ros2_driver' build argument 'cmake_clean_first' from command line to 'False'
[0.114s] Level 5:colcon.colcon_core.verb:set package 'ydlidar_ros2_driver' build argument 'cmake_force_configure' from command line to 'False'
[0.114s] Level 5:colcon.colcon_core.verb:set package 'ydlidar_ros2_driver' build argument 'ament_cmake_args' from command line to 'None'
[0.114s] Level 5:colcon.colcon_core.verb:set package 'ydlidar_ros2_driver' build argument 'catkin_cmake_args' from command line to 'None'
[0.114s] Level 5:colcon.colcon_core.verb:set package 'ydlidar_ros2_driver' build argument 'catkin_skip_building_tests' from command line to 'False'
[0.114s] DEBUG:colcon.colcon_core.verb:Building package 'ydlidar_ros2_driver' with the following arguments: {'ament_cmake_args': None, 'build_base': '/workspaces/build/ydlidar_ros2_driver', 'catkin_cmake_args': None, 'catkin_skip_building_tests': False, 'cmake_args': None, 'cmake_clean_cache': False, 'cmake_clean_first': False, 'cmake_force_configure': False, 'cmake_target': None, 'cmake_target_skip_unavailable': False, 'install_base': '/workspaces/install/ydlidar_ros2_driver', 'merge_install': False, 'path': '/workspaces/workspaces/src/ydlidar_ros2_driver', 'symlink_install': True, 'test_result_base': None}
[0.114s] Level 5:colcon.colcon_core.verb:set package 'yolo_msgs' build argument 'cmake_args' from command line to 'None'
[0.114s] Level 5:colcon.colcon_core.verb:set package 'yolo_msgs' build argument 'cmake_target' from command line to 'None'
[0.114s] Level 5:colcon.colcon_core.verb:set package 'yolo_msgs' build argument 'cmake_target_skip_unavailable' from command line to 'False'
[0.114s] Level 5:colcon.colcon_core.verb:set package 'yolo_msgs' build argument 'cmake_clean_cache' from command line to 'False'
[0.114s] Level 5:colcon.colcon_core.verb:set package 'yolo_msgs' build argument 'cmake_clean_first' from command line to 'False'
[0.114s] Level 5:colcon.colcon_core.verb:set package 'yolo_msgs' build argument 'cmake_force_configure' from command line to 'False'
[0.114s] Level 5:colcon.colcon_core.verb:set package 'yolo_msgs' build argument 'ament_cmake_args' from command line to 'None'
[0.114s] Level 5:colcon.colcon_core.verb:set package 'yolo_msgs' build argument 'catkin_cmake_args' from command line to 'None'
[0.114s] Level 5:colcon.colcon_core.verb:set package 'yolo_msgs' build argument 'catkin_skip_building_tests' from command line to 'False'
[0.114s] DEBUG:colcon.colcon_core.verb:Building package 'yolo_msgs' with the following arguments: {'ament_cmake_args': None, 'build_base': '/workspaces/build/yolo_msgs', 'catkin_cmake_args': None, 'catkin_skip_building_tests': False, 'cmake_args': None, 'cmake_clean_cache': False, 'cmake_clean_first': False, 'cmake_force_configure': False, 'cmake_target': None, 'cmake_target_skip_unavailable': False, 'install_base': '/workspaces/install/yolo_msgs', 'merge_install': False, 'path': '/workspaces/workspaces/src/yolo_ros-main/yolo_msgs', 'symlink_install': True, 'test_result_base': None}
[0.114s] Level 5:colcon.colcon_core.verb:set package 'yolo_ros' build argument 'cmake_args' from command line to 'None'
[0.114s] Level 5:colcon.colcon_core.verb:set package 'yolo_ros' build argument 'cmake_target' from command line to 'None'
[0.114s] Level 5:colcon.colcon_core.verb:set package 'yolo_ros' build argument 'cmake_target_skip_unavailable' from command line to 'False'
[0.114s] Level 5:colcon.colcon_core.verb:set package 'yolo_ros' build argument 'cmake_clean_cache' from command line to 'False'
[0.114s] Level 5:colcon.colcon_core.verb:set package 'yolo_ros' build argument 'cmake_clean_first' from command line to 'False'
[0.114s] Level 5:colcon.colcon_core.verb:set package 'yolo_ros' build argument 'cmake_force_configure' from command line to 'False'
[0.114s] Level 5:colcon.colcon_core.verb:set package 'yolo_ros' build argument 'ament_cmake_args' from command line to 'None'
[0.115s] Level 5:colcon.colcon_core.verb:set package 'yolo_ros' build argument 'catkin_cmake_args' from command line to 'None'
[0.115s] Level 5:colcon.colcon_core.verb:set package 'yolo_ros' build argument 'catkin_skip_building_tests' from command line to 'False'
[0.115s] DEBUG:colcon.colcon_core.verb:Building package 'yolo_ros' with the following arguments: {'ament_cmake_args': None, 'build_base': '/workspaces/build/yolo_ros', 'catkin_cmake_args': None, 'catkin_skip_building_tests': False, 'cmake_args': None, 'cmake_clean_cache': False, 'cmake_clean_first': False, 'cmake_force_configure': False, 'cmake_target': None, 'cmake_target_skip_unavailable': False, 'install_base': '/workspaces/install/yolo_ros', 'merge_install': False, 'path': '/workspaces/workspaces/src/yolo_ros-main/yolo_ros', 'symlink_install': True, 'test_result_base': None}
[0.115s] Level 5:colcon.colcon_core.verb:set package 'yolo_bringup' build argument 'cmake_args' from command line to 'None'
[0.115s] Level 5:colcon.colcon_core.verb:set package 'yolo_bringup' build argument 'cmake_target' from command line to 'None'
[0.115s] Level 5:colcon.colcon_core.verb:set package 'yolo_bringup' build argument 'cmake_target_skip_unavailable' from command line to 'False'
[0.115s] Level 5:colcon.colcon_core.verb:set package 'yolo_bringup' build argument 'cmake_clean_cache' from command line to 'False'
[0.115s] Level 5:colcon.colcon_core.verb:set package 'yolo_bringup' build argument 'cmake_clean_first' from command line to 'False'
[0.115s] Level 5:colcon.colcon_core.verb:set package 'yolo_bringup' build argument 'cmake_force_configure' from command line to 'False'
[0.115s] Level 5:colcon.colcon_core.verb:set package 'yolo_bringup' build argument 'ament_cmake_args' from command line to 'None'
[0.115s] Level 5:colcon.colcon_core.verb:set package 'yolo_bringup' build argument 'catkin_cmake_args' from command line to 'None'
[0.115s] Level 5:colcon.colcon_core.verb:set package 'yolo_bringup' build argument 'catkin_skip_building_tests' from command line to 'False'
[0.115s] DEBUG:colcon.colcon_core.verb:Building package 'yolo_bringup' with the following arguments: {'ament_cmake_args': None, 'build_base': '/workspaces/build/yolo_bringup', 'catkin_cmake_args': None, 'catkin_skip_building_tests': False, 'cmake_args': None, 'cmake_clean_cache': False, 'cmake_clean_first': False, 'cmake_force_configure': False, 'cmake_target': None, 'cmake_target_skip_unavailable': False, 'install_base': '/workspaces/install/yolo_bringup', 'merge_install': False, 'path': '/workspaces/workspaces/src/yolo_ros-main/yolo_bringup', 'symlink_install': True, 'test_result_base': None}
[0.115s] INFO:colcon.colcon_core.executor:Executing jobs using 'parallel' executor
[0.116s] DEBUG:colcon.colcon_parallel_executor.executor.parallel:run_until_complete
[0.116s] INFO:colcon.colcon_ros.task.ament_cmake.build:Building ROS package in '/workspaces/workspaces/src/yolo_ros-main/yolo_msgs' with build type 'ament_cmake'
[0.116s] INFO:colcon.colcon_cmake.task.cmake.build:Building CMake package in '/workspaces/workspaces/src/yolo_ros-main/yolo_msgs'
[0.117s] INFO:colcon.colcon_core.plugin_system:Skipping extension 'colcon_core.shell.bat': Not used on non-Windows systems
[0.118s] INFO:colcon.colcon_core.shell:Skip shell extension 'powershell' for command environment: Not usable outside of PowerShell
[0.118s] DEBUG:colcon.colcon_core.shell:Skip shell extension 'dsv' for command environment
[0.120s] INFO:colcon.colcon_ros.task.ament_python.build:Building ROS package in '/workspaces/workspaces/imu_ws/src/handsfree_imu_ros2' with build type 'ament_python'
[0.120s] Level 1:colcon.colcon_core.shell:create_environment_hook('handsfree_imu_ros2', 'ament_prefix_path')
[0.120s] INFO:colcon.colcon_core.shell:Creating environment hook '/workspaces/install/handsfree_imu_ros2/share/handsfree_imu_ros2/hook/ament_prefix_path.ps1'
[0.120s] INFO:colcon.colcon_core.shell:Creating environment descriptor '/workspaces/install/handsfree_imu_ros2/share/handsfree_imu_ros2/hook/ament_prefix_path.dsv'
[0.120s] INFO:colcon.colcon_core.shell:Creating environment hook '/workspaces/install/handsfree_imu_ros2/share/handsfree_imu_ros2/hook/ament_prefix_path.sh'
[0.121s] INFO:colcon.colcon_core.shell:Skip shell extension 'powershell' for command environment: Not usable outside of PowerShell
[0.121s] DEBUG:colcon.colcon_core.shell:Skip shell extension 'dsv' for command environment
[0.122s] INFO:colcon.colcon_ros.task.ament_python.build:Building ROS package in '/workspaces/workspaces/imu_ws/src/wildbot_control' with build type 'ament_python'
[0.122s] Level 1:colcon.colcon_core.shell:create_environment_hook('wildbot_control', 'ament_prefix_path')
[0.122s] INFO:colcon.colcon_core.shell:Creating environment hook '/workspaces/install/wildbot_control/share/wildbot_control/hook/ament_prefix_path.ps1'
[0.122s] INFO:colcon.colcon_core.shell:Creating environment descriptor '/workspaces/install/wildbot_control/share/wildbot_control/hook/ament_prefix_path.dsv'
[0.122s] INFO:colcon.colcon_core.shell:Creating environment hook '/workspaces/install/wildbot_control/share/wildbot_control/hook/ament_prefix_path.sh'
[0.123s] INFO:colcon.colcon_core.shell:Skip shell extension 'powershell' for command environment: Not usable outside of PowerShell
[0.123s] DEBUG:colcon.colcon_core.shell:Skip shell extension 'dsv' for command environment
[0.124s] INFO:colcon.colcon_ros.task.ament_cmake.build:Building ROS package in '/workspaces/workspaces/src/wildbot_localization' with build type 'ament_cmake'
[0.124s] INFO:colcon.colcon_cmake.task.cmake.build:Building CMake package in '/workspaces/workspaces/src/wildbot_localization'
[0.124s] INFO:colcon.colcon_core.shell:Skip shell extension 'powershell' for command environment: Not usable outside of PowerShell
[0.124s] DEBUG:colcon.colcon_core.shell:Skip shell extension 'dsv' for command environment
[0.125s] INFO:colcon.colcon_ros.task.ament_cmake.build:Building ROS package in '/workspaces/workspaces/src/wildbot_slam' with build type 'ament_cmake'
[0.125s] INFO:colcon.colcon_cmake.task.cmake.build:Building CMake package in '/workspaces/workspaces/src/wildbot_slam'
[0.125s] INFO:colcon.colcon_core.shell:Skip shell extension 'powershell' for command environment: Not usable outside of PowerShell
[0.125s] DEBUG:colcon.colcon_core.shell:Skip shell extension 'dsv' for command environment
[0.127s] INFO:colcon.colcon_ros.task.ament_cmake.build:Building ROS package in '/workspaces/workspaces/src/ydlidar_ros2_driver' with build type 'ament_cmake'
[0.127s] INFO:colcon.colcon_cmake.task.cmake.build:Building CMake package in '/workspaces/workspaces/src/ydlidar_ros2_driver'
[0.127s] INFO:colcon.colcon_core.shell:Skip shell extension 'powershell' for command environment: Not usable outside of PowerShell
[0.127s] DEBUG:colcon.colcon_core.shell:Skip shell extension 'dsv' for command environment
[0.130s] DEBUG:colcon.colcon_core.event_handler.log_command:Invoking command in '/workspaces/build/yolo_msgs': CMAKE_PREFIX_PATH=${CMAKE_PREFIX_PATH}:/opt/ros/jazzy /usr/bin/cmake --build /workspaces/build/yolo_msgs -- -j16 -l16
[0.239s] INFO:colcon.colcon_core.task.python.build:Building Python package in '/workspaces/workspaces/imu_ws/src/handsfree_imu_ros2'
[0.239s] INFO:colcon.colcon_core.shell:Skip shell extension 'powershell' for command environment: Not usable outside of PowerShell
[0.240s] DEBUG:colcon.colcon_core.shell:Skip shell extension 'dsv' for command environment
[0.359s] INFO:colcon.colcon_core.task.python.build:Building Python package in '/workspaces/workspaces/imu_ws/src/wildbot_control'
[0.359s] INFO:colcon.colcon_core.shell:Skip shell extension 'powershell' for command environment: Not usable outside of PowerShell
[0.359s] DEBUG:colcon.colcon_core.shell:Skip shell extension 'dsv' for command environment
[0.363s] DEBUG:colcon.colcon_core.event_handler.log_command:Invoking command in '/workspaces/build/wildbot_localization': CMAKE_PREFIX_PATH=${CMAKE_PREFIX_PATH}:/opt/ros/jazzy /usr/bin/cmake /workspaces/workspaces/src/wildbot_localization -DAMENT_CMAKE_SYMLINK_INSTALL=1 -DCMAKE_INSTALL_PREFIX=/workspaces/install/wildbot_localization
[0.365s] DEBUG:colcon.colcon_core.event_handler.log_command:Invoking command in '/workspaces/build/wildbot_slam': CMAKE_PREFIX_PATH=${CMAKE_PREFIX_PATH}:/opt/ros/jazzy /usr/bin/cmake /workspaces/workspaces/src/wildbot_slam -DAMENT_CMAKE_SYMLINK_INSTALL=1 -DCMAKE_INSTALL_PREFIX=/workspaces/install/wildbot_slam
[0.368s] DEBUG:colcon.colcon_core.event_handler.log_command:Invoked command in '/workspaces/build/yolo_msgs' returned '0': CMAKE_PREFIX_PATH=${CMAKE_PREFIX_PATH}:/opt/ros/jazzy /usr/bin/cmake --build /workspaces/build/yolo_msgs -- -j16 -l16
[0.376s] DEBUG:colcon.colcon_core.event_handler.log_command:Invoking command in '/workspaces/build/yolo_msgs': CMAKE_PREFIX_PATH=${CMAKE_PREFIX_PATH}:/opt/ros/jazzy /usr/bin/cmake --install /workspaces/build/yolo_msgs
[0.378s] DEBUG:colcon.colcon_core.event_handler.log_command:Invoking command in '/workspaces/build/ydlidar_ros2_driver': CMAKE_PREFIX_PATH=${CMAKE_PREFIX_PATH}:/opt/ros/jazzy /usr/bin/cmake --build /workspaces/build/ydlidar_ros2_driver -- -j16 -l16
[0.454s] Level 1:colcon.colcon_core.environment:create_environment_scripts_only(yolo_msgs)
[0.455s] DEBUG:colcon.colcon_core.event_handler.log_command:Invoked command in '/workspaces/build/yolo_msgs' returned '0': CMAKE_PREFIX_PATH=${CMAKE_PREFIX_PATH}:/opt/ros/jazzy /usr/bin/cmake --install /workspaces/build/yolo_msgs
[0.456s] Level 1:colcon.colcon_core.environment:checking '/workspaces/install/yolo_msgs' for CMake module files
[0.456s] Level 1:colcon.colcon_core.environment:checking '/workspaces/install/yolo_msgs' for CMake config files
[0.457s] Level 1:colcon.colcon_core.shell:create_environment_hook('yolo_msgs', 'cmake_prefix_path')
[0.457s] INFO:colcon.colcon_core.shell:Creating environment hook '/workspaces/install/yolo_msgs/share/yolo_msgs/hook/cmake_prefix_path.ps1'
[0.458s] INFO:colcon.colcon_core.shell:Creating environment descriptor '/workspaces/install/yolo_msgs/share/yolo_msgs/hook/cmake_prefix_path.dsv'
[0.458s] INFO:colcon.colcon_core.shell:Creating environment hook '/workspaces/install/yolo_msgs/share/yolo_msgs/hook/cmake_prefix_path.sh'
[0.459s] Level 1:colcon.colcon_core.environment:checking '/workspaces/install/yolo_msgs/lib'
[0.459s] Level 1:colcon.colcon_core.shell:create_environment_hook('yolo_msgs', 'ld_library_path_lib')
[0.459s] INFO:colcon.colcon_core.shell:Creating environment hook '/workspaces/install/yolo_msgs/share/yolo_msgs/hook/ld_library_path_lib.ps1'
[0.459s] INFO:colcon.colcon_core.shell:Creating environment descriptor '/workspaces/install/yolo_msgs/share/yolo_msgs/hook/ld_library_path_lib.dsv'
[0.459s] INFO:colcon.colcon_core.shell:Creating environment hook '/workspaces/install/yolo_msgs/share/yolo_msgs/hook/ld_library_path_lib.sh'
[0.460s] Level 1:colcon.colcon_core.environment:checking '/workspaces/install/yolo_msgs/bin'
[0.460s] Level 1:colcon.colcon_core.environment:checking '/workspaces/install/yolo_msgs/lib/pkgconfig/yolo_msgs.pc'
[0.460s] Level 1:colcon.colcon_core.environment:checking '/workspaces/install/yolo_msgs/lib/python3.12/site-packages'
[0.460s] Level 1:colcon.colcon_core.shell:create_environment_hook('yolo_msgs', 'pythonpath')
[0.460s] INFO:colcon.colcon_core.shell:Creating environment hook '/workspaces/install/yolo_msgs/share/yolo_msgs/hook/pythonpath.ps1'
[0.461s] INFO:colcon.colcon_core.shell:Creating environment descriptor '/workspaces/install/yolo_msgs/share/yolo_msgs/hook/pythonpath.dsv'
[0.461s] INFO:colcon.colcon_core.shell:Creating environment hook '/workspaces/install/yolo_msgs/share/yolo_msgs/hook/pythonpath.sh'
[0.462s] Level 1:colcon.colcon_core.environment:checking '/workspaces/install/yolo_msgs/bin'
[0.462s] INFO:colcon.colcon_core.shell:Creating package script '/workspaces/install/yolo_msgs/share/yolo_msgs/package.ps1'
[0.463s] INFO:colcon.colcon_core.shell:Creating package descriptor '/workspaces/install/yolo_msgs/share/yolo_msgs/package.dsv'
[0.464s] INFO:colcon.colcon_core.shell:Creating package script '/workspaces/install/yolo_msgs/share/yolo_msgs/package.sh'
[0.464s] INFO:colcon.colcon_core.shell:Creating package script '/workspaces/install/yolo_msgs/share/yolo_msgs/package.bash'
[0.465s] INFO:colcon.colcon_core.shell:Creating package script '/workspaces/install/yolo_msgs/share/yolo_msgs/package.zsh'
[0.465s] Level 1:colcon.colcon_core.environment:create_file_with_runtime_dependencies(/workspaces/install/yolo_msgs/share/colcon-core/packages/yolo_msgs)
[0.465s] Level 1:colcon.colcon_core.environment:create_environment_scripts_only(yolo_msgs)
[0.466s] Level 1:colcon.colcon_core.environment:checking '/workspaces/install/yolo_msgs' for CMake module files
[0.466s] Level 1:colcon.colcon_core.environment:checking '/workspaces/install/yolo_msgs' for CMake config files
[0.466s] Level 1:colcon.colcon_core.shell:create_environment_hook('yolo_msgs', 'cmake_prefix_path')
[0.466s] INFO:colcon.colcon_core.shell:Creating environment hook '/workspaces/install/yolo_msgs/share/yolo_msgs/hook/cmake_prefix_path.ps1'
[0.467s] INFO:colcon.colcon_core.shell:Creating environment descriptor '/workspaces/install/yolo_msgs/share/yolo_msgs/hook/cmake_prefix_path.dsv'
[0.467s] INFO:colcon.colcon_core.shell:Creating environment hook '/workspaces/install/yolo_msgs/share/yolo_msgs/hook/cmake_prefix_path.sh'
[0.467s] Level 1:colcon.colcon_core.environment:checking '/workspaces/install/yolo_msgs/lib'
[0.467s] Level 1:colcon.colcon_core.shell:create_environment_hook('yolo_msgs', 'ld_library_path_lib')
[0.467s] INFO:colcon.colcon_core.shell:Creating environment hook '/workspaces/install/yolo_msgs/share/yolo_msgs/hook/ld_library_path_lib.ps1'
[0.468s] INFO:colcon.colcon_core.shell:Creating environment descriptor '/workspaces/install/yolo_msgs/share/yolo_msgs/hook/ld_library_path_lib.dsv'
[0.468s] INFO:colcon.colcon_core.shell:Creating environment hook '/workspaces/install/yolo_msgs/share/yolo_msgs/hook/ld_library_path_lib.sh'
[0.468s] Level 1:colcon.colcon_core.environment:checking '/workspaces/install/yolo_msgs/bin'
[0.468s] Level 1:colcon.colcon_core.environment:checking '/workspaces/install/yolo_msgs/lib/pkgconfig/yolo_msgs.pc'
[0.468s] Level 1:colcon.colcon_core.environment:checking '/workspaces/install/yolo_msgs/lib/python3.12/site-packages'
[0.468s] Level 1:colcon.colcon_core.shell:create_environment_hook('yolo_msgs', 'pythonpath')
[0.468s] INFO:colcon.colcon_core.shell:Creating environment hook '/workspaces/install/yolo_msgs/share/yolo_msgs/hook/pythonpath.ps1'
[0.469s] INFO:colcon.colcon_core.shell:Creating environment descriptor '/workspaces/install/yolo_msgs/share/yolo_msgs/hook/pythonpath.dsv'
[0.469s] INFO:colcon.colcon_core.shell:Creating environment hook '/workspaces/install/yolo_msgs/share/yolo_msgs/hook/pythonpath.sh'
[0.469s] Level 1:colcon.colcon_core.environment:checking '/workspaces/install/yolo_msgs/bin'
[0.469s] INFO:colcon.colcon_core.shell:Creating package script '/workspaces/install/yolo_msgs/share/yolo_msgs/package.ps1'
[0.470s] INFO:colcon.colcon_core.shell:Creating package descriptor '/workspaces/install/yolo_msgs/share/yolo_msgs/package.dsv'
[0.470s] INFO:colcon.colcon_core.shell:Creating package script '/workspaces/install/yolo_msgs/share/yolo_msgs/package.sh'
[0.470s] INFO:colcon.colcon_core.shell:Creating package script '/workspaces/install/yolo_msgs/share/yolo_msgs/package.bash'
[0.471s] INFO:colcon.colcon_core.shell:Creating package script '/workspaces/install/yolo_msgs/share/yolo_msgs/package.zsh'
[0.471s] Level 1:colcon.colcon_core.environment:create_file_with_runtime_dependencies(/workspaces/install/yolo_msgs/share/colcon-core/packages/yolo_msgs)
[0.471s] INFO:colcon.colcon_ros.task.ament_python.build:Building ROS package in '/workspaces/workspaces/src/yolo_ros-main/yolo_ros' with build type 'ament_python'
[0.471s] Level 1:colcon.colcon_core.shell:create_environment_hook('yolo_ros', 'ament_prefix_path')
[0.471s] INFO:colcon.colcon_core.shell:Creating environment hook '/workspaces/install/yolo_ros/share/yolo_ros/hook/ament_prefix_path.ps1'
[0.472s] INFO:colcon.colcon_core.shell:Creating environment descriptor '/workspaces/install/yolo_ros/share/yolo_ros/hook/ament_prefix_path.dsv'
[0.472s] INFO:colcon.colcon_core.shell:Creating environment hook '/workspaces/install/yolo_ros/share/yolo_ros/hook/ament_prefix_path.sh'
[0.473s] INFO:colcon.colcon_core.shell:Skip shell extension 'powershell' for command environment: Not usable outside of PowerShell
[0.473s] DEBUG:colcon.colcon_core.shell:Skip shell extension 'dsv' for command environment
[0.645s] INFO:colcon.colcon_core.task.python.build:Building Python package in '/workspaces/workspaces/src/yolo_ros-main/yolo_ros'
[0.645s] INFO:colcon.colcon_core.shell:Skip shell extension 'powershell' for command environment: Not usable outside of PowerShell
[0.645s] DEBUG:colcon.colcon_core.shell:Skip shell extension 'dsv' for command environment
[0.650s] DEBUG:colcon.colcon_core.event_handler.log_command:Invoked command in '/workspaces/build/wildbot_slam' returned '0': CMAKE_PREFIX_PATH=${CMAKE_PREFIX_PATH}:/opt/ros/jazzy /usr/bin/cmake /workspaces/workspaces/src/wildbot_slam -DAMENT_CMAKE_SYMLINK_INSTALL=1 -DCMAKE_INSTALL_PREFIX=/workspaces/install/wildbot_slam
[0.651s] DEBUG:colcon.colcon_core.event_handler.log_command:Invoking command in '/workspaces/build/wildbot_slam': CMAKE_PREFIX_PATH=${CMAKE_PREFIX_PATH}:/opt/ros/jazzy /usr/bin/cmake --build /workspaces/build/wildbot_slam -- -j16 -l16
[0.652s] DEBUG:colcon.colcon_core.event_handler.log_command:Invoked command in '/workspaces/build/wildbot_localization' returned '0': CMAKE_PREFIX_PATH=${CMAKE_PREFIX_PATH}:/opt/ros/jazzy /usr/bin/cmake /workspaces/workspaces/src/wildbot_localization -DAMENT_CMAKE_SYMLINK_INSTALL=1 -DCMAKE_INSTALL_PREFIX=/workspaces/install/wildbot_localization
[0.653s] DEBUG:colcon.colcon_core.event_handler.log_command:Invoking command in '/workspaces/build/wildbot_localization': CMAKE_PREFIX_PATH=${CMAKE_PREFIX_PATH}:/opt/ros/jazzy /usr/bin/cmake --build /workspaces/build/wildbot_localization -- -j16 -l16
[0.667s] DEBUG:colcon.colcon_core.event_handler.log_command:Invoking command in '/workspaces/build/wildbot_control': PYTHONPATH=/workspaces/build/wildbot_control/prefix_override:/usr/lib/python3/dist-packages/colcon_core/task/python/colcon_distutils_commands:/workspaces/install/wildbot_control/lib/python3.12/site-packages:${PYTHONPATH} /usr/bin/python3 -W ignore:setup.py install is deprecated -W ignore:easy_install command is deprecated setup.py develop --editable --build-directory /workspaces/build/wildbot_control/build --no-deps symlink_data
[0.686s] DEBUG:colcon.colcon_core.event_handler.log_command:Invoked command in '/workspaces/build/wildbot_slam' returned '0': CMAKE_PREFIX_PATH=${CMAKE_PREFIX_PATH}:/opt/ros/jazzy /usr/bin/cmake --build /workspaces/build/wildbot_slam -- -j16 -l16
[0.687s] DEBUG:colcon.colcon_core.event_handler.log_command:Invoking command in '/workspaces/build/wildbot_slam': CMAKE_PREFIX_PATH=${CMAKE_PREFIX_PATH}:/opt/ros/jazzy /usr/bin/cmake --install /workspaces/build/wildbot_slam
[0.688s] DEBUG:colcon.colcon_core.event_handler.log_command:Invoked command in '/workspaces/build/wildbot_localization' returned '0': CMAKE_PREFIX_PATH=${CMAKE_PREFIX_PATH}:/opt/ros/jazzy /usr/bin/cmake --build /workspaces/build/wildbot_localization -- -j16 -l16
[0.690s] DEBUG:colcon.colcon_core.event_handler.log_command:Invoking command in '/workspaces/build/wildbot_localization': CMAKE_PREFIX_PATH=${CMAKE_PREFIX_PATH}:/opt/ros/jazzy /usr/bin/cmake --install /workspaces/build/wildbot_localization
[0.745s] DEBUG:colcon.colcon_core.event_handler.log_command:Invoking command in '/workspaces/build/handsfree_imu_ros2': PYTHONPATH=/workspaces/build/handsfree_imu_ros2/prefix_override:/usr/lib/python3/dist-packages/colcon_core/task/python/colcon_distutils_commands:/workspaces/install/handsfree_imu_ros2/lib/python3.12/site-packages:${PYTHONPATH} /usr/bin/python3 -W ignore:setup.py install is deprecated -W ignore:easy_install command is deprecated setup.py develop --editable --build-directory /workspaces/build/handsfree_imu_ros2/build --no-deps symlink_data
[0.826s] Level 1:colcon.colcon_core.environment:create_environment_scripts_only(wildbot_localization)
[0.826s] Level 1:colcon.colcon_core.environment:checking '/workspaces/install/wildbot_localization' for CMake module files
[0.826s] DEBUG:colcon.colcon_core.event_handler.log_command:Invoked command in '/workspaces/build/wildbot_localization' returned '0': CMAKE_PREFIX_PATH=${CMAKE_PREFIX_PATH}:/opt/ros/jazzy /usr/bin/cmake --install /workspaces/build/wildbot_localization
[0.827s] Level 1:colcon.colcon_core.environment:checking '/workspaces/install/wildbot_localization' for CMake config files
[0.827s] Level 1:colcon.colcon_core.shell:create_environment_hook('wildbot_localization', 'cmake_prefix_path')
[0.827s] INFO:colcon.colcon_core.shell:Creating environment hook '/workspaces/install/wildbot_localization/share/wildbot_localization/hook/cmake_prefix_path.ps1'
[0.828s] INFO:colcon.colcon_core.shell:Creating environment descriptor '/workspaces/install/wildbot_localization/share/wildbot_localization/hook/cmake_prefix_path.dsv'
[0.828s] INFO:colcon.colcon_core.shell:Creating environment hook '/workspaces/install/wildbot_localization/share/wildbot_localization/hook/cmake_prefix_path.sh'
[0.829s] Level 1:colcon.colcon_core.environment:checking '/workspaces/install/wildbot_localization/bin'
[0.829s] Level 1:colcon.colcon_core.environment:checking '/workspaces/install/wildbot_localization/lib/pkgconfig/wildbot_localization.pc'
[0.829s] Level 1:colcon.colcon_core.environment:checking '/workspaces/install/wildbot_localization/lib/python3.12/site-packages'
[0.830s] Level 1:colcon.colcon_core.environment:checking '/workspaces/install/wildbot_localization/bin'
[0.830s] INFO:colcon.colcon_core.shell:Creating package script '/workspaces/install/wildbot_localization/share/wildbot_localization/package.ps1'
[0.830s] INFO:colcon.colcon_core.shell:Creating package descriptor '/workspaces/install/wildbot_localization/share/wildbot_localization/package.dsv'
[0.831s] INFO:colcon.colcon_core.shell:Creating package script '/workspaces/install/wildbot_localization/share/wildbot_localization/package.sh'
[0.831s] INFO:colcon.colcon_core.shell:Creating package script '/workspaces/install/wildbot_localization/share/wildbot_localization/package.bash'
[0.831s] INFO:colcon.colcon_core.shell:Creating package script '/workspaces/install/wildbot_localization/share/wildbot_localization/package.zsh'
[0.832s] Level 1:colcon.colcon_core.environment:create_file_with_runtime_dependencies(/workspaces/install/wildbot_localization/share/colcon-core/packages/wildbot_localization)
[0.832s] Level 1:colcon.colcon_core.environment:create_environment_scripts_only(wildbot_localization)
[0.832s] Level 1:colcon.colcon_core.environment:checking '/workspaces/install/wildbot_localization' for CMake module files
[0.833s] Level 1:colcon.colcon_core.environment:checking '/workspaces/install/wildbot_localization' for CMake config files
[0.833s] Level 1:colcon.colcon_core.shell:create_environment_hook('wildbot_localization', 'cmake_prefix_path')
[0.833s] INFO:colcon.colcon_core.shell:Creating environment hook '/workspaces/install/wildbot_localization/share/wildbot_localization/hook/cmake_prefix_path.ps1'
[0.834s] INFO:colcon.colcon_core.shell:Creating environment descriptor '/workspaces/install/wildbot_localization/share/wildbot_localization/hook/cmake_prefix_path.dsv'
[0.834s] INFO:colcon.colcon_core.shell:Creating environment hook '/workspaces/install/wildbot_localization/share/wildbot_localization/hook/cmake_prefix_path.sh'
[0.834s] Level 1:colcon.colcon_core.environment:checking '/workspaces/install/wildbot_localization/bin'
[0.835s] Level 1:colcon.colcon_core.environment:checking '/workspaces/install/wildbot_localization/lib/pkgconfig/wildbot_localization.pc'
[0.835s] Level 1:colcon.colcon_core.environment:checking '/workspaces/install/wildbot_localization/lib/python3.12/site-packages'
[0.835s] Level 1:colcon.colcon_core.environment:checking '/workspaces/install/wildbot_localization/bin'
[0.835s] INFO:colcon.colcon_core.shell:Creating package script '/workspaces/install/wildbot_localization/share/wildbot_localization/package.ps1'
[0.836s] INFO:colcon.colcon_core.shell:Creating package descriptor '/workspaces/install/wildbot_localization/share/wildbot_localization/package.dsv'
[0.837s] INFO:colcon.colcon_core.shell:Creating package script '/workspaces/install/wildbot_localization/share/wildbot_localization/package.sh'
[0.838s] INFO:colcon.colcon_core.shell:Creating package script '/workspaces/install/wildbot_localization/share/wildbot_localization/package.bash'
[0.838s] INFO:colcon.colcon_core.shell:Creating package script '/workspaces/install/wildbot_localization/share/wildbot_localization/package.zsh'
[0.838s] Level 1:colcon.colcon_core.environment:create_file_with_runtime_dependencies(/workspaces/install/wildbot_localization/share/colcon-core/packages/wildbot_localization)
[0.839s] Level 1:colcon.colcon_core.environment:create_environment_scripts_only(wildbot_slam)
[0.840s] Level 1:colcon.colcon_core.environment:checking '/workspaces/install/wildbot_slam' for CMake module files
[0.840s] DEBUG:colcon.colcon_core.event_handler.log_command:Invoked command in '/workspaces/build/wildbot_slam' returned '0': CMAKE_PREFIX_PATH=${CMAKE_PREFIX_PATH}:/opt/ros/jazzy /usr/bin/cmake --install /workspaces/build/wildbot_slam
[0.840s] Level 1:colcon.colcon_core.environment:checking '/workspaces/install/wildbot_slam' for CMake config files
[0.840s] Level 1:colcon.colcon_core.shell:create_environment_hook('wildbot_slam', 'cmake_prefix_path')
[0.841s] INFO:colcon.colcon_core.shell:Creating environment hook '/workspaces/install/wildbot_slam/share/wildbot_slam/hook/cmake_prefix_path.ps1'
[0.841s] INFO:colcon.colcon_core.shell:Creating environment descriptor '/workspaces/install/wildbot_slam/share/wildbot_slam/hook/cmake_prefix_path.dsv'
[0.842s] INFO:colcon.colcon_core.shell:Creating environment hook '/workspaces/install/wildbot_slam/share/wildbot_slam/hook/cmake_prefix_path.sh'
[0.842s] Level 1:colcon.colcon_core.environment:checking '/workspaces/install/wildbot_slam/bin'
[0.842s] Level 1:colcon.colcon_core.environment:checking '/workspaces/install/wildbot_slam/lib/pkgconfig/wildbot_slam.pc'
[0.843s] Level 1:colcon.colcon_core.environment:checking '/workspaces/install/wildbot_slam/lib/python3.12/site-packages'
[0.843s] Level 1:colcon.colcon_core.environment:checking '/workspaces/install/wildbot_slam/bin'
[0.843s] INFO:colcon.colcon_core.shell:Creating package script '/workspaces/install/wildbot_slam/share/wildbot_slam/package.ps1'
[0.844s] INFO:colcon.colcon_core.shell:Creating package descriptor '/workspaces/install/wildbot_slam/share/wildbot_slam/package.dsv'
[0.845s] INFO:colcon.colcon_core.shell:Creating package script '/workspaces/install/wildbot_slam/share/wildbot_slam/package.sh'
[0.845s] INFO:colcon.colcon_core.shell:Creating package script '/workspaces/install/wildbot_slam/share/wildbot_slam/package.bash'
[0.846s] INFO:colcon.colcon_core.shell:Creating package script '/workspaces/install/wildbot_slam/share/wildbot_slam/package.zsh'
[0.846s] Level 1:colcon.colcon_core.environment:create_file_with_runtime_dependencies(/workspaces/install/wildbot_slam/share/colcon-core/packages/wildbot_slam)
[0.846s] Level 1:colcon.colcon_core.environment:create_environment_scripts_only(wildbot_slam)
[0.847s] Level 1:colcon.colcon_core.environment:checking '/workspaces/install/wildbot_slam' for CMake module files
[0.847s] Level 1:colcon.colcon_core.environment:checking '/workspaces/install/wildbot_slam' for CMake config files
[0.847s] Level 1:colcon.colcon_core.shell:create_environment_hook('wildbot_slam', 'cmake_prefix_path')
[0.847s] INFO:colcon.colcon_core.shell:Creating environment hook '/workspaces/install/wildbot_slam/share/wildbot_slam/hook/cmake_prefix_path.ps1'
[0.848s] INFO:colcon.colcon_core.shell:Creating environment descriptor '/workspaces/install/wildbot_slam/share/wildbot_slam/hook/cmake_prefix_path.dsv'
[0.848s] INFO:colcon.colcon_core.shell:Creating environment hook '/workspaces/install/wildbot_slam/share/wildbot_slam/hook/cmake_prefix_path.sh'
[0.849s] Level 1:colcon.colcon_core.environment:checking '/workspaces/install/wildbot_slam/bin'
[0.849s] Level 1:colcon.colcon_core.environment:checking '/workspaces/install/wildbot_slam/lib/pkgconfig/wildbot_slam.pc'
[0.850s] Level 1:colcon.colcon_core.environment:checking '/workspaces/install/wildbot_slam/lib/python3.12/site-packages'
[0.850s] Level 1:colcon.colcon_core.environment:checking '/workspaces/install/wildbot_slam/bin'
[0.850s] INFO:colcon.colcon_core.shell:Creating package script '/workspaces/install/wildbot_slam/share/wildbot_slam/package.ps1'
[0.850s] INFO:colcon.colcon_core.shell:Creating package descriptor '/workspaces/install/wildbot_slam/share/wildbot_slam/package.dsv'
[0.851s] INFO:colcon.colcon_core.shell:Creating package script '/workspaces/install/wildbot_slam/share/wildbot_slam/package.sh'
[0.851s] INFO:colcon.colcon_core.shell:Creating package script '/workspaces/install/wildbot_slam/share/wildbot_slam/package.bash'
[0.851s] INFO:colcon.colcon_core.shell:Creating package script '/workspaces/install/wildbot_slam/share/wildbot_slam/package.zsh'
[0.851s] Level 1:colcon.colcon_core.environment:create_file_with_runtime_dependencies(/workspaces/install/wildbot_slam/share/colcon-core/packages/wildbot_slam)
[0.966s] DEBUG:colcon.colcon_core.event_handler.log_command:Invoking command in '/workspaces/build/yolo_ros': AMENT_PREFIX_PATH=/workspaces/install/yolo_msgs:${AMENT_PREFIX_PATH} CMAKE_PREFIX_PATH=/workspaces/install/yolo_msgs:${CMAKE_PREFIX_PATH} LD_LIBRARY_PATH=/workspaces/install/yolo_msgs/lib:${LD_LIBRARY_PATH} PYTHONPATH=/workspaces/build/yolo_ros/prefix_override:/usr/lib/python3/dist-packages/colcon_core/task/python/colcon_distutils_commands:/workspaces/install/yolo_ros/lib/python3.12/site-packages:/workspaces/install/yolo_msgs/lib/python3.12/site-packages:${PYTHONPATH} /usr/bin/python3 -W ignore:setup.py install is deprecated -W ignore:easy_install command is deprecated setup.py develop --editable --build-directory /workspaces/build/yolo_ros/build --no-deps symlink_data
[0.967s] Level 1:colcon.colcon_core.shell:create_environment_hook('wildbot_control', 'pythonpath_develop')
[0.968s] INFO:colcon.colcon_core.shell:Creating environment hook '/workspaces/build/wildbot_control/share/wildbot_control/hook/pythonpath_develop.ps1'
[0.968s] DEBUG:colcon.colcon_core.event_handler.log_command:Invoked command in '/workspaces/build/wildbot_control' returned '0': PYTHONPATH=/workspaces/build/wildbot_control/prefix_override:/usr/lib/python3/dist-packages/colcon_core/task/python/colcon_distutils_commands:/workspaces/install/wildbot_control/lib/python3.12/site-packages:${PYTHONPATH} /usr/bin/python3 -W ignore:setup.py install is deprecated -W ignore:easy_install command is deprecated setup.py develop --editable --build-directory /workspaces/build/wildbot_control/build --no-deps symlink_data
[0.968s] INFO:colcon.colcon_core.shell:Creating environment descriptor '/workspaces/build/wildbot_control/share/wildbot_control/hook/pythonpath_develop.dsv'
[0.969s] INFO:colcon.colcon_core.shell:Creating environment hook '/workspaces/build/wildbot_control/share/wildbot_control/hook/pythonpath_develop.sh'
[0.969s] Level 1:colcon.colcon_core.environment:checking '/workspaces/install/wildbot_control' for CMake module files
[0.970s] Level 1:colcon.colcon_core.environment:checking '/workspaces/install/wildbot_control' for CMake config files
[0.970s] Level 1:colcon.colcon_core.environment:checking '/workspaces/install/wildbot_control/lib'
[0.970s] Level 1:colcon.colcon_core.environment:checking '/workspaces/install/wildbot_control/bin'
[0.971s] Level 1:colcon.colcon_core.environment:checking '/workspaces/install/wildbot_control/lib/pkgconfig/wildbot_control.pc'
[0.971s] Level 1:colcon.colcon_core.environment:checking '/workspaces/install/wildbot_control/lib/python3.12/site-packages'
[0.971s] Level 1:colcon.colcon_core.shell:create_environment_hook('wildbot_control', 'pythonpath')
[0.971s] INFO:colcon.colcon_core.shell:Creating environment hook '/workspaces/install/wildbot_control/share/wildbot_control/hook/pythonpath.ps1'
[0.971s] INFO:colcon.colcon_core.shell:Creating environment descriptor '/workspaces/install/wildbot_control/share/wildbot_control/hook/pythonpath.dsv'
[0.972s] INFO:colcon.colcon_core.shell:Creating environment hook '/workspaces/install/wildbot_control/share/wildbot_control/hook/pythonpath.sh'
[0.972s] Level 1:colcon.colcon_core.environment:checking '/workspaces/install/wildbot_control/bin'
[0.972s] Level 1:colcon.colcon_core.environment:create_environment_scripts_only(wildbot_control)
[0.973s] INFO:colcon.colcon_core.shell:Creating package script '/workspaces/install/wildbot_control/share/wildbot_control/package.ps1'
[0.973s] INFO:colcon.colcon_core.shell:Creating package descriptor '/workspaces/install/wildbot_control/share/wildbot_control/package.dsv'
[0.973s] INFO:colcon.colcon_core.shell:Creating package script '/workspaces/install/wildbot_control/share/wildbot_control/package.sh'
[0.974s] INFO:colcon.colcon_core.shell:Creating package script '/workspaces/install/wildbot_control/share/wildbot_control/package.bash'
[0.974s] INFO:colcon.colcon_core.shell:Creating package script '/workspaces/install/wildbot_control/share/wildbot_control/package.zsh'
[0.974s] Level 1:colcon.colcon_core.environment:create_file_with_runtime_dependencies(/workspaces/install/wildbot_control/share/colcon-core/packages/wildbot_control)
[1.064s] Level 1:colcon.colcon_core.shell:create_environment_hook('handsfree_imu_ros2', 'pythonpath_develop')
[1.065s] INFO:colcon.colcon_core.shell:Creating environment hook '/workspaces/build/handsfree_imu_ros2/share/handsfree_imu_ros2/hook/pythonpath_develop.ps1'
[1.065s] DEBUG:colcon.colcon_core.event_handler.log_command:Invoked command in '/workspaces/build/handsfree_imu_ros2' returned '0': PYTHONPATH=/workspaces/build/handsfree_imu_ros2/prefix_override:/usr/lib/python3/dist-packages/colcon_core/task/python/colcon_distutils_commands:/workspaces/install/handsfree_imu_ros2/lib/python3.12/site-packages:${PYTHONPATH} /usr/bin/python3 -W ignore:setup.py install is deprecated -W ignore:easy_install command is deprecated setup.py develop --editable --build-directory /workspaces/build/handsfree_imu_ros2/build --no-deps symlink_data
[1.065s] INFO:colcon.colcon_core.shell:Creating environment descriptor '/workspaces/build/handsfree_imu_ros2/share/handsfree_imu_ros2/hook/pythonpath_develop.dsv'
[1.066s] INFO:colcon.colcon_core.shell:Creating environment hook '/workspaces/build/handsfree_imu_ros2/share/handsfree_imu_ros2/hook/pythonpath_develop.sh'
[1.066s] Level 1:colcon.colcon_core.environment:checking '/workspaces/install/handsfree_imu_ros2' for CMake module files
[1.066s] Level 1:colcon.colcon_core.environment:checking '/workspaces/install/handsfree_imu_ros2' for CMake config files
[1.066s] Level 1:colcon.colcon_core.environment:checking '/workspaces/install/handsfree_imu_ros2/lib'
[1.067s] Level 1:colcon.colcon_core.environment:checking '/workspaces/install/handsfree_imu_ros2/bin'
[1.067s] Level 1:colcon.colcon_core.environment:checking '/workspaces/install/handsfree_imu_ros2/lib/pkgconfig/handsfree_imu_ros2.pc'
[1.067s] Level 1:colcon.colcon_core.environment:checking '/workspaces/install/handsfree_imu_ros2/lib/python3.12/site-packages'
[1.067s] Level 1:colcon.colcon_core.shell:create_environment_hook('handsfree_imu_ros2', 'pythonpath')
[1.067s] INFO:colcon.colcon_core.shell:Creating environment hook '/workspaces/install/handsfree_imu_ros2/share/handsfree_imu_ros2/hook/pythonpath.ps1'
[1.067s] INFO:colcon.colcon_core.shell:Creating environment descriptor '/workspaces/install/handsfree_imu_ros2/share/handsfree_imu_ros2/hook/pythonpath.dsv'
[1.067s] INFO:colcon.colcon_core.shell:Creating environment hook '/workspaces/install/handsfree_imu_ros2/share/handsfree_imu_ros2/hook/pythonpath.sh'
[1.068s] Level 1:colcon.colcon_core.environment:checking '/workspaces/install/handsfree_imu_ros2/bin'
[1.068s] Level 1:colcon.colcon_core.environment:create_environment_scripts_only(handsfree_imu_ros2)
[1.068s] INFO:colcon.colcon_core.shell:Creating package script '/workspaces/install/handsfree_imu_ros2/share/handsfree_imu_ros2/package.ps1'
[1.069s] INFO:colcon.colcon_core.shell:Creating package descriptor '/workspaces/install/handsfree_imu_ros2/share/handsfree_imu_ros2/package.dsv'
[1.069s] INFO:colcon.colcon_core.shell:Creating package script '/workspaces/install/handsfree_imu_ros2/share/handsfree_imu_ros2/package.sh'
[1.069s] INFO:colcon.colcon_core.shell:Creating package script '/workspaces/install/handsfree_imu_ros2/share/handsfree_imu_ros2/package.bash'
[1.069s] INFO:colcon.colcon_core.shell:Creating package script '/workspaces/install/handsfree_imu_ros2/share/handsfree_imu_ros2/package.zsh'
[1.070s] Level 1:colcon.colcon_core.environment:create_file_with_runtime_dependencies(/workspaces/install/handsfree_imu_ros2/share/colcon-core/packages/handsfree_imu_ros2)
[1.267s] Level 1:colcon.colcon_core.shell:create_environment_hook('yolo_ros', 'pythonpath_develop')
[1.267s] INFO:colcon.colcon_core.shell:Creating environment hook '/workspaces/build/yolo_ros/share/yolo_ros/hook/pythonpath_develop.ps1'
[1.268s] DEBUG:colcon.colcon_core.event_handler.log_command:Invoked command in '/workspaces/build/yolo_ros' returned '0': AMENT_PREFIX_PATH=/workspaces/install/yolo_msgs:${AMENT_PREFIX_PATH} CMAKE_PREFIX_PATH=/workspaces/install/yolo_msgs:${CMAKE_PREFIX_PATH} LD_LIBRARY_PATH=/workspaces/install/yolo_msgs/lib:${LD_LIBRARY_PATH} PYTHONPATH=/workspaces/build/yolo_ros/prefix_override:/usr/lib/python3/dist-packages/colcon_core/task/python/colcon_distutils_commands:/workspaces/install/yolo_ros/lib/python3.12/site-packages:/workspaces/install/yolo_msgs/lib/python3.12/site-packages:${PYTHONPATH} /usr/bin/python3 -W ignore:setup.py install is deprecated -W ignore:easy_install command is deprecated setup.py develop --editable --build-directory /workspaces/build/yolo_ros/build --no-deps symlink_data
[1.268s] INFO:colcon.colcon_core.shell:Creating environment descriptor '/workspaces/build/yolo_ros/share/yolo_ros/hook/pythonpath_develop.dsv'
[1.268s] INFO:colcon.colcon_core.shell:Creating environment hook '/workspaces/build/yolo_ros/share/yolo_ros/hook/pythonpath_develop.sh'
[1.269s] Level 1:colcon.colcon_core.environment:checking '/workspaces/install/yolo_ros' for CMake module files
[1.269s] Level 1:colcon.colcon_core.environment:checking '/workspaces/install/yolo_ros' for CMake config files
[1.269s] Level 1:colcon.colcon_core.environment:checking '/workspaces/install/yolo_ros/lib'
[1.269s] Level 1:colcon.colcon_core.environment:checking '/workspaces/install/yolo_ros/bin'
[1.269s] Level 1:colcon.colcon_core.environment:checking '/workspaces/install/yolo_ros/lib/pkgconfig/yolo_ros.pc'
[1.270s] Level 1:colcon.colcon_core.environment:checking '/workspaces/install/yolo_ros/lib/python3.12/site-packages'
[1.270s] Level 1:colcon.colcon_core.shell:create_environment_hook('yolo_ros', 'pythonpath')
[1.270s] INFO:colcon.colcon_core.shell:Creating environment hook '/workspaces/install/yolo_ros/share/yolo_ros/hook/pythonpath.ps1'
[1.270s] INFO:colcon.colcon_core.shell:Creating environment descriptor '/workspaces/install/yolo_ros/share/yolo_ros/hook/pythonpath.dsv'
[1.270s] INFO:colcon.colcon_core.shell:Creating environment hook '/workspaces/install/yolo_ros/share/yolo_ros/hook/pythonpath.sh'
[1.270s] Level 1:colcon.colcon_core.environment:checking '/workspaces/install/yolo_ros/bin'
[1.270s] Level 1:colcon.colcon_core.environment:create_environment_scripts_only(yolo_ros)
[1.271s] INFO:colcon.colcon_core.shell:Creating package script '/workspaces/install/yolo_ros/share/yolo_ros/package.ps1'
[1.271s] INFO:colcon.colcon_core.shell:Creating package descriptor '/workspaces/install/yolo_ros/share/yolo_ros/package.dsv'
[1.271s] INFO:colcon.colcon_core.shell:Creating package script '/workspaces/install/yolo_ros/share/yolo_ros/package.sh'
[1.271s] INFO:colcon.colcon_core.shell:Creating package script '/workspaces/install/yolo_ros/share/yolo_ros/package.bash'
[1.271s] INFO:colcon.colcon_core.shell:Creating package script '/workspaces/install/yolo_ros/share/yolo_ros/package.zsh'
[1.272s] Level 1:colcon.colcon_core.environment:create_file_with_runtime_dependencies(/workspaces/install/yolo_ros/share/colcon-core/packages/yolo_ros)
[1.272s] INFO:colcon.colcon_ros.task.ament_cmake.build:Building ROS package in '/workspaces/workspaces/src/yolo_ros-main/yolo_bringup' with build type 'ament_cmake'
[1.272s] INFO:colcon.colcon_cmake.task.cmake.build:Building CMake package in '/workspaces/workspaces/src/yolo_ros-main/yolo_bringup'
[1.272s] INFO:colcon.colcon_core.shell:Skip shell extension 'powershell' for command environment: Not usable outside of PowerShell
[1.272s] DEBUG:colcon.colcon_core.shell:Skip shell extension 'dsv' for command environment
[1.278s] DEBUG:colcon.colcon_core.event_handler.log_command:Invoking command in '/workspaces/build/yolo_bringup': AMENT_PREFIX_PATH=/workspaces/install/yolo_ros:/workspaces/install/yolo_msgs:${AMENT_PREFIX_PATH} CMAKE_PREFIX_PATH=/workspaces/install/yolo_msgs:/opt/ros/jazzy/opt/sdformat_vendor:/opt/ros/jazzy/opt/gz_math_vendor:/opt/ros/jazzy/opt/gz_utils_vendor:/opt/ros/jazzy/opt/gz_tools_vendor:/opt/ros/jazzy/opt/gz_cmake_vendor:/opt/ros/jazzy LD_LIBRARY_PATH=/workspaces/install/yolo_msgs/lib:${LD_LIBRARY_PATH} PYTHONPATH=/workspaces/build/yolo_ros:/workspaces/install/yolo_ros/lib/python3.12/site-packages:/workspaces/install/yolo_msgs/lib/python3.12/site-packages:${PYTHONPATH} /usr/bin/cmake --build /workspaces/build/yolo_bringup -- -j16 -l16
[1.302s] DEBUG:colcon.colcon_core.event_handler.log_command:Invoked command in '/workspaces/build/yolo_bringup' returned '0': AMENT_PREFIX_PATH=/workspaces/install/yolo_ros:/workspaces/install/yolo_msgs:${AMENT_PREFIX_PATH} CMAKE_PREFIX_PATH=/workspaces/install/yolo_msgs:/opt/ros/jazzy/opt/sdformat_vendor:/opt/ros/jazzy/opt/gz_math_vendor:/opt/ros/jazzy/opt/gz_utils_vendor:/opt/ros/jazzy/opt/gz_tools_vendor:/opt/ros/jazzy/opt/gz_cmake_vendor:/opt/ros/jazzy LD_LIBRARY_PATH=/workspaces/install/yolo_msgs/lib:${LD_LIBRARY_PATH} PYTHONPATH=/workspaces/build/yolo_ros:/workspaces/install/yolo_ros/lib/python3.12/site-packages:/workspaces/install/yolo_msgs/lib/python3.12/site-packages:${PYTHONPATH} /usr/bin/cmake --build /workspaces/build/yolo_bringup -- -j16 -l16
[1.303s] DEBUG:colcon.colcon_core.event_handler.log_command:Invoking command in '/workspaces/build/yolo_bringup': AMENT_PREFIX_PATH=/workspaces/install/yolo_ros:/workspaces/install/yolo_msgs:${AMENT_PREFIX_PATH} CMAKE_PREFIX_PATH=/workspaces/install/yolo_msgs:/opt/ros/jazzy/opt/sdformat_vendor:/opt/ros/jazzy/opt/gz_math_vendor:/opt/ros/jazzy/opt/gz_utils_vendor:/opt/ros/jazzy/opt/gz_tools_vendor:/opt/ros/jazzy/opt/gz_cmake_vendor:/opt/ros/jazzy LD_LIBRARY_PATH=/workspaces/install/yolo_msgs/lib:${LD_LIBRARY_PATH} PYTHONPATH=/workspaces/build/yolo_ros:/workspaces/install/yolo_ros/lib/python3.12/site-packages:/workspaces/install/yolo_msgs/lib/python3.12/site-packages:${PYTHONPATH} /usr/bin/cmake --install /workspaces/build/yolo_bringup
[1.317s] Level 1:colcon.colcon_core.environment:create_environment_scripts_only(yolo_bringup)
[1.318s] Level 1:colcon.colcon_core.environment:checking '/workspaces/install/yolo_bringup' for CMake module files
[1.318s] DEBUG:colcon.colcon_core.event_handler.log_command:Invoked command in '/workspaces/build/yolo_bringup' returned '0': AMENT_PREFIX_PATH=/workspaces/install/yolo_ros:/workspaces/install/yolo_msgs:${AMENT_PREFIX_PATH} CMAKE_PREFIX_PATH=/workspaces/install/yolo_msgs:/opt/ros/jazzy/opt/sdformat_vendor:/opt/ros/jazzy/opt/gz_math_vendor:/opt/ros/jazzy/opt/gz_utils_vendor:/opt/ros/jazzy/opt/gz_tools_vendor:/opt/ros/jazzy/opt/gz_cmake_vendor:/opt/ros/jazzy LD_LIBRARY_PATH=/workspaces/install/yolo_msgs/lib:${LD_LIBRARY_PATH} PYTHONPATH=/workspaces/build/yolo_ros:/workspaces/install/yolo_ros/lib/python3.12/site-packages:/workspaces/install/yolo_msgs/lib/python3.12/site-packages:${PYTHONPATH} /usr/bin/cmake --install /workspaces/build/yolo_bringup
[1.318s] Level 1:colcon.colcon_core.environment:checking '/workspaces/install/yolo_bringup' for CMake config files
[1.318s] Level 1:colcon.colcon_core.shell:create_environment_hook('yolo_bringup', 'cmake_prefix_path')
[1.318s] INFO:colcon.colcon_core.shell:Creating environment hook '/workspaces/install/yolo_bringup/share/yolo_bringup/hook/cmake_prefix_path.ps1'
[1.319s] INFO:colcon.colcon_core.shell:Creating environment descriptor '/workspaces/install/yolo_bringup/share/yolo_bringup/hook/cmake_prefix_path.dsv'
[1.319s] INFO:colcon.colcon_core.shell:Creating environment hook '/workspaces/install/yolo_bringup/share/yolo_bringup/hook/cmake_prefix_path.sh'
[1.319s] Level 1:colcon.colcon_core.environment:checking '/workspaces/install/yolo_bringup/bin'
[1.319s] Level 1:colcon.colcon_core.environment:checking '/workspaces/install/yolo_bringup/lib/pkgconfig/yolo_bringup.pc'
[1.319s] Level 1:colcon.colcon_core.environment:checking '/workspaces/install/yolo_bringup/lib/python3.12/site-packages'
[1.319s] Level 1:colcon.colcon_core.environment:checking '/workspaces/install/yolo_bringup/bin'
[1.319s] INFO:colcon.colcon_core.shell:Creating package script '/workspaces/install/yolo_bringup/share/yolo_bringup/package.ps1'
[1.320s] INFO:colcon.colcon_core.shell:Creating package descriptor '/workspaces/install/yolo_bringup/share/yolo_bringup/package.dsv'
[1.320s] INFO:colcon.colcon_core.shell:Creating package script '/workspaces/install/yolo_bringup/share/yolo_bringup/package.sh'
[1.320s] INFO:colcon.colcon_core.shell:Creating package script '/workspaces/install/yolo_bringup/share/yolo_bringup/package.bash'
[1.320s] INFO:colcon.colcon_core.shell:Creating package script '/workspaces/install/yolo_bringup/share/yolo_bringup/package.zsh'
[1.320s] Level 1:colcon.colcon_core.environment:create_file_with_runtime_dependencies(/workspaces/install/yolo_bringup/share/colcon-core/packages/yolo_bringup)
[1.321s] Level 1:colcon.colcon_core.environment:create_environment_scripts_only(yolo_bringup)
[1.321s] Level 1:colcon.colcon_core.environment:checking '/workspaces/install/yolo_bringup' for CMake module files
[1.321s] Level 1:colcon.colcon_core.environment:checking '/workspaces/install/yolo_bringup' for CMake config files
[1.321s] Level 1:colcon.colcon_core.shell:create_environment_hook('yolo_bringup', 'cmake_prefix_path')
[1.321s] INFO:colcon.colcon_core.shell:Creating environment hook '/workspaces/install/yolo_bringup/share/yolo_bringup/hook/cmake_prefix_path.ps1'
[1.321s] INFO:colcon.colcon_core.shell:Creating environment descriptor '/workspaces/install/yolo_bringup/share/yolo_bringup/hook/cmake_prefix_path.dsv'
[1.321s] INFO:colcon.colcon_core.shell:Creating environment hook '/workspaces/install/yolo_bringup/share/yolo_bringup/hook/cmake_prefix_path.sh'
[1.322s] Level 1:colcon.colcon_core.environment:checking '/workspaces/install/yolo_bringup/bin'
[1.322s] Level 1:colcon.colcon_core.environment:checking '/workspaces/install/yolo_bringup/lib/pkgconfig/yolo_bringup.pc'
[1.322s] Level 1:colcon.colcon_core.environment:checking '/workspaces/install/yolo_bringup/lib/python3.12/site-packages'
[1.322s] Level 1:colcon.colcon_core.environment:checking '/workspaces/install/yolo_bringup/bin'
[1.322s] INFO:colcon.colcon_core.shell:Creating package script '/workspaces/install/yolo_bringup/share/yolo_bringup/package.ps1'
[1.322s] INFO:colcon.colcon_core.shell:Creating package descriptor '/workspaces/install/yolo_bringup/share/yolo_bringup/package.dsv'
[1.322s] INFO:colcon.colcon_core.shell:Creating package script '/workspaces/install/yolo_bringup/share/yolo_bringup/package.sh'
[1.323s] INFO:colcon.colcon_core.shell:Creating package script '/workspaces/install/yolo_bringup/share/yolo_bringup/package.bash'
[1.323s] INFO:colcon.colcon_core.shell:Creating package script '/workspaces/install/yolo_bringup/share/yolo_bringup/package.zsh'
[1.323s] Level 1:colcon.colcon_core.environment:create_file_with_runtime_dependencies(/workspaces/install/yolo_bringup/share/colcon-core/packages/yolo_bringup)
[4.441s] DEBUG:colcon.colcon_core.event_handler.log_command:Invoked command in '/workspaces/build/ydlidar_ros2_driver' returned '0': CMAKE_PREFIX_PATH=${CMAKE_PREFIX_PATH}:/opt/ros/jazzy /usr/bin/cmake --build /workspaces/build/ydlidar_ros2_driver -- -j16 -l16
[4.442s] DEBUG:colcon.colcon_core.event_handler.log_command:Invoking command in '/workspaces/build/ydlidar_ros2_driver': CMAKE_PREFIX_PATH=${CMAKE_PREFIX_PATH}:/opt/ros/jazzy /usr/bin/cmake --install /workspaces/build/ydlidar_ros2_driver
[4.461s] Level 1:colcon.colcon_core.environment:create_environment_scripts_only(ydlidar_ros2_driver)
[4.461s] Level 1:colcon.colcon_core.environment:checking '/workspaces/install/ydlidar_ros2_driver' for CMake module files
[4.461s] DEBUG:colcon.colcon_core.event_handler.log_command:Invoked command in '/workspaces/build/ydlidar_ros2_driver' returned '0': CMAKE_PREFIX_PATH=${CMAKE_PREFIX_PATH}:/opt/ros/jazzy /usr/bin/cmake --install /workspaces/build/ydlidar_ros2_driver
[4.462s] Level 1:colcon.colcon_core.environment:checking '/workspaces/install/ydlidar_ros2_driver' for CMake config files
[4.462s] Level 1:colcon.colcon_core.shell:create_environment_hook('ydlidar_ros2_driver', 'cmake_prefix_path')
[4.462s] INFO:colcon.colcon_core.shell:Creating environment hook '/workspaces/install/ydlidar_ros2_driver/share/ydlidar_ros2_driver/hook/cmake_prefix_path.ps1'
[4.462s] INFO:colcon.colcon_core.shell:Creating environment descriptor '/workspaces/install/ydlidar_ros2_driver/share/ydlidar_ros2_driver/hook/cmake_prefix_path.dsv'
[4.462s] INFO:colcon.colcon_core.shell:Creating environment hook '/workspaces/install/ydlidar_ros2_driver/share/ydlidar_ros2_driver/hook/cmake_prefix_path.sh'
[4.463s] Level 1:colcon.colcon_core.environment:checking '/workspaces/install/ydlidar_ros2_driver/lib'
[4.463s] Level 1:colcon.colcon_core.environment:checking '/workspaces/install/ydlidar_ros2_driver/bin'
[4.463s] Level 1:colcon.colcon_core.environment:checking '/workspaces/install/ydlidar_ros2_driver/lib/pkgconfig/ydlidar_ros2_driver.pc'
[4.463s] Level 1:colcon.colcon_core.environment:checking '/workspaces/install/ydlidar_ros2_driver/lib/python3.12/site-packages'
[4.463s] Level 1:colcon.colcon_core.environment:checking '/workspaces/install/ydlidar_ros2_driver/bin'
[4.463s] INFO:colcon.colcon_core.shell:Creating package script '/workspaces/install/ydlidar_ros2_driver/share/ydlidar_ros2_driver/package.ps1'
[4.463s] INFO:colcon.colcon_core.shell:Creating package descriptor '/workspaces/install/ydlidar_ros2_driver/share/ydlidar_ros2_driver/package.dsv'
[4.464s] INFO:colcon.colcon_core.shell:Creating package script '/workspaces/install/ydlidar_ros2_driver/share/ydlidar_ros2_driver/package.sh'
[4.464s] INFO:colcon.colcon_core.shell:Creating package script '/workspaces/install/ydlidar_ros2_driver/share/ydlidar_ros2_driver/package.bash'
[4.464s] INFO:colcon.colcon_core.shell:Creating package script '/workspaces/install/ydlidar_ros2_driver/share/ydlidar_ros2_driver/package.zsh'
[4.464s] Level 1:colcon.colcon_core.environment:create_file_with_runtime_dependencies(/workspaces/install/ydlidar_ros2_driver/share/colcon-core/packages/ydlidar_ros2_driver)
[4.464s] Level 1:colcon.colcon_core.environment:create_environment_scripts_only(ydlidar_ros2_driver)
[4.464s] Level 1:colcon.colcon_core.environment:checking '/workspaces/install/ydlidar_ros2_driver' for CMake module files
[4.465s] Level 1:colcon.colcon_core.environment:checking '/workspaces/install/ydlidar_ros2_driver' for CMake config files
[4.465s] Level 1:colcon.colcon_core.shell:create_environment_hook('ydlidar_ros2_driver', 'cmake_prefix_path')
[4.465s] INFO:colcon.colcon_core.shell:Creating environment hook '/workspaces/install/ydlidar_ros2_driver/share/ydlidar_ros2_driver/hook/cmake_prefix_path.ps1'
[4.465s] INFO:colcon.colcon_core.shell:Creating environment descriptor '/workspaces/install/ydlidar_ros2_driver/share/ydlidar_ros2_driver/hook/cmake_prefix_path.dsv'
[4.465s] INFO:colcon.colcon_core.shell:Creating environment hook '/workspaces/install/ydlidar_ros2_driver/share/ydlidar_ros2_driver/hook/cmake_prefix_path.sh'
[4.465s] Level 1:colcon.colcon_core.environment:checking '/workspaces/install/ydlidar_ros2_driver/lib'
[4.465s] Level 1:colcon.colcon_core.environment:checking '/workspaces/install/ydlidar_ros2_driver/bin'
[4.465s] Level 1:colcon.colcon_core.environment:checking '/workspaces/install/ydlidar_ros2_driver/lib/pkgconfig/ydlidar_ros2_driver.pc'
[4.466s] Level 1:colcon.colcon_core.environment:checking '/workspaces/install/ydlidar_ros2_driver/lib/python3.12/site-packages'
[4.466s] Level 1:colcon.colcon_core.environment:checking '/workspaces/install/ydlidar_ros2_driver/bin'
[4.466s] INFO:colcon.colcon_core.shell:Creating package script '/workspaces/install/ydlidar_ros2_driver/share/ydlidar_ros2_driver/package.ps1'
[4.466s] INFO:colcon.colcon_core.shell:Creating package descriptor '/workspaces/install/ydlidar_ros2_driver/share/ydlidar_ros2_driver/package.dsv'
[4.466s] INFO:colcon.colcon_core.shell:Creating package script '/workspaces/install/ydlidar_ros2_driver/share/ydlidar_ros2_driver/package.sh'
[4.466s] INFO:colcon.colcon_core.shell:Creating package script '/workspaces/install/ydlidar_ros2_driver/share/ydlidar_ros2_driver/package.bash'
[4.467s] INFO:colcon.colcon_core.shell:Creating package script '/workspaces/install/ydlidar_ros2_driver/share/ydlidar_ros2_driver/package.zsh'
[4.467s] Level 1:colcon.colcon_core.environment:create_file_with_runtime_dependencies(/workspaces/install/ydlidar_ros2_driver/share/colcon-core/packages/ydlidar_ros2_driver)
[4.467s] DEBUG:colcon.colcon_parallel_executor.executor.parallel:closing loop
[4.467s] DEBUG:colcon.colcon_parallel_executor.executor.parallel:loop closed
[4.467s] DEBUG:colcon.colcon_parallel_executor.executor.parallel:run_until_complete finished with '0'
[4.467s] DEBUG:colcon.colcon_core.event_reactor:joining thread
[4.471s] INFO:colcon.colcon_core.plugin_system:Skipping extension 'colcon_notification.desktop_notification.notify_send': Could not find 'notify-send'
[4.471s] INFO:colcon.colcon_core.plugin_system:Skipping extension 'colcon_notification.desktop_notification.terminal_notifier': Not used on non-Darwin systems
[4.471s] INFO:colcon.colcon_core.plugin_system:Skipping extension 'colcon_notification.desktop_notification.win32': Not used on non-Windows systems
[4.471s] INFO:colcon.colcon_notification.desktop_notification:Sending desktop notification using 'notify2'
[4.471s] DEBUG:colcon.colcon_notification.desktop_notification.notify2:Failed to initialize notify2: org.freedesktop.DBus.Error.NotSupported: Unable to autolaunch a dbus-daemon without a $DISPLAY for X11
[4.471s] DEBUG:colcon.colcon_core.event_reactor:joined thread
[4.471s] INFO:colcon.colcon_core.shell:Creating prefix script '/workspaces/install/local_setup.ps1'
[4.472s] INFO:colcon.colcon_core.shell:Creating prefix util module '/workspaces/install/_local_setup_util_ps1.py'
[4.472s] INFO:colcon.colcon_core.shell:Creating prefix chain script '/workspaces/install/setup.ps1'
[4.473s] INFO:colcon.colcon_core.shell:Creating prefix script '/workspaces/install/local_setup.sh'
[4.473s] INFO:colcon.colcon_core.shell:Creating prefix util module '/workspaces/install/_local_setup_util_sh.py'
[4.473s] INFO:colcon.colcon_core.shell:Creating prefix chain script '/workspaces/install/setup.sh'
[4.473s] INFO:colcon.colcon_core.shell:Creating prefix script '/workspaces/install/local_setup.bash'
[4.474s] INFO:colcon.colcon_core.shell:Creating prefix chain script '/workspaces/install/setup.bash'
[4.474s] INFO:colcon.colcon_core.shell:Creating prefix script '/workspaces/install/local_setup.zsh'
[4.474s] INFO:colcon.colcon_core.shell:Creating prefix chain script '/workspaces/install/setup.zsh'
