[0.000000] (-) TimerEvent: {}
[0.000148] (handsfree_imu_ros2) JobQueued: {'identifier': 'handsfree_imu_ros2', 'dependencies': OrderedDict()}
[0.000183] (wildbot_control) JobQueued: {'identifier': 'wildbot_control', 'dependencies': OrderedDict()}
[0.000200] (ydlidar_ros2_driver) JobQueued: {'identifier': 'ydlidar_ros2_driver', 'dependencies': OrderedDict()}
[0.000212] (yolo_msgs) JobQueued: {'identifier': 'yolo_msgs', 'dependencies': OrderedDict()}
[0.000222] (yolo_ros) JobQueued: {'identifier': 'yolo_ros', 'dependencies': OrderedDict({'yolo_msgs': '/workspaces/install/yolo_msgs'})}
[0.000239] (yolo_bringup) JobQueued: {'identifier': 'yolo_bringup', 'dependencies': OrderedDict({'yolo_msgs': '/workspaces/install/yolo_msgs', 'yolo_ros': '/workspaces/install/yolo_ros'})}
[0.000252] (yolo_msgs) JobStarted: {'identifier': 'yolo_msgs'}
[0.004766] (handsfree_imu_ros2) JobStarted: {'identifier': 'handsfree_imu_ros2'}
[0.008141] (wildbot_control) JobStarted: {'identifier': 'wildbot_control'}
[0.011539] (ydlidar_ros2_driver) JobStarted: {'identifier': 'ydlidar_ros2_driver'}
[0.016157] (yolo_msgs) JobProgress: {'identifier': 'yolo_msgs', 'progress': 'cmake'}
[0.016495] (yolo_msgs) Command: {'cmd': ['/usr/bin/cmake', '/workspaces/workspaces/src/yolo_ros-main/yolo_msgs', '-DAMENT_CMAKE_SYMLINK_INSTALL=1', '-DCMAKE_INSTALL_PREFIX=/workspaces/install/yolo_msgs'], 'cwd': '/workspaces/build/yolo_msgs', 'env': OrderedDict({'HISTFILESIZE': '2147450879', 'GZ_CONFIG_PATH': '/opt/ros/jazzy/opt/sdformat_vendor/share/gz', 'HOSTNAME': '23dc7ad1fa71', 'SHLVL': '1', 'LD_LIBRARY_PATH': '/robot_ws/install/orbbec_camera/lib:/robot_ws/install/orbbec_camera_msgs/lib:/robot_ws/install/kros_car/lib:/opt/ros/jazzy/opt/sdformat_vendor/lib:/opt/ros/jazzy/opt/rviz_ogre_vendor/lib:/opt/ros/jazzy/lib/x86_64-linux-gnu:/opt/ros/jazzy/opt/gz_math_vendor/lib:/opt/ros/jazzy/opt/gz_utils_vendor/lib:/opt/ros/jazzy/opt/gz_tools_vendor/lib:/opt/ros/jazzy/opt/gz_cmake_vendor/lib:/opt/ros/jazzy/lib', 'LESS': '-R', 'HOME': '/root', 'LSCOLORS': 'Gxfxcxdxdxegedabagacad', 'ROS_PYTHON_VERSION': '3', 'PAGER': 'less', 'COLCON_PREFIX_PATH': '/robot_ws/install', 'ROS_DISTRO': 'jazzy', 'OSH': '/root/.oh-my-bash', '_': '/usr/bin/colcon', 'ROS_VERSION': '2', 'TERM': 'xterm', 'DRIVER_WS': '/robot_ws', 'PATH': '/usr/lib/ccache:/robot_ws/install/oradar_lidar/bin:/opt/ros/jazzy/opt/gz_tools_vendor/bin:/opt/ros/jazzy/bin:/usr/local/sbin:/usr/local/bin:/usr/sbin:/usr/bin:/sbin:/bin', 'ydlidar_sdk_DIR': '/usr/lib/cmake/ydlidar_sdk', 'HISTSIZE': '2147450879', 'LANG': 'C.UTF-8', 'LS_COLORS': 'rs=0:di=01;34:ln=01;36:mh=00:pi=40;33:so=01;35:do=01;35:bd=40;33;01:cd=40;33;01:or=40;31;01:mi=00:su=37;41:sg=30;43:ca=00:tw=30;42:ow=34;42:st=37;44:ex=01;32:*.tar=01;31:*.tgz=01;31:*.arc=01;31:*.arj=01;31:*.taz=01;31:*.lha=01;31:*.lz4=01;31:*.lzh=01;31:*.lzma=01;31:*.tlz=01;31:*.txz=01;31:*.tzo=01;31:*.t7z=01;31:*.zip=01;31:*.z=01;31:*.dz=01;31:*.gz=01;31:*.lrz=01;31:*.lz=01;31:*.lzo=01;31:*.xz=01;31:*.zst=01;31:*.tzst=01;31:*.bz2=01;31:*.bz=01;31:*.tbz=01;31:*.tbz2=01;31:*.tz=01;31:*.deb=01;31:*.rpm=01;31:*.jar=01;31:*.war=01;31:*.ear=01;31:*.sar=01;31:*.rar=01;31:*.alz=01;31:*.ace=01;31:*.zoo=01;31:*.cpio=01;31:*.7z=01;31:*.rz=01;31:*.cab=01;31:*.wim=01;31:*.swm=01;31:*.dwm=01;31:*.esd=01;31:*.avif=01;35:*.jpg=01;35:*.jpeg=01;35:*.mjpg=01;35:*.mjpeg=01;35:*.gif=01;35:*.bmp=01;35:*.pbm=01;35:*.pgm=01;35:*.ppm=01;35:*.tga=01;35:*.xbm=01;35:*.xpm=01;35:*.tif=01;35:*.tiff=01;35:*.png=01;35:*.svg=01;35:*.svgz=01;35:*.mng=01;35:*.pcx=01;35:*.mov=01;35:*.mpg=01;35:*.mpeg=01;35:*.m2v=01;35:*.mkv=01;35:*.webm=01;35:*.webp=01;35:*.ogm=01;35:*.mp4=01;35:*.m4v=01;35:*.mp4v=01;35:*.vob=01;35:*.qt=01;35:*.nuv=01;35:*.wmv=01;35:*.asf=01;35:*.rm=01;35:*.rmvb=01;35:*.flc=01;35:*.avi=01;35:*.fli=01;35:*.flv=01;35:*.gl=01;35:*.dl=01;35:*.xcf=01;35:*.xwd=01;35:*.yuv=01;35:*.cgm=01;35:*.emf=01;35:*.ogv=01;35:*.ogx=01;35:*.aac=00;36:*.au=00;36:*.flac=00;36:*.m4a=00;36:*.mid=00;36:*.midi=00;36:*.mka=00;36:*.mp3=00;36:*.mpc=00;36:*.ogg=00;36:*.ra=00;36:*.wav=00;36:*.oga=00;36:*.opus=00;36:*.spx=00;36:*.xspf=00;36:*~=00;90:*#=00;90:*.bak=00;90:*.crdownload=00;90:*.dpkg-dist=00;90:*.dpkg-new=00;90:*.dpkg-old=00;90:*.dpkg-tmp=00;90:*.old=00;90:*.orig=00;90:*.part=00;90:*.rej=00;90:*.rpmnew=00;90:*.rpmorig=00;90:*.rpmsave=00;90:*.swp=00;90:*.tmp=00;90:*.ucf-dist=00;90:*.ucf-new=00;90:*.ucf-old=00;90:', 'ROS_DOMAIN_ID': '0', 'AMENT_PREFIX_PATH': '/robot_ws/install/orbbec_description:/robot_ws/install/orbbec_camera:/robot_ws/install/orbbec_camera_msgs:/robot_ws/install/oradar_lidar:/robot_ws/install/lidar_pkg:/robot_ws/install/kros_car:/robot_ws/install/kros_car_description:/opt/ros/jazzy', 'ROS_AUTOMATIC_DISCOVERY_RANGE': 'SUBNET', 'PWD': '/workspaces/build/yolo_msgs', 'LC_ALL': 'C.UTF-8', 'PYTHONPATH': '/robot_ws/install/orbbec_camera_msgs/lib/python3.12/site-packages:/robot_ws/build/lidar_pkg:/robot_ws/install/lidar_pkg/lib/python3.12/site-packages:/opt/ros/jazzy/lib/python3.12/site-packages', 'COLCON': '1', 'CMAKE_PREFIX_PATH': '/robot_ws/install/orbbec_description:/robot_ws/install/orbbec_camera:/robot_ws/install/orbbec_camera_msgs:/robot_ws/install/oradar_lidar:/robot_ws/install/kros_car:/robot_ws/install/kros_car_description:/opt/ros/jazzy/opt/sdformat_vendor:/opt/ros/jazzy/opt/gz_math_vendor:/opt/ros/jazzy/opt/gz_utils_vendor:/opt/ros/jazzy/opt/gz_tools_vendor:/opt/ros/jazzy/opt/gz_cmake_vendor:/robot_ws/install/lidar_pkg:/opt/ros/jazzy', 'ROS2_WS': '/workspaces'}), 'shell': False}
[0.099283] (-) TimerEvent: {}
[0.199624] (-) TimerEvent: {}
[0.299888] (-) TimerEvent: {}
[0.310790] (yolo_msgs) StdoutLine: {'line': b'-- The C compiler identification is GNU 13.3.0\n'}
[0.311046] (yolo_msgs) StdoutLine: {'line': b'-- The CXX compiler identification is GNU 13.3.0\n'}
[0.311097] (yolo_msgs) StdoutLine: {'line': b'-- Detecting C compiler ABI info\n'}
[0.311135] (yolo_msgs) StdoutLine: {'line': b'-- Detecting C compiler ABI info - done\n'}
[0.311170] (yolo_msgs) StdoutLine: {'line': b'-- Check for working C compiler: /usr/lib/ccache/cc - skipped\n'}
[0.311204] (yolo_msgs) StdoutLine: {'line': b'-- Detecting C compile features\n'}
[0.311235] (yolo_msgs) StdoutLine: {'line': b'-- Detecting C compile features - done\n'}
[0.311267] (yolo_msgs) StdoutLine: {'line': b'-- Detecting CXX compiler ABI info\n'}
[0.311615] (ydlidar_ros2_driver) JobProgress: {'identifier': 'ydlidar_ros2_driver', 'progress': 'cmake'}
[0.311948] (ydlidar_ros2_driver) Command: {'cmd': ['/usr/bin/cmake', '/workspaces/workspaces/src/ydlidar_ros2_driver', '-DAMENT_CMAKE_SYMLINK_INSTALL=1', '-DCMAKE_INSTALL_PREFIX=/workspaces/install/ydlidar_ros2_driver'], 'cwd': '/workspaces/build/ydlidar_ros2_driver', 'env': OrderedDict({'HISTFILESIZE': '2147450879', 'GZ_CONFIG_PATH': '/opt/ros/jazzy/opt/sdformat_vendor/share/gz', 'HOSTNAME': '23dc7ad1fa71', 'SHLVL': '1', 'LD_LIBRARY_PATH': '/robot_ws/install/orbbec_camera/lib:/robot_ws/install/orbbec_camera_msgs/lib:/robot_ws/install/kros_car/lib:/opt/ros/jazzy/opt/sdformat_vendor/lib:/opt/ros/jazzy/opt/rviz_ogre_vendor/lib:/opt/ros/jazzy/lib/x86_64-linux-gnu:/opt/ros/jazzy/opt/gz_math_vendor/lib:/opt/ros/jazzy/opt/gz_utils_vendor/lib:/opt/ros/jazzy/opt/gz_tools_vendor/lib:/opt/ros/jazzy/opt/gz_cmake_vendor/lib:/opt/ros/jazzy/lib', 'LESS': '-R', 'HOME': '/root', 'LSCOLORS': 'Gxfxcxdxdxegedabagacad', 'ROS_PYTHON_VERSION': '3', 'PAGER': 'less', 'COLCON_PREFIX_PATH': '/robot_ws/install', 'ROS_DISTRO': 'jazzy', 'OSH': '/root/.oh-my-bash', '_': '/usr/bin/colcon', 'ROS_VERSION': '2', 'TERM': 'xterm', 'DRIVER_WS': '/robot_ws', 'PATH': '/usr/lib/ccache:/robot_ws/install/oradar_lidar/bin:/opt/ros/jazzy/opt/gz_tools_vendor/bin:/opt/ros/jazzy/bin:/usr/local/sbin:/usr/local/bin:/usr/sbin:/usr/bin:/sbin:/bin', 'ydlidar_sdk_DIR': '/usr/lib/cmake/ydlidar_sdk', 'HISTSIZE': '2147450879', 'LANG': 'C.UTF-8', 'LS_COLORS': 'rs=0:di=01;34:ln=01;36:mh=00:pi=40;33:so=01;35:do=01;35:bd=40;33;01:cd=40;33;01:or=40;31;01:mi=00:su=37;41:sg=30;43:ca=00:tw=30;42:ow=34;42:st=37;44:ex=01;32:*.tar=01;31:*.tgz=01;31:*.arc=01;31:*.arj=01;31:*.taz=01;31:*.lha=01;31:*.lz4=01;31:*.lzh=01;31:*.lzma=01;31:*.tlz=01;31:*.txz=01;31:*.tzo=01;31:*.t7z=01;31:*.zip=01;31:*.z=01;31:*.dz=01;31:*.gz=01;31:*.lrz=01;31:*.lz=01;31:*.lzo=01;31:*.xz=01;31:*.zst=01;31:*.tzst=01;31:*.bz2=01;31:*.bz=01;31:*.tbz=01;31:*.tbz2=01;31:*.tz=01;31:*.deb=01;31:*.rpm=01;31:*.jar=01;31:*.war=01;31:*.ear=01;31:*.sar=01;31:*.rar=01;31:*.alz=01;31:*.ace=01;31:*.zoo=01;31:*.cpio=01;31:*.7z=01;31:*.rz=01;31:*.cab=01;31:*.wim=01;31:*.swm=01;31:*.dwm=01;31:*.esd=01;31:*.avif=01;35:*.jpg=01;35:*.jpeg=01;35:*.mjpg=01;35:*.mjpeg=01;35:*.gif=01;35:*.bmp=01;35:*.pbm=01;35:*.pgm=01;35:*.ppm=01;35:*.tga=01;35:*.xbm=01;35:*.xpm=01;35:*.tif=01;35:*.tiff=01;35:*.png=01;35:*.svg=01;35:*.svgz=01;35:*.mng=01;35:*.pcx=01;35:*.mov=01;35:*.mpg=01;35:*.mpeg=01;35:*.m2v=01;35:*.mkv=01;35:*.webm=01;35:*.webp=01;35:*.ogm=01;35:*.mp4=01;35:*.m4v=01;35:*.mp4v=01;35:*.vob=01;35:*.qt=01;35:*.nuv=01;35:*.wmv=01;35:*.asf=01;35:*.rm=01;35:*.rmvb=01;35:*.flc=01;35:*.avi=01;35:*.fli=01;35:*.flv=01;35:*.gl=01;35:*.dl=01;35:*.xcf=01;35:*.xwd=01;35:*.yuv=01;35:*.cgm=01;35:*.emf=01;35:*.ogv=01;35:*.ogx=01;35:*.aac=00;36:*.au=00;36:*.flac=00;36:*.m4a=00;36:*.mid=00;36:*.midi=00;36:*.mka=00;36:*.mp3=00;36:*.mpc=00;36:*.ogg=00;36:*.ra=00;36:*.wav=00;36:*.oga=00;36:*.opus=00;36:*.spx=00;36:*.xspf=00;36:*~=00;90:*#=00;90:*.bak=00;90:*.crdownload=00;90:*.dpkg-dist=00;90:*.dpkg-new=00;90:*.dpkg-old=00;90:*.dpkg-tmp=00;90:*.old=00;90:*.orig=00;90:*.part=00;90:*.rej=00;90:*.rpmnew=00;90:*.rpmorig=00;90:*.rpmsave=00;90:*.swp=00;90:*.tmp=00;90:*.ucf-dist=00;90:*.ucf-new=00;90:*.ucf-old=00;90:', 'ROS_DOMAIN_ID': '0', 'AMENT_PREFIX_PATH': '/robot_ws/install/orbbec_description:/robot_ws/install/orbbec_camera:/robot_ws/install/orbbec_camera_msgs:/robot_ws/install/oradar_lidar:/robot_ws/install/lidar_pkg:/robot_ws/install/kros_car:/robot_ws/install/kros_car_description:/opt/ros/jazzy', 'ROS_AUTOMATIC_DISCOVERY_RANGE': 'SUBNET', 'PWD': '/workspaces/build/ydlidar_ros2_driver', 'LC_ALL': 'C.UTF-8', 'PYTHONPATH': '/robot_ws/install/orbbec_camera_msgs/lib/python3.12/site-packages:/robot_ws/build/lidar_pkg:/robot_ws/install/lidar_pkg/lib/python3.12/site-packages:/opt/ros/jazzy/lib/python3.12/site-packages', 'COLCON': '1', 'CMAKE_PREFIX_PATH': '/robot_ws/install/orbbec_description:/robot_ws/install/orbbec_camera:/robot_ws/install/orbbec_camera_msgs:/robot_ws/install/oradar_lidar:/robot_ws/install/kros_car:/robot_ws/install/kros_car_description:/opt/ros/jazzy/opt/sdformat_vendor:/opt/ros/jazzy/opt/gz_math_vendor:/opt/ros/jazzy/opt/gz_utils_vendor:/opt/ros/jazzy/opt/gz_tools_vendor:/opt/ros/jazzy/opt/gz_cmake_vendor:/robot_ws/install/lidar_pkg:/opt/ros/jazzy', 'ROS2_WS': '/workspaces'}), 'shell': False}
[0.322871] (yolo_msgs) StdoutLine: {'line': b'-- Detecting CXX compiler ABI info - done\n'}
[0.329391] (yolo_msgs) StdoutLine: {'line': b'-- Check for working CXX compiler: /usr/lib/ccache/c++ - skipped\n'}
[0.329594] (yolo_msgs) StdoutLine: {'line': b'-- Detecting CXX compile features\n'}
[0.329938] (yolo_msgs) StdoutLine: {'line': b'-- Detecting CXX compile features - done\n'}
[0.332537] (yolo_msgs) StdoutLine: {'line': b'-- Found ament_cmake: 2.5.5 (/opt/ros/jazzy/share/ament_cmake/cmake)\n'}
[0.354999] (ydlidar_ros2_driver) StdoutLine: {'line': b'-- The C compiler identification is GNU 13.3.0\n'}
[0.400001] (-) TimerEvent: {}
[0.401381] (ydlidar_ros2_driver) StdoutLine: {'line': b'-- The CXX compiler identification is GNU 13.3.0\n'}
[0.417423] (ydlidar_ros2_driver) StdoutLine: {'line': b'-- Detecting C compiler ABI info\n'}
[0.436144] (yolo_msgs) StdoutLine: {'line': b'-- Found Python3: /usr/bin/python3 (found version "3.12.3") found components: Interpreter \n'}
[0.477112] (ydlidar_ros2_driver) StdoutLine: {'line': b'-- Detecting C compiler ABI info - done\n'}
[0.484719] (ydlidar_ros2_driver) StdoutLine: {'line': b'-- Check for working C compiler: /usr/lib/ccache/cc - skipped\n'}
[0.484918] (ydlidar_ros2_driver) StdoutLine: {'line': b'-- Detecting C compile features\n'}
[0.485173] (ydlidar_ros2_driver) StdoutLine: {'line': b'-- Detecting C compile features - done\n'}
[0.485689] (yolo_msgs) StdoutLine: {'line': b'-- Override CMake install command with custom implementation using symlinks instead of copying resources\n'}
[0.494525] (ydlidar_ros2_driver) StdoutLine: {'line': b'-- Detecting CXX compiler ABI info\n'}
[0.500057] (-) TimerEvent: {}
[0.510158] (yolo_msgs) StdoutLine: {'line': b'-- Found rosidl_default_generators: 1.6.0 (/opt/ros/jazzy/share/rosidl_default_generators/cmake)\n'}
[0.514156] (yolo_msgs) StdoutLine: {'line': b'-- Using all available rosidl_typesupport_c: rosidl_typesupport_fastrtps_c;rosidl_typesupport_introspection_c\n'}
[0.543237] (yolo_msgs) StdoutLine: {'line': b'-- Using all available rosidl_typesupport_cpp: rosidl_typesupport_fastrtps_cpp;rosidl_typesupport_introspection_cpp\n'}
[0.547474] (ydlidar_ros2_driver) StdoutLine: {'line': b'-- Detecting CXX compiler ABI info - done\n'}
[0.556800] (ydlidar_ros2_driver) StdoutLine: {'line': b'-- Check for working CXX compiler: /usr/lib/ccache/c++ - skipped\n'}
[0.557122] (ydlidar_ros2_driver) StdoutLine: {'line': b'-- Detecting CXX compile features\n'}
[0.557595] (ydlidar_ros2_driver) StdoutLine: {'line': b'-- Detecting CXX compile features - done\n'}
[0.560938] (ydlidar_ros2_driver) StdoutLine: {'line': b'-- Found ament_cmake: 2.5.5 (/opt/ros/jazzy/share/ament_cmake/cmake)\n'}
[0.567721] (yolo_msgs) StdoutLine: {'line': b'-- Found rosidl_adapter: 4.6.7 (/opt/ros/jazzy/share/rosidl_adapter/cmake)\n'}
[0.569901] (yolo_msgs) StdoutLine: {'line': b'-- Found std_msgs: 5.3.6 (/opt/ros/jazzy/share/std_msgs/cmake)\n'}
[0.589804] (yolo_msgs) StdoutLine: {'line': b'-- Found geometry_msgs: 5.3.6 (/opt/ros/jazzy/share/geometry_msgs/cmake)\n'}
[0.591891] (wildbot_control) Command: {'cmd': ['/usr/bin/python3', '-W', 'ignore:setup.py install is deprecated', '-W', 'ignore:easy_install command is deprecated', 'setup.py', 'develop', '--editable', '--build-directory', '/workspaces/build/wildbot_control/build', '--no-deps', 'symlink_data'], 'cwd': '/workspaces/build/wildbot_control', 'env': {'HISTFILESIZE': '2147450879', 'GZ_CONFIG_PATH': '/opt/ros/jazzy/opt/sdformat_vendor/share/gz', 'HOSTNAME': '23dc7ad1fa71', 'SHLVL': '1', 'LD_LIBRARY_PATH': '/robot_ws/install/orbbec_camera/lib:/robot_ws/install/orbbec_camera_msgs/lib:/robot_ws/install/kros_car/lib:/opt/ros/jazzy/opt/sdformat_vendor/lib:/opt/ros/jazzy/opt/rviz_ogre_vendor/lib:/opt/ros/jazzy/lib/x86_64-linux-gnu:/opt/ros/jazzy/opt/gz_math_vendor/lib:/opt/ros/jazzy/opt/gz_utils_vendor/lib:/opt/ros/jazzy/opt/gz_tools_vendor/lib:/opt/ros/jazzy/opt/gz_cmake_vendor/lib:/opt/ros/jazzy/lib', 'LESS': '-R', 'HOME': '/root', 'LSCOLORS': 'Gxfxcxdxdxegedabagacad', 'ROS_PYTHON_VERSION': '3', 'PAGER': 'less', 'COLCON_PREFIX_PATH': '/robot_ws/install', 'ROS_DISTRO': 'jazzy', 'OSH': '/root/.oh-my-bash', '_': '/usr/bin/colcon', 'ROS_VERSION': '2', 'TERM': 'xterm', 'DRIVER_WS': '/robot_ws', 'PATH': '/usr/lib/ccache:/robot_ws/install/oradar_lidar/bin:/opt/ros/jazzy/opt/gz_tools_vendor/bin:/opt/ros/jazzy/bin:/usr/local/sbin:/usr/local/bin:/usr/sbin:/usr/bin:/sbin:/bin', 'ydlidar_sdk_DIR': '/usr/lib/cmake/ydlidar_sdk', 'HISTSIZE': '2147450879', 'LANG': 'C.UTF-8', 'LS_COLORS': 'rs=0:di=01;34:ln=01;36:mh=00:pi=40;33:so=01;35:do=01;35:bd=40;33;01:cd=40;33;01:or=40;31;01:mi=00:su=37;41:sg=30;43:ca=00:tw=30;42:ow=34;42:st=37;44:ex=01;32:*.tar=01;31:*.tgz=01;31:*.arc=01;31:*.arj=01;31:*.taz=01;31:*.lha=01;31:*.lz4=01;31:*.lzh=01;31:*.lzma=01;31:*.tlz=01;31:*.txz=01;31:*.tzo=01;31:*.t7z=01;31:*.zip=01;31:*.z=01;31:*.dz=01;31:*.gz=01;31:*.lrz=01;31:*.lz=01;31:*.lzo=01;31:*.xz=01;31:*.zst=01;31:*.tzst=01;31:*.bz2=01;31:*.bz=01;31:*.tbz=01;31:*.tbz2=01;31:*.tz=01;31:*.deb=01;31:*.rpm=01;31:*.jar=01;31:*.war=01;31:*.ear=01;31:*.sar=01;31:*.rar=01;31:*.alz=01;31:*.ace=01;31:*.zoo=01;31:*.cpio=01;31:*.7z=01;31:*.rz=01;31:*.cab=01;31:*.wim=01;31:*.swm=01;31:*.dwm=01;31:*.esd=01;31:*.avif=01;35:*.jpg=01;35:*.jpeg=01;35:*.mjpg=01;35:*.mjpeg=01;35:*.gif=01;35:*.bmp=01;35:*.pbm=01;35:*.pgm=01;35:*.ppm=01;35:*.tga=01;35:*.xbm=01;35:*.xpm=01;35:*.tif=01;35:*.tiff=01;35:*.png=01;35:*.svg=01;35:*.svgz=01;35:*.mng=01;35:*.pcx=01;35:*.mov=01;35:*.mpg=01;35:*.mpeg=01;35:*.m2v=01;35:*.mkv=01;35:*.webm=01;35:*.webp=01;35:*.ogm=01;35:*.mp4=01;35:*.m4v=01;35:*.mp4v=01;35:*.vob=01;35:*.qt=01;35:*.nuv=01;35:*.wmv=01;35:*.asf=01;35:*.rm=01;35:*.rmvb=01;35:*.flc=01;35:*.avi=01;35:*.fli=01;35:*.flv=01;35:*.gl=01;35:*.dl=01;35:*.xcf=01;35:*.xwd=01;35:*.yuv=01;35:*.cgm=01;35:*.emf=01;35:*.ogv=01;35:*.ogx=01;35:*.aac=00;36:*.au=00;36:*.flac=00;36:*.m4a=00;36:*.mid=00;36:*.midi=00;36:*.mka=00;36:*.mp3=00;36:*.mpc=00;36:*.ogg=00;36:*.ra=00;36:*.wav=00;36:*.oga=00;36:*.opus=00;36:*.spx=00;36:*.xspf=00;36:*~=00;90:*#=00;90:*.bak=00;90:*.crdownload=00;90:*.dpkg-dist=00;90:*.dpkg-new=00;90:*.dpkg-old=00;90:*.dpkg-tmp=00;90:*.old=00;90:*.orig=00;90:*.part=00;90:*.rej=00;90:*.rpmnew=00;90:*.rpmorig=00;90:*.rpmsave=00;90:*.swp=00;90:*.tmp=00;90:*.ucf-dist=00;90:*.ucf-new=00;90:*.ucf-old=00;90:', 'ROS_DOMAIN_ID': '0', 'AMENT_PREFIX_PATH': '/robot_ws/install/orbbec_description:/robot_ws/install/orbbec_camera:/robot_ws/install/orbbec_camera_msgs:/robot_ws/install/oradar_lidar:/robot_ws/install/lidar_pkg:/robot_ws/install/kros_car:/robot_ws/install/kros_car_description:/opt/ros/jazzy', 'ROS_AUTOMATIC_DISCOVERY_RANGE': 'SUBNET', 'PWD': '/workspaces/build/wildbot_control', 'LC_ALL': 'C.UTF-8', 'PYTHONPATH': '/workspaces/build/wildbot_control/prefix_override:/usr/lib/python3/dist-packages/colcon_core/task/python/colcon_distutils_commands:/workspaces/install/wildbot_control/lib/python3.12/site-packages:/robot_ws/install/orbbec_camera_msgs/lib/python3.12/site-packages:/robot_ws/build/lidar_pkg:/robot_ws/install/lidar_pkg/lib/python3.12/site-packages:/opt/ros/jazzy/lib/python3.12/site-packages', 'COLCON': '1', 'CMAKE_PREFIX_PATH': '/robot_ws/install/orbbec_description:/robot_ws/install/orbbec_camera:/robot_ws/install/orbbec_camera_msgs:/robot_ws/install/oradar_lidar:/robot_ws/install/kros_car:/robot_ws/install/kros_car_description:/opt/ros/jazzy/opt/sdformat_vendor:/opt/ros/jazzy/opt/gz_math_vendor:/opt/ros/jazzy/opt/gz_utils_vendor:/opt/ros/jazzy/opt/gz_tools_vendor:/opt/ros/jazzy/opt/gz_cmake_vendor', 'ROS2_WS': '/workspaces'}, 'shell': False}
[0.593734] (handsfree_imu_ros2) Command: {'cmd': ['/usr/bin/python3', '-W', 'ignore:setup.py install is deprecated', '-W', 'ignore:easy_install command is deprecated', 'setup.py', 'develop', '--editable', '--build-directory', '/workspaces/build/handsfree_imu_ros2/build', '--no-deps', 'symlink_data'], 'cwd': '/workspaces/build/handsfree_imu_ros2', 'env': {'HISTFILESIZE': '2147450879', 'GZ_CONFIG_PATH': '/opt/ros/jazzy/opt/sdformat_vendor/share/gz', 'HOSTNAME': '23dc7ad1fa71', 'SHLVL': '1', 'LD_LIBRARY_PATH': '/robot_ws/install/orbbec_camera/lib:/robot_ws/install/orbbec_camera_msgs/lib:/robot_ws/install/kros_car/lib:/opt/ros/jazzy/opt/sdformat_vendor/lib:/opt/ros/jazzy/opt/rviz_ogre_vendor/lib:/opt/ros/jazzy/lib/x86_64-linux-gnu:/opt/ros/jazzy/opt/gz_math_vendor/lib:/opt/ros/jazzy/opt/gz_utils_vendor/lib:/opt/ros/jazzy/opt/gz_tools_vendor/lib:/opt/ros/jazzy/opt/gz_cmake_vendor/lib:/opt/ros/jazzy/lib', 'LESS': '-R', 'HOME': '/root', 'LSCOLORS': 'Gxfxcxdxdxegedabagacad', 'ROS_PYTHON_VERSION': '3', 'PAGER': 'less', 'COLCON_PREFIX_PATH': '/robot_ws/install', 'ROS_DISTRO': 'jazzy', 'OSH': '/root/.oh-my-bash', '_': '/usr/bin/colcon', 'ROS_VERSION': '2', 'TERM': 'xterm', 'DRIVER_WS': '/robot_ws', 'PATH': '/usr/lib/ccache:/robot_ws/install/oradar_lidar/bin:/opt/ros/jazzy/opt/gz_tools_vendor/bin:/opt/ros/jazzy/bin:/usr/local/sbin:/usr/local/bin:/usr/sbin:/usr/bin:/sbin:/bin', 'ydlidar_sdk_DIR': '/usr/lib/cmake/ydlidar_sdk', 'HISTSIZE': '2147450879', 'LANG': 'C.UTF-8', 'LS_COLORS': 'rs=0:di=01;34:ln=01;36:mh=00:pi=40;33:so=01;35:do=01;35:bd=40;33;01:cd=40;33;01:or=40;31;01:mi=00:su=37;41:sg=30;43:ca=00:tw=30;42:ow=34;42:st=37;44:ex=01;32:*.tar=01;31:*.tgz=01;31:*.arc=01;31:*.arj=01;31:*.taz=01;31:*.lha=01;31:*.lz4=01;31:*.lzh=01;31:*.lzma=01;31:*.tlz=01;31:*.txz=01;31:*.tzo=01;31:*.t7z=01;31:*.zip=01;31:*.z=01;31:*.dz=01;31:*.gz=01;31:*.lrz=01;31:*.lz=01;31:*.lzo=01;31:*.xz=01;31:*.zst=01;31:*.tzst=01;31:*.bz2=01;31:*.bz=01;31:*.tbz=01;31:*.tbz2=01;31:*.tz=01;31:*.deb=01;31:*.rpm=01;31:*.jar=01;31:*.war=01;31:*.ear=01;31:*.sar=01;31:*.rar=01;31:*.alz=01;31:*.ace=01;31:*.zoo=01;31:*.cpio=01;31:*.7z=01;31:*.rz=01;31:*.cab=01;31:*.wim=01;31:*.swm=01;31:*.dwm=01;31:*.esd=01;31:*.avif=01;35:*.jpg=01;35:*.jpeg=01;35:*.mjpg=01;35:*.mjpeg=01;35:*.gif=01;35:*.bmp=01;35:*.pbm=01;35:*.pgm=01;35:*.ppm=01;35:*.tga=01;35:*.xbm=01;35:*.xpm=01;35:*.tif=01;35:*.tiff=01;35:*.png=01;35:*.svg=01;35:*.svgz=01;35:*.mng=01;35:*.pcx=01;35:*.mov=01;35:*.mpg=01;35:*.mpeg=01;35:*.m2v=01;35:*.mkv=01;35:*.webm=01;35:*.webp=01;35:*.ogm=01;35:*.mp4=01;35:*.m4v=01;35:*.mp4v=01;35:*.vob=01;35:*.qt=01;35:*.nuv=01;35:*.wmv=01;35:*.asf=01;35:*.rm=01;35:*.rmvb=01;35:*.flc=01;35:*.avi=01;35:*.fli=01;35:*.flv=01;35:*.gl=01;35:*.dl=01;35:*.xcf=01;35:*.xwd=01;35:*.yuv=01;35:*.cgm=01;35:*.emf=01;35:*.ogv=01;35:*.ogx=01;35:*.aac=00;36:*.au=00;36:*.flac=00;36:*.m4a=00;36:*.mid=00;36:*.midi=00;36:*.mka=00;36:*.mp3=00;36:*.mpc=00;36:*.ogg=00;36:*.ra=00;36:*.wav=00;36:*.oga=00;36:*.opus=00;36:*.spx=00;36:*.xspf=00;36:*~=00;90:*#=00;90:*.bak=00;90:*.crdownload=00;90:*.dpkg-dist=00;90:*.dpkg-new=00;90:*.dpkg-old=00;90:*.dpkg-tmp=00;90:*.old=00;90:*.orig=00;90:*.part=00;90:*.rej=00;90:*.rpmnew=00;90:*.rpmorig=00;90:*.rpmsave=00;90:*.swp=00;90:*.tmp=00;90:*.ucf-dist=00;90:*.ucf-new=00;90:*.ucf-old=00;90:', 'ROS_DOMAIN_ID': '0', 'AMENT_PREFIX_PATH': '/robot_ws/install/orbbec_description:/robot_ws/install/orbbec_camera:/robot_ws/install/orbbec_camera_msgs:/robot_ws/install/oradar_lidar:/robot_ws/install/lidar_pkg:/robot_ws/install/kros_car:/robot_ws/install/kros_car_description:/opt/ros/jazzy', 'ROS_AUTOMATIC_DISCOVERY_RANGE': 'SUBNET', 'PWD': '/workspaces/build/handsfree_imu_ros2', 'LC_ALL': 'C.UTF-8', 'PYTHONPATH': '/workspaces/build/handsfree_imu_ros2/prefix_override:/usr/lib/python3/dist-packages/colcon_core/task/python/colcon_distutils_commands:/workspaces/install/handsfree_imu_ros2/lib/python3.12/site-packages:/robot_ws/install/orbbec_camera_msgs/lib/python3.12/site-packages:/robot_ws/build/lidar_pkg:/robot_ws/install/lidar_pkg/lib/python3.12/site-packages:/opt/ros/jazzy/lib/python3.12/site-packages', 'COLCON': '1', 'CMAKE_PREFIX_PATH': '/robot_ws/install/orbbec_description:/robot_ws/install/orbbec_camera:/robot_ws/install/orbbec_camera_msgs:/robot_ws/install/oradar_lidar:/robot_ws/install/kros_car:/robot_ws/install/kros_car_description:/opt/ros/jazzy/opt/sdformat_vendor:/opt/ros/jazzy/opt/gz_math_vendor:/opt/ros/jazzy/opt/gz_utils_vendor:/opt/ros/jazzy/opt/gz_tools_vendor:/opt/ros/jazzy/opt/gz_cmake_vendor', 'ROS2_WS': '/workspaces'}, 'shell': False}
[0.600161] (-) TimerEvent: {}
[0.654645] (ydlidar_ros2_driver) StdoutLine: {'line': b'-- Found Python3: /usr/bin/python3 (found version "3.12.3") found components: Interpreter \n'}
[0.700256] (-) TimerEvent: {}
[0.700511] (ydlidar_ros2_driver) StdoutLine: {'line': b'-- Override CMake install command with custom implementation using symlinks instead of copying resources\n'}
[0.723854] (ydlidar_ros2_driver) StdoutLine: {'line': b'-- Found rclcpp: 28.1.16 (/opt/ros/jazzy/share/rclcpp/cmake)\n'}
[0.729744] (handsfree_imu_ros2) StdoutLine: {'line': b'running develop\n'}
[0.741213] (wildbot_control) StdoutLine: {'line': b'running develop\n'}
[0.746616] (ydlidar_ros2_driver) StdoutLine: {'line': b'-- Found rosidl_generator_c: 4.6.7 (/opt/ros/jazzy/share/rosidl_generator_c/cmake)\n'}
[0.754227] (ydlidar_ros2_driver) StdoutLine: {'line': b'-- Found rosidl_generator_cpp: 4.6.7 (/opt/ros/jazzy/share/rosidl_generator_cpp/cmake)\n'}
[0.763336] (ydlidar_ros2_driver) StdoutLine: {'line': b'-- Using all available rosidl_typesupport_c: rosidl_typesupport_fastrtps_c;rosidl_typesupport_introspection_c\n'}
[0.773247] (ydlidar_ros2_driver) StdoutLine: {'line': b'-- Using all available rosidl_typesupport_cpp: rosidl_typesupport_fastrtps_cpp;rosidl_typesupport_introspection_cpp\n'}
[0.784146] (handsfree_imu_ros2) StdoutLine: {'line': b'running egg_info\n'}
[0.784350] (handsfree_imu_ros2) StdoutLine: {'line': b'creating handsfree_imu_ros2.egg-info\n'}
[0.789422] (handsfree_imu_ros2) StdoutLine: {'line': b'writing handsfree_imu_ros2.egg-info/PKG-INFO\n'}
[0.789631] (handsfree_imu_ros2) StdoutLine: {'line': b'writing dependency_links to handsfree_imu_ros2.egg-info/dependency_links.txt\n'}
[0.789761] (handsfree_imu_ros2) StdoutLine: {'line': b'writing entry points to handsfree_imu_ros2.egg-info/entry_points.txt\n'}
[0.789850] (handsfree_imu_ros2) StdoutLine: {'line': b'writing requirements to handsfree_imu_ros2.egg-info/requires.txt\n'}
[0.789925] (handsfree_imu_ros2) StdoutLine: {'line': b'writing top-level names to handsfree_imu_ros2.egg-info/top_level.txt\n'}
[0.789968] (handsfree_imu_ros2) StdoutLine: {'line': b"writing manifest file 'handsfree_imu_ros2.egg-info/SOURCES.txt'\n"}
[0.794592] (wildbot_control) StdoutLine: {'line': b'running egg_info\n'}
[0.794795] (wildbot_control) StdoutLine: {'line': b'creating wildbot_control.egg-info\n'}
[0.799949] (wildbot_control) StdoutLine: {'line': b'writing wildbot_control.egg-info/PKG-INFO\n'}
[0.800170] (wildbot_control) StdoutLine: {'line': b'writing dependency_links to wildbot_control.egg-info/dependency_links.txt\n'}
[0.800294] (-) TimerEvent: {}
[0.800464] (wildbot_control) StdoutLine: {'line': b'writing entry points to wildbot_control.egg-info/entry_points.txt\n'}
[0.800730] (wildbot_control) StdoutLine: {'line': b'writing requirements to wildbot_control.egg-info/requires.txt\n'}
[0.800870] (wildbot_control) StdoutLine: {'line': b'writing top-level names to wildbot_control.egg-info/top_level.txt\n'}
[0.800950] (wildbot_control) StdoutLine: {'line': b"writing manifest file 'wildbot_control.egg-info/SOURCES.txt'\n"}
[0.801038] (handsfree_imu_ros2) StdoutLine: {'line': b"reading manifest file 'handsfree_imu_ros2.egg-info/SOURCES.txt'\n"}
[0.801337] (handsfree_imu_ros2) StdoutLine: {'line': b"writing manifest file 'handsfree_imu_ros2.egg-info/SOURCES.txt'\n"}
[0.807380] (handsfree_imu_ros2) StdoutLine: {'line': b'running build_ext\n'}
[0.807589] (handsfree_imu_ros2) StdoutLine: {'line': b'Creating /workspaces/install/handsfree_imu_ros2/lib/python3.12/site-packages/handsfree-imu-ros2.egg-link (link to .)\n'}
[0.807793] (handsfree_imu_ros2) StdoutLine: {'line': b'Installing imu_a9_node script to /workspaces/install/handsfree_imu_ros2/lib/handsfree_imu_ros2\n'}
[0.807939] (handsfree_imu_ros2) StdoutLine: {'line': b'\n'}
[0.808034] (handsfree_imu_ros2) StdoutLine: {'line': b'Installed /workspaces/build/handsfree_imu_ros2\n'}
[0.808097] (handsfree_imu_ros2) StdoutLine: {'line': b'running symlink_data\n'}
[0.808165] (handsfree_imu_ros2) StdoutLine: {'line': b'creating /workspaces/install/handsfree_imu_ros2/share/ament_index\n'}
[0.808208] (handsfree_imu_ros2) StdoutLine: {'line': b'creating /workspaces/install/handsfree_imu_ros2/share/ament_index/resource_index\n'}
[0.808249] (handsfree_imu_ros2) StdoutLine: {'line': b'creating /workspaces/install/handsfree_imu_ros2/share/ament_index/resource_index/packages\n'}
[0.808290] (handsfree_imu_ros2) StdoutLine: {'line': b'symbolically linking /workspaces/build/handsfree_imu_ros2/resource/handsfree_imu_ros2 -> /workspaces/install/handsfree_imu_ros2/share/ament_index/resource_index/packages\n'}
[0.808333] (handsfree_imu_ros2) StdoutLine: {'line': b'symbolically linking /workspaces/build/handsfree_imu_ros2/package.xml -> /workspaces/install/handsfree_imu_ros2/share/handsfree_imu_ros2\n'}
[0.811944] (wildbot_control) StdoutLine: {'line': b"reading manifest file 'wildbot_control.egg-info/SOURCES.txt'\n"}
[0.812281] (wildbot_control) StdoutLine: {'line': b"writing manifest file 'wildbot_control.egg-info/SOURCES.txt'\n"}
[0.818868] (ydlidar_ros2_driver) StdoutLine: {'line': b'-- Found rmw_implementation_cmake: 7.3.3 (/opt/ros/jazzy/share/rmw_implementation_cmake/cmake)\n'}
[0.819088] (wildbot_control) StdoutLine: {'line': b'running build_ext\n'}
[0.819151] (wildbot_control) StdoutLine: {'line': b'Creating /workspaces/install/wildbot_control/lib/python3.12/site-packages/wildbot-control.egg-link (link to .)\n'}
[0.819352] (wildbot_control) StdoutLine: {'line': b'Installing yaw_hold_node script to /workspaces/install/wildbot_control/lib/wildbot_control\n'}
[0.819509] (wildbot_control) StdoutLine: {'line': b'\n'}
[0.819567] (wildbot_control) StdoutLine: {'line': b'Installed /workspaces/build/wildbot_control\n'}
[0.819623] (wildbot_control) StdoutLine: {'line': b'running symlink_data\n'}
[0.819696] (wildbot_control) StdoutLine: {'line': b'creating /workspaces/install/wildbot_control/share/ament_index\n'}
[0.819746] (wildbot_control) StdoutLine: {'line': b'creating /workspaces/install/wildbot_control/share/ament_index/resource_index\n'}
[0.819790] (wildbot_control) StdoutLine: {'line': b'creating /workspaces/install/wildbot_control/share/ament_index/resource_index/packages\n'}
[0.819833] (wildbot_control) StdoutLine: {'line': b'symbolically linking /workspaces/build/wildbot_control/resource/wildbot_control -> /workspaces/install/wildbot_control/share/ament_index/resource_index/packages\n'}
[0.819888] (wildbot_control) StdoutLine: {'line': b'symbolically linking /workspaces/build/wildbot_control/package.xml -> /workspaces/install/wildbot_control/share/wildbot_control\n'}
[0.820955] (ydlidar_ros2_driver) StdoutLine: {'line': b'-- Found rmw_fastrtps_cpp: 8.4.3 (/opt/ros/jazzy/share/rmw_fastrtps_cpp/cmake)\n'}
[0.841553] (handsfree_imu_ros2) CommandEnded: {'returncode': 0}
[0.848619] (handsfree_imu_ros2) JobEnded: {'identifier': 'handsfree_imu_ros2', 'rc': 0}
[0.852160] (wildbot_control) CommandEnded: {'returncode': 0}
[0.855462] (wildbot_control) JobEnded: {'identifier': 'wildbot_control', 'rc': 0}
[0.870187] (ydlidar_ros2_driver) StdoutLine: {'line': b'-- Found OpenSSL: /usr/lib/x86_64-linux-gnu/libcrypto.so (found version "3.0.13")  \n'}
[0.880154] (ydlidar_ros2_driver) StdoutLine: {'line': b'-- Found FastRTPS: /opt/ros/jazzy/include (Required is at least version "2.13") \n'}
[0.891948] (ydlidar_ros2_driver) StdoutLine: {'line': b"-- Using RMW implementation 'rmw_fastrtps_cpp' as default\n"}
[0.900363] (-) TimerEvent: {}
[0.936055] (ydlidar_ros2_driver) StdoutLine: {'line': b'-- Found sensor_msgs: 5.3.6 (/opt/ros/jazzy/share/sensor_msgs/cmake)\n'}
[0.970754] (ydlidar_ros2_driver) StdoutLine: {'line': b'-- Found visualization_msgs: 5.3.6 (/opt/ros/jazzy/share/visualization_msgs/cmake)\n'}
[0.988896] (ydlidar_ros2_driver) StdoutLine: {'line': b'-- Found std_srvs: 5.3.6 (/opt/ros/jazzy/share/std_srvs/cmake)\n'}
[0.993865] (yolo_msgs) StdoutLine: {'line': b'-- Found ament_cmake_ros: 0.12.0 (/opt/ros/jazzy/share/ament_cmake_ros/cmake)\n'}
[1.000472] (-) TimerEvent: {}
[1.002102] (ydlidar_ros2_driver) StdoutLine: {'line': b'-- Found ament_lint_auto: 0.17.4 (/opt/ros/jazzy/share/ament_lint_auto/cmake)\n'}
[1.068688] (ydlidar_ros2_driver) StdoutLine: {'line': b"-- Added test 'copyright' to check source files copyright and LICENSE\n"}
[1.069740] (ydlidar_ros2_driver) StdoutLine: {'line': b"-- Added test 'cppcheck' to perform static code analysis on C / C++ code\n"}
[1.069958] (ydlidar_ros2_driver) StdoutLine: {'line': b'-- Configured cppcheck include dirs: /workspaces/workspaces/src/ydlidar_ros2_driver/src\n'}
[1.070065] (ydlidar_ros2_driver) StdoutLine: {'line': b'-- Configured cppcheck exclude dirs and/or files: \n'}
[1.070895] (ydlidar_ros2_driver) StdoutLine: {'line': b"-- Added test 'cpplint' to check C / C++ code against the Google style\n"}
[1.071017] (ydlidar_ros2_driver) StdoutLine: {'line': b'-- Configured cpplint exclude dirs and/or files: \n'}
[1.071270] (ydlidar_ros2_driver) StdoutLine: {'line': b"-- Added test 'flake8' to check Python code syntax and style conventions\n"}
[1.071357] (ydlidar_ros2_driver) StdoutLine: {'line': b"-- Configured 'flake8' exclude dirs and/or files: \n"}
[1.071709] (ydlidar_ros2_driver) StdoutLine: {'line': b"-- Added test 'lint_cmake' to check CMake code style\n"}
[1.072094] (ydlidar_ros2_driver) StdoutLine: {'line': b"-- Added test 'pep257' to check Python code against some of the docstring style conventions in PEP 257\n"}
[1.072978] (ydlidar_ros2_driver) StdoutLine: {'line': b"-- Added test 'uncrustify' to check C / C++ code style\n"}
[1.073153] (ydlidar_ros2_driver) StdoutLine: {'line': b'-- Configured uncrustify additional arguments: \n'}
[1.073299] (ydlidar_ros2_driver) StdoutLine: {'line': b"-- Added test 'xmllint' to check XML markup files\n"}
[1.074154] (ydlidar_ros2_driver) StdoutLine: {'line': b'-- Configuring done (0.8s)\n'}
[1.082246] (ydlidar_ros2_driver) StdoutLine: {'line': b'-- Generating done (0.0s)\n'}
[1.084505] (ydlidar_ros2_driver) StdoutLine: {'line': b'-- Build files have been written to: /workspaces/build/ydlidar_ros2_driver\n'}
[1.090665] (ydlidar_ros2_driver) CommandEnded: {'returncode': 0}
[1.091281] (ydlidar_ros2_driver) JobProgress: {'identifier': 'ydlidar_ros2_driver', 'progress': 'build'}
[1.091315] (ydlidar_ros2_driver) Command: {'cmd': ['/usr/bin/cmake', '--build', '/workspaces/build/ydlidar_ros2_driver', '--', '-j16', '-l16'], 'cwd': '/workspaces/build/ydlidar_ros2_driver', 'env': OrderedDict({'HISTFILESIZE': '2147450879', 'GZ_CONFIG_PATH': '/opt/ros/jazzy/opt/sdformat_vendor/share/gz', 'HOSTNAME': '23dc7ad1fa71', 'SHLVL': '1', 'LD_LIBRARY_PATH': '/robot_ws/install/orbbec_camera/lib:/robot_ws/install/orbbec_camera_msgs/lib:/robot_ws/install/kros_car/lib:/opt/ros/jazzy/opt/sdformat_vendor/lib:/opt/ros/jazzy/opt/rviz_ogre_vendor/lib:/opt/ros/jazzy/lib/x86_64-linux-gnu:/opt/ros/jazzy/opt/gz_math_vendor/lib:/opt/ros/jazzy/opt/gz_utils_vendor/lib:/opt/ros/jazzy/opt/gz_tools_vendor/lib:/opt/ros/jazzy/opt/gz_cmake_vendor/lib:/opt/ros/jazzy/lib', 'LESS': '-R', 'HOME': '/root', 'LSCOLORS': 'Gxfxcxdxdxegedabagacad', 'ROS_PYTHON_VERSION': '3', 'PAGER': 'less', 'COLCON_PREFIX_PATH': '/robot_ws/install', 'ROS_DISTRO': 'jazzy', 'OSH': '/root/.oh-my-bash', '_': '/usr/bin/colcon', 'ROS_VERSION': '2', 'TERM': 'xterm', 'DRIVER_WS': '/robot_ws', 'PATH': '/usr/lib/ccache:/robot_ws/install/oradar_lidar/bin:/opt/ros/jazzy/opt/gz_tools_vendor/bin:/opt/ros/jazzy/bin:/usr/local/sbin:/usr/local/bin:/usr/sbin:/usr/bin:/sbin:/bin', 'ydlidar_sdk_DIR': '/usr/lib/cmake/ydlidar_sdk', 'HISTSIZE': '2147450879', 'LANG': 'C.UTF-8', 'LS_COLORS': 'rs=0:di=01;34:ln=01;36:mh=00:pi=40;33:so=01;35:do=01;35:bd=40;33;01:cd=40;33;01:or=40;31;01:mi=00:su=37;41:sg=30;43:ca=00:tw=30;42:ow=34;42:st=37;44:ex=01;32:*.tar=01;31:*.tgz=01;31:*.arc=01;31:*.arj=01;31:*.taz=01;31:*.lha=01;31:*.lz4=01;31:*.lzh=01;31:*.lzma=01;31:*.tlz=01;31:*.txz=01;31:*.tzo=01;31:*.t7z=01;31:*.zip=01;31:*.z=01;31:*.dz=01;31:*.gz=01;31:*.lrz=01;31:*.lz=01;31:*.lzo=01;31:*.xz=01;31:*.zst=01;31:*.tzst=01;31:*.bz2=01;31:*.bz=01;31:*.tbz=01;31:*.tbz2=01;31:*.tz=01;31:*.deb=01;31:*.rpm=01;31:*.jar=01;31:*.war=01;31:*.ear=01;31:*.sar=01;31:*.rar=01;31:*.alz=01;31:*.ace=01;31:*.zoo=01;31:*.cpio=01;31:*.7z=01;31:*.rz=01;31:*.cab=01;31:*.wim=01;31:*.swm=01;31:*.dwm=01;31:*.esd=01;31:*.avif=01;35:*.jpg=01;35:*.jpeg=01;35:*.mjpg=01;35:*.mjpeg=01;35:*.gif=01;35:*.bmp=01;35:*.pbm=01;35:*.pgm=01;35:*.ppm=01;35:*.tga=01;35:*.xbm=01;35:*.xpm=01;35:*.tif=01;35:*.tiff=01;35:*.png=01;35:*.svg=01;35:*.svgz=01;35:*.mng=01;35:*.pcx=01;35:*.mov=01;35:*.mpg=01;35:*.mpeg=01;35:*.m2v=01;35:*.mkv=01;35:*.webm=01;35:*.webp=01;35:*.ogm=01;35:*.mp4=01;35:*.m4v=01;35:*.mp4v=01;35:*.vob=01;35:*.qt=01;35:*.nuv=01;35:*.wmv=01;35:*.asf=01;35:*.rm=01;35:*.rmvb=01;35:*.flc=01;35:*.avi=01;35:*.fli=01;35:*.flv=01;35:*.gl=01;35:*.dl=01;35:*.xcf=01;35:*.xwd=01;35:*.yuv=01;35:*.cgm=01;35:*.emf=01;35:*.ogv=01;35:*.ogx=01;35:*.aac=00;36:*.au=00;36:*.flac=00;36:*.m4a=00;36:*.mid=00;36:*.midi=00;36:*.mka=00;36:*.mp3=00;36:*.mpc=00;36:*.ogg=00;36:*.ra=00;36:*.wav=00;36:*.oga=00;36:*.opus=00;36:*.spx=00;36:*.xspf=00;36:*~=00;90:*#=00;90:*.bak=00;90:*.crdownload=00;90:*.dpkg-dist=00;90:*.dpkg-new=00;90:*.dpkg-old=00;90:*.dpkg-tmp=00;90:*.old=00;90:*.orig=00;90:*.part=00;90:*.rej=00;90:*.rpmnew=00;90:*.rpmorig=00;90:*.rpmsave=00;90:*.swp=00;90:*.tmp=00;90:*.ucf-dist=00;90:*.ucf-new=00;90:*.ucf-old=00;90:', 'ROS_DOMAIN_ID': '0', 'AMENT_PREFIX_PATH': '/robot_ws/install/orbbec_description:/robot_ws/install/orbbec_camera:/robot_ws/install/orbbec_camera_msgs:/robot_ws/install/oradar_lidar:/robot_ws/install/lidar_pkg:/robot_ws/install/kros_car:/robot_ws/install/kros_car_description:/opt/ros/jazzy', 'ROS_AUTOMATIC_DISCOVERY_RANGE': 'SUBNET', 'PWD': '/workspaces/build/ydlidar_ros2_driver', 'LC_ALL': 'C.UTF-8', 'PYTHONPATH': '/robot_ws/install/orbbec_camera_msgs/lib/python3.12/site-packages:/robot_ws/build/lidar_pkg:/robot_ws/install/lidar_pkg/lib/python3.12/site-packages:/opt/ros/jazzy/lib/python3.12/site-packages', 'COLCON': '1', 'CMAKE_PREFIX_PATH': '/robot_ws/install/orbbec_description:/robot_ws/install/orbbec_camera:/robot_ws/install/orbbec_camera_msgs:/robot_ws/install/oradar_lidar:/robot_ws/install/kros_car:/robot_ws/install/kros_car_description:/opt/ros/jazzy/opt/sdformat_vendor:/opt/ros/jazzy/opt/gz_math_vendor:/opt/ros/jazzy/opt/gz_utils_vendor:/opt/ros/jazzy/opt/gz_tools_vendor:/opt/ros/jazzy/opt/gz_cmake_vendor:/robot_ws/install/lidar_pkg:/opt/ros/jazzy', 'ROS2_WS': '/workspaces'}), 'shell': False}
[1.100573] (-) TimerEvent: {}
[1.122454] (ydlidar_ros2_driver) StdoutLine: {'line': b'[ 50%] \x1b[32mBuilding CXX object CMakeFiles/ydlidar_ros2_driver_node.dir/src/ydlidar_ros2_driver_node.cpp.o\x1b[0m\n'}
[1.122667] (ydlidar_ros2_driver) StdoutLine: {'line': b'[ 50%] \x1b[32mBuilding CXX object CMakeFiles/ydlidar_ros2_driver_client.dir/src/ydlidar_ros2_driver_client.cpp.o\x1b[0m\n'}
[1.200674] (-) TimerEvent: {}
[1.275468] (yolo_msgs) StdoutLine: {'line': b'-- Using all available rosidl_typesupport_c: rosidl_typesupport_fastrtps_c;rosidl_typesupport_introspection_c\n'}
[1.300733] (-) TimerEvent: {}
[1.400994] (-) TimerEvent: {}
[1.501393] (-) TimerEvent: {}
[1.601738] (-) TimerEvent: {}
[1.647631] (yolo_msgs) StdoutLine: {'line': b'-- Using all available rosidl_typesupport_cpp: rosidl_typesupport_fastrtps_cpp;rosidl_typesupport_introspection_cpp\n'}
[1.651514] (yolo_msgs) StdoutLine: {'line': b'-- Found python_cmake_module: 0.11.1 (/opt/ros/jazzy/share/python_cmake_module/cmake)\n'}
[1.701871] (-) TimerEvent: {}
[1.748901] (yolo_msgs) StdoutLine: {'line': b'-- Found PythonExtra: /usr/bin/python3  \n'}
[1.801970] (-) TimerEvent: {}
[1.902328] (-) TimerEvent: {}
[1.996374] (yolo_msgs) StdoutLine: {'line': b'-- Found Python3: /usr/bin/python3 (found version "3.12.3") found components: Interpreter Development NumPy Development.Module Development.Embed \n'}
[2.002387] (-) TimerEvent: {}
[2.039855] (yolo_msgs) StdoutLine: {'line': b'-- Configuring done (2.0s)\n'}
[2.069520] (yolo_msgs) StdoutLine: {'line': b'-- Generating done (0.0s)\n'}
[2.075411] (yolo_msgs) StdoutLine: {'line': b'-- Build files have been written to: /workspaces/build/yolo_msgs\n'}
[2.082434] (yolo_msgs) CommandEnded: {'returncode': 0}
[2.083017] (yolo_msgs) JobProgress: {'identifier': 'yolo_msgs', 'progress': 'build'}
[2.083630] (yolo_msgs) Command: {'cmd': ['/usr/bin/cmake', '--build', '/workspaces/build/yolo_msgs', '--', '-j16', '-l16'], 'cwd': '/workspaces/build/yolo_msgs', 'env': OrderedDict({'HISTFILESIZE': '2147450879', 'GZ_CONFIG_PATH': '/opt/ros/jazzy/opt/sdformat_vendor/share/gz', 'HOSTNAME': '23dc7ad1fa71', 'SHLVL': '1', 'LD_LIBRARY_PATH': '/robot_ws/install/orbbec_camera/lib:/robot_ws/install/orbbec_camera_msgs/lib:/robot_ws/install/kros_car/lib:/opt/ros/jazzy/opt/sdformat_vendor/lib:/opt/ros/jazzy/opt/rviz_ogre_vendor/lib:/opt/ros/jazzy/lib/x86_64-linux-gnu:/opt/ros/jazzy/opt/gz_math_vendor/lib:/opt/ros/jazzy/opt/gz_utils_vendor/lib:/opt/ros/jazzy/opt/gz_tools_vendor/lib:/opt/ros/jazzy/opt/gz_cmake_vendor/lib:/opt/ros/jazzy/lib', 'LESS': '-R', 'HOME': '/root', 'LSCOLORS': 'Gxfxcxdxdxegedabagacad', 'ROS_PYTHON_VERSION': '3', 'PAGER': 'less', 'COLCON_PREFIX_PATH': '/robot_ws/install', 'ROS_DISTRO': 'jazzy', 'OSH': '/root/.oh-my-bash', '_': '/usr/bin/colcon', 'ROS_VERSION': '2', 'TERM': 'xterm', 'DRIVER_WS': '/robot_ws', 'PATH': '/usr/lib/ccache:/robot_ws/install/oradar_lidar/bin:/opt/ros/jazzy/opt/gz_tools_vendor/bin:/opt/ros/jazzy/bin:/usr/local/sbin:/usr/local/bin:/usr/sbin:/usr/bin:/sbin:/bin', 'ydlidar_sdk_DIR': '/usr/lib/cmake/ydlidar_sdk', 'HISTSIZE': '2147450879', 'LANG': 'C.UTF-8', 'LS_COLORS': 'rs=0:di=01;34:ln=01;36:mh=00:pi=40;33:so=01;35:do=01;35:bd=40;33;01:cd=40;33;01:or=40;31;01:mi=00:su=37;41:sg=30;43:ca=00:tw=30;42:ow=34;42:st=37;44:ex=01;32:*.tar=01;31:*.tgz=01;31:*.arc=01;31:*.arj=01;31:*.taz=01;31:*.lha=01;31:*.lz4=01;31:*.lzh=01;31:*.lzma=01;31:*.tlz=01;31:*.txz=01;31:*.tzo=01;31:*.t7z=01;31:*.zip=01;31:*.z=01;31:*.dz=01;31:*.gz=01;31:*.lrz=01;31:*.lz=01;31:*.lzo=01;31:*.xz=01;31:*.zst=01;31:*.tzst=01;31:*.bz2=01;31:*.bz=01;31:*.tbz=01;31:*.tbz2=01;31:*.tz=01;31:*.deb=01;31:*.rpm=01;31:*.jar=01;31:*.war=01;31:*.ear=01;31:*.sar=01;31:*.rar=01;31:*.alz=01;31:*.ace=01;31:*.zoo=01;31:*.cpio=01;31:*.7z=01;31:*.rz=01;31:*.cab=01;31:*.wim=01;31:*.swm=01;31:*.dwm=01;31:*.esd=01;31:*.avif=01;35:*.jpg=01;35:*.jpeg=01;35:*.mjpg=01;35:*.mjpeg=01;35:*.gif=01;35:*.bmp=01;35:*.pbm=01;35:*.pgm=01;35:*.ppm=01;35:*.tga=01;35:*.xbm=01;35:*.xpm=01;35:*.tif=01;35:*.tiff=01;35:*.png=01;35:*.svg=01;35:*.svgz=01;35:*.mng=01;35:*.pcx=01;35:*.mov=01;35:*.mpg=01;35:*.mpeg=01;35:*.m2v=01;35:*.mkv=01;35:*.webm=01;35:*.webp=01;35:*.ogm=01;35:*.mp4=01;35:*.m4v=01;35:*.mp4v=01;35:*.vob=01;35:*.qt=01;35:*.nuv=01;35:*.wmv=01;35:*.asf=01;35:*.rm=01;35:*.rmvb=01;35:*.flc=01;35:*.avi=01;35:*.fli=01;35:*.flv=01;35:*.gl=01;35:*.dl=01;35:*.xcf=01;35:*.xwd=01;35:*.yuv=01;35:*.cgm=01;35:*.emf=01;35:*.ogv=01;35:*.ogx=01;35:*.aac=00;36:*.au=00;36:*.flac=00;36:*.m4a=00;36:*.mid=00;36:*.midi=00;36:*.mka=00;36:*.mp3=00;36:*.mpc=00;36:*.ogg=00;36:*.ra=00;36:*.wav=00;36:*.oga=00;36:*.opus=00;36:*.spx=00;36:*.xspf=00;36:*~=00;90:*#=00;90:*.bak=00;90:*.crdownload=00;90:*.dpkg-dist=00;90:*.dpkg-new=00;90:*.dpkg-old=00;90:*.dpkg-tmp=00;90:*.old=00;90:*.orig=00;90:*.part=00;90:*.rej=00;90:*.rpmnew=00;90:*.rpmorig=00;90:*.rpmsave=00;90:*.swp=00;90:*.tmp=00;90:*.ucf-dist=00;90:*.ucf-new=00;90:*.ucf-old=00;90:', 'ROS_DOMAIN_ID': '0', 'AMENT_PREFIX_PATH': '/robot_ws/install/orbbec_description:/robot_ws/install/orbbec_camera:/robot_ws/install/orbbec_camera_msgs:/robot_ws/install/oradar_lidar:/robot_ws/install/lidar_pkg:/robot_ws/install/kros_car:/robot_ws/install/kros_car_description:/opt/ros/jazzy', 'ROS_AUTOMATIC_DISCOVERY_RANGE': 'SUBNET', 'PWD': '/workspaces/build/yolo_msgs', 'LC_ALL': 'C.UTF-8', 'PYTHONPATH': '/robot_ws/install/orbbec_camera_msgs/lib/python3.12/site-packages:/robot_ws/build/lidar_pkg:/robot_ws/install/lidar_pkg/lib/python3.12/site-packages:/opt/ros/jazzy/lib/python3.12/site-packages', 'COLCON': '1', 'CMAKE_PREFIX_PATH': '/robot_ws/install/orbbec_description:/robot_ws/install/orbbec_camera:/robot_ws/install/orbbec_camera_msgs:/robot_ws/install/oradar_lidar:/robot_ws/install/kros_car:/robot_ws/install/kros_car_description:/opt/ros/jazzy/opt/sdformat_vendor:/opt/ros/jazzy/opt/gz_math_vendor:/opt/ros/jazzy/opt/gz_utils_vendor:/opt/ros/jazzy/opt/gz_tools_vendor:/opt/ros/jazzy/opt/gz_cmake_vendor:/robot_ws/install/lidar_pkg:/opt/ros/jazzy', 'ROS2_WS': '/workspaces'}), 'shell': False}
[2.102490] (-) TimerEvent: {}
[2.126123] (yolo_msgs) StdoutLine: {'line': b'[  0%] \x1b[34m\x1b[1mGenerating type hashes for ROS interfaces\x1b[0m\n'}
[2.130683] (yolo_msgs) StdoutLine: {'line': b'[  0%] Built target ament_cmake_python_symlink_yolo_msgs\n'}
[2.202555] (-) TimerEvent: {}
[2.225954] (yolo_msgs) StdoutLine: {'line': b'running egg_info\n'}
[2.226504] (yolo_msgs) StdoutLine: {'line': b'creating yolo_msgs.egg-info\n'}
[2.232362] (yolo_msgs) StdoutLine: {'line': b'writing yolo_msgs.egg-info/PKG-INFO\n'}
[2.232506] (yolo_msgs) StdoutLine: {'line': b'writing dependency_links to yolo_msgs.egg-info/dependency_links.txt\n'}
[2.232602] (yolo_msgs) StdoutLine: {'line': b'writing top-level names to yolo_msgs.egg-info/top_level.txt\n'}
[2.232674] (yolo_msgs) StdoutLine: {'line': b"writing manifest file 'yolo_msgs.egg-info/SOURCES.txt'\n"}
[2.249171] (yolo_msgs) StdoutLine: {'line': b"reading manifest file 'yolo_msgs.egg-info/SOURCES.txt'\n"}
[2.249480] (yolo_msgs) StdoutLine: {'line': b"writing manifest file 'yolo_msgs.egg-info/SOURCES.txt'\n"}
[2.271894] (yolo_msgs) StdoutLine: {'line': b'[  0%] Built target ament_cmake_python_build_yolo_msgs_egg\n'}
[2.302650] (-) TimerEvent: {}
[2.396683] (yolo_msgs) StdoutLine: {'line': b'[  0%] Built target yolo_msgs__rosidl_generator_type_description\n'}
[2.402754] (-) TimerEvent: {}
[2.403724] (yolo_msgs) StdoutLine: {'line': b'[  0%] \x1b[34m\x1b[1mGenerating C code for ROS interfaces\x1b[0m\n'}
[2.410915] (yolo_msgs) StdoutLine: {'line': b'[  0%] \x1b[34m\x1b[1mGenerating C++ code for ROS interfaces\x1b[0m\n'}
[2.502850] (-) TimerEvent: {}
[2.603147] (-) TimerEvent: {}
[2.703564] (-) TimerEvent: {}
[2.803970] (-) TimerEvent: {}
[2.881796] (yolo_msgs) StdoutLine: {'line': b'[  0%] Built target yolo_msgs__cpp\n'}
[2.904043] (-) TimerEvent: {}
[3.004597] (-) TimerEvent: {}
[3.006683] (yolo_msgs) StdoutLine: {'line': b'[  5%] \x1b[32mBuilding C object CMakeFiles/yolo_msgs__rosidl_generator_c.dir/rosidl_generator_c/yolo_msgs/msg/detail/vector2__functions.c.o\x1b[0m\n'}
[3.006946] (yolo_msgs) StdoutLine: {'line': b'[  5%] \x1b[32mBuilding C object CMakeFiles/yolo_msgs__rosidl_generator_c.dir/rosidl_generator_c/yolo_msgs/msg/detail/bounding_box2_d__functions.c.o\x1b[0m\n'}
[3.007053] (yolo_msgs) StdoutLine: {'line': b'[  5%] \x1b[32mBuilding C object CMakeFiles/yolo_msgs__rosidl_generator_c.dir/rosidl_generator_c/yolo_msgs/msg/detail/bounding_box2_d__description.c.o\x1b[0m\n'}
[3.007133] (yolo_msgs) StdoutLine: {'line': b'[  5%] \x1b[32mBuilding C object CMakeFiles/yolo_msgs__rosidl_generator_c.dir/rosidl_generator_c/yolo_msgs/msg/detail/pose2_d__description.c.o\x1b[0m\n'}
[3.007205] (yolo_msgs) StdoutLine: {'line': b'[  6%] \x1b[32mBuilding C object CMakeFiles/yolo_msgs__rosidl_generator_c.dir/rosidl_generator_c/yolo_msgs/msg/detail/bounding_box3_d__functions.c.o\x1b[0m\n'}
[3.007372] (yolo_msgs) StdoutLine: {'line': b'[  5%] \x1b[32mBuilding C object CMakeFiles/yolo_msgs__rosidl_generator_c.dir/rosidl_generator_c/yolo_msgs/msg/detail/pose2_d__functions.c.o\x1b[0m\n'}
[3.007767] (yolo_msgs) StdoutLine: {'line': b'[  7%] \x1b[32mBuilding C object CMakeFiles/yolo_msgs__rosidl_generator_c.dir/rosidl_generator_c/yolo_msgs/msg/detail/point2_d__type_support.c.o\x1b[0m\n'}
[3.007909] (yolo_msgs) StdoutLine: {'line': b'[  7%] \x1b[32mBuilding C object CMakeFiles/yolo_msgs__rosidl_generator_c.dir/rosidl_generator_c/yolo_msgs/msg/detail/point2_d__functions.c.o\x1b[0m\n'}
[3.008100] (yolo_msgs) StdoutLine: {'line': b'[  7%] \x1b[32mBuilding C object CMakeFiles/yolo_msgs__rosidl_generator_c.dir/rosidl_generator_c/yolo_msgs/msg/detail/vector2__type_support.c.o\x1b[0m\n'}
[3.008819] (yolo_msgs) StdoutLine: {'line': b'[  8%] \x1b[32mBuilding C object CMakeFiles/yolo_msgs__rosidl_generator_c.dir/rosidl_generator_c/yolo_msgs/msg/detail/point2_d__description.c.o\x1b[0m\n'}
[3.009149] (yolo_msgs) StdoutLine: {'line': b'[  8%] \x1b[32mBuilding C object CMakeFiles/yolo_msgs__rosidl_generator_c.dir/rosidl_generator_c/yolo_msgs/msg/detail/pose2_d__type_support.c.o\x1b[0m\n'}
[3.009251] (yolo_msgs) StdoutLine: {'line': b'[  9%] \x1b[32mBuilding C object CMakeFiles/yolo_msgs__rosidl_generator_c.dir/rosidl_generator_c/yolo_msgs/msg/detail/vector2__description.c.o\x1b[0m\n'}
[3.009302] (yolo_msgs) StdoutLine: {'line': b'[ 10%] \x1b[32mBuilding C object CMakeFiles/yolo_msgs__rosidl_generator_c.dir/rosidl_generator_c/yolo_msgs/msg/detail/bounding_box3_d__description.c.o\x1b[0m\n'}
[3.010377] (yolo_msgs) StdoutLine: {'line': b'[ 10%] \x1b[32mBuilding C object CMakeFiles/yolo_msgs__rosidl_generator_c.dir/rosidl_generator_c/yolo_msgs/msg/detail/bounding_box2_d__type_support.c.o\x1b[0m\n'}
[3.013849] (yolo_msgs) StdoutLine: {'line': b'[ 11%] \x1b[32mBuilding C object CMakeFiles/yolo_msgs__rosidl_generator_c.dir/rosidl_generator_c/yolo_msgs/msg/detail/mask__description.c.o\x1b[0m\n'}
[3.017928] (yolo_msgs) StdoutLine: {'line': b'[ 11%] \x1b[32mBuilding C object CMakeFiles/yolo_msgs__rosidl_generator_c.dir/rosidl_generator_c/yolo_msgs/msg/detail/bounding_box3_d__type_support.c.o\x1b[0m\n'}
[3.062788] (yolo_msgs) StdoutLine: {'line': b'[ 11%] \x1b[32mBuilding C object CMakeFiles/yolo_msgs__rosidl_generator_c.dir/rosidl_generator_c/yolo_msgs/msg/detail/mask__functions.c.o\x1b[0m\n'}
[3.063029] (yolo_msgs) StdoutLine: {'line': b'[ 12%] \x1b[32mBuilding C object CMakeFiles/yolo_msgs__rosidl_generator_c.dir/rosidl_generator_c/yolo_msgs/msg/detail/key_point2_d__description.c.o\x1b[0m\n'}
[3.063850] (yolo_msgs) StdoutLine: {'line': b'[ 13%] \x1b[32mBuilding C object CMakeFiles/yolo_msgs__rosidl_generator_c.dir/rosidl_generator_c/yolo_msgs/msg/detail/mask__type_support.c.o\x1b[0m\n'}
[3.079452] (yolo_msgs) StdoutLine: {'line': b'[ 13%] \x1b[32mBuilding C object CMakeFiles/yolo_msgs__rosidl_generator_c.dir/rosidl_generator_c/yolo_msgs/msg/detail/key_point2_d__functions.c.o\x1b[0m\n'}
[3.082313] (yolo_msgs) StdoutLine: {'line': b'[ 14%] \x1b[32mBuilding C object CMakeFiles/yolo_msgs__rosidl_generator_c.dir/rosidl_generator_c/yolo_msgs/msg/detail/key_point2_d__type_support.c.o\x1b[0m\n'}
[3.082535] (yolo_msgs) StdoutLine: {'line': b'[ 15%] \x1b[32mBuilding C object CMakeFiles/yolo_msgs__rosidl_generator_c.dir/rosidl_generator_c/yolo_msgs/msg/detail/key_point2_d_array__description.c.o\x1b[0m\n'}
[3.086860] (yolo_msgs) StdoutLine: {'line': b'[ 15%] \x1b[32mBuilding C object CMakeFiles/yolo_msgs__rosidl_generator_c.dir/rosidl_generator_c/yolo_msgs/msg/detail/key_point2_d_array__functions.c.o\x1b[0m\n'}
[3.088935] (yolo_msgs) StdoutLine: {'line': b'[ 16%] \x1b[32mBuilding C object CMakeFiles/yolo_msgs__rosidl_generator_c.dir/rosidl_generator_c/yolo_msgs/msg/detail/key_point2_d_array__type_support.c.o\x1b[0m\n'}
[3.090037] (yolo_msgs) StdoutLine: {'line': b'[ 17%] \x1b[32mBuilding C object CMakeFiles/yolo_msgs__rosidl_generator_c.dir/rosidl_generator_c/yolo_msgs/msg/detail/key_point3_d__description.c.o\x1b[0m\n'}
[3.093855] (yolo_msgs) StdoutLine: {'line': b'[ 17%] \x1b[32mBuilding C object CMakeFiles/yolo_msgs__rosidl_generator_c.dir/rosidl_generator_c/yolo_msgs/msg/detail/key_point3_d__functions.c.o\x1b[0m\n'}
[3.098984] (yolo_msgs) StdoutLine: {'line': b'[ 18%] \x1b[32mBuilding C object CMakeFiles/yolo_msgs__rosidl_generator_c.dir/rosidl_generator_c/yolo_msgs/msg/detail/key_point3_d__type_support.c.o\x1b[0m\n'}
[3.102817] (yolo_msgs) StdoutLine: {'line': b'[ 19%] \x1b[32mBuilding C object CMakeFiles/yolo_msgs__rosidl_generator_c.dir/rosidl_generator_c/yolo_msgs/msg/detail/key_point3_d_array__functions.c.o\x1b[0m\n'}
[3.103024] (yolo_msgs) StdoutLine: {'line': b'[ 19%] \x1b[32mBuilding C object CMakeFiles/yolo_msgs__rosidl_generator_c.dir/rosidl_generator_c/yolo_msgs/msg/detail/key_point3_d_array__description.c.o\x1b[0m\n'}
[3.104691] (-) TimerEvent: {}
[3.109663] (yolo_msgs) StdoutLine: {'line': b'[ 20%] \x1b[32mBuilding C object CMakeFiles/yolo_msgs__rosidl_generator_c.dir/rosidl_generator_c/yolo_msgs/msg/detail/key_point3_d_array__type_support.c.o\x1b[0m\n'}
[3.126283] (yolo_msgs) StdoutLine: {'line': b'[ 21%] \x1b[32mBuilding C object CMakeFiles/yolo_msgs__rosidl_generator_c.dir/rosidl_generator_c/yolo_msgs/msg/detail/detection__description.c.o\x1b[0m\n'}
[3.130470] (yolo_msgs) StdoutLine: {'line': b'[ 21%] \x1b[32mBuilding C object CMakeFiles/yolo_msgs__rosidl_generator_c.dir/rosidl_generator_c/yolo_msgs/msg/detail/detection__functions.c.o\x1b[0m\n'}
[3.133969] (yolo_msgs) StdoutLine: {'line': b'[ 22%] \x1b[32mBuilding C object CMakeFiles/yolo_msgs__rosidl_generator_c.dir/rosidl_generator_c/yolo_msgs/msg/detail/detection__type_support.c.o\x1b[0m\n'}
[3.137345] (yolo_msgs) StdoutLine: {'line': b'[ 23%] \x1b[32mBuilding C object CMakeFiles/yolo_msgs__rosidl_generator_c.dir/rosidl_generator_c/yolo_msgs/msg/detail/detection_array__description.c.o\x1b[0m\n'}
[3.143862] (yolo_msgs) StdoutLine: {'line': b'[ 23%] \x1b[32mBuilding C object CMakeFiles/yolo_msgs__rosidl_generator_c.dir/rosidl_generator_c/yolo_msgs/msg/detail/detection_array__functions.c.o\x1b[0m\n'}
[3.153787] (yolo_msgs) StdoutLine: {'line': b'[ 24%] \x1b[32mBuilding C object CMakeFiles/yolo_msgs__rosidl_generator_c.dir/rosidl_generator_c/yolo_msgs/msg/detail/detection_array__type_support.c.o\x1b[0m\n'}
[3.154207] (yolo_msgs) StdoutLine: {'line': b'[ 24%] \x1b[32mBuilding C object CMakeFiles/yolo_msgs__rosidl_generator_c.dir/rosidl_generator_c/yolo_msgs/srv/detail/set_classes__description.c.o\x1b[0m\n'}
[3.154354] (yolo_msgs) StdoutLine: {'line': b'[ 25%] \x1b[32mBuilding C object CMakeFiles/yolo_msgs__rosidl_generator_c.dir/rosidl_generator_c/yolo_msgs/srv/detail/set_classes__functions.c.o\x1b[0m\n'}
[3.161330] (yolo_msgs) StdoutLine: {'line': b'[ 26%] \x1b[32mBuilding C object CMakeFiles/yolo_msgs__rosidl_generator_c.dir/rosidl_generator_c/yolo_msgs/srv/detail/set_classes__type_support.c.o\x1b[0m\n'}
[3.204811] (-) TimerEvent: {}
[3.247924] (yolo_msgs) StdoutLine: {'line': b'[ 26%] \x1b[32m\x1b[1mLinking C shared library libyolo_msgs__rosidl_generator_c.so\x1b[0m\n'}
[3.283637] (yolo_msgs) StdoutLine: {'line': b'[ 26%] Built target yolo_msgs__rosidl_generator_c\n'}
[3.290699] (yolo_msgs) StdoutLine: {'line': b'[ 28%] \x1b[34m\x1b[1mGenerating C type support dispatch for ROS interfaces\x1b[0m\n'}
[3.290921] (yolo_msgs) StdoutLine: {'line': b'[ 28%] \x1b[34m\x1b[1mGenerating C++ type support for eProsima Fast-RTPS\x1b[0m\n'}
[3.292114] (yolo_msgs) StdoutLine: {'line': b'[ 28%] \x1b[34m\x1b[1mGenerating C type support for eProsima Fast-RTPS\x1b[0m\n'}
[3.292715] (yolo_msgs) StdoutLine: {'line': b'[ 29%] \x1b[34m\x1b[1mGenerating C++ introspection for ROS interfaces\x1b[0m\n'}
[3.293168] (yolo_msgs) StdoutLine: {'line': b'[ 30%] \x1b[34m\x1b[1mGenerating C introspection for ROS interfaces\x1b[0m\n'}
[3.295109] (yolo_msgs) StdoutLine: {'line': b'[ 31%] \x1b[34m\x1b[1mGenerating C++ type support dispatch for ROS interfaces\x1b[0m\n'}
[3.305000] (-) TimerEvent: {}
[3.405299] (-) TimerEvent: {}
[3.505589] (-) TimerEvent: {}
[3.605843] (-) TimerEvent: {}
[3.706107] (-) TimerEvent: {}
[3.779639] (yolo_msgs) StdoutLine: {'line': b'[ 32%] \x1b[32mBuilding CXX object CMakeFiles/yolo_msgs__rosidl_typesupport_c.dir/rosidl_typesupport_c/yolo_msgs/msg/pose2_d__type_support.cpp.o\x1b[0m\n'}
[3.779846] (yolo_msgs) StdoutLine: {'line': b'[ 32%] \x1b[32mBuilding CXX object CMakeFiles/yolo_msgs__rosidl_typesupport_c.dir/rosidl_typesupport_c/yolo_msgs/msg/point2_d__type_support.cpp.o\x1b[0m\n'}
[3.779927] (yolo_msgs) StdoutLine: {'line': b'[ 34%] \x1b[32mBuilding CXX object CMakeFiles/yolo_msgs__rosidl_typesupport_c.dir/rosidl_typesupport_c/yolo_msgs/msg/mask__type_support.cpp.o\x1b[0m\n'}
[3.779985] (yolo_msgs) StdoutLine: {'line': b'[ 34%] \x1b[32mBuilding CXX object CMakeFiles/yolo_msgs__rosidl_typesupport_c.dir/rosidl_typesupport_c/yolo_msgs/msg/vector2__type_support.cpp.o\x1b[0m\n'}
[3.780036] (yolo_msgs) StdoutLine: {'line': b'[ 34%] \x1b[32mBuilding CXX object CMakeFiles/yolo_msgs__rosidl_typesupport_c.dir/rosidl_typesupport_c/yolo_msgs/msg/bounding_box2_d__type_support.cpp.o\x1b[0m\n'}
[3.780084] (yolo_msgs) StdoutLine: {'line': b'[ 34%] \x1b[32mBuilding CXX object CMakeFiles/yolo_msgs__rosidl_typesupport_c.dir/rosidl_typesupport_c/yolo_msgs/msg/key_point2_d__type_support.cpp.o\x1b[0m\n'}
[3.780132] (yolo_msgs) StdoutLine: {'line': b'[ 35%] \x1b[32mBuilding CXX object CMakeFiles/yolo_msgs__rosidl_typesupport_c.dir/rosidl_typesupport_c/yolo_msgs/msg/key_point2_d_array__type_support.cpp.o\x1b[0m\n'}
[3.787646] (yolo_msgs) StdoutLine: {'line': b'[ 36%] \x1b[32mBuilding CXX object CMakeFiles/yolo_msgs__rosidl_typesupport_c.dir/rosidl_typesupport_c/yolo_msgs/msg/detection__type_support.cpp.o\x1b[0m\n'}
[3.787856] (yolo_msgs) StdoutLine: {'line': b'[ 38%] \x1b[32mBuilding CXX object CMakeFiles/yolo_msgs__rosidl_typesupport_c.dir/rosidl_typesupport_c/yolo_msgs/msg/bounding_box3_d__type_support.cpp.o\x1b[0m\n'}
[3.787929] (yolo_msgs) StdoutLine: {'line': b'[ 38%] \x1b[32mBuilding CXX object CMakeFiles/yolo_msgs__rosidl_typesupport_c.dir/rosidl_typesupport_c/yolo_msgs/msg/key_point3_d__type_support.cpp.o\x1b[0m\n'}
[3.788603] (yolo_msgs) StdoutLine: {'line': b'[ 38%] \x1b[32mBuilding CXX object CMakeFiles/yolo_msgs__rosidl_typesupport_c.dir/rosidl_typesupport_c/yolo_msgs/msg/key_point3_d_array__type_support.cpp.o\x1b[0m\n'}
[3.802679] (yolo_msgs) StdoutLine: {'line': b'[ 38%] \x1b[32mBuilding CXX object CMakeFiles/yolo_msgs__rosidl_typesupport_cpp.dir/rosidl_typesupport_cpp/yolo_msgs/msg/point2_d__type_support.cpp.o\x1b[0m\n'}
[3.806203] (-) TimerEvent: {}
[3.847055] (yolo_msgs) StdoutLine: {'line': b'[ 39%] \x1b[32mBuilding CXX object CMakeFiles/yolo_msgs__rosidl_typesupport_c.dir/rosidl_typesupport_c/yolo_msgs/msg/detection_array__type_support.cpp.o\x1b[0m\n'}
[3.850277] (yolo_msgs) StdoutLine: {'line': b'[ 40%] \x1b[32mBuilding CXX object CMakeFiles/yolo_msgs__rosidl_typesupport_cpp.dir/rosidl_typesupport_cpp/yolo_msgs/msg/vector2__type_support.cpp.o\x1b[0m\n'}
[3.851376] (yolo_msgs) StdoutLine: {'line': b'[ 41%] \x1b[32mBuilding CXX object CMakeFiles/yolo_msgs__rosidl_typesupport_c.dir/rosidl_typesupport_c/yolo_msgs/srv/set_classes__type_support.cpp.o\x1b[0m\n'}
[3.852626] (yolo_msgs) StdoutLine: {'line': b'[ 41%] \x1b[32mBuilding CXX object CMakeFiles/yolo_msgs__rosidl_typesupport_cpp.dir/rosidl_typesupport_cpp/yolo_msgs/msg/bounding_box2_d__type_support.cpp.o\x1b[0m\n'}
[3.853000] (yolo_msgs) StdoutLine: {'line': b'[ 41%] \x1b[32mBuilding CXX object CMakeFiles/yolo_msgs__rosidl_typesupport_cpp.dir/rosidl_typesupport_cpp/yolo_msgs/msg/pose2_d__type_support.cpp.o\x1b[0m\n'}
[3.855998] (yolo_msgs) StdoutLine: {'line': b'[ 42%] \x1b[32mBuilding CXX object CMakeFiles/yolo_msgs__rosidl_typesupport_cpp.dir/rosidl_typesupport_cpp/yolo_msgs/msg/bounding_box3_d__type_support.cpp.o\x1b[0m\n'}
[3.871824] (yolo_msgs) StdoutLine: {'line': b'[ 43%] \x1b[32mBuilding CXX object CMakeFiles/yolo_msgs__rosidl_typesupport_cpp.dir/rosidl_typesupport_cpp/yolo_msgs/msg/key_point2_d__type_support.cpp.o\x1b[0m\n'}
[3.874886] (yolo_msgs) StdoutLine: {'line': b'[ 43%] \x1b[32mBuilding CXX object CMakeFiles/yolo_msgs__rosidl_typesupport_cpp.dir/rosidl_typesupport_cpp/yolo_msgs/msg/mask__type_support.cpp.o\x1b[0m\n'}
[3.879635] (yolo_msgs) StdoutLine: {'line': b'[ 44%] \x1b[32mBuilding CXX object CMakeFiles/yolo_msgs__rosidl_typesupport_cpp.dir/rosidl_typesupport_cpp/yolo_msgs/msg/key_point3_d__type_support.cpp.o\x1b[0m\n'}
[3.881618] (yolo_msgs) StdoutLine: {'line': b'[ 44%] \x1b[32mBuilding CXX object CMakeFiles/yolo_msgs__rosidl_typesupport_cpp.dir/rosidl_typesupport_cpp/yolo_msgs/msg/key_point2_d_array__type_support.cpp.o\x1b[0m\n'}
[3.903142] (yolo_msgs) StdoutLine: {'line': b'[ 45%] \x1b[32mBuilding CXX object CMakeFiles/yolo_msgs__rosidl_typesupport_cpp.dir/rosidl_typesupport_cpp/yolo_msgs/msg/key_point3_d_array__type_support.cpp.o\x1b[0m\n'}
[3.906302] (-) TimerEvent: {}
[3.951457] (yolo_msgs) StdoutLine: {'line': b'[ 46%] \x1b[32mBuilding CXX object CMakeFiles/yolo_msgs__rosidl_typesupport_cpp.dir/rosidl_typesupport_cpp/yolo_msgs/msg/detection__type_support.cpp.o\x1b[0m\n'}
[3.959753] (yolo_msgs) StdoutLine: {'line': b'[ 47%] \x1b[32m\x1b[1mLinking CXX shared library libyolo_msgs__rosidl_typesupport_c.so\x1b[0m\n'}
[4.006436] (-) TimerEvent: {}
[4.021707] (yolo_msgs) StdoutLine: {'line': b'[ 47%] Built target yolo_msgs__rosidl_typesupport_c\n'}
[4.052920] (yolo_msgs) StdoutLine: {'line': b'[ 47%] \x1b[32mBuilding CXX object CMakeFiles/yolo_msgs__rosidl_typesupport_cpp.dir/rosidl_typesupport_cpp/yolo_msgs/msg/detection_array__type_support.cpp.o\x1b[0m\n'}
[4.109610] (-) TimerEvent: {}
[4.128608] (yolo_msgs) StdoutLine: {'line': b'[ 47%] \x1b[32mBuilding CXX object CMakeFiles/yolo_msgs__rosidl_typesupport_introspection_cpp.dir/rosidl_typesupport_introspection_cpp/yolo_msgs/msg/detail/point2_d__type_support.cpp.o\x1b[0m\n'}
[4.205629] (yolo_msgs) StdoutLine: {'line': b'[ 47%] \x1b[32mBuilding C object CMakeFiles/yolo_msgs__rosidl_typesupport_introspection_c.dir/rosidl_typesupport_introspection_c/yolo_msgs/msg/detail/point2_d__type_support.c.o\x1b[0m\n'}
[4.209745] (-) TimerEvent: {}
[4.216432] (yolo_msgs) StdoutLine: {'line': b'[ 48%] \x1b[32mBuilding C object CMakeFiles/yolo_msgs__rosidl_typesupport_introspection_c.dir/rosidl_typesupport_introspection_c/yolo_msgs/msg/detail/vector2__type_support.c.o\x1b[0m\n'}
[4.218128] (yolo_msgs) StdoutLine: {'line': b'[ 49%] \x1b[32mBuilding CXX object CMakeFiles/yolo_msgs__rosidl_typesupport_fastrtps_cpp.dir/rosidl_typesupport_fastrtps_cpp/yolo_msgs/msg/detail/dds_fastrtps/point2_d__type_support.cpp.o\x1b[0m\n'}
[4.238498] (yolo_msgs) StdoutLine: {'line': b'[ 50%] \x1b[32mBuilding C object CMakeFiles/yolo_msgs__rosidl_typesupport_introspection_c.dir/rosidl_typesupport_introspection_c/yolo_msgs/msg/detail/pose2_d__type_support.c.o\x1b[0m\n'}
[4.267027] (yolo_msgs) StdoutLine: {'line': b'[ 51%] \x1b[32mBuilding CXX object CMakeFiles/yolo_msgs__rosidl_typesupport_cpp.dir/rosidl_typesupport_cpp/yolo_msgs/srv/set_classes__type_support.cpp.o\x1b[0m\n'}
[4.276674] (yolo_msgs) StdoutLine: {'line': b'[ 51%] \x1b[32mBuilding C object CMakeFiles/yolo_msgs__rosidl_typesupport_introspection_c.dir/rosidl_typesupport_introspection_c/yolo_msgs/msg/detail/bounding_box2_d__type_support.c.o\x1b[0m\n'}
[4.277085] (yolo_msgs) StdoutLine: {'line': b'[ 52%] \x1b[32mBuilding C object CMakeFiles/yolo_msgs__rosidl_typesupport_introspection_c.dir/rosidl_typesupport_introspection_c/yolo_msgs/msg/detail/bounding_box3_d__type_support.c.o\x1b[0m\n'}
[4.306992] (yolo_msgs) StdoutLine: {'line': b'[ 52%] \x1b[32mBuilding CXX object CMakeFiles/yolo_msgs__rosidl_typesupport_fastrtps_cpp.dir/rosidl_typesupport_fastrtps_cpp/yolo_msgs/msg/detail/dds_fastrtps/vector2__type_support.cpp.o\x1b[0m\n'}
[4.307954] (yolo_msgs) StdoutLine: {'line': b'[ 53%] \x1b[32mBuilding C object CMakeFiles/yolo_msgs__rosidl_typesupport_introspection_c.dir/rosidl_typesupport_introspection_c/yolo_msgs/msg/detail/mask__type_support.c.o\x1b[0m\n'}
[4.309860] (-) TimerEvent: {}
[4.312803] (yolo_msgs) StdoutLine: {'line': b'[ 54%] \x1b[32mBuilding CXX object CMakeFiles/yolo_msgs__rosidl_typesupport_introspection_cpp.dir/rosidl_typesupport_introspection_cpp/yolo_msgs/msg/detail/vector2__type_support.cpp.o\x1b[0m\n'}
[4.333901] (yolo_msgs) StdoutLine: {'line': b'[ 55%] \x1b[32mBuilding CXX object CMakeFiles/yolo_msgs__rosidl_typesupport_fastrtps_c.dir/rosidl_typesupport_fastrtps_c/yolo_msgs/msg/detail/point2_d__type_support_c.cpp.o\x1b[0m\n'}
[4.356899] (yolo_msgs) StdoutLine: {'line': b'[ 56%] \x1b[32mBuilding CXX object CMakeFiles/yolo_msgs__rosidl_typesupport_fastrtps_cpp.dir/rosidl_typesupport_fastrtps_cpp/yolo_msgs/msg/detail/dds_fastrtps/pose2_d__type_support.cpp.o\x1b[0m\n'}
[4.383135] (yolo_msgs) StdoutLine: {'line': b'[ 56%] \x1b[32mBuilding CXX object CMakeFiles/yolo_msgs__rosidl_typesupport_introspection_cpp.dir/rosidl_typesupport_introspection_cpp/yolo_msgs/msg/detail/pose2_d__type_support.cpp.o\x1b[0m\n'}
[4.389004] (yolo_msgs) StdoutLine: {'line': b'[ 57%] \x1b[32mBuilding CXX object CMakeFiles/yolo_msgs__rosidl_typesupport_fastrtps_c.dir/rosidl_typesupport_fastrtps_c/yolo_msgs/msg/detail/vector2__type_support_c.cpp.o\x1b[0m\n'}
[4.398596] (yolo_msgs) StdoutLine: {'line': b'[ 58%] \x1b[32mBuilding CXX object CMakeFiles/yolo_msgs__rosidl_typesupport_fastrtps_cpp.dir/rosidl_typesupport_fastrtps_cpp/yolo_msgs/msg/detail/dds_fastrtps/bounding_box2_d__type_support.cpp.o\x1b[0m\n'}
[4.410016] (-) TimerEvent: {}
[4.417532] (yolo_msgs) StdoutLine: {'line': b'[ 58%] \x1b[32mBuilding CXX object CMakeFiles/yolo_msgs__rosidl_typesupport_fastrtps_c.dir/rosidl_typesupport_fastrtps_c/yolo_msgs/msg/detail/pose2_d__type_support_c.cpp.o\x1b[0m\n'}
[4.428556] (yolo_msgs) StdoutLine: {'line': b'[ 58%] \x1b[32mBuilding C object CMakeFiles/yolo_msgs__rosidl_typesupport_introspection_c.dir/rosidl_typesupport_introspection_c/yolo_msgs/msg/detail/key_point2_d__type_support.c.o\x1b[0m\n'}
[4.430012] (yolo_msgs) StdoutLine: {'line': b'[ 58%] \x1b[32mBuilding CXX object CMakeFiles/yolo_msgs__rosidl_typesupport_fastrtps_cpp.dir/rosidl_typesupport_fastrtps_cpp/yolo_msgs/msg/detail/dds_fastrtps/bounding_box3_d__type_support.cpp.o\x1b[0m\n'}
[4.444340] (yolo_msgs) StdoutLine: {'line': b'[ 59%] \x1b[32mBuilding C object CMakeFiles/yolo_msgs__rosidl_typesupport_introspection_c.dir/rosidl_typesupport_introspection_c/yolo_msgs/msg/detail/key_point2_d_array__type_support.c.o\x1b[0m\n'}
[4.509258] (yolo_msgs) StdoutLine: {'line': b'[ 60%] \x1b[32mBuilding CXX object CMakeFiles/yolo_msgs__rosidl_typesupport_introspection_cpp.dir/rosidl_typesupport_introspection_cpp/yolo_msgs/msg/detail/bounding_box2_d__type_support.cpp.o\x1b[0m\n'}
[4.511731] (-) TimerEvent: {}
[4.520921] (yolo_msgs) StdoutLine: {'line': b'[ 61%] \x1b[32mBuilding C object CMakeFiles/yolo_msgs__rosidl_typesupport_introspection_c.dir/rosidl_typesupport_introspection_c/yolo_msgs/msg/detail/key_point3_d__type_support.c.o\x1b[0m\n'}
[4.552085] (yolo_msgs) StdoutLine: {'line': b'[ 62%] \x1b[32mBuilding CXX object CMakeFiles/yolo_msgs__rosidl_typesupport_fastrtps_c.dir/rosidl_typesupport_fastrtps_c/yolo_msgs/msg/detail/bounding_box2_d__type_support_c.cpp.o\x1b[0m\n'}
[4.581578] (yolo_msgs) StdoutLine: {'line': b'[ 63%] \x1b[32mBuilding CXX object CMakeFiles/yolo_msgs__rosidl_typesupport_fastrtps_cpp.dir/rosidl_typesupport_fastrtps_cpp/yolo_msgs/msg/detail/dds_fastrtps/mask__type_support.cpp.o\x1b[0m\n'}
[4.611858] (-) TimerEvent: {}
[4.620221] (yolo_msgs) StdoutLine: {'line': b'[ 64%] \x1b[32mBuilding CXX object CMakeFiles/yolo_msgs__rosidl_typesupport_introspection_cpp.dir/rosidl_typesupport_introspection_cpp/yolo_msgs/msg/detail/bounding_box3_d__type_support.cpp.o\x1b[0m\n'}
[4.639644] (yolo_msgs) StdoutLine: {'line': b'[ 64%] \x1b[32mBuilding C object CMakeFiles/yolo_msgs__rosidl_typesupport_introspection_c.dir/rosidl_typesupport_introspection_c/yolo_msgs/msg/detail/key_point3_d_array__type_support.c.o\x1b[0m\n'}
[4.711982] (-) TimerEvent: {}
[4.759797] (yolo_msgs) StdoutLine: {'line': b'[ 65%] \x1b[32mBuilding C object CMakeFiles/yolo_msgs__rosidl_typesupport_introspection_c.dir/rosidl_typesupport_introspection_c/yolo_msgs/msg/detail/detection__type_support.c.o\x1b[0m\n'}
[4.812107] (-) TimerEvent: {}
[4.861693] (yolo_msgs) StdoutLine: {'line': b'[ 65%] \x1b[32mBuilding CXX object CMakeFiles/yolo_msgs__rosidl_typesupport_introspection_cpp.dir/rosidl_typesupport_introspection_cpp/yolo_msgs/msg/detail/mask__type_support.cpp.o\x1b[0m\n'}
[4.891458] (yolo_msgs) StdoutLine: {'line': b'[ 66%] \x1b[32mBuilding CXX object CMakeFiles/yolo_msgs__rosidl_typesupport_fastrtps_cpp.dir/rosidl_typesupport_fastrtps_cpp/yolo_msgs/msg/detail/dds_fastrtps/key_point2_d__type_support.cpp.o\x1b[0m\n'}
[4.892249] (yolo_msgs) StdoutLine: {'line': b'[ 66%] \x1b[32mBuilding CXX object CMakeFiles/yolo_msgs__rosidl_typesupport_fastrtps_cpp.dir/rosidl_typesupport_fastrtps_cpp/yolo_msgs/msg/detail/dds_fastrtps/key_point2_d_array__type_support.cpp.o\x1b[0m\n'}
[4.903629] (yolo_msgs) StdoutLine: {'line': b'[ 67%] \x1b[32m\x1b[1mLinking CXX shared library libyolo_msgs__rosidl_typesupport_cpp.so\x1b[0m\n'}
[4.912237] (-) TimerEvent: {}
[4.924650] (yolo_msgs) StdoutLine: {'line': b'[ 68%] \x1b[32mBuilding C object CMakeFiles/yolo_msgs__rosidl_typesupport_introspection_c.dir/rosidl_typesupport_introspection_c/yolo_msgs/msg/detail/detection_array__type_support.c.o\x1b[0m\n'}
[4.933666] (yolo_msgs) StdoutLine: {'line': b'[ 68%] \x1b[32mBuilding C object CMakeFiles/yolo_msgs__rosidl_typesupport_introspection_c.dir/rosidl_typesupport_introspection_c/yolo_msgs/srv/detail/set_classes__type_support.c.o\x1b[0m\n'}
[4.958125] (yolo_msgs) StdoutLine: {'line': b'[ 69%] \x1b[32mBuilding CXX object CMakeFiles/yolo_msgs__rosidl_typesupport_fastrtps_c.dir/rosidl_typesupport_fastrtps_c/yolo_msgs/msg/detail/bounding_box3_d__type_support_c.cpp.o\x1b[0m\n'}
[5.012363] (-) TimerEvent: {}
[5.025099] (yolo_msgs) StdoutLine: {'line': b'[ 70%] \x1b[32mBuilding CXX object CMakeFiles/yolo_msgs__rosidl_typesupport_introspection_cpp.dir/rosidl_typesupport_introspection_cpp/yolo_msgs/msg/detail/key_point2_d__type_support.cpp.o\x1b[0m\n'}
[5.034689] (yolo_msgs) StdoutLine: {'line': b'[ 70%] Built target yolo_msgs__rosidl_typesupport_cpp\n'}
[5.046576] (yolo_msgs) StdoutLine: {'line': b'[ 70%] \x1b[32mBuilding CXX object CMakeFiles/yolo_msgs__rosidl_typesupport_fastrtps_c.dir/rosidl_typesupport_fastrtps_c/yolo_msgs/msg/detail/mask__type_support_c.cpp.o\x1b[0m\n'}
[5.067709] (yolo_msgs) StdoutLine: {'line': b'[ 71%] \x1b[32mBuilding CXX object CMakeFiles/yolo_msgs__rosidl_typesupport_fastrtps_c.dir/rosidl_typesupport_fastrtps_c/yolo_msgs/msg/detail/key_point2_d__type_support_c.cpp.o\x1b[0m\n'}
[5.076070] (yolo_msgs) StdoutLine: {'line': b'[ 72%] \x1b[32mBuilding CXX object CMakeFiles/yolo_msgs__rosidl_typesupport_introspection_cpp.dir/rosidl_typesupport_introspection_cpp/yolo_msgs/msg/detail/key_point2_d_array__type_support.cpp.o\x1b[0m\n'}
[5.092146] (yolo_msgs) StdoutLine: {'line': b'[ 73%] \x1b[32mBuilding CXX object CMakeFiles/yolo_msgs__rosidl_typesupport_fastrtps_cpp.dir/rosidl_typesupport_fastrtps_cpp/yolo_msgs/msg/detail/dds_fastrtps/key_point3_d__type_support.cpp.o\x1b[0m\n'}
[5.102335] (yolo_msgs) StdoutLine: {'line': b'[ 74%] \x1b[32m\x1b[1mLinking C shared library libyolo_msgs__rosidl_typesupport_introspection_c.so\x1b[0m\n'}
[5.106795] (yolo_msgs) StdoutLine: {'line': b'[ 74%] \x1b[32mBuilding CXX object CMakeFiles/yolo_msgs__rosidl_typesupport_fastrtps_c.dir/rosidl_typesupport_fastrtps_c/yolo_msgs/msg/detail/key_point2_d_array__type_support_c.cpp.o\x1b[0m\n'}
[5.112485] (-) TimerEvent: {}
[5.145589] (yolo_msgs) StdoutLine: {'line': b'[ 75%] \x1b[32mBuilding CXX object CMakeFiles/yolo_msgs__rosidl_typesupport_fastrtps_c.dir/rosidl_typesupport_fastrtps_c/yolo_msgs/msg/detail/key_point3_d__type_support_c.cpp.o\x1b[0m\n'}
[5.146761] (yolo_msgs) StdoutLine: {'line': b'[ 75%] Built target yolo_msgs__rosidl_typesupport_introspection_c\n'}
[5.159328] (yolo_msgs) StdoutLine: {'line': b'[ 76%] \x1b[32mBuilding CXX object CMakeFiles/yolo_msgs__rosidl_typesupport_fastrtps_cpp.dir/rosidl_typesupport_fastrtps_cpp/yolo_msgs/msg/detail/dds_fastrtps/key_point3_d_array__type_support.cpp.o\x1b[0m\n'}
[5.168439] (yolo_msgs) StdoutLine: {'line': b'[ 76%] \x1b[32mBuilding CXX object CMakeFiles/yolo_msgs__rosidl_typesupport_introspection_cpp.dir/rosidl_typesupport_introspection_cpp/yolo_msgs/msg/detail/key_point3_d__type_support.cpp.o\x1b[0m\n'}
[5.198648] (yolo_msgs) StdoutLine: {'line': b'[ 76%] \x1b[32mBuilding CXX object CMakeFiles/yolo_msgs__rosidl_typesupport_fastrtps_cpp.dir/rosidl_typesupport_fastrtps_cpp/yolo_msgs/msg/detail/dds_fastrtps/detection__type_support.cpp.o\x1b[0m\n'}
[5.212616] (-) TimerEvent: {}
[5.312998] (-) TimerEvent: {}
[5.334869] (yolo_msgs) StdoutLine: {'line': b'[ 77%] \x1b[32mBuilding CXX object CMakeFiles/yolo_msgs__rosidl_typesupport_introspection_cpp.dir/rosidl_typesupport_introspection_cpp/yolo_msgs/msg/detail/key_point3_d_array__type_support.cpp.o\x1b[0m\n'}
[5.390578] (ydlidar_ros2_driver) StderrLine: {'line': b'\x1b[01m\x1b[K/workspaces/workspaces/src/ydlidar_ros2_driver/src/ydlidar_ros2_driver_node.cpp:\x1b[m\x1b[K In lambda function:\n'}
[5.390859] (ydlidar_ros2_driver) StderrLine: {'line': b'\x1b[01m\x1b[K/workspaces/workspaces/src/ydlidar_ros2_driver/src/ydlidar_ros2_driver_node.cpp:163:54:\x1b[m\x1b[K \x1b[01;35m\x1b[Kwarning: \x1b[m\x1b[Kunused parameter \xe2\x80\x98\x1b[01m\x1b[Krequest_header\x1b[m\x1b[K\xe2\x80\x99 [\x1b[01;35m\x1b[K-Wunused-parameter\x1b[m\x1b[K]\n'}
[5.390968] (ydlidar_ros2_driver) StderrLine: {'line': b'  163 |     [&laser](\x1b[01;35m\x1b[Kconst std::shared_ptr<rmw_request_id_t> request_header\x1b[m\x1b[K,\n'}
[5.391031] (ydlidar_ros2_driver) StderrLine: {'line': b'      |              \x1b[01;35m\x1b[K~~~~~~~~~~~~~~~~~~~~~~~~~~~~~~~~~~~~~~~~^~~~~~~~~~~~~~\x1b[m\x1b[K\n'}
[5.391084] (ydlidar_ros2_driver) StderrLine: {'line': b'\x1b[01m\x1b[K/workspaces/workspaces/src/ydlidar_ros2_driver/src/ydlidar_ros2_driver_node.cpp:164:56:\x1b[m\x1b[K \x1b[01;35m\x1b[Kwarning: \x1b[m\x1b[Kunused parameter \xe2\x80\x98\x1b[01m\x1b[Kreq\x1b[m\x1b[K\xe2\x80\x99 [\x1b[01;35m\x1b[K-Wunused-parameter\x1b[m\x1b[K]\n'}
[5.391138] (ydlidar_ros2_driver) StderrLine: {'line': b'  164 |   \x1b[01;35m\x1b[Kconst std::shared_ptr<std_srvs::srv::Empty::Request> req\x1b[m\x1b[K,\n'}
[5.391189] (ydlidar_ros2_driver) StderrLine: {'line': b'      |   \x1b[01;35m\x1b[K~~~~~~~~~~~~~~~~~~~~~~~~~~~~~~~~~~~~~~~~~~~~~~~~~~~~~^~~\x1b[m\x1b[K\n'}
[5.391239] (ydlidar_ros2_driver) StderrLine: {'line': b'\x1b[01m\x1b[K/workspaces/workspaces/src/ydlidar_ros2_driver/src/ydlidar_ros2_driver_node.cpp:165:51:\x1b[m\x1b[K \x1b[01;35m\x1b[Kwarning: \x1b[m\x1b[Kunused parameter \xe2\x80\x98\x1b[01m\x1b[Kresponse\x1b[m\x1b[K\xe2\x80\x99 [\x1b[01;35m\x1b[K-Wunused-parameter\x1b[m\x1b[K]\n'}
[5.391300] (ydlidar_ros2_driver) StderrLine: {'line': b'  165 |   \x1b[01;35m\x1b[Kstd::shared_ptr<std_srvs::srv::Empty::Response> response\x1b[m\x1b[K) -> bool\n'}
[5.391350] (ydlidar_ros2_driver) StderrLine: {'line': b'      |   \x1b[01;35m\x1b[K~~~~~~~~~~~~~~~~~~~~~~~~~~~~~~~~~~~~~~~~~~~~~~~~^~~~~~~~\x1b[m\x1b[K\n'}
[5.391402] (ydlidar_ros2_driver) StderrLine: {'line': b'\x1b[01m\x1b[K/workspaces/workspaces/src/ydlidar_ros2_driver/src/ydlidar_ros2_driver_node.cpp:\x1b[m\x1b[K In lambda function:\n'}
[5.391452] (ydlidar_ros2_driver) StderrLine: {'line': b'\x1b[01m\x1b[K/workspaces/workspaces/src/ydlidar_ros2_driver/src/ydlidar_ros2_driver_node.cpp:173:54:\x1b[m\x1b[K \x1b[01;35m\x1b[Kwarning: \x1b[m\x1b[Kunused parameter \xe2\x80\x98\x1b[01m\x1b[Krequest_header\x1b[m\x1b[K\xe2\x80\x99 [\x1b[01;35m\x1b[K-Wunused-parameter\x1b[m\x1b[K]\n'}
[5.391502] (ydlidar_ros2_driver) StderrLine: {'line': b'  173 |     [&laser](\x1b[01;35m\x1b[Kconst std::shared_ptr<rmw_request_id_t> request_header\x1b[m\x1b[K,\n'}
[5.391565] (ydlidar_ros2_driver) StderrLine: {'line': b'      |              \x1b[01;35m\x1b[K~~~~~~~~~~~~~~~~~~~~~~~~~~~~~~~~~~~~~~~~^~~~~~~~~~~~~~\x1b[m\x1b[K\n'}
[5.391613] (ydlidar_ros2_driver) StderrLine: {'line': b'\x1b[01m\x1b[K/workspaces/workspaces/src/ydlidar_ros2_driver/src/ydlidar_ros2_driver_node.cpp:174:56:\x1b[m\x1b[K \x1b[01;35m\x1b[Kwarning: \x1b[m\x1b[Kunused parameter \xe2\x80\x98\x1b[01m\x1b[Kreq\x1b[m\x1b[K\xe2\x80\x99 [\x1b[01;35m\x1b[K-Wunused-parameter\x1b[m\x1b[K]\n'}
[5.391662] (ydlidar_ros2_driver) StderrLine: {'line': b'  174 |   \x1b[01;35m\x1b[Kconst std::shared_ptr<std_srvs::srv::Empty::Request> req\x1b[m\x1b[K,\n'}
[5.391709] (ydlidar_ros2_driver) StderrLine: {'line': b'      |   \x1b[01;35m\x1b[K~~~~~~~~~~~~~~~~~~~~~~~~~~~~~~~~~~~~~~~~~~~~~~~~~~~~~^~~\x1b[m\x1b[K\n'}
[5.391755] (ydlidar_ros2_driver) StderrLine: {'line': b'\x1b[01m\x1b[K/workspaces/workspaces/src/ydlidar_ros2_driver/src/ydlidar_ros2_driver_node.cpp:175:51:\x1b[m\x1b[K \x1b[01;35m\x1b[Kwarning: \x1b[m\x1b[Kunused parameter \xe2\x80\x98\x1b[01m\x1b[Kresponse\x1b[m\x1b[K\xe2\x80\x99 [\x1b[01;35m\x1b[K-Wunused-parameter\x1b[m\x1b[K]\n'}
[5.391803] (ydlidar_ros2_driver) StderrLine: {'line': b'  175 |   \x1b[01;35m\x1b[Kstd::shared_ptr<std_srvs::srv::Empty::Response> response\x1b[m\x1b[K) -> bool\n'}
[5.391850] (ydlidar_ros2_driver) StderrLine: {'line': b'      |   \x1b[01;35m\x1b[K~~~~~~~~~~~~~~~~~~~~~~~~~~~~~~~~~~~~~~~~~~~~~~~~^~~~~~~~\x1b[m\x1b[K\n'}
[5.409153] (ydlidar_ros2_driver) StdoutLine: {'line': b'[ 75%] \x1b[32m\x1b[1mLinking CXX executable ydlidar_ros2_driver_node\x1b[0m\n'}
[5.409501] (yolo_msgs) StdoutLine: {'line': b'[ 78%] \x1b[32mBuilding CXX object CMakeFiles/yolo_msgs__rosidl_typesupport_introspection_cpp.dir/rosidl_typesupport_introspection_cpp/yolo_msgs/msg/detail/detection__type_support.cpp.o\x1b[0m\n'}
[5.413599] (-) TimerEvent: {}
[5.463397] (yolo_msgs) StdoutLine: {'line': b'[ 78%] \x1b[32mBuilding CXX object CMakeFiles/yolo_msgs__rosidl_typesupport_introspection_cpp.dir/rosidl_typesupport_introspection_cpp/yolo_msgs/msg/detail/detection_array__type_support.cpp.o\x1b[0m\n'}
[5.514606] (-) TimerEvent: {}
[5.516675] (yolo_msgs) StdoutLine: {'line': b'[ 79%] \x1b[32mBuilding CXX object CMakeFiles/yolo_msgs__rosidl_typesupport_fastrtps_c.dir/rosidl_typesupport_fastrtps_c/yolo_msgs/msg/detail/key_point3_d_array__type_support_c.cpp.o\x1b[0m\n'}
[5.594077] (yolo_msgs) StdoutLine: {'line': b'[ 80%] \x1b[32mBuilding CXX object CMakeFiles/yolo_msgs__rosidl_typesupport_fastrtps_cpp.dir/rosidl_typesupport_fastrtps_cpp/yolo_msgs/msg/detail/dds_fastrtps/detection_array__type_support.cpp.o\x1b[0m\n'}
[5.600590] (yolo_msgs) StdoutLine: {'line': b'[ 80%] \x1b[32mBuilding CXX object CMakeFiles/yolo_msgs__rosidl_typesupport_fastrtps_c.dir/rosidl_typesupport_fastrtps_c/yolo_msgs/msg/detail/detection__type_support_c.cpp.o\x1b[0m\n'}
[5.614729] (-) TimerEvent: {}
[5.627717] (yolo_msgs) StdoutLine: {'line': b'[ 80%] \x1b[32mBuilding CXX object CMakeFiles/yolo_msgs__rosidl_typesupport_fastrtps_cpp.dir/rosidl_typesupport_fastrtps_cpp/yolo_msgs/srv/detail/dds_fastrtps/set_classes__type_support.cpp.o\x1b[0m\n'}
[5.651860] (yolo_msgs) StdoutLine: {'line': b'[ 81%] \x1b[32mBuilding CXX object CMakeFiles/yolo_msgs__rosidl_typesupport_introspection_cpp.dir/rosidl_typesupport_introspection_cpp/yolo_msgs/srv/detail/set_classes__type_support.cpp.o\x1b[0m\n'}
[5.712296] (yolo_msgs) StdoutLine: {'line': b'[ 82%] \x1b[32mBuilding CXX object CMakeFiles/yolo_msgs__rosidl_typesupport_fastrtps_c.dir/rosidl_typesupport_fastrtps_c/yolo_msgs/msg/detail/detection_array__type_support_c.cpp.o\x1b[0m\n'}
[5.714847] (-) TimerEvent: {}
[5.725108] (yolo_msgs) StdoutLine: {'line': b'[ 83%] \x1b[32mBuilding CXX object CMakeFiles/yolo_msgs__rosidl_typesupport_fastrtps_c.dir/rosidl_typesupport_fastrtps_c/yolo_msgs/srv/detail/set_classes__type_support_c.cpp.o\x1b[0m\n'}
[5.814971] (-) TimerEvent: {}
[5.815651] (ydlidar_ros2_driver) StdoutLine: {'line': b'[ 75%] Built target ydlidar_ros2_driver_node\n'}
[5.915092] (-) TimerEvent: {}
[6.015415] (-) TimerEvent: {}
[6.115735] (-) TimerEvent: {}
[6.161059] (yolo_msgs) StdoutLine: {'line': b'[ 84%] \x1b[32m\x1b[1mLinking CXX shared library libyolo_msgs__rosidl_typesupport_introspection_cpp.so\x1b[0m\n'}
[6.215857] (-) TimerEvent: {}
[6.224801] (yolo_msgs) StdoutLine: {'line': b'[ 84%] Built target yolo_msgs__rosidl_typesupport_introspection_cpp\n'}
[6.257570] (yolo_msgs) StdoutLine: {'line': b'[ 84%] \x1b[32m\x1b[1mLinking CXX shared library libyolo_msgs__rosidl_typesupport_fastrtps_c.so\x1b[0m\n'}
[6.299891] (yolo_msgs) StdoutLine: {'line': b'[ 85%] \x1b[32m\x1b[1mLinking CXX shared library libyolo_msgs__rosidl_typesupport_fastrtps_cpp.so\x1b[0m\n'}
[6.304754] (yolo_msgs) StdoutLine: {'line': b'[ 85%] Built target yolo_msgs__rosidl_typesupport_fastrtps_c\n'}
[6.315933] (-) TimerEvent: {}
[6.353203] (yolo_msgs) StdoutLine: {'line': b'[ 85%] Built target yolo_msgs__rosidl_typesupport_fastrtps_cpp\n'}
[6.364286] (yolo_msgs) StdoutLine: {'line': b'[ 85%] Built target yolo_msgs\n'}
[6.377627] (yolo_msgs) StdoutLine: {'line': b'[ 86%] \x1b[34m\x1b[1mGenerating Python code for ROS interfaces\x1b[0m\n'}
[6.416025] (-) TimerEvent: {}
[6.516270] (-) TimerEvent: {}
[6.616554] (-) TimerEvent: {}
[6.716766] (-) TimerEvent: {}
[6.816964] (-) TimerEvent: {}
[6.917184] (-) TimerEvent: {}
[6.933008] (ydlidar_ros2_driver) StdoutLine: {'line': b'[100%] \x1b[32m\x1b[1mLinking CXX executable ydlidar_ros2_driver_client\x1b[0m\n'}
[7.017267] (-) TimerEvent: {}
[7.080932] (ydlidar_ros2_driver) StdoutLine: {'line': b'[100%] Built target ydlidar_ros2_driver_client\n'}
[7.082269] (yolo_msgs) StdoutLine: {'line': b'[ 86%] Built target yolo_msgs__py\n'}
[7.085700] (ydlidar_ros2_driver) CommandEnded: {'returncode': 0}
[7.086100] (ydlidar_ros2_driver) JobProgress: {'identifier': 'ydlidar_ros2_driver', 'progress': 'install'}
[7.089901] (ydlidar_ros2_driver) Command: {'cmd': ['/usr/bin/cmake', '--install', '/workspaces/build/ydlidar_ros2_driver'], 'cwd': '/workspaces/build/ydlidar_ros2_driver', 'env': OrderedDict({'HISTFILESIZE': '2147450879', 'GZ_CONFIG_PATH': '/opt/ros/jazzy/opt/sdformat_vendor/share/gz', 'HOSTNAME': '23dc7ad1fa71', 'SHLVL': '1', 'LD_LIBRARY_PATH': '/robot_ws/install/orbbec_camera/lib:/robot_ws/install/orbbec_camera_msgs/lib:/robot_ws/install/kros_car/lib:/opt/ros/jazzy/opt/sdformat_vendor/lib:/opt/ros/jazzy/opt/rviz_ogre_vendor/lib:/opt/ros/jazzy/lib/x86_64-linux-gnu:/opt/ros/jazzy/opt/gz_math_vendor/lib:/opt/ros/jazzy/opt/gz_utils_vendor/lib:/opt/ros/jazzy/opt/gz_tools_vendor/lib:/opt/ros/jazzy/opt/gz_cmake_vendor/lib:/opt/ros/jazzy/lib', 'LESS': '-R', 'HOME': '/root', 'LSCOLORS': 'Gxfxcxdxdxegedabagacad', 'ROS_PYTHON_VERSION': '3', 'PAGER': 'less', 'COLCON_PREFIX_PATH': '/robot_ws/install', 'ROS_DISTRO': 'jazzy', 'OSH': '/root/.oh-my-bash', '_': '/usr/bin/colcon', 'ROS_VERSION': '2', 'TERM': 'xterm', 'DRIVER_WS': '/robot_ws', 'PATH': '/usr/lib/ccache:/robot_ws/install/oradar_lidar/bin:/opt/ros/jazzy/opt/gz_tools_vendor/bin:/opt/ros/jazzy/bin:/usr/local/sbin:/usr/local/bin:/usr/sbin:/usr/bin:/sbin:/bin', 'ydlidar_sdk_DIR': '/usr/lib/cmake/ydlidar_sdk', 'HISTSIZE': '2147450879', 'LANG': 'C.UTF-8', 'LS_COLORS': 'rs=0:di=01;34:ln=01;36:mh=00:pi=40;33:so=01;35:do=01;35:bd=40;33;01:cd=40;33;01:or=40;31;01:mi=00:su=37;41:sg=30;43:ca=00:tw=30;42:ow=34;42:st=37;44:ex=01;32:*.tar=01;31:*.tgz=01;31:*.arc=01;31:*.arj=01;31:*.taz=01;31:*.lha=01;31:*.lz4=01;31:*.lzh=01;31:*.lzma=01;31:*.tlz=01;31:*.txz=01;31:*.tzo=01;31:*.t7z=01;31:*.zip=01;31:*.z=01;31:*.dz=01;31:*.gz=01;31:*.lrz=01;31:*.lz=01;31:*.lzo=01;31:*.xz=01;31:*.zst=01;31:*.tzst=01;31:*.bz2=01;31:*.bz=01;31:*.tbz=01;31:*.tbz2=01;31:*.tz=01;31:*.deb=01;31:*.rpm=01;31:*.jar=01;31:*.war=01;31:*.ear=01;31:*.sar=01;31:*.rar=01;31:*.alz=01;31:*.ace=01;31:*.zoo=01;31:*.cpio=01;31:*.7z=01;31:*.rz=01;31:*.cab=01;31:*.wim=01;31:*.swm=01;31:*.dwm=01;31:*.esd=01;31:*.avif=01;35:*.jpg=01;35:*.jpeg=01;35:*.mjpg=01;35:*.mjpeg=01;35:*.gif=01;35:*.bmp=01;35:*.pbm=01;35:*.pgm=01;35:*.ppm=01;35:*.tga=01;35:*.xbm=01;35:*.xpm=01;35:*.tif=01;35:*.tiff=01;35:*.png=01;35:*.svg=01;35:*.svgz=01;35:*.mng=01;35:*.pcx=01;35:*.mov=01;35:*.mpg=01;35:*.mpeg=01;35:*.m2v=01;35:*.mkv=01;35:*.webm=01;35:*.webp=01;35:*.ogm=01;35:*.mp4=01;35:*.m4v=01;35:*.mp4v=01;35:*.vob=01;35:*.qt=01;35:*.nuv=01;35:*.wmv=01;35:*.asf=01;35:*.rm=01;35:*.rmvb=01;35:*.flc=01;35:*.avi=01;35:*.fli=01;35:*.flv=01;35:*.gl=01;35:*.dl=01;35:*.xcf=01;35:*.xwd=01;35:*.yuv=01;35:*.cgm=01;35:*.emf=01;35:*.ogv=01;35:*.ogx=01;35:*.aac=00;36:*.au=00;36:*.flac=00;36:*.m4a=00;36:*.mid=00;36:*.midi=00;36:*.mka=00;36:*.mp3=00;36:*.mpc=00;36:*.ogg=00;36:*.ra=00;36:*.wav=00;36:*.oga=00;36:*.opus=00;36:*.spx=00;36:*.xspf=00;36:*~=00;90:*#=00;90:*.bak=00;90:*.crdownload=00;90:*.dpkg-dist=00;90:*.dpkg-new=00;90:*.dpkg-old=00;90:*.dpkg-tmp=00;90:*.old=00;90:*.orig=00;90:*.part=00;90:*.rej=00;90:*.rpmnew=00;90:*.rpmorig=00;90:*.rpmsave=00;90:*.swp=00;90:*.tmp=00;90:*.ucf-dist=00;90:*.ucf-new=00;90:*.ucf-old=00;90:', 'ROS_DOMAIN_ID': '0', 'AMENT_PREFIX_PATH': '/robot_ws/install/orbbec_description:/robot_ws/install/orbbec_camera:/robot_ws/install/orbbec_camera_msgs:/robot_ws/install/oradar_lidar:/robot_ws/install/lidar_pkg:/robot_ws/install/kros_car:/robot_ws/install/kros_car_description:/opt/ros/jazzy', 'ROS_AUTOMATIC_DISCOVERY_RANGE': 'SUBNET', 'PWD': '/workspaces/build/ydlidar_ros2_driver', 'LC_ALL': 'C.UTF-8', 'PYTHONPATH': '/robot_ws/install/orbbec_camera_msgs/lib/python3.12/site-packages:/robot_ws/build/lidar_pkg:/robot_ws/install/lidar_pkg/lib/python3.12/site-packages:/opt/ros/jazzy/lib/python3.12/site-packages', 'COLCON': '1', 'CMAKE_PREFIX_PATH': '/robot_ws/install/orbbec_description:/robot_ws/install/orbbec_camera:/robot_ws/install/orbbec_camera_msgs:/robot_ws/install/oradar_lidar:/robot_ws/install/kros_car:/robot_ws/install/kros_car_description:/opt/ros/jazzy/opt/sdformat_vendor:/opt/ros/jazzy/opt/gz_math_vendor:/opt/ros/jazzy/opt/gz_utils_vendor:/opt/ros/jazzy/opt/gz_tools_vendor:/opt/ros/jazzy/opt/gz_cmake_vendor:/robot_ws/install/lidar_pkg:/opt/ros/jazzy', 'ROS2_WS': '/workspaces'}), 'shell': False}
[7.094554] (yolo_msgs) StdoutLine: {'line': b'[ 89%] \x1b[32mBuilding C object CMakeFiles/yolo_msgs__rosidl_generator_py.dir/rosidl_generator_py/yolo_msgs/msg/_pose2_d_s.c.o\x1b[0m\n'}
[7.094803] (yolo_msgs) StdoutLine: {'line': b'[ 89%] \x1b[32mBuilding C object CMakeFiles/yolo_msgs__rosidl_generator_py.dir/rosidl_generator_py/yolo_msgs/msg/_mask_s.c.o\x1b[0m\n'}
[7.094915] (yolo_msgs) StdoutLine: {'line': b'[ 89%] \x1b[32mBuilding C object CMakeFiles/yolo_msgs__rosidl_generator_py.dir/rosidl_generator_py/yolo_msgs/msg/_key_point3_d_array_s.c.o\x1b[0m\n'}
[7.094989] (yolo_msgs) StdoutLine: {'line': b'[ 89%] \x1b[32mBuilding C object CMakeFiles/yolo_msgs__rosidl_generator_py.dir/rosidl_generator_py/yolo_msgs/msg/_vector2_s.c.o\x1b[0m\n'}
[7.095074] (yolo_msgs) StdoutLine: {'line': b'[ 89%] \x1b[32mBuilding C object CMakeFiles/yolo_msgs__rosidl_generator_py.dir/rosidl_generator_py/yolo_msgs/msg/_key_point3_d_s.c.o\x1b[0m\n'}
[7.095220] (yolo_msgs) StdoutLine: {'line': b'[ 90%] \x1b[32mBuilding C object CMakeFiles/yolo_msgs__rosidl_generator_py.dir/rosidl_generator_py/yolo_msgs/msg/_point2_d_s.c.o\x1b[0m\n'}
[7.095286] (yolo_msgs) StdoutLine: {'line': b'[ 90%] \x1b[32mBuilding C object CMakeFiles/yolo_msgs__rosidl_generator_py.dir/rosidl_generator_py/yolo_msgs/msg/_detection_array_s.c.o\x1b[0m\n'}
[7.095356] (yolo_msgs) StdoutLine: {'line': b'[ 90%] \x1b[32mBuilding C object CMakeFiles/yolo_msgs__rosidl_generator_py.dir/rosidl_generator_py/yolo_msgs/msg/_bounding_box2_d_s.c.o\x1b[0m\n'}
[7.095403] (ydlidar_ros2_driver) StdoutLine: {'line': b'-- Install configuration: ""\n'}
[7.095450] (yolo_msgs) StdoutLine: {'line': b'[ 91%] \x1b[32mBuilding C object CMakeFiles/yolo_msgs__rosidl_generator_py.dir/rosidl_generator_py/yolo_msgs/msg/_detection_s.c.o\x1b[0m\n'}
[7.095482] (ydlidar_ros2_driver) StdoutLine: {'line': b'-- Execute custom install script\n'}
[7.095533] (ydlidar_ros2_driver) StdoutLine: {'line': b'-- Symlinking: /workspaces/install/ydlidar_ros2_driver/lib/ydlidar_ros2_driver/ydlidar_ros2_driver_node\n'}
[7.095566] (yolo_msgs) StdoutLine: {'line': b'[ 93%] \x1b[32mBuilding C object CMakeFiles/yolo_msgs__rosidl_generator_py.dir/rosidl_generator_py/yolo_msgs/msg/_bounding_box3_d_s.c.o\x1b[0m\n'}
[7.095600] (yolo_msgs) StdoutLine: {'line': b'[ 93%] \x1b[32mBuilding C object CMakeFiles/yolo_msgs__rosidl_generator_py.dir/rosidl_generator_py/yolo_msgs/msg/_key_point2_d_s.c.o\x1b[0m\n'}
[7.095629] (yolo_msgs) StdoutLine: {'line': b'[ 94%] \x1b[32mBuilding C object CMakeFiles/yolo_msgs__rosidl_generator_py.dir/rosidl_generator_py/yolo_msgs/msg/_key_point2_d_array_s.c.o\x1b[0m\n'}
[7.095735] (yolo_msgs) StdoutLine: {'line': b'[ 95%] \x1b[32mBuilding C object CMakeFiles/yolo_msgs__rosidl_generator_py.dir/rosidl_generator_py/yolo_msgs/srv/_set_classes_s.c.o\x1b[0m\n'}
[7.103367] (ydlidar_ros2_driver) StdoutLine: {'line': b'-- Symlinking: /workspaces/install/ydlidar_ros2_driver/lib/ydlidar_ros2_driver/ydlidar_ros2_driver_client\n'}
[7.111813] (ydlidar_ros2_driver) StdoutLine: {'line': b'-- Symlinking: /workspaces/install/ydlidar_ros2_driver/share/ydlidar_ros2_driver/launch/4ros_ydlidar_launch.py\n'}
[7.117379] (-) TimerEvent: {}
[7.120151] (ydlidar_ros2_driver) StdoutLine: {'line': b'-- Symlinking: /workspaces/install/ydlidar_ros2_driver/share/ydlidar_ros2_driver/launch/test_gmapping_launch.py\n'}
[7.130638] (ydlidar_ros2_driver) StdoutLine: {'line': b'-- Symlinking: /workspaces/install/ydlidar_ros2_driver/share/ydlidar_ros2_driver/launch/view_ydlidar_launch.py\n'}
[7.136602] (ydlidar_ros2_driver) StdoutLine: {'line': b'-- Symlinking: /workspaces/install/ydlidar_ros2_driver/share/ydlidar_ros2_driver/launch/x3_ydlidar_launch.py\n'}
[7.143044] (ydlidar_ros2_driver) StdoutLine: {'line': b'-- Symlinking: /workspaces/install/ydlidar_ros2_driver/share/ydlidar_ros2_driver/launch/ydlidar.py\n'}
[7.148906] (ydlidar_ros2_driver) StdoutLine: {'line': b'-- Symlinking: /workspaces/install/ydlidar_ros2_driver/share/ydlidar_ros2_driver/launch/ydlidar_4ros_view_launch.py\n'}
[7.158824] (ydlidar_ros2_driver) StdoutLine: {'line': b'-- Symlinking: /workspaces/install/ydlidar_ros2_driver/share/ydlidar_ros2_driver/launch/ydlidar_launch.py\n'}
[7.165650] (ydlidar_ros2_driver) StdoutLine: {'line': b'-- Symlinking: /workspaces/install/ydlidar_ros2_driver/share/ydlidar_ros2_driver/launch/ydlidar_raw_launch.py\n'}
[7.174967] (ydlidar_ros2_driver) StdoutLine: {'line': b'-- Symlinking: /workspaces/install/ydlidar_ros2_driver/share/ydlidar_ros2_driver/launch/ydlidar_x3_view_launch.py\n'}
[7.184468] (ydlidar_ros2_driver) StdoutLine: {'line': b'-- Symlinking: /workspaces/install/ydlidar_ros2_driver/share/ydlidar_ros2_driver/params/ydlidar.yaml\n'}
[7.193543] (ydlidar_ros2_driver) StdoutLine: {'line': b'-- Symlinking: /workspaces/install/ydlidar_ros2_driver/share/ydlidar_ros2_driver/params/ydlidar_4ros.yaml\n'}
[7.202894] (ydlidar_ros2_driver) StdoutLine: {'line': b'-- Symlinking: /workspaces/install/ydlidar_ros2_driver/share/ydlidar_ros2_driver/params/ydlidar_x3.yaml\n'}
[7.213029] (ydlidar_ros2_driver) StdoutLine: {'line': b'-- Symlinking: /workspaces/install/ydlidar_ros2_driver/share/ydlidar_ros2_driver/startup/initenv.sh\n'}
[7.217540] (-) TimerEvent: {}
[7.223173] (ydlidar_ros2_driver) StdoutLine: {'line': b'-- Symlinking: /workspaces/install/ydlidar_ros2_driver/share/ydlidar_ros2_driver/config/test_gmapping.rviz\n'}
[7.233318] (ydlidar_ros2_driver) StdoutLine: {'line': b'-- Symlinking: /workspaces/install/ydlidar_ros2_driver/share/ydlidar_ros2_driver/config/ydlidar.rviz\n'}
[7.242909] (ydlidar_ros2_driver) StdoutLine: {'line': b'-- Symlinking: /workspaces/install/ydlidar_ros2_driver/share/ament_index/resource_index/package_run_dependencies/ydlidar_ros2_driver\n'}
[7.250159] (ydlidar_ros2_driver) StdoutLine: {'line': b'-- Symlinking: /workspaces/install/ydlidar_ros2_driver/share/ament_index/resource_index/parent_prefix_path/ydlidar_ros2_driver\n'}
[7.256371] (ydlidar_ros2_driver) StdoutLine: {'line': b'-- Symlinking: /workspaces/install/ydlidar_ros2_driver/share/ydlidar_ros2_driver/environment/ament_prefix_path.sh\n'}
[7.262073] (ydlidar_ros2_driver) StdoutLine: {'line': b'-- Symlinking: /workspaces/install/ydlidar_ros2_driver/share/ydlidar_ros2_driver/environment/ament_prefix_path.dsv\n'}
[7.266936] (ydlidar_ros2_driver) StdoutLine: {'line': b'-- Symlinking: /workspaces/install/ydlidar_ros2_driver/share/ydlidar_ros2_driver/environment/path.sh\n'}
[7.273500] (ydlidar_ros2_driver) StdoutLine: {'line': b'-- Symlinking: /workspaces/install/ydlidar_ros2_driver/share/ydlidar_ros2_driver/environment/path.dsv\n'}
[7.278676] (ydlidar_ros2_driver) StdoutLine: {'line': b'-- Symlinking: /workspaces/install/ydlidar_ros2_driver/share/ydlidar_ros2_driver/local_setup.bash\n'}
[7.284381] (ydlidar_ros2_driver) StdoutLine: {'line': b'-- Symlinking: /workspaces/install/ydlidar_ros2_driver/share/ydlidar_ros2_driver/local_setup.sh\n'}
[7.288795] (ydlidar_ros2_driver) StdoutLine: {'line': b'-- Symlinking: /workspaces/install/ydlidar_ros2_driver/share/ydlidar_ros2_driver/local_setup.zsh\n'}
[7.293591] (ydlidar_ros2_driver) StdoutLine: {'line': b'-- Symlinking: /workspaces/install/ydlidar_ros2_driver/share/ydlidar_ros2_driver/local_setup.dsv\n'}
[7.298115] (ydlidar_ros2_driver) StdoutLine: {'line': b'-- Symlinking: /workspaces/install/ydlidar_ros2_driver/share/ydlidar_ros2_driver/package.dsv\n'}
[7.301821] (ydlidar_ros2_driver) StdoutLine: {'line': b'-- Symlinking: /workspaces/install/ydlidar_ros2_driver/share/ament_index/resource_index/packages/ydlidar_ros2_driver\n'}
[7.305542] (ydlidar_ros2_driver) StdoutLine: {'line': b'-- Symlinking: /workspaces/install/ydlidar_ros2_driver/share/ydlidar_ros2_driver/cmake/ydlidar_ros2_driverConfig.cmake\n'}
[7.306016] (yolo_msgs) StdoutLine: {'line': b'[ 96%] \x1b[32m\x1b[1mLinking C shared library libyolo_msgs__rosidl_generator_py.so\x1b[0m\n'}
[7.309931] (ydlidar_ros2_driver) StdoutLine: {'line': b'-- Symlinking: /workspaces/install/ydlidar_ros2_driver/share/ydlidar_ros2_driver/cmake/ydlidar_ros2_driverConfig-version.cmake\n'}
[7.313612] (ydlidar_ros2_driver) StdoutLine: {'line': b'-- Symlinking: /workspaces/install/ydlidar_ros2_driver/share/ydlidar_ros2_driver/package.xml\n'}
[7.317545] (-) TimerEvent: {}
[7.319351] (ydlidar_ros2_driver) CommandEnded: {'returncode': 0}
[7.324849] (ydlidar_ros2_driver) JobEnded: {'identifier': 'ydlidar_ros2_driver', 'rc': 0}
[7.331740] (yolo_msgs) StdoutLine: {'line': b'[ 96%] Built target yolo_msgs__rosidl_generator_py\n'}
[7.342166] (yolo_msgs) StdoutLine: {'line': b'[ 98%] \x1b[32mBuilding C object CMakeFiles/yolo_msgs_s__rosidl_typesupport_introspection_c.dir/rosidl_generator_py/yolo_msgs/_yolo_msgs_s.ep.rosidl_typesupport_introspection_c.c.o\x1b[0m\n'}
[7.342353] (yolo_msgs) StdoutLine: {'line': b'[ 98%] \x1b[32mBuilding C object CMakeFiles/yolo_msgs_s__rosidl_typesupport_fastrtps_c.dir/rosidl_generator_py/yolo_msgs/_yolo_msgs_s.ep.rosidl_typesupport_fastrtps_c.c.o\x1b[0m\n'}
[7.342439] (yolo_msgs) StdoutLine: {'line': b'[ 98%] \x1b[32mBuilding C object CMakeFiles/yolo_msgs_s__rosidl_typesupport_c.dir/rosidl_generator_py/yolo_msgs/_yolo_msgs_s.ep.rosidl_typesupport_c.c.o\x1b[0m\n'}
[7.417662] (-) TimerEvent: {}
[7.452703] (yolo_msgs) StdoutLine: {'line': b'[ 98%] \x1b[32m\x1b[1mLinking C shared module rosidl_generator_py/yolo_msgs/yolo_msgs_s__rosidl_typesupport_fastrtps_c.so\x1b[0m\n'}
[7.452859] (yolo_msgs) StdoutLine: {'line': b'[ 99%] \x1b[32m\x1b[1mLinking C shared module rosidl_generator_py/yolo_msgs/yolo_msgs_s__rosidl_typesupport_introspection_c.so\x1b[0m\n'}
[7.454494] (yolo_msgs) StdoutLine: {'line': b'[100%] \x1b[32m\x1b[1mLinking C shared module rosidl_generator_py/yolo_msgs/yolo_msgs_s__rosidl_typesupport_c.so\x1b[0m\n'}
[7.470541] (yolo_msgs) StdoutLine: {'line': b'[100%] Built target yolo_msgs_s__rosidl_typesupport_fastrtps_c\n'}
[7.470696] (yolo_msgs) StdoutLine: {'line': b'[100%] Built target yolo_msgs_s__rosidl_typesupport_introspection_c\n'}
[7.470767] (yolo_msgs) StdoutLine: {'line': b'[100%] Built target yolo_msgs_s__rosidl_typesupport_c\n'}
[7.476030] (yolo_msgs) CommandEnded: {'returncode': 0}
[7.476381] (yolo_msgs) JobProgress: {'identifier': 'yolo_msgs', 'progress': 'install'}
[7.476473] (yolo_msgs) Command: {'cmd': ['/usr/bin/cmake', '--install', '/workspaces/build/yolo_msgs'], 'cwd': '/workspaces/build/yolo_msgs', 'env': OrderedDict({'HISTFILESIZE': '2147450879', 'GZ_CONFIG_PATH': '/opt/ros/jazzy/opt/sdformat_vendor/share/gz', 'HOSTNAME': '23dc7ad1fa71', 'SHLVL': '1', 'LD_LIBRARY_PATH': '/robot_ws/install/orbbec_camera/lib:/robot_ws/install/orbbec_camera_msgs/lib:/robot_ws/install/kros_car/lib:/opt/ros/jazzy/opt/sdformat_vendor/lib:/opt/ros/jazzy/opt/rviz_ogre_vendor/lib:/opt/ros/jazzy/lib/x86_64-linux-gnu:/opt/ros/jazzy/opt/gz_math_vendor/lib:/opt/ros/jazzy/opt/gz_utils_vendor/lib:/opt/ros/jazzy/opt/gz_tools_vendor/lib:/opt/ros/jazzy/opt/gz_cmake_vendor/lib:/opt/ros/jazzy/lib', 'LESS': '-R', 'HOME': '/root', 'LSCOLORS': 'Gxfxcxdxdxegedabagacad', 'ROS_PYTHON_VERSION': '3', 'PAGER': 'less', 'COLCON_PREFIX_PATH': '/robot_ws/install', 'ROS_DISTRO': 'jazzy', 'OSH': '/root/.oh-my-bash', '_': '/usr/bin/colcon', 'ROS_VERSION': '2', 'TERM': 'xterm', 'DRIVER_WS': '/robot_ws', 'PATH': '/usr/lib/ccache:/robot_ws/install/oradar_lidar/bin:/opt/ros/jazzy/opt/gz_tools_vendor/bin:/opt/ros/jazzy/bin:/usr/local/sbin:/usr/local/bin:/usr/sbin:/usr/bin:/sbin:/bin', 'ydlidar_sdk_DIR': '/usr/lib/cmake/ydlidar_sdk', 'HISTSIZE': '2147450879', 'LANG': 'C.UTF-8', 'LS_COLORS': 'rs=0:di=01;34:ln=01;36:mh=00:pi=40;33:so=01;35:do=01;35:bd=40;33;01:cd=40;33;01:or=40;31;01:mi=00:su=37;41:sg=30;43:ca=00:tw=30;42:ow=34;42:st=37;44:ex=01;32:*.tar=01;31:*.tgz=01;31:*.arc=01;31:*.arj=01;31:*.taz=01;31:*.lha=01;31:*.lz4=01;31:*.lzh=01;31:*.lzma=01;31:*.tlz=01;31:*.txz=01;31:*.tzo=01;31:*.t7z=01;31:*.zip=01;31:*.z=01;31:*.dz=01;31:*.gz=01;31:*.lrz=01;31:*.lz=01;31:*.lzo=01;31:*.xz=01;31:*.zst=01;31:*.tzst=01;31:*.bz2=01;31:*.bz=01;31:*.tbz=01;31:*.tbz2=01;31:*.tz=01;31:*.deb=01;31:*.rpm=01;31:*.jar=01;31:*.war=01;31:*.ear=01;31:*.sar=01;31:*.rar=01;31:*.alz=01;31:*.ace=01;31:*.zoo=01;31:*.cpio=01;31:*.7z=01;31:*.rz=01;31:*.cab=01;31:*.wim=01;31:*.swm=01;31:*.dwm=01;31:*.esd=01;31:*.avif=01;35:*.jpg=01;35:*.jpeg=01;35:*.mjpg=01;35:*.mjpeg=01;35:*.gif=01;35:*.bmp=01;35:*.pbm=01;35:*.pgm=01;35:*.ppm=01;35:*.tga=01;35:*.xbm=01;35:*.xpm=01;35:*.tif=01;35:*.tiff=01;35:*.png=01;35:*.svg=01;35:*.svgz=01;35:*.mng=01;35:*.pcx=01;35:*.mov=01;35:*.mpg=01;35:*.mpeg=01;35:*.m2v=01;35:*.mkv=01;35:*.webm=01;35:*.webp=01;35:*.ogm=01;35:*.mp4=01;35:*.m4v=01;35:*.mp4v=01;35:*.vob=01;35:*.qt=01;35:*.nuv=01;35:*.wmv=01;35:*.asf=01;35:*.rm=01;35:*.rmvb=01;35:*.flc=01;35:*.avi=01;35:*.fli=01;35:*.flv=01;35:*.gl=01;35:*.dl=01;35:*.xcf=01;35:*.xwd=01;35:*.yuv=01;35:*.cgm=01;35:*.emf=01;35:*.ogv=01;35:*.ogx=01;35:*.aac=00;36:*.au=00;36:*.flac=00;36:*.m4a=00;36:*.mid=00;36:*.midi=00;36:*.mka=00;36:*.mp3=00;36:*.mpc=00;36:*.ogg=00;36:*.ra=00;36:*.wav=00;36:*.oga=00;36:*.opus=00;36:*.spx=00;36:*.xspf=00;36:*~=00;90:*#=00;90:*.bak=00;90:*.crdownload=00;90:*.dpkg-dist=00;90:*.dpkg-new=00;90:*.dpkg-old=00;90:*.dpkg-tmp=00;90:*.old=00;90:*.orig=00;90:*.part=00;90:*.rej=00;90:*.rpmnew=00;90:*.rpmorig=00;90:*.rpmsave=00;90:*.swp=00;90:*.tmp=00;90:*.ucf-dist=00;90:*.ucf-new=00;90:*.ucf-old=00;90:', 'ROS_DOMAIN_ID': '0', 'AMENT_PREFIX_PATH': '/robot_ws/install/orbbec_description:/robot_ws/install/orbbec_camera:/robot_ws/install/orbbec_camera_msgs:/robot_ws/install/oradar_lidar:/robot_ws/install/lidar_pkg:/robot_ws/install/kros_car:/robot_ws/install/kros_car_description:/opt/ros/jazzy', 'ROS_AUTOMATIC_DISCOVERY_RANGE': 'SUBNET', 'PWD': '/workspaces/build/yolo_msgs', 'LC_ALL': 'C.UTF-8', 'PYTHONPATH': '/robot_ws/install/orbbec_camera_msgs/lib/python3.12/site-packages:/robot_ws/build/lidar_pkg:/robot_ws/install/lidar_pkg/lib/python3.12/site-packages:/opt/ros/jazzy/lib/python3.12/site-packages', 'COLCON': '1', 'CMAKE_PREFIX_PATH': '/robot_ws/install/orbbec_description:/robot_ws/install/orbbec_camera:/robot_ws/install/orbbec_camera_msgs:/robot_ws/install/oradar_lidar:/robot_ws/install/kros_car:/robot_ws/install/kros_car_description:/opt/ros/jazzy/opt/sdformat_vendor:/opt/ros/jazzy/opt/gz_math_vendor:/opt/ros/jazzy/opt/gz_utils_vendor:/opt/ros/jazzy/opt/gz_tools_vendor:/opt/ros/jazzy/opt/gz_cmake_vendor:/robot_ws/install/lidar_pkg:/opt/ros/jazzy', 'ROS2_WS': '/workspaces'}), 'shell': False}
[7.480175] (yolo_msgs) StdoutLine: {'line': b'-- Install configuration: ""\n'}
[7.480551] (yolo_msgs) StdoutLine: {'line': b'-- Execute custom install script\n'}
[7.480707] (yolo_msgs) StdoutLine: {'line': b'-- Symlinking: /workspaces/install/yolo_msgs/share/ament_index/resource_index/rosidl_interfaces/yolo_msgs\n'}
[7.485471] (yolo_msgs) StdoutLine: {'line': b'-- Symlinking: /workspaces/install/yolo_msgs/share/yolo_msgs/msg/Point2D.json\n'}
[7.489534] (yolo_msgs) StdoutLine: {'line': b'-- Symlinking: /workspaces/install/yolo_msgs/share/yolo_msgs/msg/Vector2.json\n'}
[7.494045] (yolo_msgs) StdoutLine: {'line': b'-- Symlinking: /workspaces/install/yolo_msgs/share/yolo_msgs/msg/Pose2D.json\n'}
[7.497427] (yolo_msgs) StdoutLine: {'line': b'-- Symlinking: /workspaces/install/yolo_msgs/share/yolo_msgs/msg/BoundingBox2D.json\n'}
[7.501128] (yolo_msgs) StdoutLine: {'line': b'-- Symlinking: /workspaces/install/yolo_msgs/share/yolo_msgs/msg/BoundingBox3D.json\n'}
[7.505281] (yolo_msgs) StdoutLine: {'line': b'-- Symlinking: /workspaces/install/yolo_msgs/share/yolo_msgs/msg/Mask.json\n'}
[7.509019] (yolo_msgs) StdoutLine: {'line': b'-- Symlinking: /workspaces/install/yolo_msgs/share/yolo_msgs/msg/KeyPoint2D.json\n'}
[7.512288] (yolo_msgs) StdoutLine: {'line': b'-- Symlinking: /workspaces/install/yolo_msgs/share/yolo_msgs/msg/KeyPoint2DArray.json\n'}
[7.515597] (yolo_msgs) StdoutLine: {'line': b'-- Symlinking: /workspaces/install/yolo_msgs/share/yolo_msgs/msg/KeyPoint3D.json\n'}
[7.517705] (-) TimerEvent: {}
[7.519898] (yolo_msgs) StdoutLine: {'line': b'-- Symlinking: /workspaces/install/yolo_msgs/share/yolo_msgs/msg/KeyPoint3DArray.json\n'}
[7.523477] (yolo_msgs) StdoutLine: {'line': b'-- Symlinking: /workspaces/install/yolo_msgs/share/yolo_msgs/msg/Detection.json\n'}
[7.526930] (yolo_msgs) StdoutLine: {'line': b'-- Symlinking: /workspaces/install/yolo_msgs/share/yolo_msgs/msg/DetectionArray.json\n'}
[7.530481] (yolo_msgs) StdoutLine: {'line': b'-- Symlinking: /workspaces/install/yolo_msgs/share/yolo_msgs/srv/SetClasses.json\n'}
[7.534461] (yolo_msgs) StdoutLine: {'line': b'-- Symlinking: /workspaces/install/yolo_msgs/include/yolo_msgs/yolo_msgs/msg/bounding_box2_d.h\n'}
[7.537780] (yolo_msgs) StdoutLine: {'line': b'-- Symlinking: /workspaces/install/yolo_msgs/include/yolo_msgs/yolo_msgs/msg/bounding_box3_d.h\n'}
[7.541276] (yolo_msgs) StdoutLine: {'line': b'-- Symlinking: /workspaces/install/yolo_msgs/include/yolo_msgs/yolo_msgs/msg/detail/bounding_box2_d__functions.h\n'}
[7.545126] (yolo_msgs) StdoutLine: {'line': b'-- Symlinking: /workspaces/install/yolo_msgs/include/yolo_msgs/yolo_msgs/msg/detail/bounding_box2_d__struct.h\n'}
[7.548798] (yolo_msgs) StdoutLine: {'line': b'-- Symlinking: /workspaces/install/yolo_msgs/include/yolo_msgs/yolo_msgs/msg/detail/bounding_box2_d__type_support.h\n'}
[7.553938] (yolo_msgs) StdoutLine: {'line': b'-- Symlinking: /workspaces/install/yolo_msgs/include/yolo_msgs/yolo_msgs/msg/detail/bounding_box3_d__functions.h\n'}
[7.557453] (yolo_msgs) StdoutLine: {'line': b'-- Symlinking: /workspaces/install/yolo_msgs/include/yolo_msgs/yolo_msgs/msg/detail/bounding_box3_d__struct.h\n'}
[7.560963] (yolo_msgs) StdoutLine: {'line': b'-- Symlinking: /workspaces/install/yolo_msgs/include/yolo_msgs/yolo_msgs/msg/detail/bounding_box3_d__type_support.h\n'}
[7.564907] (yolo_msgs) StdoutLine: {'line': b'-- Symlinking: /workspaces/install/yolo_msgs/include/yolo_msgs/yolo_msgs/msg/detail/detection__functions.h\n'}
[7.568391] (yolo_msgs) StdoutLine: {'line': b'-- Symlinking: /workspaces/install/yolo_msgs/include/yolo_msgs/yolo_msgs/msg/detail/detection__struct.h\n'}
[7.572111] (yolo_msgs) StdoutLine: {'line': b'-- Symlinking: /workspaces/install/yolo_msgs/include/yolo_msgs/yolo_msgs/msg/detail/detection__type_support.h\n'}
[7.576861] (yolo_msgs) StdoutLine: {'line': b'-- Symlinking: /workspaces/install/yolo_msgs/include/yolo_msgs/yolo_msgs/msg/detail/detection_array__functions.h\n'}
[7.580182] (yolo_msgs) StdoutLine: {'line': b'-- Symlinking: /workspaces/install/yolo_msgs/include/yolo_msgs/yolo_msgs/msg/detail/detection_array__struct.h\n'}
[7.583868] (yolo_msgs) StdoutLine: {'line': b'-- Symlinking: /workspaces/install/yolo_msgs/include/yolo_msgs/yolo_msgs/msg/detail/detection_array__type_support.h\n'}
[7.587288] (yolo_msgs) StdoutLine: {'line': b'-- Symlinking: /workspaces/install/yolo_msgs/include/yolo_msgs/yolo_msgs/msg/detail/key_point2_d__functions.h\n'}
[7.590703] (yolo_msgs) StdoutLine: {'line': b'-- Symlinking: /workspaces/install/yolo_msgs/include/yolo_msgs/yolo_msgs/msg/detail/key_point2_d__struct.h\n'}
[7.593918] (yolo_msgs) StdoutLine: {'line': b'-- Symlinking: /workspaces/install/yolo_msgs/include/yolo_msgs/yolo_msgs/msg/detail/key_point2_d__type_support.h\n'}
[7.598232] (yolo_msgs) StdoutLine: {'line': b'-- Symlinking: /workspaces/install/yolo_msgs/include/yolo_msgs/yolo_msgs/msg/detail/key_point2_d_array__functions.h\n'}
[7.601420] (yolo_msgs) StdoutLine: {'line': b'-- Symlinking: /workspaces/install/yolo_msgs/include/yolo_msgs/yolo_msgs/msg/detail/key_point2_d_array__struct.h\n'}
[7.604558] (yolo_msgs) StdoutLine: {'line': b'-- Symlinking: /workspaces/install/yolo_msgs/include/yolo_msgs/yolo_msgs/msg/detail/key_point2_d_array__type_support.h\n'}
[7.608878] (yolo_msgs) StdoutLine: {'line': b'-- Symlinking: /workspaces/install/yolo_msgs/include/yolo_msgs/yolo_msgs/msg/detail/key_point3_d__functions.h\n'}
[7.613225] (yolo_msgs) StdoutLine: {'line': b'-- Symlinking: /workspaces/install/yolo_msgs/include/yolo_msgs/yolo_msgs/msg/detail/key_point3_d__struct.h\n'}
[7.616335] (yolo_msgs) StdoutLine: {'line': b'-- Symlinking: /workspaces/install/yolo_msgs/include/yolo_msgs/yolo_msgs/msg/detail/key_point3_d__type_support.h\n'}
[7.617765] (-) TimerEvent: {}
[7.619637] (yolo_msgs) StdoutLine: {'line': b'-- Symlinking: /workspaces/install/yolo_msgs/include/yolo_msgs/yolo_msgs/msg/detail/key_point3_d_array__functions.h\n'}
[7.624056] (yolo_msgs) StdoutLine: {'line': b'-- Symlinking: /workspaces/install/yolo_msgs/include/yolo_msgs/yolo_msgs/msg/detail/key_point3_d_array__struct.h\n'}
[7.628105] (yolo_msgs) StdoutLine: {'line': b'-- Symlinking: /workspaces/install/yolo_msgs/include/yolo_msgs/yolo_msgs/msg/detail/key_point3_d_array__type_support.h\n'}
[7.632132] (yolo_msgs) StdoutLine: {'line': b'-- Symlinking: /workspaces/install/yolo_msgs/include/yolo_msgs/yolo_msgs/msg/detail/mask__functions.h\n'}
[7.635660] (yolo_msgs) StdoutLine: {'line': b'-- Symlinking: /workspaces/install/yolo_msgs/include/yolo_msgs/yolo_msgs/msg/detail/mask__struct.h\n'}
[7.639220] (yolo_msgs) StdoutLine: {'line': b'-- Symlinking: /workspaces/install/yolo_msgs/include/yolo_msgs/yolo_msgs/msg/detail/mask__type_support.h\n'}
[7.643925] (yolo_msgs) StdoutLine: {'line': b'-- Symlinking: /workspaces/install/yolo_msgs/include/yolo_msgs/yolo_msgs/msg/detail/point2_d__functions.h\n'}
[7.648503] (yolo_msgs) StdoutLine: {'line': b'-- Symlinking: /workspaces/install/yolo_msgs/include/yolo_msgs/yolo_msgs/msg/detail/point2_d__struct.h\n'}
[7.652783] (yolo_msgs) StdoutLine: {'line': b'-- Symlinking: /workspaces/install/yolo_msgs/include/yolo_msgs/yolo_msgs/msg/detail/point2_d__type_support.h\n'}
[7.656203] (yolo_msgs) StdoutLine: {'line': b'-- Symlinking: /workspaces/install/yolo_msgs/include/yolo_msgs/yolo_msgs/msg/detail/pose2_d__functions.h\n'}
[7.659604] (yolo_msgs) StdoutLine: {'line': b'-- Symlinking: /workspaces/install/yolo_msgs/include/yolo_msgs/yolo_msgs/msg/detail/pose2_d__struct.h\n'}
[7.662923] (yolo_msgs) StdoutLine: {'line': b'-- Symlinking: /workspaces/install/yolo_msgs/include/yolo_msgs/yolo_msgs/msg/detail/pose2_d__type_support.h\n'}
[7.667335] (yolo_msgs) StdoutLine: {'line': b'-- Symlinking: /workspaces/install/yolo_msgs/include/yolo_msgs/yolo_msgs/msg/detail/vector2__functions.h\n'}
[7.670603] (yolo_msgs) StdoutLine: {'line': b'-- Symlinking: /workspaces/install/yolo_msgs/include/yolo_msgs/yolo_msgs/msg/detail/vector2__struct.h\n'}
[7.674965] (yolo_msgs) StdoutLine: {'line': b'-- Symlinking: /workspaces/install/yolo_msgs/include/yolo_msgs/yolo_msgs/msg/detail/vector2__type_support.h\n'}
[7.678321] (yolo_msgs) StdoutLine: {'line': b'-- Symlinking: /workspaces/install/yolo_msgs/include/yolo_msgs/yolo_msgs/msg/detection.h\n'}
[7.682476] (yolo_msgs) StdoutLine: {'line': b'-- Symlinking: /workspaces/install/yolo_msgs/include/yolo_msgs/yolo_msgs/msg/detection_array.h\n'}
[7.686601] (yolo_msgs) StdoutLine: {'line': b'-- Symlinking: /workspaces/install/yolo_msgs/include/yolo_msgs/yolo_msgs/msg/key_point2_d.h\n'}
[7.691028] (yolo_msgs) StdoutLine: {'line': b'-- Symlinking: /workspaces/install/yolo_msgs/include/yolo_msgs/yolo_msgs/msg/key_point2_d_array.h\n'}
[7.694344] (yolo_msgs) StdoutLine: {'line': b'-- Symlinking: /workspaces/install/yolo_msgs/include/yolo_msgs/yolo_msgs/msg/key_point3_d.h\n'}
[7.698707] (yolo_msgs) StdoutLine: {'line': b'-- Symlinking: /workspaces/install/yolo_msgs/include/yolo_msgs/yolo_msgs/msg/key_point3_d_array.h\n'}
[7.702003] (yolo_msgs) StdoutLine: {'line': b'-- Symlinking: /workspaces/install/yolo_msgs/include/yolo_msgs/yolo_msgs/msg/mask.h\n'}
[7.705982] (yolo_msgs) StdoutLine: {'line': b'-- Symlinking: /workspaces/install/yolo_msgs/include/yolo_msgs/yolo_msgs/msg/point2_d.h\n'}
[7.710485] (yolo_msgs) StdoutLine: {'line': b'-- Symlinking: /workspaces/install/yolo_msgs/include/yolo_msgs/yolo_msgs/msg/pose2_d.h\n'}
[7.713726] (yolo_msgs) StdoutLine: {'line': b'-- Symlinking: /workspaces/install/yolo_msgs/include/yolo_msgs/yolo_msgs/msg/rosidl_generator_c__visibility_control.h\n'}
[7.716837] (yolo_msgs) StdoutLine: {'line': b'-- Symlinking: /workspaces/install/yolo_msgs/include/yolo_msgs/yolo_msgs/msg/vector2.h\n'}
[7.717824] (-) TimerEvent: {}
[7.721133] (yolo_msgs) StdoutLine: {'line': b'-- Symlinking: /workspaces/install/yolo_msgs/include/yolo_msgs/yolo_msgs/srv/detail/set_classes__functions.h\n'}
[7.725576] (yolo_msgs) StdoutLine: {'line': b'-- Symlinking: /workspaces/install/yolo_msgs/include/yolo_msgs/yolo_msgs/srv/detail/set_classes__struct.h\n'}
[7.730091] (yolo_msgs) StdoutLine: {'line': b'-- Symlinking: /workspaces/install/yolo_msgs/include/yolo_msgs/yolo_msgs/srv/detail/set_classes__type_support.h\n'}
[7.734660] (yolo_msgs) StdoutLine: {'line': b'-- Symlinking: /workspaces/install/yolo_msgs/include/yolo_msgs/yolo_msgs/srv/set_classes.h\n'}
[7.738586] (yolo_msgs) StdoutLine: {'line': b'-- Symlinking: /workspaces/install/yolo_msgs/share/yolo_msgs/environment/library_path.sh\n'}
[7.742875] (yolo_msgs) StdoutLine: {'line': b'-- Symlinking: /workspaces/install/yolo_msgs/share/yolo_msgs/environment/library_path.dsv\n'}
[7.747898] (yolo_msgs) StdoutLine: {'line': b'-- Symlinking: /workspaces/install/yolo_msgs/include/yolo_msgs/yolo_msgs/msg/detail/bounding_box2_d__rosidl_typesupport_fastrtps_c.h\n'}
[7.751543] (yolo_msgs) StdoutLine: {'line': b'-- Symlinking: /workspaces/install/yolo_msgs/include/yolo_msgs/yolo_msgs/msg/detail/bounding_box3_d__rosidl_typesupport_fastrtps_c.h\n'}
[7.755389] (yolo_msgs) StdoutLine: {'line': b'-- Symlinking: /workspaces/install/yolo_msgs/include/yolo_msgs/yolo_msgs/msg/detail/detection__rosidl_typesupport_fastrtps_c.h\n'}
[7.758906] (yolo_msgs) StdoutLine: {'line': b'-- Symlinking: /workspaces/install/yolo_msgs/include/yolo_msgs/yolo_msgs/msg/detail/detection_array__rosidl_typesupport_fastrtps_c.h\n'}
[7.763238] (yolo_msgs) StdoutLine: {'line': b'-- Symlinking: /workspaces/install/yolo_msgs/include/yolo_msgs/yolo_msgs/msg/detail/key_point2_d__rosidl_typesupport_fastrtps_c.h\n'}
[7.766875] (yolo_msgs) StdoutLine: {'line': b'-- Symlinking: /workspaces/install/yolo_msgs/include/yolo_msgs/yolo_msgs/msg/detail/key_point2_d_array__rosidl_typesupport_fastrtps_c.h\n'}
[7.770552] (yolo_msgs) StdoutLine: {'line': b'-- Symlinking: /workspaces/install/yolo_msgs/include/yolo_msgs/yolo_msgs/msg/detail/key_point3_d__rosidl_typesupport_fastrtps_c.h\n'}
[7.774155] (yolo_msgs) StdoutLine: {'line': b'-- Symlinking: /workspaces/install/yolo_msgs/include/yolo_msgs/yolo_msgs/msg/detail/key_point3_d_array__rosidl_typesupport_fastrtps_c.h\n'}
[7.777651] (yolo_msgs) StdoutLine: {'line': b'-- Symlinking: /workspaces/install/yolo_msgs/include/yolo_msgs/yolo_msgs/msg/detail/mask__rosidl_typesupport_fastrtps_c.h\n'}
[7.781456] (yolo_msgs) StdoutLine: {'line': b'-- Symlinking: /workspaces/install/yolo_msgs/include/yolo_msgs/yolo_msgs/msg/detail/point2_d__rosidl_typesupport_fastrtps_c.h\n'}
[7.784976] (yolo_msgs) StdoutLine: {'line': b'-- Symlinking: /workspaces/install/yolo_msgs/include/yolo_msgs/yolo_msgs/msg/detail/pose2_d__rosidl_typesupport_fastrtps_c.h\n'}
[7.788601] (yolo_msgs) StdoutLine: {'line': b'-- Symlinking: /workspaces/install/yolo_msgs/include/yolo_msgs/yolo_msgs/msg/detail/vector2__rosidl_typesupport_fastrtps_c.h\n'}
[7.792349] (yolo_msgs) StdoutLine: {'line': b'-- Symlinking: /workspaces/install/yolo_msgs/include/yolo_msgs/yolo_msgs/msg/rosidl_typesupport_fastrtps_c__visibility_control.h\n'}
[7.795574] (yolo_msgs) StdoutLine: {'line': b'-- Symlinking: /workspaces/install/yolo_msgs/include/yolo_msgs/yolo_msgs/srv/detail/set_classes__rosidl_typesupport_fastrtps_c.h\n'}
[7.799074] (yolo_msgs) StdoutLine: {'line': b'-- Symlinking: /workspaces/install/yolo_msgs/include/yolo_msgs/yolo_msgs/msg/detail/bounding_box2_d__rosidl_typesupport_introspection_c.h\n'}
[7.802410] (yolo_msgs) StdoutLine: {'line': b'-- Symlinking: /workspaces/install/yolo_msgs/include/yolo_msgs/yolo_msgs/msg/detail/bounding_box3_d__rosidl_typesupport_introspection_c.h\n'}
[7.807051] (yolo_msgs) StdoutLine: {'line': b'-- Symlinking: /workspaces/install/yolo_msgs/include/yolo_msgs/yolo_msgs/msg/detail/detection__rosidl_typesupport_introspection_c.h\n'}
[7.811930] (yolo_msgs) StdoutLine: {'line': b'-- Symlinking: /workspaces/install/yolo_msgs/include/yolo_msgs/yolo_msgs/msg/detail/detection_array__rosidl_typesupport_introspection_c.h\n'}
[7.816634] (yolo_msgs) StdoutLine: {'line': b'-- Symlinking: /workspaces/install/yolo_msgs/include/yolo_msgs/yolo_msgs/msg/detail/key_point2_d__rosidl_typesupport_introspection_c.h\n'}
[7.817904] (-) TimerEvent: {}
[7.820457] (yolo_msgs) StdoutLine: {'line': b'-- Symlinking: /workspaces/install/yolo_msgs/include/yolo_msgs/yolo_msgs/msg/detail/key_point2_d_array__rosidl_typesupport_introspection_c.h\n'}
[7.824941] (yolo_msgs) StdoutLine: {'line': b'-- Symlinking: /workspaces/install/yolo_msgs/include/yolo_msgs/yolo_msgs/msg/detail/key_point3_d__rosidl_typesupport_introspection_c.h\n'}
[7.829494] (yolo_msgs) StdoutLine: {'line': b'-- Symlinking: /workspaces/install/yolo_msgs/include/yolo_msgs/yolo_msgs/msg/detail/key_point3_d_array__rosidl_typesupport_introspection_c.h\n'}
[7.833731] (yolo_msgs) StdoutLine: {'line': b'-- Symlinking: /workspaces/install/yolo_msgs/include/yolo_msgs/yolo_msgs/msg/detail/mask__rosidl_typesupport_introspection_c.h\n'}
[7.837466] (yolo_msgs) StdoutLine: {'line': b'-- Symlinking: /workspaces/install/yolo_msgs/include/yolo_msgs/yolo_msgs/msg/detail/point2_d__rosidl_typesupport_introspection_c.h\n'}
[7.841839] (yolo_msgs) StdoutLine: {'line': b'-- Symlinking: /workspaces/install/yolo_msgs/include/yolo_msgs/yolo_msgs/msg/detail/pose2_d__rosidl_typesupport_introspection_c.h\n'}
[7.846795] (yolo_msgs) StdoutLine: {'line': b'-- Symlinking: /workspaces/install/yolo_msgs/include/yolo_msgs/yolo_msgs/msg/detail/vector2__rosidl_typesupport_introspection_c.h\n'}
[7.850440] (yolo_msgs) StdoutLine: {'line': b'-- Symlinking: /workspaces/install/yolo_msgs/include/yolo_msgs/yolo_msgs/msg/rosidl_typesupport_introspection_c__visibility_control.h\n'}
[7.854010] (yolo_msgs) StdoutLine: {'line': b'-- Symlinking: /workspaces/install/yolo_msgs/include/yolo_msgs/yolo_msgs/srv/detail/set_classes__rosidl_typesupport_introspection_c.h\n'}
[7.857941] (yolo_msgs) StdoutLine: {'line': b'-- Symlinking: /workspaces/install/yolo_msgs/include/yolo_msgs/yolo_msgs/msg/bounding_box2_d.hpp\n'}
[7.861354] (yolo_msgs) StdoutLine: {'line': b'-- Symlinking: /workspaces/install/yolo_msgs/include/yolo_msgs/yolo_msgs/msg/bounding_box3_d.hpp\n'}
[7.864805] (yolo_msgs) StdoutLine: {'line': b'-- Symlinking: /workspaces/install/yolo_msgs/include/yolo_msgs/yolo_msgs/msg/detail/bounding_box2_d__builder.hpp\n'}
[7.868023] (yolo_msgs) StdoutLine: {'line': b'-- Symlinking: /workspaces/install/yolo_msgs/include/yolo_msgs/yolo_msgs/msg/detail/bounding_box2_d__struct.hpp\n'}
[7.871174] (yolo_msgs) StdoutLine: {'line': b'-- Symlinking: /workspaces/install/yolo_msgs/include/yolo_msgs/yolo_msgs/msg/detail/bounding_box2_d__traits.hpp\n'}
[7.875640] (yolo_msgs) StdoutLine: {'line': b'-- Symlinking: /workspaces/install/yolo_msgs/include/yolo_msgs/yolo_msgs/msg/detail/bounding_box2_d__type_support.hpp\n'}
[7.879033] (yolo_msgs) StdoutLine: {'line': b'-- Symlinking: /workspaces/install/yolo_msgs/include/yolo_msgs/yolo_msgs/msg/detail/bounding_box3_d__builder.hpp\n'}
[7.882745] (yolo_msgs) StdoutLine: {'line': b'-- Symlinking: /workspaces/install/yolo_msgs/include/yolo_msgs/yolo_msgs/msg/detail/bounding_box3_d__struct.hpp\n'}
[7.887048] (yolo_msgs) StdoutLine: {'line': b'-- Symlinking: /workspaces/install/yolo_msgs/include/yolo_msgs/yolo_msgs/msg/detail/bounding_box3_d__traits.hpp\n'}
[7.890488] (yolo_msgs) StdoutLine: {'line': b'-- Symlinking: /workspaces/install/yolo_msgs/include/yolo_msgs/yolo_msgs/msg/detail/bounding_box3_d__type_support.hpp\n'}
[7.893698] (yolo_msgs) StdoutLine: {'line': b'-- Symlinking: /workspaces/install/yolo_msgs/include/yolo_msgs/yolo_msgs/msg/detail/detection__builder.hpp\n'}
[7.897755] (yolo_msgs) StdoutLine: {'line': b'-- Symlinking: /workspaces/install/yolo_msgs/include/yolo_msgs/yolo_msgs/msg/detail/detection__struct.hpp\n'}
[7.901214] (yolo_msgs) StdoutLine: {'line': b'-- Symlinking: /workspaces/install/yolo_msgs/include/yolo_msgs/yolo_msgs/msg/detail/detection__traits.hpp\n'}
[7.905295] (yolo_msgs) StdoutLine: {'line': b'-- Symlinking: /workspaces/install/yolo_msgs/include/yolo_msgs/yolo_msgs/msg/detail/detection__type_support.hpp\n'}
[7.909498] (yolo_msgs) StdoutLine: {'line': b'-- Symlinking: /workspaces/install/yolo_msgs/include/yolo_msgs/yolo_msgs/msg/detail/detection_array__builder.hpp\n'}
[7.913451] (yolo_msgs) StdoutLine: {'line': b'-- Symlinking: /workspaces/install/yolo_msgs/include/yolo_msgs/yolo_msgs/msg/detail/detection_array__struct.hpp\n'}
[7.916876] (yolo_msgs) StdoutLine: {'line': b'-- Symlinking: /workspaces/install/yolo_msgs/include/yolo_msgs/yolo_msgs/msg/detail/detection_array__traits.hpp\n'}
[7.917959] (-) TimerEvent: {}
[7.920090] (yolo_msgs) StdoutLine: {'line': b'-- Symlinking: /workspaces/install/yolo_msgs/include/yolo_msgs/yolo_msgs/msg/detail/detection_array__type_support.hpp\n'}
[7.923720] (yolo_msgs) StdoutLine: {'line': b'-- Symlinking: /workspaces/install/yolo_msgs/include/yolo_msgs/yolo_msgs/msg/detail/key_point2_d__builder.hpp\n'}
[7.927553] (yolo_msgs) StdoutLine: {'line': b'-- Symlinking: /workspaces/install/yolo_msgs/include/yolo_msgs/yolo_msgs/msg/detail/key_point2_d__struct.hpp\n'}
[7.931340] (yolo_msgs) StdoutLine: {'line': b'-- Symlinking: /workspaces/install/yolo_msgs/include/yolo_msgs/yolo_msgs/msg/detail/key_point2_d__traits.hpp\n'}
[7.935006] (yolo_msgs) StdoutLine: {'line': b'-- Symlinking: /workspaces/install/yolo_msgs/include/yolo_msgs/yolo_msgs/msg/detail/key_point2_d__type_support.hpp\n'}
[7.938596] (yolo_msgs) StdoutLine: {'line': b'-- Symlinking: /workspaces/install/yolo_msgs/include/yolo_msgs/yolo_msgs/msg/detail/key_point2_d_array__builder.hpp\n'}
[7.942280] (yolo_msgs) StdoutLine: {'line': b'-- Symlinking: /workspaces/install/yolo_msgs/include/yolo_msgs/yolo_msgs/msg/detail/key_point2_d_array__struct.hpp\n'}
[7.945949] (yolo_msgs) StdoutLine: {'line': b'-- Symlinking: /workspaces/install/yolo_msgs/include/yolo_msgs/yolo_msgs/msg/detail/key_point2_d_array__traits.hpp\n'}
[7.950404] (yolo_msgs) StdoutLine: {'line': b'-- Symlinking: /workspaces/install/yolo_msgs/include/yolo_msgs/yolo_msgs/msg/detail/key_point2_d_array__type_support.hpp\n'}
[7.953834] (yolo_msgs) StdoutLine: {'line': b'-- Symlinking: /workspaces/install/yolo_msgs/include/yolo_msgs/yolo_msgs/msg/detail/key_point3_d__builder.hpp\n'}
[7.958211] (yolo_msgs) StdoutLine: {'line': b'-- Symlinking: /workspaces/install/yolo_msgs/include/yolo_msgs/yolo_msgs/msg/detail/key_point3_d__struct.hpp\n'}
[7.961541] (yolo_msgs) StdoutLine: {'line': b'-- Symlinking: /workspaces/install/yolo_msgs/include/yolo_msgs/yolo_msgs/msg/detail/key_point3_d__traits.hpp\n'}
[7.965884] (yolo_msgs) StdoutLine: {'line': b'-- Symlinking: /workspaces/install/yolo_msgs/include/yolo_msgs/yolo_msgs/msg/detail/key_point3_d__type_support.hpp\n'}
[7.968994] (yolo_msgs) StdoutLine: {'line': b'-- Symlinking: /workspaces/install/yolo_msgs/include/yolo_msgs/yolo_msgs/msg/detail/key_point3_d_array__builder.hpp\n'}
[7.972441] (yolo_msgs) StdoutLine: {'line': b'-- Symlinking: /workspaces/install/yolo_msgs/include/yolo_msgs/yolo_msgs/msg/detail/key_point3_d_array__struct.hpp\n'}
[7.976903] (yolo_msgs) StdoutLine: {'line': b'-- Symlinking: /workspaces/install/yolo_msgs/include/yolo_msgs/yolo_msgs/msg/detail/key_point3_d_array__traits.hpp\n'}
[7.980132] (yolo_msgs) StdoutLine: {'line': b'-- Symlinking: /workspaces/install/yolo_msgs/include/yolo_msgs/yolo_msgs/msg/detail/key_point3_d_array__type_support.hpp\n'}
[7.984528] (yolo_msgs) StdoutLine: {'line': b'-- Symlinking: /workspaces/install/yolo_msgs/include/yolo_msgs/yolo_msgs/msg/detail/mask__builder.hpp\n'}
[7.988145] (yolo_msgs) StdoutLine: {'line': b'-- Symlinking: /workspaces/install/yolo_msgs/include/yolo_msgs/yolo_msgs/msg/detail/mask__struct.hpp\n'}
[7.991945] (yolo_msgs) StdoutLine: {'line': b'-- Symlinking: /workspaces/install/yolo_msgs/include/yolo_msgs/yolo_msgs/msg/detail/mask__traits.hpp\n'}
[7.995356] (yolo_msgs) StdoutLine: {'line': b'-- Symlinking: /workspaces/install/yolo_msgs/include/yolo_msgs/yolo_msgs/msg/detail/mask__type_support.hpp\n'}
[7.998620] (yolo_msgs) StdoutLine: {'line': b'-- Symlinking: /workspaces/install/yolo_msgs/include/yolo_msgs/yolo_msgs/msg/detail/point2_d__builder.hpp\n'}
[8.001779] (yolo_msgs) StdoutLine: {'line': b'-- Symlinking: /workspaces/install/yolo_msgs/include/yolo_msgs/yolo_msgs/msg/detail/point2_d__struct.hpp\n'}
[8.005049] (yolo_msgs) StdoutLine: {'line': b'-- Symlinking: /workspaces/install/yolo_msgs/include/yolo_msgs/yolo_msgs/msg/detail/point2_d__traits.hpp\n'}
[8.008400] (yolo_msgs) StdoutLine: {'line': b'-- Symlinking: /workspaces/install/yolo_msgs/include/yolo_msgs/yolo_msgs/msg/detail/point2_d__type_support.hpp\n'}
[8.011551] (yolo_msgs) StdoutLine: {'line': b'-- Symlinking: /workspaces/install/yolo_msgs/include/yolo_msgs/yolo_msgs/msg/detail/pose2_d__builder.hpp\n'}
[8.014834] (yolo_msgs) StdoutLine: {'line': b'-- Symlinking: /workspaces/install/yolo_msgs/include/yolo_msgs/yolo_msgs/msg/detail/pose2_d__struct.hpp\n'}
[8.018022] (yolo_msgs) StdoutLine: {'line': b'-- Symlinking: /workspaces/install/yolo_msgs/include/yolo_msgs/yolo_msgs/msg/detail/pose2_d__traits.hpp\n'}
[8.018085] (-) TimerEvent: {}
[8.022294] (yolo_msgs) StdoutLine: {'line': b'-- Symlinking: /workspaces/install/yolo_msgs/include/yolo_msgs/yolo_msgs/msg/detail/pose2_d__type_support.hpp\n'}
[8.026579] (yolo_msgs) StdoutLine: {'line': b'-- Symlinking: /workspaces/install/yolo_msgs/include/yolo_msgs/yolo_msgs/msg/detail/vector2__builder.hpp\n'}
[8.031423] (yolo_msgs) StdoutLine: {'line': b'-- Symlinking: /workspaces/install/yolo_msgs/include/yolo_msgs/yolo_msgs/msg/detail/vector2__struct.hpp\n'}
[8.036360] (yolo_msgs) StdoutLine: {'line': b'-- Symlinking: /workspaces/install/yolo_msgs/include/yolo_msgs/yolo_msgs/msg/detail/vector2__traits.hpp\n'}
[8.040180] (yolo_msgs) StdoutLine: {'line': b'-- Symlinking: /workspaces/install/yolo_msgs/include/yolo_msgs/yolo_msgs/msg/detail/vector2__type_support.hpp\n'}
[8.045151] (yolo_msgs) StdoutLine: {'line': b'-- Symlinking: /workspaces/install/yolo_msgs/include/yolo_msgs/yolo_msgs/msg/detection.hpp\n'}
[8.048688] (yolo_msgs) StdoutLine: {'line': b'-- Symlinking: /workspaces/install/yolo_msgs/include/yolo_msgs/yolo_msgs/msg/detection_array.hpp\n'}
[8.053742] (yolo_msgs) StdoutLine: {'line': b'-- Symlinking: /workspaces/install/yolo_msgs/include/yolo_msgs/yolo_msgs/msg/key_point2_d.hpp\n'}
[8.057920] (yolo_msgs) StdoutLine: {'line': b'-- Symlinking: /workspaces/install/yolo_msgs/include/yolo_msgs/yolo_msgs/msg/key_point2_d_array.hpp\n'}
[8.062355] (yolo_msgs) StdoutLine: {'line': b'-- Symlinking: /workspaces/install/yolo_msgs/include/yolo_msgs/yolo_msgs/msg/key_point3_d.hpp\n'}
[8.065641] (yolo_msgs) StdoutLine: {'line': b'-- Symlinking: /workspaces/install/yolo_msgs/include/yolo_msgs/yolo_msgs/msg/key_point3_d_array.hpp\n'}
[8.069140] (yolo_msgs) StdoutLine: {'line': b'-- Symlinking: /workspaces/install/yolo_msgs/include/yolo_msgs/yolo_msgs/msg/mask.hpp\n'}
[8.072551] (yolo_msgs) StdoutLine: {'line': b'-- Symlinking: /workspaces/install/yolo_msgs/include/yolo_msgs/yolo_msgs/msg/point2_d.hpp\n'}
[8.076150] (yolo_msgs) StdoutLine: {'line': b'-- Symlinking: /workspaces/install/yolo_msgs/include/yolo_msgs/yolo_msgs/msg/pose2_d.hpp\n'}
[8.080546] (yolo_msgs) StdoutLine: {'line': b'-- Symlinking: /workspaces/install/yolo_msgs/include/yolo_msgs/yolo_msgs/msg/rosidl_generator_cpp__visibility_control.hpp\n'}
[8.084963] (yolo_msgs) StdoutLine: {'line': b'-- Symlinking: /workspaces/install/yolo_msgs/include/yolo_msgs/yolo_msgs/msg/vector2.hpp\n'}
[8.088611] (yolo_msgs) StdoutLine: {'line': b'-- Symlinking: /workspaces/install/yolo_msgs/include/yolo_msgs/yolo_msgs/srv/detail/set_classes__builder.hpp\n'}
[8.092423] (yolo_msgs) StdoutLine: {'line': b'-- Symlinking: /workspaces/install/yolo_msgs/include/yolo_msgs/yolo_msgs/srv/detail/set_classes__struct.hpp\n'}
[8.096817] (yolo_msgs) StdoutLine: {'line': b'-- Symlinking: /workspaces/install/yolo_msgs/include/yolo_msgs/yolo_msgs/srv/detail/set_classes__traits.hpp\n'}
[8.100329] (yolo_msgs) StdoutLine: {'line': b'-- Symlinking: /workspaces/install/yolo_msgs/include/yolo_msgs/yolo_msgs/srv/detail/set_classes__type_support.hpp\n'}
[8.104799] (yolo_msgs) StdoutLine: {'line': b'-- Symlinking: /workspaces/install/yolo_msgs/include/yolo_msgs/yolo_msgs/srv/set_classes.hpp\n'}
[8.108519] (yolo_msgs) StdoutLine: {'line': b'-- Symlinking: /workspaces/install/yolo_msgs/include/yolo_msgs/yolo_msgs/msg/detail/bounding_box2_d__rosidl_typesupport_fastrtps_cpp.hpp\n'}
[8.113069] (yolo_msgs) StdoutLine: {'line': b'-- Symlinking: /workspaces/install/yolo_msgs/include/yolo_msgs/yolo_msgs/msg/detail/bounding_box3_d__rosidl_typesupport_fastrtps_cpp.hpp\n'}
[8.116296] (yolo_msgs) StdoutLine: {'line': b'-- Symlinking: /workspaces/install/yolo_msgs/include/yolo_msgs/yolo_msgs/msg/detail/detection__rosidl_typesupport_fastrtps_cpp.hpp\n'}
[8.118141] (-) TimerEvent: {}
[8.119556] (yolo_msgs) StdoutLine: {'line': b'-- Symlinking: /workspaces/install/yolo_msgs/include/yolo_msgs/yolo_msgs/msg/detail/detection_array__rosidl_typesupport_fastrtps_cpp.hpp\n'}
[8.124177] (yolo_msgs) StdoutLine: {'line': b'-- Symlinking: /workspaces/install/yolo_msgs/include/yolo_msgs/yolo_msgs/msg/detail/key_point2_d__rosidl_typesupport_fastrtps_cpp.hpp\n'}
[8.127982] (yolo_msgs) StdoutLine: {'line': b'-- Symlinking: /workspaces/install/yolo_msgs/include/yolo_msgs/yolo_msgs/msg/detail/key_point2_d_array__rosidl_typesupport_fastrtps_cpp.hpp\n'}
[8.132913] (yolo_msgs) StdoutLine: {'line': b'-- Symlinking: /workspaces/install/yolo_msgs/include/yolo_msgs/yolo_msgs/msg/detail/key_point3_d__rosidl_typesupport_fastrtps_cpp.hpp\n'}
[8.136594] (yolo_msgs) StdoutLine: {'line': b'-- Symlinking: /workspaces/install/yolo_msgs/include/yolo_msgs/yolo_msgs/msg/detail/key_point3_d_array__rosidl_typesupport_fastrtps_cpp.hpp\n'}
[8.140134] (yolo_msgs) StdoutLine: {'line': b'-- Symlinking: /workspaces/install/yolo_msgs/include/yolo_msgs/yolo_msgs/msg/detail/mask__rosidl_typesupport_fastrtps_cpp.hpp\n'}
[8.145088] (yolo_msgs) StdoutLine: {'line': b'-- Symlinking: /workspaces/install/yolo_msgs/include/yolo_msgs/yolo_msgs/msg/detail/point2_d__rosidl_typesupport_fastrtps_cpp.hpp\n'}
[8.148727] (yolo_msgs) StdoutLine: {'line': b'-- Symlinking: /workspaces/install/yolo_msgs/include/yolo_msgs/yolo_msgs/msg/detail/pose2_d__rosidl_typesupport_fastrtps_cpp.hpp\n'}
[8.152536] (yolo_msgs) StdoutLine: {'line': b'-- Symlinking: /workspaces/install/yolo_msgs/include/yolo_msgs/yolo_msgs/msg/detail/vector2__rosidl_typesupport_fastrtps_cpp.hpp\n'}
[8.157146] (yolo_msgs) StdoutLine: {'line': b'-- Symlinking: /workspaces/install/yolo_msgs/include/yolo_msgs/yolo_msgs/msg/rosidl_typesupport_fastrtps_cpp__visibility_control.h\n'}
[8.160970] (yolo_msgs) StdoutLine: {'line': b'-- Symlinking: /workspaces/install/yolo_msgs/include/yolo_msgs/yolo_msgs/srv/detail/set_classes__rosidl_typesupport_fastrtps_cpp.hpp\n'}
[8.165486] (yolo_msgs) StdoutLine: {'line': b'-- Symlinking: /workspaces/install/yolo_msgs/include/yolo_msgs/yolo_msgs/msg/detail/bounding_box2_d__rosidl_typesupport_introspection_cpp.hpp\n'}
[8.169296] (yolo_msgs) StdoutLine: {'line': b'-- Symlinking: /workspaces/install/yolo_msgs/include/yolo_msgs/yolo_msgs/msg/detail/bounding_box3_d__rosidl_typesupport_introspection_cpp.hpp\n'}
[8.173459] (yolo_msgs) StdoutLine: {'line': b'-- Symlinking: /workspaces/install/yolo_msgs/include/yolo_msgs/yolo_msgs/msg/detail/detection__rosidl_typesupport_introspection_cpp.hpp\n'}
[8.178033] (yolo_msgs) StdoutLine: {'line': b'-- Symlinking: /workspaces/install/yolo_msgs/include/yolo_msgs/yolo_msgs/msg/detail/detection_array__rosidl_typesupport_introspection_cpp.hpp\n'}
[8.181615] (yolo_msgs) StdoutLine: {'line': b'-- Symlinking: /workspaces/install/yolo_msgs/include/yolo_msgs/yolo_msgs/msg/detail/key_point2_d__rosidl_typesupport_introspection_cpp.hpp\n'}
[8.185238] (yolo_msgs) StdoutLine: {'line': b'-- Symlinking: /workspaces/install/yolo_msgs/include/yolo_msgs/yolo_msgs/msg/detail/key_point2_d_array__rosidl_typesupport_introspection_cpp.hpp\n'}
[8.189672] (yolo_msgs) StdoutLine: {'line': b'-- Symlinking: /workspaces/install/yolo_msgs/include/yolo_msgs/yolo_msgs/msg/detail/key_point3_d__rosidl_typesupport_introspection_cpp.hpp\n'}
[8.194071] (yolo_msgs) StdoutLine: {'line': b'-- Symlinking: /workspaces/install/yolo_msgs/include/yolo_msgs/yolo_msgs/msg/detail/key_point3_d_array__rosidl_typesupport_introspection_cpp.hpp\n'}
[8.198290] (yolo_msgs) StdoutLine: {'line': b'-- Symlinking: /workspaces/install/yolo_msgs/include/yolo_msgs/yolo_msgs/msg/detail/mask__rosidl_typesupport_introspection_cpp.hpp\n'}
[8.201613] (yolo_msgs) StdoutLine: {'line': b'-- Symlinking: /workspaces/install/yolo_msgs/include/yolo_msgs/yolo_msgs/msg/detail/point2_d__rosidl_typesupport_introspection_cpp.hpp\n'}
[8.204854] (yolo_msgs) StdoutLine: {'line': b'-- Symlinking: /workspaces/install/yolo_msgs/include/yolo_msgs/yolo_msgs/msg/detail/pose2_d__rosidl_typesupport_introspection_cpp.hpp\n'}
[8.209243] (yolo_msgs) StdoutLine: {'line': b'-- Symlinking: /workspaces/install/yolo_msgs/include/yolo_msgs/yolo_msgs/msg/detail/vector2__rosidl_typesupport_introspection_cpp.hpp\n'}
[8.216652] (yolo_msgs) StdoutLine: {'line': b'-- Symlinking: /workspaces/install/yolo_msgs/include/yolo_msgs/yolo_msgs/srv/detail/set_classes__rosidl_typesupport_introspection_cpp.hpp\n'}
[8.218222] (-) TimerEvent: {}
[8.225400] (yolo_msgs) StdoutLine: {'line': b'-- Symlinking: /workspaces/install/yolo_msgs/share/yolo_msgs/environment/pythonpath.sh\n'}
[8.232533] (yolo_msgs) StdoutLine: {'line': b'-- Symlinking: /workspaces/install/yolo_msgs/share/yolo_msgs/environment/pythonpath.dsv\n'}
[8.238578] (yolo_msgs) StdoutLine: {'line': b'-- Symlinking: /workspaces/install/yolo_msgs/lib/python3.12/site-packages/yolo_msgs-4.6.0-py3.12.egg-info/PKG-INFO\n'}
[8.244655] (yolo_msgs) StdoutLine: {'line': b'-- Symlinking: /workspaces/install/yolo_msgs/lib/python3.12/site-packages/yolo_msgs-4.6.0-py3.12.egg-info/SOURCES.txt\n'}
[8.250490] (yolo_msgs) StdoutLine: {'line': b'-- Symlinking: /workspaces/install/yolo_msgs/lib/python3.12/site-packages/yolo_msgs-4.6.0-py3.12.egg-info/dependency_links.txt\n'}
[8.256793] (yolo_msgs) StdoutLine: {'line': b'-- Symlinking: /workspaces/install/yolo_msgs/lib/python3.12/site-packages/yolo_msgs-4.6.0-py3.12.egg-info/top_level.txt\n'}
[8.261922] (yolo_msgs) StdoutLine: {'line': b'-- Symlinking: /workspaces/install/yolo_msgs/lib/python3.12/site-packages/yolo_msgs/__init__.py\n'}
[8.269464] (yolo_msgs) StdoutLine: {'line': b'-- Symlinking: /workspaces/install/yolo_msgs/lib/python3.12/site-packages/yolo_msgs/_yolo_msgs_s.ep.rosidl_typesupport_c.c\n'}
[8.275404] (yolo_msgs) StdoutLine: {'line': b'-- Symlinking: /workspaces/install/yolo_msgs/lib/python3.12/site-packages/yolo_msgs/_yolo_msgs_s.ep.rosidl_typesupport_fastrtps_c.c\n'}
[8.280630] (yolo_msgs) StdoutLine: {'line': b'-- Symlinking: /workspaces/install/yolo_msgs/lib/python3.12/site-packages/yolo_msgs/_yolo_msgs_s.ep.rosidl_typesupport_introspection_c.c\n'}
[8.286045] (yolo_msgs) StdoutLine: {'line': b'-- Symlinking: /workspaces/install/yolo_msgs/lib/python3.12/site-packages/yolo_msgs/msg/__init__.py\n'}
[8.292701] (yolo_msgs) StdoutLine: {'line': b'-- Symlinking: /workspaces/install/yolo_msgs/lib/python3.12/site-packages/yolo_msgs/msg/_bounding_box2_d.py\n'}
[8.298034] (yolo_msgs) StdoutLine: {'line': b'-- Symlinking: /workspaces/install/yolo_msgs/lib/python3.12/site-packages/yolo_msgs/msg/_bounding_box2_d_s.c\n'}
[8.303316] (yolo_msgs) StdoutLine: {'line': b'-- Symlinking: /workspaces/install/yolo_msgs/lib/python3.12/site-packages/yolo_msgs/msg/_bounding_box3_d.py\n'}
[8.308892] (yolo_msgs) StdoutLine: {'line': b'-- Symlinking: /workspaces/install/yolo_msgs/lib/python3.12/site-packages/yolo_msgs/msg/_bounding_box3_d_s.c\n'}
[8.314368] (yolo_msgs) StdoutLine: {'line': b'-- Symlinking: /workspaces/install/yolo_msgs/lib/python3.12/site-packages/yolo_msgs/msg/_detection.py\n'}
[8.318283] (-) TimerEvent: {}
[8.318877] (yolo_msgs) StdoutLine: {'line': b'-- Symlinking: /workspaces/install/yolo_msgs/lib/python3.12/site-packages/yolo_msgs/msg/_detection_array.py\n'}
[8.324073] (yolo_msgs) StdoutLine: {'line': b'-- Symlinking: /workspaces/install/yolo_msgs/lib/python3.12/site-packages/yolo_msgs/msg/_detection_array_s.c\n'}
[8.328387] (yolo_msgs) StdoutLine: {'line': b'-- Symlinking: /workspaces/install/yolo_msgs/lib/python3.12/site-packages/yolo_msgs/msg/_detection_s.c\n'}
[8.332952] (yolo_msgs) StdoutLine: {'line': b'-- Symlinking: /workspaces/install/yolo_msgs/lib/python3.12/site-packages/yolo_msgs/msg/_key_point2_d.py\n'}
[8.337832] (yolo_msgs) StdoutLine: {'line': b'-- Symlinking: /workspaces/install/yolo_msgs/lib/python3.12/site-packages/yolo_msgs/msg/_key_point2_d_array.py\n'}
[8.342564] (yolo_msgs) StdoutLine: {'line': b'-- Symlinking: /workspaces/install/yolo_msgs/lib/python3.12/site-packages/yolo_msgs/msg/_key_point2_d_array_s.c\n'}
[8.347252] (yolo_msgs) StdoutLine: {'line': b'-- Symlinking: /workspaces/install/yolo_msgs/lib/python3.12/site-packages/yolo_msgs/msg/_key_point2_d_s.c\n'}
[8.351784] (yolo_msgs) StdoutLine: {'line': b'-- Symlinking: /workspaces/install/yolo_msgs/lib/python3.12/site-packages/yolo_msgs/msg/_key_point3_d.py\n'}
[8.355488] (yolo_msgs) StdoutLine: {'line': b'-- Symlinking: /workspaces/install/yolo_msgs/lib/python3.12/site-packages/yolo_msgs/msg/_key_point3_d_array.py\n'}
[8.359343] (yolo_msgs) StdoutLine: {'line': b'-- Symlinking: /workspaces/install/yolo_msgs/lib/python3.12/site-packages/yolo_msgs/msg/_key_point3_d_array_s.c\n'}
[8.363638] (yolo_msgs) StdoutLine: {'line': b'-- Symlinking: /workspaces/install/yolo_msgs/lib/python3.12/site-packages/yolo_msgs/msg/_key_point3_d_s.c\n'}
[8.368531] (yolo_msgs) StdoutLine: {'line': b'-- Symlinking: /workspaces/install/yolo_msgs/lib/python3.12/site-packages/yolo_msgs/msg/_mask.py\n'}
[8.373230] (yolo_msgs) StdoutLine: {'line': b'-- Symlinking: /workspaces/install/yolo_msgs/lib/python3.12/site-packages/yolo_msgs/msg/_mask_s.c\n'}
[8.376904] (yolo_msgs) StdoutLine: {'line': b'-- Symlinking: /workspaces/install/yolo_msgs/lib/python3.12/site-packages/yolo_msgs/msg/_point2_d.py\n'}
[8.380925] (yolo_msgs) StdoutLine: {'line': b'-- Symlinking: /workspaces/install/yolo_msgs/lib/python3.12/site-packages/yolo_msgs/msg/_point2_d_s.c\n'}
[8.385184] (yolo_msgs) StdoutLine: {'line': b'-- Symlinking: /workspaces/install/yolo_msgs/lib/python3.12/site-packages/yolo_msgs/msg/_pose2_d.py\n'}
[8.389746] (yolo_msgs) StdoutLine: {'line': b'-- Symlinking: /workspaces/install/yolo_msgs/lib/python3.12/site-packages/yolo_msgs/msg/_pose2_d_s.c\n'}
[8.393240] (yolo_msgs) StdoutLine: {'line': b'-- Symlinking: /workspaces/install/yolo_msgs/lib/python3.12/site-packages/yolo_msgs/msg/_vector2.py\n'}
[8.397543] (yolo_msgs) StdoutLine: {'line': b'-- Symlinking: /workspaces/install/yolo_msgs/lib/python3.12/site-packages/yolo_msgs/msg/_vector2_s.c\n'}
[8.401544] (yolo_msgs) StdoutLine: {'line': b'-- Symlinking: /workspaces/install/yolo_msgs/lib/python3.12/site-packages/yolo_msgs/srv/__init__.py\n'}
[8.406092] (yolo_msgs) StdoutLine: {'line': b'-- Symlinking: /workspaces/install/yolo_msgs/lib/python3.12/site-packages/yolo_msgs/srv/_set_classes.py\n'}
[8.409501] (yolo_msgs) StdoutLine: {'line': b'-- Symlinking: /workspaces/install/yolo_msgs/lib/python3.12/site-packages/yolo_msgs/srv/_set_classes_s.c\n'}
[8.413224] (yolo_msgs) StdoutLine: {'line': b'-- Symlinking: /workspaces/install/yolo_msgs/lib/python3.12/site-packages/yolo_msgs/yolo_msgs_s__rosidl_typesupport_c.so\n'}
[8.417147] (yolo_msgs) StdoutLine: {'line': b'-- Symlinking: /workspaces/install/yolo_msgs/lib/python3.12/site-packages/yolo_msgs/yolo_msgs_s__rosidl_typesupport_fastrtps_c.so\n'}
[8.418373] (-) TimerEvent: {}
[8.421327] (yolo_msgs) StdoutLine: {'line': b'-- Symlinking: /workspaces/install/yolo_msgs/lib/python3.12/site-packages/yolo_msgs/yolo_msgs_s__rosidl_typesupport_introspection_c.so\n'}
[8.424955] (yolo_msgs) StdoutLine: {'line': b'-- Up-to-date symlink: /workspaces/install/yolo_msgs/lib/python3.12/site-packages/yolo_msgs/yolo_msgs_s__rosidl_typesupport_fastrtps_c.so\n'}
[8.425081] (yolo_msgs) StdoutLine: {'line': b'-- Up-to-date symlink: /workspaces/install/yolo_msgs/lib/python3.12/site-packages/yolo_msgs/yolo_msgs_s__rosidl_typesupport_introspection_c.so\n'}
[8.425209] (yolo_msgs) StdoutLine: {'line': b'-- Up-to-date symlink: /workspaces/install/yolo_msgs/lib/python3.12/site-packages/yolo_msgs/yolo_msgs_s__rosidl_typesupport_c.so\n'}
[8.425318] (yolo_msgs) StdoutLine: {'line': b'-- Symlinking: /workspaces/install/yolo_msgs/share/yolo_msgs/msg/Point2D.idl\n'}
[8.430177] (yolo_msgs) StdoutLine: {'line': b'-- Symlinking: /workspaces/install/yolo_msgs/share/yolo_msgs/msg/Vector2.idl\n'}
[8.434234] (yolo_msgs) StdoutLine: {'line': b'-- Symlinking: /workspaces/install/yolo_msgs/share/yolo_msgs/msg/Pose2D.idl\n'}
[8.438717] (yolo_msgs) StdoutLine: {'line': b'-- Symlinking: /workspaces/install/yolo_msgs/share/yolo_msgs/msg/BoundingBox2D.idl\n'}
[8.443934] (yolo_msgs) StdoutLine: {'line': b'-- Symlinking: /workspaces/install/yolo_msgs/share/yolo_msgs/msg/BoundingBox3D.idl\n'}
[8.448040] (yolo_msgs) StdoutLine: {'line': b'-- Symlinking: /workspaces/install/yolo_msgs/share/yolo_msgs/msg/Mask.idl\n'}
[8.452036] (yolo_msgs) StdoutLine: {'line': b'-- Symlinking: /workspaces/install/yolo_msgs/share/yolo_msgs/msg/KeyPoint2D.idl\n'}
[8.455810] (yolo_msgs) StdoutLine: {'line': b'-- Symlinking: /workspaces/install/yolo_msgs/share/yolo_msgs/msg/KeyPoint2DArray.idl\n'}
[8.460238] (yolo_msgs) StdoutLine: {'line': b'-- Symlinking: /workspaces/install/yolo_msgs/share/yolo_msgs/msg/KeyPoint3D.idl\n'}
[8.464529] (yolo_msgs) StdoutLine: {'line': b'-- Symlinking: /workspaces/install/yolo_msgs/share/yolo_msgs/msg/KeyPoint3DArray.idl\n'}
[8.468478] (yolo_msgs) StdoutLine: {'line': b'-- Symlinking: /workspaces/install/yolo_msgs/share/yolo_msgs/msg/Detection.idl\n'}
[8.472905] (yolo_msgs) StdoutLine: {'line': b'-- Symlinking: /workspaces/install/yolo_msgs/share/yolo_msgs/msg/DetectionArray.idl\n'}
[8.477143] (yolo_msgs) StdoutLine: {'line': b'-- Symlinking: /workspaces/install/yolo_msgs/share/yolo_msgs/srv/SetClasses.idl\n'}
[8.481202] (yolo_msgs) StdoutLine: {'line': b'-- Symlinking: /workspaces/install/yolo_msgs/share/yolo_msgs/msg/Point2D.msg\n'}
[8.485445] (yolo_msgs) StdoutLine: {'line': b'-- Symlinking: /workspaces/install/yolo_msgs/share/yolo_msgs/msg/Vector2.msg\n'}
[8.489912] (yolo_msgs) StdoutLine: {'line': b'-- Symlinking: /workspaces/install/yolo_msgs/share/yolo_msgs/msg/Pose2D.msg\n'}
[8.493589] (yolo_msgs) StdoutLine: {'line': b'-- Symlinking: /workspaces/install/yolo_msgs/share/yolo_msgs/msg/BoundingBox2D.msg\n'}
[8.497460] (yolo_msgs) StdoutLine: {'line': b'-- Symlinking: /workspaces/install/yolo_msgs/share/yolo_msgs/msg/BoundingBox3D.msg\n'}
[8.502135] (yolo_msgs) StdoutLine: {'line': b'-- Symlinking: /workspaces/install/yolo_msgs/share/yolo_msgs/msg/Mask.msg\n'}
[8.506225] (yolo_msgs) StdoutLine: {'line': b'-- Symlinking: /workspaces/install/yolo_msgs/share/yolo_msgs/msg/KeyPoint2D.msg\n'}
[8.509965] (yolo_msgs) StdoutLine: {'line': b'-- Symlinking: /workspaces/install/yolo_msgs/share/yolo_msgs/msg/KeyPoint2DArray.msg\n'}
[8.513737] (yolo_msgs) StdoutLine: {'line': b'-- Symlinking: /workspaces/install/yolo_msgs/share/yolo_msgs/msg/KeyPoint3D.msg\n'}
[8.517912] (yolo_msgs) StdoutLine: {'line': b'-- Symlinking: /workspaces/install/yolo_msgs/share/yolo_msgs/msg/KeyPoint3DArray.msg\n'}
[8.518424] (-) TimerEvent: {}
[8.522289] (yolo_msgs) StdoutLine: {'line': b'-- Symlinking: /workspaces/install/yolo_msgs/share/yolo_msgs/msg/Detection.msg\n'}
[8.526259] (yolo_msgs) StdoutLine: {'line': b'-- Symlinking: /workspaces/install/yolo_msgs/share/yolo_msgs/msg/DetectionArray.msg\n'}
[8.530566] (yolo_msgs) StdoutLine: {'line': b'-- Symlinking: /workspaces/install/yolo_msgs/share/yolo_msgs/srv/SetClasses.srv\n'}
[8.534236] (yolo_msgs) StdoutLine: {'line': b'-- Symlinking: /workspaces/install/yolo_msgs/share/ament_index/resource_index/package_run_dependencies/yolo_msgs\n'}
[8.538970] (yolo_msgs) StdoutLine: {'line': b'-- Symlinking: /workspaces/install/yolo_msgs/share/ament_index/resource_index/parent_prefix_path/yolo_msgs\n'}
[8.543837] (yolo_msgs) StdoutLine: {'line': b'-- Symlinking: /workspaces/install/yolo_msgs/share/yolo_msgs/environment/ament_prefix_path.sh\n'}
[8.548394] (yolo_msgs) StdoutLine: {'line': b'-- Symlinking: /workspaces/install/yolo_msgs/share/yolo_msgs/environment/ament_prefix_path.dsv\n'}
[8.553019] (yolo_msgs) StdoutLine: {'line': b'-- Symlinking: /workspaces/install/yolo_msgs/share/yolo_msgs/environment/path.sh\n'}
[8.556961] (yolo_msgs) StdoutLine: {'line': b'-- Symlinking: /workspaces/install/yolo_msgs/share/yolo_msgs/environment/path.dsv\n'}
[8.561063] (yolo_msgs) StdoutLine: {'line': b'-- Symlinking: /workspaces/install/yolo_msgs/share/yolo_msgs/local_setup.bash\n'}
[8.564761] (yolo_msgs) StdoutLine: {'line': b'-- Symlinking: /workspaces/install/yolo_msgs/share/yolo_msgs/local_setup.sh\n'}
[8.569095] (yolo_msgs) StdoutLine: {'line': b'-- Symlinking: /workspaces/install/yolo_msgs/share/yolo_msgs/local_setup.zsh\n'}
[8.573239] (yolo_msgs) StdoutLine: {'line': b'-- Symlinking: /workspaces/install/yolo_msgs/share/yolo_msgs/local_setup.dsv\n'}
[8.577090] (yolo_msgs) StdoutLine: {'line': b'-- Symlinking: /workspaces/install/yolo_msgs/share/yolo_msgs/package.dsv\n'}
[8.581674] (yolo_msgs) StdoutLine: {'line': b'-- Symlinking: /workspaces/install/yolo_msgs/share/ament_index/resource_index/packages/yolo_msgs\n'}
[8.586091] (yolo_msgs) StdoutLine: {'line': b'-- Symlinking: /workspaces/install/yolo_msgs/share/yolo_msgs/cmake/rosidl_cmake-extras.cmake\n'}
[8.589778] (yolo_msgs) StdoutLine: {'line': b'-- Symlinking: /workspaces/install/yolo_msgs/share/yolo_msgs/cmake/ament_cmake_export_dependencies-extras.cmake\n'}
[8.593848] (yolo_msgs) StdoutLine: {'line': b'-- Symlinking: /workspaces/install/yolo_msgs/share/yolo_msgs/cmake/ament_cmake_export_include_directories-extras.cmake\n'}
[8.598328] (yolo_msgs) StdoutLine: {'line': b'-- Symlinking: /workspaces/install/yolo_msgs/share/yolo_msgs/cmake/ament_cmake_export_libraries-extras.cmake\n'}
[8.602735] (yolo_msgs) StdoutLine: {'line': b'-- Symlinking: /workspaces/install/yolo_msgs/share/yolo_msgs/cmake/ament_cmake_export_targets-extras.cmake\n'}
[8.606465] (yolo_msgs) StdoutLine: {'line': b'-- Symlinking: /workspaces/install/yolo_msgs/share/yolo_msgs/cmake/rosidl_cmake_export_typesupport_targets-extras.cmake\n'}
[8.610292] (yolo_msgs) StdoutLine: {'line': b'-- Symlinking: /workspaces/install/yolo_msgs/share/yolo_msgs/cmake/rosidl_cmake_export_typesupport_libraries-extras.cmake\n'}
[8.614539] (yolo_msgs) StdoutLine: {'line': b'-- Symlinking: /workspaces/install/yolo_msgs/share/yolo_msgs/cmake/yolo_msgsConfig.cmake\n'}
[8.618481] (-) TimerEvent: {}
[8.618908] (yolo_msgs) StdoutLine: {'line': b'-- Symlinking: /workspaces/install/yolo_msgs/share/yolo_msgs/cmake/yolo_msgsConfig-version.cmake\n'}
[8.622597] (yolo_msgs) StdoutLine: {'line': b'-- Symlinking: /workspaces/install/yolo_msgs/share/yolo_msgs/package.xml\n'}
[8.626452] (yolo_msgs) StdoutLine: {'line': b'-- Installing: /workspaces/install/yolo_msgs/lib/libyolo_msgs__rosidl_generator_c.so\n'}
[8.626731] (yolo_msgs) StdoutLine: {'line': b'-- Set non-toolchain portion of runtime path of "/workspaces/install/yolo_msgs/lib/libyolo_msgs__rosidl_generator_c.so" to ""\n'}
[8.626779] (yolo_msgs) StdoutLine: {'line': b'-- Installing: /workspaces/install/yolo_msgs/lib/libyolo_msgs__rosidl_typesupport_fastrtps_c.so\n'}
[8.626949] (yolo_msgs) StdoutLine: {'line': b'-- Set non-toolchain portion of runtime path of "/workspaces/install/yolo_msgs/lib/libyolo_msgs__rosidl_typesupport_fastrtps_c.so" to ""\n'}
[8.626996] (yolo_msgs) StdoutLine: {'line': b'-- Installing: /workspaces/install/yolo_msgs/lib/libyolo_msgs__rosidl_typesupport_introspection_c.so\n'}
[8.627126] (yolo_msgs) StdoutLine: {'line': b'-- Set non-toolchain portion of runtime path of "/workspaces/install/yolo_msgs/lib/libyolo_msgs__rosidl_typesupport_introspection_c.so" to ""\n'}
[8.627159] (yolo_msgs) StdoutLine: {'line': b'-- Installing: /workspaces/install/yolo_msgs/lib/libyolo_msgs__rosidl_typesupport_c.so\n'}
[8.627306] (yolo_msgs) StdoutLine: {'line': b'-- Set non-toolchain portion of runtime path of "/workspaces/install/yolo_msgs/lib/libyolo_msgs__rosidl_typesupport_c.so" to ""\n'}
[8.627341] (yolo_msgs) StdoutLine: {'line': b'-- Installing: /workspaces/install/yolo_msgs/lib/libyolo_msgs__rosidl_typesupport_fastrtps_cpp.so\n'}
[8.627599] (yolo_msgs) StdoutLine: {'line': b'-- Set non-toolchain portion of runtime path of "/workspaces/install/yolo_msgs/lib/libyolo_msgs__rosidl_typesupport_fastrtps_cpp.so" to ""\n'}
[8.627643] (yolo_msgs) StdoutLine: {'line': b'-- Installing: /workspaces/install/yolo_msgs/lib/libyolo_msgs__rosidl_typesupport_introspection_cpp.so\n'}
[8.627898] (yolo_msgs) StdoutLine: {'line': b'-- Set non-toolchain portion of runtime path of "/workspaces/install/yolo_msgs/lib/libyolo_msgs__rosidl_typesupport_introspection_cpp.so" to ""\n'}
[8.627933] (yolo_msgs) StdoutLine: {'line': b'-- Installing: /workspaces/install/yolo_msgs/lib/libyolo_msgs__rosidl_typesupport_cpp.so\n'}
[8.628115] (yolo_msgs) StdoutLine: {'line': b'-- Set non-toolchain portion of runtime path of "/workspaces/install/yolo_msgs/lib/libyolo_msgs__rosidl_typesupport_cpp.so" to ""\n'}
[8.658759] (yolo_msgs) StdoutLine: {'line': b"Listing '/workspaces/install/yolo_msgs/lib/python3.12/site-packages/yolo_msgs'...\n"}
[8.658866] (yolo_msgs) StdoutLine: {'line': b"Compiling '/workspaces/install/yolo_msgs/lib/python3.12/site-packages/yolo_msgs/__init__.py'...\n"}
[8.658896] (yolo_msgs) StdoutLine: {'line': b"Listing '/workspaces/install/yolo_msgs/lib/python3.12/site-packages/yolo_msgs/msg'...\n"}
[8.658919] (yolo_msgs) StdoutLine: {'line': b"Compiling '/workspaces/install/yolo_msgs/lib/python3.12/site-packages/yolo_msgs/msg/__init__.py'...\n"}
[8.658942] (yolo_msgs) StdoutLine: {'line': b"Compiling '/workspaces/install/yolo_msgs/lib/python3.12/site-packages/yolo_msgs/msg/_bounding_box2_d.py'...\n"}
[8.658962] (yolo_msgs) StdoutLine: {'line': b"Compiling '/workspaces/install/yolo_msgs/lib/python3.12/site-packages/yolo_msgs/msg/_bounding_box3_d.py'...\n"}
[8.658983] (yolo_msgs) StdoutLine: {'line': b"Compiling '/workspaces/install/yolo_msgs/lib/python3.12/site-packages/yolo_msgs/msg/_detection.py'...\n"}
[8.659009] (yolo_msgs) StdoutLine: {'line': b"Compiling '/workspaces/install/yolo_msgs/lib/python3.12/site-packages/yolo_msgs/msg/_detection_array.py'...\n"}
[8.659029] (yolo_msgs) StdoutLine: {'line': b"Compiling '/workspaces/install/yolo_msgs/lib/python3.12/site-packages/yolo_msgs/msg/_key_point2_d.py'...\n"}
[8.659050] (yolo_msgs) StdoutLine: {'line': b"Compiling '/workspaces/install/yolo_msgs/lib/python3.12/site-packages/yolo_msgs/msg/_key_point2_d_array.py'...\n"}
[8.659070] (yolo_msgs) StdoutLine: {'line': b"Compiling '/workspaces/install/yolo_msgs/lib/python3.12/site-packages/yolo_msgs/msg/_key_point3_d.py'...\n"}
[8.659090] (yolo_msgs) StdoutLine: {'line': b"Compiling '/workspaces/install/yolo_msgs/lib/python3.12/site-packages/yolo_msgs/msg/_key_point3_d_array.py'...\n"}
[8.659109] (yolo_msgs) StdoutLine: {'line': b"Compiling '/workspaces/install/yolo_msgs/lib/python3.12/site-packages/yolo_msgs/msg/_mask.py'...\n"}
[8.659130] (yolo_msgs) StdoutLine: {'line': b"Compiling '/workspaces/install/yolo_msgs/lib/python3.12/site-packages/yolo_msgs/msg/_point2_d.py'...\n"}
[8.659150] (yolo_msgs) StdoutLine: {'line': b"Compiling '/workspaces/install/yolo_msgs/lib/python3.12/site-packages/yolo_msgs/msg/_pose2_d.py'...\n"}
[8.659170] (yolo_msgs) StdoutLine: {'line': b"Compiling '/workspaces/install/yolo_msgs/lib/python3.12/site-packages/yolo_msgs/msg/_vector2.py'...\n"}
[8.659190] (yolo_msgs) StdoutLine: {'line': b"Listing '/workspaces/install/yolo_msgs/lib/python3.12/site-packages/yolo_msgs/srv'...\n"}
[8.659210] (yolo_msgs) StdoutLine: {'line': b"Compiling '/workspaces/install/yolo_msgs/lib/python3.12/site-packages/yolo_msgs/srv/__init__.py'...\n"}
[8.659229] (yolo_msgs) StdoutLine: {'line': b"Compiling '/workspaces/install/yolo_msgs/lib/python3.12/site-packages/yolo_msgs/srv/_set_classes.py'...\n"}
[8.662060] (yolo_msgs) StdoutLine: {'line': b'-- Installing: /workspaces/install/yolo_msgs/lib/libyolo_msgs__rosidl_generator_py.so\n'}
[8.662296] (yolo_msgs) StdoutLine: {'line': b'-- Set non-toolchain portion of runtime path of "/workspaces/install/yolo_msgs/lib/libyolo_msgs__rosidl_generator_py.so" to ""\n'}
[8.662344] (yolo_msgs) StdoutLine: {'line': b'-- Installing: /workspaces/install/yolo_msgs/share/yolo_msgs/cmake/export_yolo_msgs__rosidl_generator_cExport.cmake\n'}
[8.662427] (yolo_msgs) StdoutLine: {'line': b'-- Installing: /workspaces/install/yolo_msgs/share/yolo_msgs/cmake/export_yolo_msgs__rosidl_generator_cExport-noconfig.cmake\n'}
[8.662504] (yolo_msgs) StdoutLine: {'line': b'-- Installing: /workspaces/install/yolo_msgs/share/yolo_msgs/cmake/export_yolo_msgs__rosidl_typesupport_fastrtps_cExport.cmake\n'}
[8.662576] (yolo_msgs) StdoutLine: {'line': b'-- Installing: /workspaces/install/yolo_msgs/share/yolo_msgs/cmake/export_yolo_msgs__rosidl_typesupport_fastrtps_cExport-noconfig.cmake\n'}
[8.662652] (yolo_msgs) StdoutLine: {'line': b'-- Installing: /workspaces/install/yolo_msgs/share/yolo_msgs/cmake/yolo_msgs__rosidl_typesupport_introspection_cExport.cmake\n'}
[8.662722] (yolo_msgs) StdoutLine: {'line': b'-- Installing: /workspaces/install/yolo_msgs/share/yolo_msgs/cmake/yolo_msgs__rosidl_typesupport_introspection_cExport-noconfig.cmake\n'}
[8.662793] (yolo_msgs) StdoutLine: {'line': b'-- Installing: /workspaces/install/yolo_msgs/share/yolo_msgs/cmake/yolo_msgs__rosidl_typesupport_cExport.cmake\n'}
[8.662857] (yolo_msgs) StdoutLine: {'line': b'-- Installing: /workspaces/install/yolo_msgs/share/yolo_msgs/cmake/yolo_msgs__rosidl_typesupport_cExport-noconfig.cmake\n'}
[8.662925] (yolo_msgs) StdoutLine: {'line': b'-- Installing: /workspaces/install/yolo_msgs/share/yolo_msgs/cmake/export_yolo_msgs__rosidl_generator_cppExport.cmake\n'}
[8.663003] (yolo_msgs) StdoutLine: {'line': b'-- Installing: /workspaces/install/yolo_msgs/share/yolo_msgs/cmake/export_yolo_msgs__rosidl_typesupport_fastrtps_cppExport.cmake\n'}
[8.663067] (yolo_msgs) StdoutLine: {'line': b'-- Installing: /workspaces/install/yolo_msgs/share/yolo_msgs/cmake/export_yolo_msgs__rosidl_typesupport_fastrtps_cppExport-noconfig.cmake\n'}
[8.663136] (yolo_msgs) StdoutLine: {'line': b'-- Installing: /workspaces/install/yolo_msgs/share/yolo_msgs/cmake/yolo_msgs__rosidl_typesupport_introspection_cppExport.cmake\n'}
[8.663201] (yolo_msgs) StdoutLine: {'line': b'-- Installing: /workspaces/install/yolo_msgs/share/yolo_msgs/cmake/yolo_msgs__rosidl_typesupport_introspection_cppExport-noconfig.cmake\n'}
[8.663271] (yolo_msgs) StdoutLine: {'line': b'-- Installing: /workspaces/install/yolo_msgs/share/yolo_msgs/cmake/yolo_msgs__rosidl_typesupport_cppExport.cmake\n'}
[8.663334] (yolo_msgs) StdoutLine: {'line': b'-- Installing: /workspaces/install/yolo_msgs/share/yolo_msgs/cmake/yolo_msgs__rosidl_typesupport_cppExport-noconfig.cmake\n'}
[8.663404] (yolo_msgs) StdoutLine: {'line': b'-- Installing: /workspaces/install/yolo_msgs/share/yolo_msgs/cmake/export_yolo_msgs__rosidl_generator_pyExport.cmake\n'}
[8.663467] (yolo_msgs) StdoutLine: {'line': b'-- Installing: /workspaces/install/yolo_msgs/share/yolo_msgs/cmake/export_yolo_msgs__rosidl_generator_pyExport-noconfig.cmake\n'}
[8.665151] (yolo_msgs) CommandEnded: {'returncode': 0}
[8.673270] (yolo_msgs) JobEnded: {'identifier': 'yolo_msgs', 'rc': 0}
[8.674042] (yolo_ros) JobStarted: {'identifier': 'yolo_ros'}
[8.718574] (-) TimerEvent: {}
[8.818847] (-) TimerEvent: {}
[8.919119] (-) TimerEvent: {}
[9.003617] (yolo_ros) Command: {'cmd': ['/usr/bin/python3', '-W', 'ignore:setup.py install is deprecated', '-W', 'ignore:easy_install command is deprecated', 'setup.py', 'develop', '--editable', '--build-directory', '/workspaces/build/yolo_ros/build', '--no-deps', 'symlink_data'], 'cwd': '/workspaces/build/yolo_ros', 'env': {'HISTFILESIZE': '2147450879', 'GZ_CONFIG_PATH': '/opt/ros/jazzy/opt/sdformat_vendor/share/gz', 'HOSTNAME': '23dc7ad1fa71', 'SHLVL': '1', 'LD_LIBRARY_PATH': '/workspaces/install/yolo_msgs/lib:/robot_ws/install/orbbec_camera/lib:/robot_ws/install/orbbec_camera_msgs/lib:/robot_ws/install/kros_car/lib:/opt/ros/jazzy/opt/sdformat_vendor/lib:/opt/ros/jazzy/opt/rviz_ogre_vendor/lib:/opt/ros/jazzy/lib/x86_64-linux-gnu:/opt/ros/jazzy/opt/gz_math_vendor/lib:/opt/ros/jazzy/opt/gz_utils_vendor/lib:/opt/ros/jazzy/opt/gz_tools_vendor/lib:/opt/ros/jazzy/opt/gz_cmake_vendor/lib:/opt/ros/jazzy/lib', 'LESS': '-R', 'HOME': '/root', 'LSCOLORS': 'Gxfxcxdxdxegedabagacad', 'ROS_PYTHON_VERSION': '3', 'PAGER': 'less', 'COLCON_PREFIX_PATH': '/robot_ws/install', 'ROS_DISTRO': 'jazzy', 'OSH': '/root/.oh-my-bash', '_': '/usr/bin/colcon', 'ROS_VERSION': '2', 'TERM': 'xterm', 'DRIVER_WS': '/robot_ws', 'PATH': '/usr/lib/ccache:/robot_ws/install/oradar_lidar/bin:/opt/ros/jazzy/opt/gz_tools_vendor/bin:/opt/ros/jazzy/bin:/usr/local/sbin:/usr/local/bin:/usr/sbin:/usr/bin:/sbin:/bin', 'ydlidar_sdk_DIR': '/usr/lib/cmake/ydlidar_sdk', 'HISTSIZE': '2147450879', 'LANG': 'C.UTF-8', 'LS_COLORS': 'rs=0:di=01;34:ln=01;36:mh=00:pi=40;33:so=01;35:do=01;35:bd=40;33;01:cd=40;33;01:or=40;31;01:mi=00:su=37;41:sg=30;43:ca=00:tw=30;42:ow=34;42:st=37;44:ex=01;32:*.tar=01;31:*.tgz=01;31:*.arc=01;31:*.arj=01;31:*.taz=01;31:*.lha=01;31:*.lz4=01;31:*.lzh=01;31:*.lzma=01;31:*.tlz=01;31:*.txz=01;31:*.tzo=01;31:*.t7z=01;31:*.zip=01;31:*.z=01;31:*.dz=01;31:*.gz=01;31:*.lrz=01;31:*.lz=01;31:*.lzo=01;31:*.xz=01;31:*.zst=01;31:*.tzst=01;31:*.bz2=01;31:*.bz=01;31:*.tbz=01;31:*.tbz2=01;31:*.tz=01;31:*.deb=01;31:*.rpm=01;31:*.jar=01;31:*.war=01;31:*.ear=01;31:*.sar=01;31:*.rar=01;31:*.alz=01;31:*.ace=01;31:*.zoo=01;31:*.cpio=01;31:*.7z=01;31:*.rz=01;31:*.cab=01;31:*.wim=01;31:*.swm=01;31:*.dwm=01;31:*.esd=01;31:*.avif=01;35:*.jpg=01;35:*.jpeg=01;35:*.mjpg=01;35:*.mjpeg=01;35:*.gif=01;35:*.bmp=01;35:*.pbm=01;35:*.pgm=01;35:*.ppm=01;35:*.tga=01;35:*.xbm=01;35:*.xpm=01;35:*.tif=01;35:*.tiff=01;35:*.png=01;35:*.svg=01;35:*.svgz=01;35:*.mng=01;35:*.pcx=01;35:*.mov=01;35:*.mpg=01;35:*.mpeg=01;35:*.m2v=01;35:*.mkv=01;35:*.webm=01;35:*.webp=01;35:*.ogm=01;35:*.mp4=01;35:*.m4v=01;35:*.mp4v=01;35:*.vob=01;35:*.qt=01;35:*.nuv=01;35:*.wmv=01;35:*.asf=01;35:*.rm=01;35:*.rmvb=01;35:*.flc=01;35:*.avi=01;35:*.fli=01;35:*.flv=01;35:*.gl=01;35:*.dl=01;35:*.xcf=01;35:*.xwd=01;35:*.yuv=01;35:*.cgm=01;35:*.emf=01;35:*.ogv=01;35:*.ogx=01;35:*.aac=00;36:*.au=00;36:*.flac=00;36:*.m4a=00;36:*.mid=00;36:*.midi=00;36:*.mka=00;36:*.mp3=00;36:*.mpc=00;36:*.ogg=00;36:*.ra=00;36:*.wav=00;36:*.oga=00;36:*.opus=00;36:*.spx=00;36:*.xspf=00;36:*~=00;90:*#=00;90:*.bak=00;90:*.crdownload=00;90:*.dpkg-dist=00;90:*.dpkg-new=00;90:*.dpkg-old=00;90:*.dpkg-tmp=00;90:*.old=00;90:*.orig=00;90:*.part=00;90:*.rej=00;90:*.rpmnew=00;90:*.rpmorig=00;90:*.rpmsave=00;90:*.swp=00;90:*.tmp=00;90:*.ucf-dist=00;90:*.ucf-new=00;90:*.ucf-old=00;90:', 'ROS_DOMAIN_ID': '0', 'AMENT_PREFIX_PATH': '/workspaces/install/yolo_msgs:/robot_ws/install/orbbec_description:/robot_ws/install/orbbec_camera:/robot_ws/install/orbbec_camera_msgs:/robot_ws/install/oradar_lidar:/robot_ws/install/lidar_pkg:/robot_ws/install/kros_car:/robot_ws/install/kros_car_description:/opt/ros/jazzy', 'ROS_AUTOMATIC_DISCOVERY_RANGE': 'SUBNET', 'PWD': '/workspaces/build/yolo_ros', 'LC_ALL': 'C.UTF-8', 'PYTHONPATH': '/workspaces/build/yolo_ros/prefix_override:/usr/lib/python3/dist-packages/colcon_core/task/python/colcon_distutils_commands:/workspaces/install/yolo_ros/lib/python3.12/site-packages:/workspaces/install/yolo_msgs/lib/python3.12/site-packages:/robot_ws/install/orbbec_camera_msgs/lib/python3.12/site-packages:/robot_ws/build/lidar_pkg:/robot_ws/install/lidar_pkg/lib/python3.12/site-packages:/opt/ros/jazzy/lib/python3.12/site-packages', 'COLCON': '1', 'CMAKE_PREFIX_PATH': '/workspaces/install/yolo_msgs:/robot_ws/install/orbbec_description:/robot_ws/install/orbbec_camera:/robot_ws/install/orbbec_camera_msgs:/robot_ws/install/oradar_lidar:/robot_ws/install/kros_car:/robot_ws/install/kros_car_description:/opt/ros/jazzy/opt/sdformat_vendor:/opt/ros/jazzy/opt/gz_math_vendor:/opt/ros/jazzy/opt/gz_utils_vendor:/opt/ros/jazzy/opt/gz_tools_vendor:/opt/ros/jazzy/opt/gz_cmake_vendor', 'ROS2_WS': '/workspaces'}, 'shell': False}
[9.019179] (-) TimerEvent: {}
[9.119417] (-) TimerEvent: {}
[9.127748] (yolo_ros) StdoutLine: {'line': b'running develop\n'}
[9.183889] (yolo_ros) StdoutLine: {'line': b'running egg_info\n'}
[9.184203] (yolo_ros) StdoutLine: {'line': b'creating yolo_ros.egg-info\n'}
[9.189253] (yolo_ros) StdoutLine: {'line': b'writing yolo_ros.egg-info/PKG-INFO\n'}
[9.189451] (yolo_ros) StdoutLine: {'line': b'writing dependency_links to yolo_ros.egg-info/dependency_links.txt\n'}
[9.189604] (yolo_ros) StdoutLine: {'line': b'writing entry points to yolo_ros.egg-info/entry_points.txt\n'}
[9.189697] (yolo_ros) StdoutLine: {'line': b'writing requirements to yolo_ros.egg-info/requires.txt\n'}
[9.189779] (yolo_ros) StdoutLine: {'line': b'writing top-level names to yolo_ros.egg-info/top_level.txt\n'}
[9.189860] (yolo_ros) StdoutLine: {'line': b"writing manifest file 'yolo_ros.egg-info/SOURCES.txt'\n"}
[9.200613] (yolo_ros) StdoutLine: {'line': b"reading manifest file 'yolo_ros.egg-info/SOURCES.txt'\n"}
[9.200929] (yolo_ros) StdoutLine: {'line': b"writing manifest file 'yolo_ros.egg-info/SOURCES.txt'\n"}
[9.206753] (yolo_ros) StdoutLine: {'line': b'running build_ext\n'}
[9.206931] (yolo_ros) StdoutLine: {'line': b'Creating /workspaces/install/yolo_ros/lib/python3.12/site-packages/yolo-ros.egg-link (link to .)\n'}
[9.207148] (yolo_ros) StdoutLine: {'line': b'Installing debug_node script to /workspaces/install/yolo_ros/lib/yolo_ros\n'}
[9.207356] (yolo_ros) StdoutLine: {'line': b'Installing detect_3d_node script to /workspaces/install/yolo_ros/lib/yolo_ros\n'}
[9.207499] (yolo_ros) StdoutLine: {'line': b'Installing tracking_node script to /workspaces/install/yolo_ros/lib/yolo_ros\n'}
[9.207607] (yolo_ros) StdoutLine: {'line': b'Installing yolo_node script to /workspaces/install/yolo_ros/lib/yolo_ros\n'}
[9.207694] (yolo_ros) StdoutLine: {'line': b'\n'}
[9.207780] (yolo_ros) StdoutLine: {'line': b'Installed /workspaces/build/yolo_ros\n'}
[9.207864] (yolo_ros) StdoutLine: {'line': b'running symlink_data\n'}
[9.207947] (yolo_ros) StdoutLine: {'line': b'creating /workspaces/install/yolo_ros/share/ament_index\n'}
[9.208033] (yolo_ros) StdoutLine: {'line': b'creating /workspaces/install/yolo_ros/share/ament_index/resource_index\n'}
[9.208131] (yolo_ros) StdoutLine: {'line': b'creating /workspaces/install/yolo_ros/share/ament_index/resource_index/packages\n'}
[9.208209] (yolo_ros) StdoutLine: {'line': b'symbolically linking /workspaces/build/yolo_ros/resource/yolo_ros -> /workspaces/install/yolo_ros/share/ament_index/resource_index/packages\n'}
[9.208252] (yolo_ros) StdoutLine: {'line': b'symbolically linking /workspaces/build/yolo_ros/package.xml -> /workspaces/install/yolo_ros/share/yolo_ros\n'}
[9.219524] (-) TimerEvent: {}
[9.226537] (yolo_ros) CommandEnded: {'returncode': 0}
[9.229671] (yolo_ros) JobEnded: {'identifier': 'yolo_ros', 'rc': 0}
[9.230303] (yolo_bringup) JobStarted: {'identifier': 'yolo_bringup'}
[9.235521] (yolo_bringup) JobProgress: {'identifier': 'yolo_bringup', 'progress': 'cmake'}
[9.235844] (yolo_bringup) Command: {'cmd': ['/usr/bin/cmake', '/workspaces/workspaces/src/yolo_ros-main/yolo_bringup', '-DAMENT_CMAKE_SYMLINK_INSTALL=1', '-DCMAKE_INSTALL_PREFIX=/workspaces/install/yolo_bringup'], 'cwd': '/workspaces/build/yolo_bringup', 'env': OrderedDict({'HISTFILESIZE': '2147450879', 'GZ_CONFIG_PATH': '/opt/ros/jazzy/opt/sdformat_vendor/share/gz', 'HOSTNAME': '23dc7ad1fa71', 'SHLVL': '1', 'LD_LIBRARY_PATH': '/workspaces/install/yolo_msgs/lib:/robot_ws/install/orbbec_camera/lib:/robot_ws/install/orbbec_camera_msgs/lib:/robot_ws/install/kros_car/lib:/opt/ros/jazzy/opt/sdformat_vendor/lib:/opt/ros/jazzy/opt/rviz_ogre_vendor/lib:/opt/ros/jazzy/lib/x86_64-linux-gnu:/opt/ros/jazzy/opt/gz_math_vendor/lib:/opt/ros/jazzy/opt/gz_utils_vendor/lib:/opt/ros/jazzy/opt/gz_tools_vendor/lib:/opt/ros/jazzy/opt/gz_cmake_vendor/lib:/opt/ros/jazzy/lib', 'LESS': '-R', 'HOME': '/root', 'LSCOLORS': 'Gxfxcxdxdxegedabagacad', 'ROS_PYTHON_VERSION': '3', 'PAGER': 'less', 'COLCON_PREFIX_PATH': '/robot_ws/install', 'ROS_DISTRO': 'jazzy', 'OSH': '/root/.oh-my-bash', '_': '/usr/bin/colcon', 'ROS_VERSION': '2', 'TERM': 'xterm', 'DRIVER_WS': '/robot_ws', 'PATH': '/usr/lib/ccache:/robot_ws/install/oradar_lidar/bin:/opt/ros/jazzy/opt/gz_tools_vendor/bin:/opt/ros/jazzy/bin:/usr/local/sbin:/usr/local/bin:/usr/sbin:/usr/bin:/sbin:/bin', 'ydlidar_sdk_DIR': '/usr/lib/cmake/ydlidar_sdk', 'HISTSIZE': '2147450879', 'LANG': 'C.UTF-8', 'LS_COLORS': 'rs=0:di=01;34:ln=01;36:mh=00:pi=40;33:so=01;35:do=01;35:bd=40;33;01:cd=40;33;01:or=40;31;01:mi=00:su=37;41:sg=30;43:ca=00:tw=30;42:ow=34;42:st=37;44:ex=01;32:*.tar=01;31:*.tgz=01;31:*.arc=01;31:*.arj=01;31:*.taz=01;31:*.lha=01;31:*.lz4=01;31:*.lzh=01;31:*.lzma=01;31:*.tlz=01;31:*.txz=01;31:*.tzo=01;31:*.t7z=01;31:*.zip=01;31:*.z=01;31:*.dz=01;31:*.gz=01;31:*.lrz=01;31:*.lz=01;31:*.lzo=01;31:*.xz=01;31:*.zst=01;31:*.tzst=01;31:*.bz2=01;31:*.bz=01;31:*.tbz=01;31:*.tbz2=01;31:*.tz=01;31:*.deb=01;31:*.rpm=01;31:*.jar=01;31:*.war=01;31:*.ear=01;31:*.sar=01;31:*.rar=01;31:*.alz=01;31:*.ace=01;31:*.zoo=01;31:*.cpio=01;31:*.7z=01;31:*.rz=01;31:*.cab=01;31:*.wim=01;31:*.swm=01;31:*.dwm=01;31:*.esd=01;31:*.avif=01;35:*.jpg=01;35:*.jpeg=01;35:*.mjpg=01;35:*.mjpeg=01;35:*.gif=01;35:*.bmp=01;35:*.pbm=01;35:*.pgm=01;35:*.ppm=01;35:*.tga=01;35:*.xbm=01;35:*.xpm=01;35:*.tif=01;35:*.tiff=01;35:*.png=01;35:*.svg=01;35:*.svgz=01;35:*.mng=01;35:*.pcx=01;35:*.mov=01;35:*.mpg=01;35:*.mpeg=01;35:*.m2v=01;35:*.mkv=01;35:*.webm=01;35:*.webp=01;35:*.ogm=01;35:*.mp4=01;35:*.m4v=01;35:*.mp4v=01;35:*.vob=01;35:*.qt=01;35:*.nuv=01;35:*.wmv=01;35:*.asf=01;35:*.rm=01;35:*.rmvb=01;35:*.flc=01;35:*.avi=01;35:*.fli=01;35:*.flv=01;35:*.gl=01;35:*.dl=01;35:*.xcf=01;35:*.xwd=01;35:*.yuv=01;35:*.cgm=01;35:*.emf=01;35:*.ogv=01;35:*.ogx=01;35:*.aac=00;36:*.au=00;36:*.flac=00;36:*.m4a=00;36:*.mid=00;36:*.midi=00;36:*.mka=00;36:*.mp3=00;36:*.mpc=00;36:*.ogg=00;36:*.ra=00;36:*.wav=00;36:*.oga=00;36:*.opus=00;36:*.spx=00;36:*.xspf=00;36:*~=00;90:*#=00;90:*.bak=00;90:*.crdownload=00;90:*.dpkg-dist=00;90:*.dpkg-new=00;90:*.dpkg-old=00;90:*.dpkg-tmp=00;90:*.old=00;90:*.orig=00;90:*.part=00;90:*.rej=00;90:*.rpmnew=00;90:*.rpmorig=00;90:*.rpmsave=00;90:*.swp=00;90:*.tmp=00;90:*.ucf-dist=00;90:*.ucf-new=00;90:*.ucf-old=00;90:', 'ROS_DOMAIN_ID': '0', 'AMENT_PREFIX_PATH': '/workspaces/install/yolo_ros:/workspaces/install/yolo_msgs:/robot_ws/install/orbbec_description:/robot_ws/install/orbbec_camera:/robot_ws/install/orbbec_camera_msgs:/robot_ws/install/oradar_lidar:/robot_ws/install/lidar_pkg:/robot_ws/install/kros_car:/robot_ws/install/kros_car_description:/opt/ros/jazzy', 'ROS_AUTOMATIC_DISCOVERY_RANGE': 'SUBNET', 'PWD': '/workspaces/build/yolo_bringup', 'LC_ALL': 'C.UTF-8', 'PYTHONPATH': '/workspaces/build/yolo_ros:/workspaces/install/yolo_ros/lib/python3.12/site-packages:/workspaces/install/yolo_msgs/lib/python3.12/site-packages:/robot_ws/install/orbbec_camera_msgs/lib/python3.12/site-packages:/robot_ws/build/lidar_pkg:/robot_ws/install/lidar_pkg/lib/python3.12/site-packages:/opt/ros/jazzy/lib/python3.12/site-packages', 'COLCON': '1', 'CMAKE_PREFIX_PATH': '/workspaces/install/yolo_msgs:/robot_ws/install/orbbec_description:/robot_ws/install/orbbec_camera:/robot_ws/install/orbbec_camera_msgs:/robot_ws/install/oradar_lidar:/robot_ws/install/kros_car:/robot_ws/install/kros_car_description:/opt/ros/jazzy/opt/sdformat_vendor:/opt/ros/jazzy/opt/gz_math_vendor:/opt/ros/jazzy/opt/gz_utils_vendor:/opt/ros/jazzy/opt/gz_tools_vendor:/opt/ros/jazzy/opt/gz_cmake_vendor:/robot_ws/install/lidar_pkg:/opt/ros/jazzy', 'ROS2_WS': '/workspaces'}), 'shell': False}
[9.282196] (yolo_bringup) StdoutLine: {'line': b'-- The C compiler identification is GNU 13.3.0\n'}
[9.319619] (-) TimerEvent: {}
[9.320256] (yolo_bringup) StdoutLine: {'line': b'-- The CXX compiler identification is GNU 13.3.0\n'}
[9.332580] (yolo_bringup) StdoutLine: {'line': b'-- Detecting C compiler ABI info\n'}
[9.384895] (yolo_bringup) StdoutLine: {'line': b'-- Detecting C compiler ABI info - done\n'}
[9.389453] (yolo_bringup) StdoutLine: {'line': b'-- Check for working C compiler: /usr/lib/ccache/cc - skipped\n'}
[9.389612] (yolo_bringup) StdoutLine: {'line': b'-- Detecting C compile features\n'}
[9.389812] (yolo_bringup) StdoutLine: {'line': b'-- Detecting C compile features - done\n'}
[9.395655] (yolo_bringup) StdoutLine: {'line': b'-- Detecting CXX compiler ABI info\n'}
[9.419668] (-) TimerEvent: {}
[9.447854] (yolo_bringup) StdoutLine: {'line': b'-- Detecting CXX compiler ABI info - done\n'}
[9.455977] (yolo_bringup) StdoutLine: {'line': b'-- Check for working CXX compiler: /usr/lib/ccache/c++ - skipped\n'}
[9.456139] (yolo_bringup) StdoutLine: {'line': b'-- Detecting CXX compile features\n'}
[9.456379] (yolo_bringup) StdoutLine: {'line': b'-- Detecting CXX compile features - done\n'}
[9.458261] (yolo_bringup) StdoutLine: {'line': b'-- Found ament_cmake: 2.5.5 (/opt/ros/jazzy/share/ament_cmake/cmake)\n'}
[9.519762] (-) TimerEvent: {}
[9.542956] (yolo_bringup) StdoutLine: {'line': b'-- Found Python3: /usr/bin/python3 (found version "3.12.3") found components: Interpreter \n'}
[9.587611] (yolo_bringup) StdoutLine: {'line': b'-- Override CMake install command with custom implementation using symlinks instead of copying resources\n'}
[9.619900] (-) TimerEvent: {}
[9.665679] (yolo_bringup) StdoutLine: {'line': b'-- Configuring done (0.4s)\n'}
[9.666916] (yolo_bringup) StdoutLine: {'line': b'-- Generating done (0.0s)\n'}
[9.667569] (yolo_bringup) StdoutLine: {'line': b'-- Build files have been written to: /workspaces/build/yolo_bringup\n'}
[9.670603] (yolo_bringup) CommandEnded: {'returncode': 0}
[9.671562] (yolo_bringup) JobProgress: {'identifier': 'yolo_bringup', 'progress': 'build'}
[9.671640] (yolo_bringup) Command: {'cmd': ['/usr/bin/cmake', '--build', '/workspaces/build/yolo_bringup', '--', '-j16', '-l16'], 'cwd': '/workspaces/build/yolo_bringup', 'env': OrderedDict({'HISTFILESIZE': '2147450879', 'GZ_CONFIG_PATH': '/opt/ros/jazzy/opt/sdformat_vendor/share/gz', 'HOSTNAME': '23dc7ad1fa71', 'SHLVL': '1', 'LD_LIBRARY_PATH': '/workspaces/install/yolo_msgs/lib:/robot_ws/install/orbbec_camera/lib:/robot_ws/install/orbbec_camera_msgs/lib:/robot_ws/install/kros_car/lib:/opt/ros/jazzy/opt/sdformat_vendor/lib:/opt/ros/jazzy/opt/rviz_ogre_vendor/lib:/opt/ros/jazzy/lib/x86_64-linux-gnu:/opt/ros/jazzy/opt/gz_math_vendor/lib:/opt/ros/jazzy/opt/gz_utils_vendor/lib:/opt/ros/jazzy/opt/gz_tools_vendor/lib:/opt/ros/jazzy/opt/gz_cmake_vendor/lib:/opt/ros/jazzy/lib', 'LESS': '-R', 'HOME': '/root', 'LSCOLORS': 'Gxfxcxdxdxegedabagacad', 'ROS_PYTHON_VERSION': '3', 'PAGER': 'less', 'COLCON_PREFIX_PATH': '/robot_ws/install', 'ROS_DISTRO': 'jazzy', 'OSH': '/root/.oh-my-bash', '_': '/usr/bin/colcon', 'ROS_VERSION': '2', 'TERM': 'xterm', 'DRIVER_WS': '/robot_ws', 'PATH': '/usr/lib/ccache:/robot_ws/install/oradar_lidar/bin:/opt/ros/jazzy/opt/gz_tools_vendor/bin:/opt/ros/jazzy/bin:/usr/local/sbin:/usr/local/bin:/usr/sbin:/usr/bin:/sbin:/bin', 'ydlidar_sdk_DIR': '/usr/lib/cmake/ydlidar_sdk', 'HISTSIZE': '2147450879', 'LANG': 'C.UTF-8', 'LS_COLORS': 'rs=0:di=01;34:ln=01;36:mh=00:pi=40;33:so=01;35:do=01;35:bd=40;33;01:cd=40;33;01:or=40;31;01:mi=00:su=37;41:sg=30;43:ca=00:tw=30;42:ow=34;42:st=37;44:ex=01;32:*.tar=01;31:*.tgz=01;31:*.arc=01;31:*.arj=01;31:*.taz=01;31:*.lha=01;31:*.lz4=01;31:*.lzh=01;31:*.lzma=01;31:*.tlz=01;31:*.txz=01;31:*.tzo=01;31:*.t7z=01;31:*.zip=01;31:*.z=01;31:*.dz=01;31:*.gz=01;31:*.lrz=01;31:*.lz=01;31:*.lzo=01;31:*.xz=01;31:*.zst=01;31:*.tzst=01;31:*.bz2=01;31:*.bz=01;31:*.tbz=01;31:*.tbz2=01;31:*.tz=01;31:*.deb=01;31:*.rpm=01;31:*.jar=01;31:*.war=01;31:*.ear=01;31:*.sar=01;31:*.rar=01;31:*.alz=01;31:*.ace=01;31:*.zoo=01;31:*.cpio=01;31:*.7z=01;31:*.rz=01;31:*.cab=01;31:*.wim=01;31:*.swm=01;31:*.dwm=01;31:*.esd=01;31:*.avif=01;35:*.jpg=01;35:*.jpeg=01;35:*.mjpg=01;35:*.mjpeg=01;35:*.gif=01;35:*.bmp=01;35:*.pbm=01;35:*.pgm=01;35:*.ppm=01;35:*.tga=01;35:*.xbm=01;35:*.xpm=01;35:*.tif=01;35:*.tiff=01;35:*.png=01;35:*.svg=01;35:*.svgz=01;35:*.mng=01;35:*.pcx=01;35:*.mov=01;35:*.mpg=01;35:*.mpeg=01;35:*.m2v=01;35:*.mkv=01;35:*.webm=01;35:*.webp=01;35:*.ogm=01;35:*.mp4=01;35:*.m4v=01;35:*.mp4v=01;35:*.vob=01;35:*.qt=01;35:*.nuv=01;35:*.wmv=01;35:*.asf=01;35:*.rm=01;35:*.rmvb=01;35:*.flc=01;35:*.avi=01;35:*.fli=01;35:*.flv=01;35:*.gl=01;35:*.dl=01;35:*.xcf=01;35:*.xwd=01;35:*.yuv=01;35:*.cgm=01;35:*.emf=01;35:*.ogv=01;35:*.ogx=01;35:*.aac=00;36:*.au=00;36:*.flac=00;36:*.m4a=00;36:*.mid=00;36:*.midi=00;36:*.mka=00;36:*.mp3=00;36:*.mpc=00;36:*.ogg=00;36:*.ra=00;36:*.wav=00;36:*.oga=00;36:*.opus=00;36:*.spx=00;36:*.xspf=00;36:*~=00;90:*#=00;90:*.bak=00;90:*.crdownload=00;90:*.dpkg-dist=00;90:*.dpkg-new=00;90:*.dpkg-old=00;90:*.dpkg-tmp=00;90:*.old=00;90:*.orig=00;90:*.part=00;90:*.rej=00;90:*.rpmnew=00;90:*.rpmorig=00;90:*.rpmsave=00;90:*.swp=00;90:*.tmp=00;90:*.ucf-dist=00;90:*.ucf-new=00;90:*.ucf-old=00;90:', 'ROS_DOMAIN_ID': '0', 'AMENT_PREFIX_PATH': '/workspaces/install/yolo_ros:/workspaces/install/yolo_msgs:/robot_ws/install/orbbec_description:/robot_ws/install/orbbec_camera:/robot_ws/install/orbbec_camera_msgs:/robot_ws/install/oradar_lidar:/robot_ws/install/lidar_pkg:/robot_ws/install/kros_car:/robot_ws/install/kros_car_description:/opt/ros/jazzy', 'ROS_AUTOMATIC_DISCOVERY_RANGE': 'SUBNET', 'PWD': '/workspaces/build/yolo_bringup', 'LC_ALL': 'C.UTF-8', 'PYTHONPATH': '/workspaces/build/yolo_ros:/workspaces/install/yolo_ros/lib/python3.12/site-packages:/workspaces/install/yolo_msgs/lib/python3.12/site-packages:/robot_ws/install/orbbec_camera_msgs/lib/python3.12/site-packages:/robot_ws/build/lidar_pkg:/robot_ws/install/lidar_pkg/lib/python3.12/site-packages:/opt/ros/jazzy/lib/python3.12/site-packages', 'COLCON': '1', 'CMAKE_PREFIX_PATH': '/workspaces/install/yolo_msgs:/robot_ws/install/orbbec_description:/robot_ws/install/orbbec_camera:/robot_ws/install/orbbec_camera_msgs:/robot_ws/install/oradar_lidar:/robot_ws/install/kros_car:/robot_ws/install/kros_car_description:/opt/ros/jazzy/opt/sdformat_vendor:/opt/ros/jazzy/opt/gz_math_vendor:/opt/ros/jazzy/opt/gz_utils_vendor:/opt/ros/jazzy/opt/gz_tools_vendor:/opt/ros/jazzy/opt/gz_cmake_vendor:/robot_ws/install/lidar_pkg:/opt/ros/jazzy', 'ROS2_WS': '/workspaces'}), 'shell': False}
[9.695484] (yolo_bringup) CommandEnded: {'returncode': 0}
[9.696297] (yolo_bringup) JobProgress: {'identifier': 'yolo_bringup', 'progress': 'install'}
[9.696318] (yolo_bringup) Command: {'cmd': ['/usr/bin/cmake', '--install', '/workspaces/build/yolo_bringup'], 'cwd': '/workspaces/build/yolo_bringup', 'env': OrderedDict({'HISTFILESIZE': '2147450879', 'GZ_CONFIG_PATH': '/opt/ros/jazzy/opt/sdformat_vendor/share/gz', 'HOSTNAME': '23dc7ad1fa71', 'SHLVL': '1', 'LD_LIBRARY_PATH': '/workspaces/install/yolo_msgs/lib:/robot_ws/install/orbbec_camera/lib:/robot_ws/install/orbbec_camera_msgs/lib:/robot_ws/install/kros_car/lib:/opt/ros/jazzy/opt/sdformat_vendor/lib:/opt/ros/jazzy/opt/rviz_ogre_vendor/lib:/opt/ros/jazzy/lib/x86_64-linux-gnu:/opt/ros/jazzy/opt/gz_math_vendor/lib:/opt/ros/jazzy/opt/gz_utils_vendor/lib:/opt/ros/jazzy/opt/gz_tools_vendor/lib:/opt/ros/jazzy/opt/gz_cmake_vendor/lib:/opt/ros/jazzy/lib', 'LESS': '-R', 'HOME': '/root', 'LSCOLORS': 'Gxfxcxdxdxegedabagacad', 'ROS_PYTHON_VERSION': '3', 'PAGER': 'less', 'COLCON_PREFIX_PATH': '/robot_ws/install', 'ROS_DISTRO': 'jazzy', 'OSH': '/root/.oh-my-bash', '_': '/usr/bin/colcon', 'ROS_VERSION': '2', 'TERM': 'xterm', 'DRIVER_WS': '/robot_ws', 'PATH': '/usr/lib/ccache:/robot_ws/install/oradar_lidar/bin:/opt/ros/jazzy/opt/gz_tools_vendor/bin:/opt/ros/jazzy/bin:/usr/local/sbin:/usr/local/bin:/usr/sbin:/usr/bin:/sbin:/bin', 'ydlidar_sdk_DIR': '/usr/lib/cmake/ydlidar_sdk', 'HISTSIZE': '2147450879', 'LANG': 'C.UTF-8', 'LS_COLORS': 'rs=0:di=01;34:ln=01;36:mh=00:pi=40;33:so=01;35:do=01;35:bd=40;33;01:cd=40;33;01:or=40;31;01:mi=00:su=37;41:sg=30;43:ca=00:tw=30;42:ow=34;42:st=37;44:ex=01;32:*.tar=01;31:*.tgz=01;31:*.arc=01;31:*.arj=01;31:*.taz=01;31:*.lha=01;31:*.lz4=01;31:*.lzh=01;31:*.lzma=01;31:*.tlz=01;31:*.txz=01;31:*.tzo=01;31:*.t7z=01;31:*.zip=01;31:*.z=01;31:*.dz=01;31:*.gz=01;31:*.lrz=01;31:*.lz=01;31:*.lzo=01;31:*.xz=01;31:*.zst=01;31:*.tzst=01;31:*.bz2=01;31:*.bz=01;31:*.tbz=01;31:*.tbz2=01;31:*.tz=01;31:*.deb=01;31:*.rpm=01;31:*.jar=01;31:*.war=01;31:*.ear=01;31:*.sar=01;31:*.rar=01;31:*.alz=01;31:*.ace=01;31:*.zoo=01;31:*.cpio=01;31:*.7z=01;31:*.rz=01;31:*.cab=01;31:*.wim=01;31:*.swm=01;31:*.dwm=01;31:*.esd=01;31:*.avif=01;35:*.jpg=01;35:*.jpeg=01;35:*.mjpg=01;35:*.mjpeg=01;35:*.gif=01;35:*.bmp=01;35:*.pbm=01;35:*.pgm=01;35:*.ppm=01;35:*.tga=01;35:*.xbm=01;35:*.xpm=01;35:*.tif=01;35:*.tiff=01;35:*.png=01;35:*.svg=01;35:*.svgz=01;35:*.mng=01;35:*.pcx=01;35:*.mov=01;35:*.mpg=01;35:*.mpeg=01;35:*.m2v=01;35:*.mkv=01;35:*.webm=01;35:*.webp=01;35:*.ogm=01;35:*.mp4=01;35:*.m4v=01;35:*.mp4v=01;35:*.vob=01;35:*.qt=01;35:*.nuv=01;35:*.wmv=01;35:*.asf=01;35:*.rm=01;35:*.rmvb=01;35:*.flc=01;35:*.avi=01;35:*.fli=01;35:*.flv=01;35:*.gl=01;35:*.dl=01;35:*.xcf=01;35:*.xwd=01;35:*.yuv=01;35:*.cgm=01;35:*.emf=01;35:*.ogv=01;35:*.ogx=01;35:*.aac=00;36:*.au=00;36:*.flac=00;36:*.m4a=00;36:*.mid=00;36:*.midi=00;36:*.mka=00;36:*.mp3=00;36:*.mpc=00;36:*.ogg=00;36:*.ra=00;36:*.wav=00;36:*.oga=00;36:*.opus=00;36:*.spx=00;36:*.xspf=00;36:*~=00;90:*#=00;90:*.bak=00;90:*.crdownload=00;90:*.dpkg-dist=00;90:*.dpkg-new=00;90:*.dpkg-old=00;90:*.dpkg-tmp=00;90:*.old=00;90:*.orig=00;90:*.part=00;90:*.rej=00;90:*.rpmnew=00;90:*.rpmorig=00;90:*.rpmsave=00;90:*.swp=00;90:*.tmp=00;90:*.ucf-dist=00;90:*.ucf-new=00;90:*.ucf-old=00;90:', 'ROS_DOMAIN_ID': '0', 'AMENT_PREFIX_PATH': '/workspaces/install/yolo_ros:/workspaces/install/yolo_msgs:/robot_ws/install/orbbec_description:/robot_ws/install/orbbec_camera:/robot_ws/install/orbbec_camera_msgs:/robot_ws/install/oradar_lidar:/robot_ws/install/lidar_pkg:/robot_ws/install/kros_car:/robot_ws/install/kros_car_description:/opt/ros/jazzy', 'ROS_AUTOMATIC_DISCOVERY_RANGE': 'SUBNET', 'PWD': '/workspaces/build/yolo_bringup', 'LC_ALL': 'C.UTF-8', 'PYTHONPATH': '/workspaces/build/yolo_ros:/workspaces/install/yolo_ros/lib/python3.12/site-packages:/workspaces/install/yolo_msgs/lib/python3.12/site-packages:/robot_ws/install/orbbec_camera_msgs/lib/python3.12/site-packages:/robot_ws/build/lidar_pkg:/robot_ws/install/lidar_pkg/lib/python3.12/site-packages:/opt/ros/jazzy/lib/python3.12/site-packages', 'COLCON': '1', 'CMAKE_PREFIX_PATH': '/workspaces/install/yolo_msgs:/robot_ws/install/orbbec_description:/robot_ws/install/orbbec_camera:/robot_ws/install/orbbec_camera_msgs:/robot_ws/install/oradar_lidar:/robot_ws/install/kros_car:/robot_ws/install/kros_car_description:/opt/ros/jazzy/opt/sdformat_vendor:/opt/ros/jazzy/opt/gz_math_vendor:/opt/ros/jazzy/opt/gz_utils_vendor:/opt/ros/jazzy/opt/gz_tools_vendor:/opt/ros/jazzy/opt/gz_cmake_vendor:/robot_ws/install/lidar_pkg:/opt/ros/jazzy', 'ROS2_WS': '/workspaces'}), 'shell': False}
[9.700540] (yolo_bringup) StdoutLine: {'line': b'-- Install configuration: ""\n'}
[9.700774] (yolo_bringup) StdoutLine: {'line': b'-- Execute custom install script\n'}
[9.701077] (yolo_bringup) StdoutLine: {'line': b'-- Symlinking: /workspaces/install/yolo_bringup/share/yolo_bringup//launch/yolo-world.launch.py\n'}
[9.704979] (yolo_bringup) StdoutLine: {'line': b'-- Symlinking: /workspaces/install/yolo_bringup/share/yolo_bringup//launch/yolo-world.launch.py:Zone.Identifier\n'}
[9.708635] (yolo_bringup) StdoutLine: {'line': b'-- Symlinking: /workspaces/install/yolo_bringup/share/yolo_bringup//launch/yolo.launch.py\n'}
[9.712190] (yolo_bringup) StdoutLine: {'line': b'-- Symlinking: /workspaces/install/yolo_bringup/share/yolo_bringup//launch/yolo.launch.py:Zone.Identifier\n'}
[9.715630] (yolo_bringup) StdoutLine: {'line': b'-- Symlinking: /workspaces/install/yolo_bringup/share/yolo_bringup//launch/yoloe.launch.py\n'}
[9.719167] (yolo_bringup) StdoutLine: {'line': b'-- Symlinking: /workspaces/install/yolo_bringup/share/yolo_bringup//launch/yoloe.launch.py:Zone.Identifier\n'}
[9.719995] (-) TimerEvent: {}
[9.722982] (yolo_bringup) StdoutLine: {'line': b'-- Symlinking: /workspaces/install/yolo_bringup/share/yolo_bringup//launch/yolov10.launch.py\n'}
[9.727176] (yolo_bringup) StdoutLine: {'line': b'-- Symlinking: /workspaces/install/yolo_bringup/share/yolo_bringup//launch/yolov10.launch.py:Zone.Identifier\n'}
[9.731847] (yolo_bringup) StdoutLine: {'line': b'-- Symlinking: /workspaces/install/yolo_bringup/share/yolo_bringup//launch/yolov11.launch.py\n'}
[9.737156] (yolo_bringup) StdoutLine: {'line': b'-- Symlinking: /workspaces/install/yolo_bringup/share/yolo_bringup//launch/yolov11.launch.py:Zone.Identifier\n'}
[9.743989] (yolo_bringup) StdoutLine: {'line': b'-- Symlinking: /workspaces/install/yolo_bringup/share/yolo_bringup//launch/yolov12.launch.py\n'}
[9.750991] (yolo_bringup) StdoutLine: {'line': b'-- Symlinking: /workspaces/install/yolo_bringup/share/yolo_bringup//launch/yolov12.launch.py:Zone.Identifier\n'}
[9.757703] (yolo_bringup) StdoutLine: {'line': b'-- Symlinking: /workspaces/install/yolo_bringup/share/yolo_bringup//launch/yolov26.launch.py\n'}
[9.764038] (yolo_bringup) StdoutLine: {'line': b'-- Symlinking: /workspaces/install/yolo_bringup/share/yolo_bringup//launch/yolov26.launch.py:Zone.Identifier\n'}
[9.768811] (yolo_bringup) StdoutLine: {'line': b'-- Symlinking: /workspaces/install/yolo_bringup/share/yolo_bringup//launch/yolov5.launch.py\n'}
[9.775113] (yolo_bringup) StdoutLine: {'line': b'-- Symlinking: /workspaces/install/yolo_bringup/share/yolo_bringup//launch/yolov5.launch.py:Zone.Identifier\n'}
[9.779859] (yolo_bringup) StdoutLine: {'line': b'-- Symlinking: /workspaces/install/yolo_bringup/share/yolo_bringup//launch/yolov8.launch.py\n'}
[9.786370] (yolo_bringup) StdoutLine: {'line': b'-- Symlinking: /workspaces/install/yolo_bringup/share/yolo_bringup//launch/yolov8.launch.py:Zone.Identifier\n'}
[9.792682] (yolo_bringup) StdoutLine: {'line': b'-- Symlinking: /workspaces/install/yolo_bringup/share/yolo_bringup//launch/yolov9.launch.py\n'}
[9.796626] (yolo_bringup) StdoutLine: {'line': b'-- Symlinking: /workspaces/install/yolo_bringup/share/yolo_bringup//launch/yolov9.launch.py:Zone.Identifier\n'}
[9.802995] (yolo_bringup) StdoutLine: {'line': b'-- Symlinking: /workspaces/install/yolo_bringup/share/ament_index/resource_index/package_run_dependencies/yolo_bringup\n'}
[9.809433] (yolo_bringup) StdoutLine: {'line': b'-- Symlinking: /workspaces/install/yolo_bringup/share/ament_index/resource_index/parent_prefix_path/yolo_bringup\n'}
[9.813697] (yolo_bringup) StdoutLine: {'line': b'-- Symlinking: /workspaces/install/yolo_bringup/share/yolo_bringup/environment/ament_prefix_path.sh\n'}
[9.817590] (yolo_bringup) StdoutLine: {'line': b'-- Symlinking: /workspaces/install/yolo_bringup/share/yolo_bringup/environment/ament_prefix_path.dsv\n'}
[9.820054] (-) TimerEvent: {}
[9.823943] (yolo_bringup) StdoutLine: {'line': b'-- Symlinking: /workspaces/install/yolo_bringup/share/yolo_bringup/environment/path.sh\n'}
[9.830170] (yolo_bringup) StdoutLine: {'line': b'-- Symlinking: /workspaces/install/yolo_bringup/share/yolo_bringup/environment/path.dsv\n'}
[9.836907] (yolo_bringup) StdoutLine: {'line': b'-- Symlinking: /workspaces/install/yolo_bringup/share/yolo_bringup/local_setup.bash\n'}
[9.843647] (yolo_bringup) StdoutLine: {'line': b'-- Symlinking: /workspaces/install/yolo_bringup/share/yolo_bringup/local_setup.sh\n'}
[9.848080] (yolo_bringup) StdoutLine: {'line': b'-- Symlinking: /workspaces/install/yolo_bringup/share/yolo_bringup/local_setup.zsh\n'}
[9.854537] (yolo_bringup) StdoutLine: {'line': b'-- Symlinking: /workspaces/install/yolo_bringup/share/yolo_bringup/local_setup.dsv\n'}
[9.860165] (yolo_bringup) StdoutLine: {'line': b'-- Symlinking: /workspaces/install/yolo_bringup/share/yolo_bringup/package.dsv\n'}
[9.864172] (yolo_bringup) StdoutLine: {'line': b'-- Symlinking: /workspaces/install/yolo_bringup/share/ament_index/resource_index/packages/yolo_bringup\n'}
[9.870459] (yolo_bringup) StdoutLine: {'line': b'-- Symlinking: /workspaces/install/yolo_bringup/share/yolo_bringup/cmake/yolo_bringupConfig.cmake\n'}
[9.875009] (yolo_bringup) StdoutLine: {'line': b'-- Symlinking: /workspaces/install/yolo_bringup/share/yolo_bringup/cmake/yolo_bringupConfig-version.cmake\n'}
[9.879311] (yolo_bringup) StdoutLine: {'line': b'-- Symlinking: /workspaces/install/yolo_bringup/share/yolo_bringup/package.xml\n'}
[9.885231] (yolo_bringup) CommandEnded: {'returncode': 0}
[9.890502] (yolo_bringup) JobEnded: {'identifier': 'yolo_bringup', 'rc': 0}
[9.891354] (-) EventReactorShutdown: {}
