[0.061s] DEBUG:colcon:Command line arguments: ['/usr/bin/colcon', 'build', '--symlink-install']
[0.061s] DEBUG:colcon:Parsed command line arguments: Namespace(log_base=None, log_level=None, verb_name='build', build_base='build', install_base='install', merge_install=False, symlink_install=True, test_result_base=None, continue_on_error=False, executor='parallel', parallel_workers=16, event_handlers=None, ignore_user_meta=False, metas=['./colcon.meta'], base_paths=['.'], packages_ignore=None, packages_ignore_regex=None, paths=None, packages_up_to=None, packages_up_to_regex=None, packages_above=None, packages_above_and_dependencies=None, packages_above_depth=None, packages_select_by_dep=None, packages_skip_by_dep=None, packages_skip_up_to=None, packages_select_build_failed=False, packages_skip_build_finished=False, packages_select_test_failures=False, packages_skip_test_passed=False, packages_select=None, packages_skip=None, packages_select_regex=None, packages_skip_regex=None, packages_start=None, packages_end=None, cmake_args=None, cmake_target=None, cmake_target_skip_unavailable=False, cmake_clean_cache=False, cmake_clean_first=False, cmake_force_configure=False, ament_cmake_args=None, catkin_cmake_args=None, catkin_skip_building_tests=False, mixin_files=None, mixin=None, verb_parser=<colcon_mixin.mixin.mixin_argument.MixinArgumentDecorator object at 0x7aa2d426e690>, verb_extension=<colcon_core.verb.build.BuildVerb object at 0x7aa2d426e3c0>, main=<bound method BuildVerb.main of <colcon_core.verb.build.BuildVerb object at 0x7aa2d426e3c0>>, mixin_verb=('build',))
[0.082s] Level 1:colcon.colcon_core.package_discovery:discover_packages(colcon_meta) check parameters
[0.083s] INFO:colcon.colcon_metadata.package_discovery.colcon_meta:Using configuration from '/root/.colcon/metadata/default/Gazebo.meta'
[0.083s] INFO:colcon.colcon_metadata.package_discovery.colcon_meta:Using configuration from '/root/.colcon/metadata/default/fastdds.meta'
[0.083s] INFO:colcon.colcon_metadata.package_discovery.colcon_meta:Using configuration from '/root/.colcon/metadata/default/fastrtps.meta'
[0.083s] Level 1:colcon.colcon_core.package_discovery:discover_packages(recursive) check parameters
[0.083s] Level 1:colcon.colcon_core.package_discovery:discover_packages(ignore) check parameters
[0.083s] Level 1:colcon.colcon_core.package_discovery:discover_packages(path) check parameters
[0.083s] Level 1:colcon.colcon_core.package_discovery:discover_packages(colcon_meta) discover
[0.083s] Level 1:colcon.colcon_core.package_discovery:discover_packages(recursive) discover
[0.083s] INFO:colcon.colcon_core.package_discovery:Crawling recursively for packages in '/workspaces'
[0.083s] Level 1:colcon.colcon_core.package_identification:_identify(.) by extensions ['ignore', 'ignore_ament_install']
[0.083s] Level 1:colcon.colcon_core.package_identification:_identify(.) by extension 'ignore'
[0.083s] Level 1:colcon.colcon_core.package_identification:_identify(.) by extension 'ignore_ament_install'
[0.083s] Level 1:colcon.colcon_core.package_identification:_identify(.) by extensions ['colcon_pkg']
[0.083s] Level 1:colcon.colcon_core.package_identification:_identify(.) by extension 'colcon_pkg'
[0.083s] Level 1:colcon.colcon_core.package_identification:_identify(.) by extensions ['colcon_meta']
[0.083s] Level 1:colcon.colcon_core.package_identification:_identify(.) by extension 'colcon_meta'
[0.083s] Level 1:colcon.colcon_core.package_identification:_identify(.) by extensions ['ros']
[0.083s] Level 1:colcon.colcon_core.package_identification:_identify(.) by extension 'ros'
[0.104s] Level 1:colcon.colcon_core.package_identification:_identify(.) by extensions ['cmake', 'python']
[0.104s] Level 1:colcon.colcon_core.package_identification:_identify(.) by extension 'cmake'
[0.104s] Level 1:colcon.colcon_core.package_identification:_identify(.) by extension 'python'
[0.104s] Level 1:colcon.colcon_core.package_identification:_identify(.) by extensions ['python_setup_py']
[0.104s] Level 1:colcon.colcon_core.package_identification:_identify(.) by extension 'python_setup_py'
[0.104s] Level 1:colcon.colcon_core.package_identification:_identify(build) by extensions ['ignore', 'ignore_ament_install']
[0.104s] Level 1:colcon.colcon_core.package_identification:_identify(build) by extension 'ignore'
[0.104s] Level 1:colcon.colcon_core.package_identification:_identify(build) ignored
[0.104s] Level 1:colcon.colcon_core.package_identification:_identify(docker) by extensions ['ignore', 'ignore_ament_install']
[0.104s] Level 1:colcon.colcon_core.package_identification:_identify(docker) by extension 'ignore'
[0.104s] Level 1:colcon.colcon_core.package_identification:_identify(docker) by extension 'ignore_ament_install'
[0.104s] Level 1:colcon.colcon_core.package_identification:_identify(docker) by extensions ['colcon_pkg']
[0.104s] Level 1:colcon.colcon_core.package_identification:_identify(docker) by extension 'colcon_pkg'
[0.104s] Level 1:colcon.colcon_core.package_identification:_identify(docker) by extensions ['colcon_meta']
[0.104s] Level 1:colcon.colcon_core.package_identification:_identify(docker) by extension 'colcon_meta'
[0.104s] Level 1:colcon.colcon_core.package_identification:_identify(docker) by extensions ['ros']
[0.104s] Level 1:colcon.colcon_core.package_identification:_identify(docker) by extension 'ros'
[0.104s] Level 1:colcon.colcon_core.package_identification:_identify(docker) by extensions ['cmake', 'python']
[0.104s] Level 1:colcon.colcon_core.package_identification:_identify(docker) by extension 'cmake'
[0.105s] Level 1:colcon.colcon_core.package_identification:_identify(docker) by extension 'python'
[0.105s] Level 1:colcon.colcon_core.package_identification:_identify(docker) by extensions ['python_setup_py']
[0.105s] Level 1:colcon.colcon_core.package_identification:_identify(docker) by extension 'python_setup_py'
[0.105s] Level 1:colcon.colcon_core.package_identification:_identify(docker/compose) by extensions ['ignore', 'ignore_ament_install']
[0.105s] Level 1:colcon.colcon_core.package_identification:_identify(docker/compose) by extension 'ignore'
[0.105s] Level 1:colcon.colcon_core.package_identification:_identify(docker/compose) by extension 'ignore_ament_install'
[0.105s] Level 1:colcon.colcon_core.package_identification:_identify(docker/compose) by extensions ['colcon_pkg']
[0.105s] Level 1:colcon.colcon_core.package_identification:_identify(docker/compose) by extension 'colcon_pkg'
[0.105s] Level 1:colcon.colcon_core.package_identification:_identify(docker/compose) by extensions ['colcon_meta']
[0.105s] Level 1:colcon.colcon_core.package_identification:_identify(docker/compose) by extension 'colcon_meta'
[0.105s] Level 1:colcon.colcon_core.package_identification:_identify(docker/compose) by extensions ['ros']
[0.105s] Level 1:colcon.colcon_core.package_identification:_identify(docker/compose) by extension 'ros'
[0.105s] Level 1:colcon.colcon_core.package_identification:_identify(docker/compose) by extensions ['cmake', 'python']
[0.105s] Level 1:colcon.colcon_core.package_identification:_identify(docker/compose) by extension 'cmake'
[0.105s] Level 1:colcon.colcon_core.package_identification:_identify(docker/compose) by extension 'python'
[0.105s] Level 1:colcon.colcon_core.package_identification:_identify(docker/compose) by extensions ['python_setup_py']
[0.105s] Level 1:colcon.colcon_core.package_identification:_identify(docker/compose) by extension 'python_setup_py'
[0.105s] Level 1:colcon.colcon_core.package_identification:_identify(docker/compose/configs) by extensions ['ignore', 'ignore_ament_install']
[0.105s] Level 1:colcon.colcon_core.package_identification:_identify(docker/compose/configs) by extension 'ignore'
[0.105s] Level 1:colcon.colcon_core.package_identification:_identify(docker/compose/configs) by extension 'ignore_ament_install'
[0.105s] Level 1:colcon.colcon_core.package_identification:_identify(docker/compose/configs) by extensions ['colcon_pkg']
[0.105s] Level 1:colcon.colcon_core.package_identification:_identify(docker/compose/configs) by extension 'colcon_pkg'
[0.105s] Level 1:colcon.colcon_core.package_identification:_identify(docker/compose/configs) by extensions ['colcon_meta']
[0.105s] Level 1:colcon.colcon_core.package_identification:_identify(docker/compose/configs) by extension 'colcon_meta'
[0.105s] Level 1:colcon.colcon_core.package_identification:_identify(docker/compose/configs) by extensions ['ros']
[0.105s] Level 1:colcon.colcon_core.package_identification:_identify(docker/compose/configs) by extension 'ros'
[0.105s] Level 1:colcon.colcon_core.package_identification:_identify(docker/compose/configs) by extensions ['cmake', 'python']
[0.105s] Level 1:colcon.colcon_core.package_identification:_identify(docker/compose/configs) by extension 'cmake'
[0.105s] Level 1:colcon.colcon_core.package_identification:_identify(docker/compose/configs) by extension 'python'
[0.105s] Level 1:colcon.colcon_core.package_identification:_identify(docker/compose/configs) by extensions ['python_setup_py']
[0.105s] Level 1:colcon.colcon_core.package_identification:_identify(docker/compose/configs) by extension 'python_setup_py'
[0.105s] Level 1:colcon.colcon_core.package_identification:_identify(docker/compose/launch) by extensions ['ignore', 'ignore_ament_install']
[0.105s] Level 1:colcon.colcon_core.package_identification:_identify(docker/compose/launch) by extension 'ignore'
[0.105s] Level 1:colcon.colcon_core.package_identification:_identify(docker/compose/launch) by extension 'ignore_ament_install'
[0.105s] Level 1:colcon.colcon_core.package_identification:_identify(docker/compose/launch) by extensions ['colcon_pkg']
[0.105s] Level 1:colcon.colcon_core.package_identification:_identify(docker/compose/launch) by extension 'colcon_pkg'
[0.105s] Level 1:colcon.colcon_core.package_identification:_identify(docker/compose/launch) by extensions ['colcon_meta']
[0.105s] Level 1:colcon.colcon_core.package_identification:_identify(docker/compose/launch) by extension 'colcon_meta'
[0.105s] Level 1:colcon.colcon_core.package_identification:_identify(docker/compose/launch) by extensions ['ros']
[0.105s] Level 1:colcon.colcon_core.package_identification:_identify(docker/compose/launch) by extension 'ros'
[0.105s] Level 1:colcon.colcon_core.package_identification:_identify(docker/compose/launch) by extensions ['cmake', 'python']
[0.105s] Level 1:colcon.colcon_core.package_identification:_identify(docker/compose/launch) by extension 'cmake'
[0.105s] Level 1:colcon.colcon_core.package_identification:_identify(docker/compose/launch) by extension 'python'
[0.105s] Level 1:colcon.colcon_core.package_identification:_identify(docker/compose/launch) by extensions ['python_setup_py']
[0.105s] Level 1:colcon.colcon_core.package_identification:_identify(docker/compose/launch) by extension 'python_setup_py'
[0.105s] Level 1:colcon.colcon_core.package_identification:_identify(install) by extensions ['ignore', 'ignore_ament_install']
[0.105s] Level 1:colcon.colcon_core.package_identification:_identify(install) by extension 'ignore'
[0.105s] Level 1:colcon.colcon_core.package_identification:_identify(install) ignored
[0.105s] Level 1:colcon.colcon_core.package_identification:_identify(log) by extensions ['ignore', 'ignore_ament_install']
[0.105s] Level 1:colcon.colcon_core.package_identification:_identify(log) by extension 'ignore'
[0.105s] Level 1:colcon.colcon_core.package_identification:_identify(log) ignored
[0.105s] Level 1:colcon.colcon_core.package_identification:_identify(photos) by extensions ['ignore', 'ignore_ament_install']
[0.105s] Level 1:colcon.colcon_core.package_identification:_identify(photos) by extension 'ignore'
[0.106s] Level 1:colcon.colcon_core.package_identification:_identify(photos) by extension 'ignore_ament_install'
[0.106s] Level 1:colcon.colcon_core.package_identification:_identify(photos) by extensions ['colcon_pkg']
[0.106s] Level 1:colcon.colcon_core.package_identification:_identify(photos) by extension 'colcon_pkg'
[0.106s] Level 1:colcon.colcon_core.package_identification:_identify(photos) by extensions ['colcon_meta']
[0.106s] Level 1:colcon.colcon_core.package_identification:_identify(photos) by extension 'colcon_meta'
[0.106s] Level 1:colcon.colcon_core.package_identification:_identify(photos) by extensions ['ros']
[0.106s] Level 1:colcon.colcon_core.package_identification:_identify(photos) by extension 'ros'
[0.106s] Level 1:colcon.colcon_core.package_identification:_identify(photos) by extensions ['cmake', 'python']
[0.106s] Level 1:colcon.colcon_core.package_identification:_identify(photos) by extension 'cmake'
[0.106s] Level 1:colcon.colcon_core.package_identification:_identify(photos) by extension 'python'
[0.106s] Level 1:colcon.colcon_core.package_identification:_identify(photos) by extensions ['python_setup_py']
[0.106s] Level 1:colcon.colcon_core.package_identification:_identify(photos) by extension 'python_setup_py'
[0.106s] Level 1:colcon.colcon_core.package_identification:_identify(scripts) by extensions ['ignore', 'ignore_ament_install']
[0.106s] Level 1:colcon.colcon_core.package_identification:_identify(scripts) by extension 'ignore'
[0.106s] Level 1:colcon.colcon_core.package_identification:_identify(scripts) by extension 'ignore_ament_install'
[0.106s] Level 1:colcon.colcon_core.package_identification:_identify(scripts) by extensions ['colcon_pkg']
[0.106s] Level 1:colcon.colcon_core.package_identification:_identify(scripts) by extension 'colcon_pkg'
[0.106s] Level 1:colcon.colcon_core.package_identification:_identify(scripts) by extensions ['colcon_meta']
[0.106s] Level 1:colcon.colcon_core.package_identification:_identify(scripts) by extension 'colcon_meta'
[0.106s] Level 1:colcon.colcon_core.package_identification:_identify(scripts) by extensions ['ros']
[0.106s] Level 1:colcon.colcon_core.package_identification:_identify(scripts) by extension 'ros'
[0.106s] Level 1:colcon.colcon_core.package_identification:_identify(scripts) by extensions ['cmake', 'python']
[0.106s] Level 1:colcon.colcon_core.package_identification:_identify(scripts) by extension 'cmake'
[0.106s] Level 1:colcon.colcon_core.package_identification:_identify(scripts) by extension 'python'
[0.106s] Level 1:colcon.colcon_core.package_identification:_identify(scripts) by extensions ['python_setup_py']
[0.106s] Level 1:colcon.colcon_core.package_identification:_identify(scripts) by extension 'python_setup_py'
[0.106s] Level 1:colcon.colcon_core.package_identification:_identify(workspaces) by extensions ['ignore', 'ignore_ament_install']
[0.106s] Level 1:colcon.colcon_core.package_identification:_identify(workspaces) by extension 'ignore'
[0.106s] Level 1:colcon.colcon_core.package_identification:_identify(workspaces) by extension 'ignore_ament_install'
[0.106s] Level 1:colcon.colcon_core.package_identification:_identify(workspaces) by extensions ['colcon_pkg']
[0.106s] Level 1:colcon.colcon_core.package_identification:_identify(workspaces) by extension 'colcon_pkg'
[0.106s] Level 1:colcon.colcon_core.package_identification:_identify(workspaces) by extensions ['colcon_meta']
[0.106s] Level 1:colcon.colcon_core.package_identification:_identify(workspaces) by extension 'colcon_meta'
[0.106s] Level 1:colcon.colcon_core.package_identification:_identify(workspaces) by extensions ['ros']
[0.106s] Level 1:colcon.colcon_core.package_identification:_identify(workspaces) by extension 'ros'
[0.106s] Level 1:colcon.colcon_core.package_identification:_identify(workspaces) by extensions ['cmake', 'python']
[0.106s] Level 1:colcon.colcon_core.package_identification:_identify(workspaces) by extension 'cmake'
[0.106s] Level 1:colcon.colcon_core.package_identification:_identify(workspaces) by extension 'python'
[0.106s] Level 1:colcon.colcon_core.package_identification:_identify(workspaces) by extensions ['python_setup_py']
[0.106s] Level 1:colcon.colcon_core.package_identification:_identify(workspaces) by extension 'python_setup_py'
[0.106s] Level 1:colcon.colcon_core.package_identification:_identify(workspaces/imu_ws) by extensions ['ignore', 'ignore_ament_install']
[0.106s] Level 1:colcon.colcon_core.package_identification:_identify(workspaces/imu_ws) by extension 'ignore'
[0.106s] Level 1:colcon.colcon_core.package_identification:_identify(workspaces/imu_ws) by extension 'ignore_ament_install'
[0.106s] Level 1:colcon.colcon_core.package_identification:_identify(workspaces/imu_ws) by extensions ['colcon_pkg']
[0.106s] Level 1:colcon.colcon_core.package_identification:_identify(workspaces/imu_ws) by extension 'colcon_pkg'
[0.106s] Level 1:colcon.colcon_core.package_identification:_identify(workspaces/imu_ws) by extensions ['colcon_meta']
[0.106s] Level 1:colcon.colcon_core.package_identification:_identify(workspaces/imu_ws) by extension 'colcon_meta'
[0.106s] Level 1:colcon.colcon_core.package_identification:_identify(workspaces/imu_ws) by extensions ['ros']
[0.106s] Level 1:colcon.colcon_core.package_identification:_identify(workspaces/imu_ws) by extension 'ros'
[0.106s] Level 1:colcon.colcon_core.package_identification:_identify(workspaces/imu_ws) by extensions ['cmake', 'python']
[0.106s] Level 1:colcon.colcon_core.package_identification:_identify(workspaces/imu_ws) by extension 'cmake'
[0.106s] Level 1:colcon.colcon_core.package_identification:_identify(workspaces/imu_ws) by extension 'python'
[0.106s] Level 1:colcon.colcon_core.package_identification:_identify(workspaces/imu_ws) by extensions ['python_setup_py']
[0.106s] Level 1:colcon.colcon_core.package_identification:_identify(workspaces/imu_ws) by extension 'python_setup_py'
[0.106s] Level 1:colcon.colcon_core.package_identification:_identify(workspaces/imu_ws/build) by extensions ['ignore', 'ignore_ament_install']
[0.106s] Level 1:colcon.colcon_core.package_identification:_identify(workspaces/imu_ws/build) by extension 'ignore'
[0.106s] Level 1:colcon.colcon_core.package_identification:_identify(workspaces/imu_ws/build) ignored
[0.106s] Level 1:colcon.colcon_core.package_identification:_identify(workspaces/imu_ws/install) by extensions ['ignore', 'ignore_ament_install']
[0.106s] Level 1:colcon.colcon_core.package_identification:_identify(workspaces/imu_ws/install) by extension 'ignore'
[0.106s] Level 1:colcon.colcon_core.package_identification:_identify(workspaces/imu_ws/install) ignored
[0.106s] Level 1:colcon.colcon_core.package_identification:_identify(workspaces/imu_ws/log) by extensions ['ignore', 'ignore_ament_install']
[0.106s] Level 1:colcon.colcon_core.package_identification:_identify(workspaces/imu_ws/log) by extension 'ignore'
[0.106s] Level 1:colcon.colcon_core.package_identification:_identify(workspaces/imu_ws/log) ignored
[0.107s] Level 1:colcon.colcon_core.package_identification:_identify(workspaces/imu_ws/src) by extensions ['ignore', 'ignore_ament_install']
[0.107s] Level 1:colcon.colcon_core.package_identification:_identify(workspaces/imu_ws/src) by extension 'ignore'
[0.107s] Level 1:colcon.colcon_core.package_identification:_identify(workspaces/imu_ws/src) by extension 'ignore_ament_install'
[0.107s] Level 1:colcon.colcon_core.package_identification:_identify(workspaces/imu_ws/src) by extensions ['colcon_pkg']
[0.107s] Level 1:colcon.colcon_core.package_identification:_identify(workspaces/imu_ws/src) by extension 'colcon_pkg'
[0.107s] Level 1:colcon.colcon_core.package_identification:_identify(workspaces/imu_ws/src) by extensions ['colcon_meta']
[0.107s] Level 1:colcon.colcon_core.package_identification:_identify(workspaces/imu_ws/src) by extension 'colcon_meta'
[0.107s] Level 1:colcon.colcon_core.package_identification:_identify(workspaces/imu_ws/src) by extensions ['ros']
[0.107s] Level 1:colcon.colcon_core.package_identification:_identify(workspaces/imu_ws/src) by extension 'ros'
[0.107s] Level 1:colcon.colcon_core.package_identification:_identify(workspaces/imu_ws/src) by extensions ['cmake', 'python']
[0.107s] Level 1:colcon.colcon_core.package_identification:_identify(workspaces/imu_ws/src) by extension 'cmake'
[0.107s] Level 1:colcon.colcon_core.package_identification:_identify(workspaces/imu_ws/src) by extension 'python'
[0.107s] Level 1:colcon.colcon_core.package_identification:_identify(workspaces/imu_ws/src) by extensions ['python_setup_py']
[0.107s] Level 1:colcon.colcon_core.package_identification:_identify(workspaces/imu_ws/src) by extension 'python_setup_py'
[0.107s] Level 1:colcon.colcon_core.package_identification:_identify(workspaces/imu_ws/src/handsfree_imu_ros2) by extensions ['ignore', 'ignore_ament_install']
[0.107s] Level 1:colcon.colcon_core.package_identification:_identify(workspaces/imu_ws/src/handsfree_imu_ros2) by extension 'ignore'
[0.107s] Level 1:colcon.colcon_core.package_identification:_identify(workspaces/imu_ws/src/handsfree_imu_ros2) by extension 'ignore_ament_install'
[0.107s] Level 1:colcon.colcon_core.package_identification:_identify(workspaces/imu_ws/src/handsfree_imu_ros2) by extensions ['colcon_pkg']
[0.107s] Level 1:colcon.colcon_core.package_identification:_identify(workspaces/imu_ws/src/handsfree_imu_ros2) by extension 'colcon_pkg'
[0.107s] Level 1:colcon.colcon_core.package_identification:_identify(workspaces/imu_ws/src/handsfree_imu_ros2) by extensions ['colcon_meta']
[0.107s] Level 1:colcon.colcon_core.package_identification:_identify(workspaces/imu_ws/src/handsfree_imu_ros2) by extension 'colcon_meta'
[0.107s] Level 1:colcon.colcon_core.package_identification:_identify(workspaces/imu_ws/src/handsfree_imu_ros2) by extensions ['ros']
[0.107s] Level 1:colcon.colcon_core.package_identification:_identify(workspaces/imu_ws/src/handsfree_imu_ros2) by extension 'ros'
[0.108s] DEBUG:colcon.colcon_core.package_identification:Package 'workspaces/imu_ws/src/handsfree_imu_ros2' with type 'ros.ament_python' and name 'handsfree_imu_ros2'
[0.108s] Level 1:colcon.colcon_core.package_identification:_identify(workspaces/imu_ws/src/wildbot_control) by extensions ['ignore', 'ignore_ament_install']
[0.108s] Level 1:colcon.colcon_core.package_identification:_identify(workspaces/imu_ws/src/wildbot_control) by extension 'ignore'
[0.108s] Level 1:colcon.colcon_core.package_identification:_identify(workspaces/imu_ws/src/wildbot_control) by extension 'ignore_ament_install'
[0.108s] Level 1:colcon.colcon_core.package_identification:_identify(workspaces/imu_ws/src/wildbot_control) by extensions ['colcon_pkg']
[0.108s] Level 1:colcon.colcon_core.package_identification:_identify(workspaces/imu_ws/src/wildbot_control) by extension 'colcon_pkg'
[0.108s] Level 1:colcon.colcon_core.package_identification:_identify(workspaces/imu_ws/src/wildbot_control) by extensions ['colcon_meta']
[0.108s] Level 1:colcon.colcon_core.package_identification:_identify(workspaces/imu_ws/src/wildbot_control) by extension 'colcon_meta'
[0.108s] Level 1:colcon.colcon_core.package_identification:_identify(workspaces/imu_ws/src/wildbot_control) by extensions ['ros']
[0.109s] Level 1:colcon.colcon_core.package_identification:_identify(workspaces/imu_ws/src/wildbot_control) by extension 'ros'
[0.109s] DEBUG:colcon.colcon_core.package_identification:Package 'workspaces/imu_ws/src/wildbot_control' with type 'ros.ament_python' and name 'wildbot_control'
[0.109s] Level 1:colcon.colcon_core.package_identification:_identify(workspaces/src) by extensions ['ignore', 'ignore_ament_install']
[0.109s] Level 1:colcon.colcon_core.package_identification:_identify(workspaces/src) by extension 'ignore'
[0.109s] Level 1:colcon.colcon_core.package_identification:_identify(workspaces/src) by extension 'ignore_ament_install'
[0.109s] Level 1:colcon.colcon_core.package_identification:_identify(workspaces/src) by extensions ['colcon_pkg']
[0.109s] Level 1:colcon.colcon_core.package_identification:_identify(workspaces/src) by extension 'colcon_pkg'
[0.109s] Level 1:colcon.colcon_core.package_identification:_identify(workspaces/src) by extensions ['colcon_meta']
[0.109s] Level 1:colcon.colcon_core.package_identification:_identify(workspaces/src) by extension 'colcon_meta'
[0.109s] Level 1:colcon.colcon_core.package_identification:_identify(workspaces/src) by extensions ['ros']
[0.109s] Level 1:colcon.colcon_core.package_identification:_identify(workspaces/src) by extension 'ros'
[0.109s] Level 1:colcon.colcon_core.package_identification:_identify(workspaces/src) by extensions ['cmake', 'python']
[0.109s] Level 1:colcon.colcon_core.package_identification:_identify(workspaces/src) by extension 'cmake'
[0.109s] Level 1:colcon.colcon_core.package_identification:_identify(workspaces/src) by extension 'python'
[0.109s] Level 1:colcon.colcon_core.package_identification:_identify(workspaces/src) by extensions ['python_setup_py']
[0.109s] Level 1:colcon.colcon_core.package_identification:_identify(workspaces/src) by extension 'python_setup_py'
[0.109s] Level 1:colcon.colcon_core.package_identification:_identify(workspaces/src/arm_ik) by extensions ['ignore', 'ignore_ament_install']
[0.109s] Level 1:colcon.colcon_core.package_identification:_identify(workspaces/src/arm_ik) by extension 'ignore'
[0.109s] Level 1:colcon.colcon_core.package_identification:_identify(workspaces/src/arm_ik) by extension 'ignore_ament_install'
[0.109s] Level 1:colcon.colcon_core.package_identification:_identify(workspaces/src/arm_ik) by extensions ['colcon_pkg']
[0.109s] Level 1:colcon.colcon_core.package_identification:_identify(workspaces/src/arm_ik) by extension 'colcon_pkg'
[0.109s] Level 1:colcon.colcon_core.package_identification:_identify(workspaces/src/arm_ik) by extensions ['colcon_meta']
[0.109s] Level 1:colcon.colcon_core.package_identification:_identify(workspaces/src/arm_ik) by extension 'colcon_meta'
[0.109s] Level 1:colcon.colcon_core.package_identification:_identify(workspaces/src/arm_ik) by extensions ['ros']
[0.109s] Level 1:colcon.colcon_core.package_identification:_identify(workspaces/src/arm_ik) by extension 'ros'
[0.109s] DEBUG:colcon.colcon_core.package_identification:Package 'workspaces/src/arm_ik' with type 'ros.ament_python' and name 'arm_ik'
[0.109s] Level 1:colcon.colcon_core.package_identification:_identify(workspaces/src/wildbot_localization) by extensions ['ignore', 'ignore_ament_install']
[0.109s] Level 1:colcon.colcon_core.package_identification:_identify(workspaces/src/wildbot_localization) by extension 'ignore'
[0.109s] Level 1:colcon.colcon_core.package_identification:_identify(workspaces/src/wildbot_localization) by extension 'ignore_ament_install'
[0.109s] Level 1:colcon.colcon_core.package_identification:_identify(workspaces/src/wildbot_localization) by extensions ['colcon_pkg']
[0.109s] Level 1:colcon.colcon_core.package_identification:_identify(workspaces/src/wildbot_localization) by extension 'colcon_pkg'
[0.110s] Level 1:colcon.colcon_core.package_identification:_identify(workspaces/src/wildbot_localization) by extensions ['colcon_meta']
[0.110s] Level 1:colcon.colcon_core.package_identification:_identify(workspaces/src/wildbot_localization) by extension 'colcon_meta'
[0.110s] Level 1:colcon.colcon_core.package_identification:_identify(workspaces/src/wildbot_localization) by extensions ['ros']
[0.110s] Level 1:colcon.colcon_core.package_identification:_identify(workspaces/src/wildbot_localization) by extension 'ros'
[0.110s] DEBUG:colcon.colcon_core.package_identification:Package 'workspaces/src/wildbot_localization' with type 'ros.ament_cmake' and name 'wildbot_localization'
[0.110s] Level 1:colcon.colcon_core.package_identification:_identify(workspaces/src/wildbot_slam) by extensions ['ignore', 'ignore_ament_install']
[0.110s] Level 1:colcon.colcon_core.package_identification:_identify(workspaces/src/wildbot_slam) by extension 'ignore'
[0.110s] Level 1:colcon.colcon_core.package_identification:_identify(workspaces/src/wildbot_slam) by extension 'ignore_ament_install'
[0.110s] Level 1:colcon.colcon_core.package_identification:_identify(workspaces/src/wildbot_slam) by extensions ['colcon_pkg']
[0.110s] Level 1:colcon.colcon_core.package_identification:_identify(workspaces/src/wildbot_slam) by extension 'colcon_pkg'
[0.110s] Level 1:colcon.colcon_core.package_identification:_identify(workspaces/src/wildbot_slam) by extensions ['colcon_meta']
[0.110s] Level 1:colcon.colcon_core.package_identification:_identify(workspaces/src/wildbot_slam) by extension 'colcon_meta'
[0.110s] Level 1:colcon.colcon_core.package_identification:_identify(workspaces/src/wildbot_slam) by extensions ['ros']
[0.110s] Level 1:colcon.colcon_core.package_identification:_identify(workspaces/src/wildbot_slam) by extension 'ros'
[0.110s] DEBUG:colcon.colcon_core.package_identification:Package 'workspaces/src/wildbot_slam' with type 'ros.ament_cmake' and name 'wildbot_slam'
[0.110s] Level 1:colcon.colcon_core.package_identification:_identify(workspaces/src/ydlidar_ros2_driver) by extensions ['ignore', 'ignore_ament_install']
[0.110s] Level 1:colcon.colcon_core.package_identification:_identify(workspaces/src/ydlidar_ros2_driver) by extension 'ignore'
[0.110s] Level 1:colcon.colcon_core.package_identification:_identify(workspaces/src/ydlidar_ros2_driver) by extension 'ignore_ament_install'
[0.110s] Level 1:colcon.colcon_core.package_identification:_identify(workspaces/src/ydlidar_ros2_driver) by extensions ['colcon_pkg']
[0.110s] Level 1:colcon.colcon_core.package_identification:_identify(workspaces/src/ydlidar_ros2_driver) by extension 'colcon_pkg'
[0.110s] Level 1:colcon.colcon_core.package_identification:_identify(workspaces/src/ydlidar_ros2_driver) by extensions ['colcon_meta']
[0.110s] Level 1:colcon.colcon_core.package_identification:_identify(workspaces/src/ydlidar_ros2_driver) by extension 'colcon_meta'
[0.110s] Level 1:colcon.colcon_core.package_identification:_identify(workspaces/src/ydlidar_ros2_driver) by extensions ['ros']
[0.110s] Level 1:colcon.colcon_core.package_identification:_identify(workspaces/src/ydlidar_ros2_driver) by extension 'ros'
[0.110s] DEBUG:colcon.colcon_core.package_identification:Package 'workspaces/src/ydlidar_ros2_driver' with type 'ros.ament_cmake' and name 'ydlidar_ros2_driver'
[0.110s] Level 1:colcon.colcon_core.package_identification:_identify(workspaces/src/yolo_ros-main) by extensions ['ignore', 'ignore_ament_install']
[0.110s] Level 1:colcon.colcon_core.package_identification:_identify(workspaces/src/yolo_ros-main) by extension 'ignore'
[0.111s] Level 1:colcon.colcon_core.package_identification:_identify(workspaces/src/yolo_ros-main) by extension 'ignore_ament_install'
[0.111s] Level 1:colcon.colcon_core.package_identification:_identify(workspaces/src/yolo_ros-main) by extensions ['colcon_pkg']
[0.111s] Level 1:colcon.colcon_core.package_identification:_identify(workspaces/src/yolo_ros-main) by extension 'colcon_pkg'
[0.111s] Level 1:colcon.colcon_core.package_identification:_identify(workspaces/src/yolo_ros-main) by extensions ['colcon_meta']
[0.111s] Level 1:colcon.colcon_core.package_identification:_identify(workspaces/src/yolo_ros-main) by extension 'colcon_meta'
[0.111s] Level 1:colcon.colcon_core.package_identification:_identify(workspaces/src/yolo_ros-main) by extensions ['ros']
[0.111s] Level 1:colcon.colcon_core.package_identification:_identify(workspaces/src/yolo_ros-main) by extension 'ros'
[0.111s] Level 1:colcon.colcon_core.package_identification:_identify(workspaces/src/yolo_ros-main) by extensions ['cmake', 'python']
[0.111s] Level 1:colcon.colcon_core.package_identification:_identify(workspaces/src/yolo_ros-main) by extension 'cmake'
[0.111s] Level 1:colcon.colcon_core.package_identification:_identify(workspaces/src/yolo_ros-main) by extension 'python'
[0.111s] Level 1:colcon.colcon_core.package_identification:_identify(workspaces/src/yolo_ros-main) by extensions ['python_setup_py']
[0.111s] Level 1:colcon.colcon_core.package_identification:_identify(workspaces/src/yolo_ros-main) by extension 'python_setup_py'
[0.111s] Level 1:colcon.colcon_core.package_identification:_identify(workspaces/src/yolo_ros-main/docs) by extensions ['ignore', 'ignore_ament_install']
[0.111s] Level 1:colcon.colcon_core.package_identification:_identify(workspaces/src/yolo_ros-main/docs) by extension 'ignore'
[0.111s] Level 1:colcon.colcon_core.package_identification:_identify(workspaces/src/yolo_ros-main/docs) by extension 'ignore_ament_install'
[0.111s] Level 1:colcon.colcon_core.package_identification:_identify(workspaces/src/yolo_ros-main/docs) by extensions ['colcon_pkg']
[0.111s] Level 1:colcon.colcon_core.package_identification:_identify(workspaces/src/yolo_ros-main/docs) by extension 'colcon_pkg'
[0.111s] Level 1:colcon.colcon_core.package_identification:_identify(workspaces/src/yolo_ros-main/docs) by extensions ['colcon_meta']
[0.111s] Level 1:colcon.colcon_core.package_identification:_identify(workspaces/src/yolo_ros-main/docs) by extension 'colcon_meta'
[0.111s] Level 1:colcon.colcon_core.package_identification:_identify(workspaces/src/yolo_ros-main/docs) by extensions ['ros']
[0.111s] Level 1:colcon.colcon_core.package_identification:_identify(workspaces/src/yolo_ros-main/docs) by extension 'ros'
[0.111s] Level 1:colcon.colcon_core.package_identification:_identify(workspaces/src/yolo_ros-main/docs) by extensions ['cmake', 'python']
[0.111s] Level 1:colcon.colcon_core.package_identification:_identify(workspaces/src/yolo_ros-main/docs) by extension 'cmake'
[0.111s] Level 1:colcon.colcon_core.package_identification:_identify(workspaces/src/yolo_ros-main/docs) by extension 'python'
[0.111s] Level 1:colcon.colcon_core.package_identification:_identify(workspaces/src/yolo_ros-main/docs) by extensions ['python_setup_py']
[0.111s] Level 1:colcon.colcon_core.package_identification:_identify(workspaces/src/yolo_ros-main/docs) by extension 'python_setup_py'
[0.111s] Level 1:colcon.colcon_core.package_identification:_identify(workspaces/src/yolo_ros-main/model) by extensions ['ignore', 'ignore_ament_install']
[0.111s] Level 1:colcon.colcon_core.package_identification:_identify(workspaces/src/yolo_ros-main/model) by extension 'ignore'
[0.111s] Level 1:colcon.colcon_core.package_identification:_identify(workspaces/src/yolo_ros-main/model) by extension 'ignore_ament_install'
[0.111s] Level 1:colcon.colcon_core.package_identification:_identify(workspaces/src/yolo_ros-main/model) by extensions ['colcon_pkg']
[0.111s] Level 1:colcon.colcon_core.package_identification:_identify(workspaces/src/yolo_ros-main/model) by extension 'colcon_pkg'
[0.111s] Level 1:colcon.colcon_core.package_identification:_identify(workspaces/src/yolo_ros-main/model) by extensions ['colcon_meta']
[0.111s] Level 1:colcon.colcon_core.package_identification:_identify(workspaces/src/yolo_ros-main/model) by extension 'colcon_meta'
[0.111s] Level 1:colcon.colcon_core.package_identification:_identify(workspaces/src/yolo_ros-main/model) by extensions ['ros']
[0.111s] Level 1:colcon.colcon_core.package_identification:_identify(workspaces/src/yolo_ros-main/model) by extension 'ros'
[0.111s] Level 1:colcon.colcon_core.package_identification:_identify(workspaces/src/yolo_ros-main/model) by extensions ['cmake', 'python']
[0.111s] Level 1:colcon.colcon_core.package_identification:_identify(workspaces/src/yolo_ros-main/model) by extension 'cmake'
[0.111s] Level 1:colcon.colcon_core.package_identification:_identify(workspaces/src/yolo_ros-main/model) by extension 'python'
[0.111s] Level 1:colcon.colcon_core.package_identification:_identify(workspaces/src/yolo_ros-main/model) by extensions ['python_setup_py']
[0.111s] Level 1:colcon.colcon_core.package_identification:_identify(workspaces/src/yolo_ros-main/model) by extension 'python_setup_py'
[0.111s] Level 1:colcon.colcon_core.package_identification:_identify(workspaces/src/yolo_ros-main/yolo_bringup) by extensions ['ignore', 'ignore_ament_install']
[0.111s] Level 1:colcon.colcon_core.package_identification:_identify(workspaces/src/yolo_ros-main/yolo_bringup) by extension 'ignore'
[0.111s] Level 1:colcon.colcon_core.package_identification:_identify(workspaces/src/yolo_ros-main/yolo_bringup) by extension 'ignore_ament_install'
[0.111s] Level 1:colcon.colcon_core.package_identification:_identify(workspaces/src/yolo_ros-main/yolo_bringup) by extensions ['colcon_pkg']
[0.111s] Level 1:colcon.colcon_core.package_identification:_identify(workspaces/src/yolo_ros-main/yolo_bringup) by extension 'colcon_pkg'
[0.111s] Level 1:colcon.colcon_core.package_identification:_identify(workspaces/src/yolo_ros-main/yolo_bringup) by extensions ['colcon_meta']
[0.111s] Level 1:colcon.colcon_core.package_identification:_identify(workspaces/src/yolo_ros-main/yolo_bringup) by extension 'colcon_meta'
[0.111s] Level 1:colcon.colcon_core.package_identification:_identify(workspaces/src/yolo_ros-main/yolo_bringup) by extensions ['ros']
[0.111s] Level 1:colcon.colcon_core.package_identification:_identify(workspaces/src/yolo_ros-main/yolo_bringup) by extension 'ros'
[0.111s] DEBUG:colcon.colcon_core.package_identification:Package 'workspaces/src/yolo_ros-main/yolo_bringup' with type 'ros.ament_cmake' and name 'yolo_bringup'
[0.111s] Level 1:colcon.colcon_core.package_identification:_identify(workspaces/src/yolo_ros-main/yolo_msgs) by extensions ['ignore', 'ignore_ament_install']
[0.111s] Level 1:colcon.colcon_core.package_identification:_identify(workspaces/src/yolo_ros-main/yolo_msgs) by extension 'ignore'
[0.112s] Level 1:colcon.colcon_core.package_identification:_identify(workspaces/src/yolo_ros-main/yolo_msgs) by extension 'ignore_ament_install'
[0.112s] Level 1:colcon.colcon_core.package_identification:_identify(workspaces/src/yolo_ros-main/yolo_msgs) by extensions ['colcon_pkg']
[0.112s] Level 1:colcon.colcon_core.package_identification:_identify(workspaces/src/yolo_ros-main/yolo_msgs) by extension 'colcon_pkg'
[0.112s] Level 1:colcon.colcon_core.package_identification:_identify(workspaces/src/yolo_ros-main/yolo_msgs) by extensions ['colcon_meta']
[0.112s] Level 1:colcon.colcon_core.package_identification:_identify(workspaces/src/yolo_ros-main/yolo_msgs) by extension 'colcon_meta'
[0.112s] Level 1:colcon.colcon_core.package_identification:_identify(workspaces/src/yolo_ros-main/yolo_msgs) by extensions ['ros']
[0.112s] Level 1:colcon.colcon_core.package_identification:_identify(workspaces/src/yolo_ros-main/yolo_msgs) by extension 'ros'
[0.112s] DEBUG:colcon.colcon_core.package_identification:Package 'workspaces/src/yolo_ros-main/yolo_msgs' with type 'ros.ament_cmake' and name 'yolo_msgs'
[0.112s] Level 1:colcon.colcon_core.package_identification:_identify(workspaces/src/yolo_ros-main/yolo_ros) by extensions ['ignore', 'ignore_ament_install']
[0.112s] Level 1:colcon.colcon_core.package_identification:_identify(workspaces/src/yolo_ros-main/yolo_ros) by extension 'ignore'
[0.112s] Level 1:colcon.colcon_core.package_identification:_identify(workspaces/src/yolo_ros-main/yolo_ros) by extension 'ignore_ament_install'
[0.112s] Level 1:colcon.colcon_core.package_identification:_identify(workspaces/src/yolo_ros-main/yolo_ros) by extensions ['colcon_pkg']
[0.112s] Level 1:colcon.colcon_core.package_identification:_identify(workspaces/src/yolo_ros-main/yolo_ros) by extension 'colcon_pkg'
[0.112s] Level 1:colcon.colcon_core.package_identification:_identify(workspaces/src/yolo_ros-main/yolo_ros) by extensions ['colcon_meta']
[0.112s] Level 1:colcon.colcon_core.package_identification:_identify(workspaces/src/yolo_ros-main/yolo_ros) by extension 'colcon_meta'
[0.112s] Level 1:colcon.colcon_core.package_identification:_identify(workspaces/src/yolo_ros-main/yolo_ros) by extensions ['ros']
[0.112s] Level 1:colcon.colcon_core.package_identification:_identify(workspaces/src/yolo_ros-main/yolo_ros) by extension 'ros'
[0.112s] DEBUG:colcon.colcon_core.package_identification:Package 'workspaces/src/yolo_ros-main/yolo_ros' with type 'ros.ament_python' and name 'yolo_ros'
[0.112s] Level 1:colcon.colcon_core.package_discovery:discover_packages(recursive) using defaults
[0.112s] Level 1:colcon.colcon_core.package_discovery:discover_packages(ignore) discover
[0.112s] Level 1:colcon.colcon_core.package_discovery:discover_packages(ignore) using defaults
[0.112s] Level 1:colcon.colcon_core.package_discovery:discover_packages(path) discover
[0.112s] Level 1:colcon.colcon_core.package_discovery:discover_packages(path) using defaults
[0.123s] Level 5:colcon.colcon_core.verb:set package 'arm_ik' build argument 'cmake_args' from command line to 'None'
[0.124s] Level 5:colcon.colcon_core.verb:set package 'arm_ik' build argument 'cmake_target' from command line to 'None'
[0.124s] Level 5:colcon.colcon_core.verb:set package 'arm_ik' build argument 'cmake_target_skip_unavailable' from command line to 'False'
[0.124s] Level 5:colcon.colcon_core.verb:set package 'arm_ik' build argument 'cmake_clean_cache' from command line to 'False'
[0.124s] Level 5:colcon.colcon_core.verb:set package 'arm_ik' build argument 'cmake_clean_first' from command line to 'False'
[0.124s] Level 5:colcon.colcon_core.verb:set package 'arm_ik' build argument 'cmake_force_configure' from command line to 'False'
[0.124s] Level 5:colcon.colcon_core.verb:set package 'arm_ik' build argument 'ament_cmake_args' from command line to 'None'
[0.124s] Level 5:colcon.colcon_core.verb:set package 'arm_ik' build argument 'catkin_cmake_args' from command line to 'None'
[0.124s] Level 5:colcon.colcon_core.verb:set package 'arm_ik' build argument 'catkin_skip_building_tests' from command line to 'False'
[0.124s] DEBUG:colcon.colcon_core.verb:Building package 'arm_ik' with the following arguments: {'ament_cmake_args': None, 'build_base': '/workspaces/build/arm_ik', 'catkin_cmake_args': None, 'catkin_skip_building_tests': False, 'cmake_args': None, 'cmake_clean_cache': False, 'cmake_clean_first': False, 'cmake_force_configure': False, 'cmake_target': None, 'cmake_target_skip_unavailable': False, 'install_base': '/workspaces/install/arm_ik', 'merge_install': False, 'path': '/workspaces/workspaces/src/arm_ik', 'symlink_install': True, 'test_result_base': None}
[0.124s] Level 5:colcon.colcon_core.verb:set package 'handsfree_imu_ros2' build argument 'cmake_args' from command line to 'None'
[0.124s] Level 5:colcon.colcon_core.verb:set package 'handsfree_imu_ros2' build argument 'cmake_target' from command line to 'None'
[0.124s] Level 5:colcon.colcon_core.verb:set package 'handsfree_imu_ros2' build argument 'cmake_target_skip_unavailable' from command line to 'False'
[0.124s] Level 5:colcon.colcon_core.verb:set package 'handsfree_imu_ros2' build argument 'cmake_clean_cache' from command line to 'False'
[0.124s] Level 5:colcon.colcon_core.verb:set package 'handsfree_imu_ros2' build argument 'cmake_clean_first' from command line to 'False'
[0.124s] Level 5:colcon.colcon_core.verb:set package 'handsfree_imu_ros2' build argument 'cmake_force_configure' from command line to 'False'
[0.124s] Level 5:colcon.colcon_core.verb:set package 'handsfree_imu_ros2' build argument 'ament_cmake_args' from command line to 'None'
[0.124s] Level 5:colcon.colcon_core.verb:set package 'handsfree_imu_ros2' build argument 'catkin_cmake_args' from command line to 'None'
[0.124s] Level 5:colcon.colcon_core.verb:set package 'handsfree_imu_ros2' build argument 'catkin_skip_building_tests' from command line to 'False'
[0.124s] DEBUG:colcon.colcon_core.verb:Building package 'handsfree_imu_ros2' with the following arguments: {'ament_cmake_args': None, 'build_base': '/workspaces/build/handsfree_imu_ros2', 'catkin_cmake_args': None, 'catkin_skip_building_tests': False, 'cmake_args': None, 'cmake_clean_cache': False, 'cmake_clean_first': False, 'cmake_force_configure': False, 'cmake_target': None, 'cmake_target_skip_unavailable': False, 'install_base': '/workspaces/install/handsfree_imu_ros2', 'merge_install': False, 'path': '/workspaces/workspaces/imu_ws/src/handsfree_imu_ros2', 'symlink_install': True, 'test_result_base': None}
[0.124s] Level 5:colcon.colcon_core.verb:set package 'wildbot_control' build argument 'cmake_args' from command line to 'None'
[0.124s] Level 5:colcon.colcon_core.verb:set package 'wildbot_control' build argument 'cmake_target' from command line to 'None'
[0.124s] Level 5:colcon.colcon_core.verb:set package 'wildbot_control' build argument 'cmake_target_skip_unavailable' from command line to 'False'
[0.124s] Level 5:colcon.colcon_core.verb:set package 'wildbot_control' build argument 'cmake_clean_cache' from command line to 'False'
[0.124s] Level 5:colcon.colcon_core.verb:set package 'wildbot_control' build argument 'cmake_clean_first' from command line to 'False'
[0.124s] Level 5:colcon.colcon_core.verb:set package 'wildbot_control' build argument 'cmake_force_configure' from command line to 'False'
[0.124s] Level 5:colcon.colcon_core.verb:set package 'wildbot_control' build argument 'ament_cmake_args' from command line to 'None'
[0.124s] Level 5:colcon.colcon_core.verb:set package 'wildbot_control' build argument 'catkin_cmake_args' from command line to 'None'
[0.124s] Level 5:colcon.colcon_core.verb:set package 'wildbot_control' build argument 'catkin_skip_building_tests' from command line to 'False'
[0.124s] DEBUG:colcon.colcon_core.verb:Building package 'wildbot_control' with the following arguments: {'ament_cmake_args': None, 'build_base': '/workspaces/build/wildbot_control', 'catkin_cmake_args': None, 'catkin_skip_building_tests': False, 'cmake_args': None, 'cmake_clean_cache': False, 'cmake_clean_first': False, 'cmake_force_configure': False, 'cmake_target': None, 'cmake_target_skip_unavailable': False, 'install_base': '/workspaces/install/wildbot_control', 'merge_install': False, 'path': '/workspaces/workspaces/imu_ws/src/wildbot_control', 'symlink_install': True, 'test_result_base': None}
[0.124s] Level 5:colcon.colcon_core.verb:set package 'wildbot_localization' build argument 'cmake_args' from command line to 'None'
[0.124s] Level 5:colcon.colcon_core.verb:set package 'wildbot_localization' build argument 'cmake_target' from command line to 'None'
[0.124s] Level 5:colcon.colcon_core.verb:set package 'wildbot_localization' build argument 'cmake_target_skip_unavailable' from command line to 'False'
[0.124s] Level 5:colcon.colcon_core.verb:set package 'wildbot_localization' build argument 'cmake_clean_cache' from command line to 'False'
[0.124s] Level 5:colcon.colcon_core.verb:set package 'wildbot_localization' build argument 'cmake_clean_first' from command line to 'False'
[0.124s] Level 5:colcon.colcon_core.verb:set package 'wildbot_localization' build argument 'cmake_force_configure' from command line to 'False'
[0.124s] Level 5:colcon.colcon_core.verb:set package 'wildbot_localization' build argument 'ament_cmake_args' from command line to 'None'
[0.124s] Level 5:colcon.colcon_core.verb:set package 'wildbot_localization' build argument 'catkin_cmake_args' from command line to 'None'
[0.124s] Level 5:colcon.colcon_core.verb:set package 'wildbot_localization' build argument 'catkin_skip_building_tests' from command line to 'False'
[0.125s] DEBUG:colcon.colcon_core.verb:Building package 'wildbot_localization' with the following arguments: {'ament_cmake_args': None, 'build_base': '/workspaces/build/wildbot_localization', 'catkin_cmake_args': None, 'catkin_skip_building_tests': False, 'cmake_args': None, 'cmake_clean_cache': False, 'cmake_clean_first': False, 'cmake_force_configure': False, 'cmake_target': None, 'cmake_target_skip_unavailable': False, 'install_base': '/workspaces/install/wildbot_localization', 'merge_install': False, 'path': '/workspaces/workspaces/src/wildbot_localization', 'symlink_install': True, 'test_result_base': None}
[0.125s] Level 5:colcon.colcon_core.verb:set package 'wildbot_slam' build argument 'cmake_args' from command line to 'None'
[0.125s] Level 5:colcon.colcon_core.verb:set package 'wildbot_slam' build argument 'cmake_target' from command line to 'None'
[0.125s] Level 5:colcon.colcon_core.verb:set package 'wildbot_slam' build argument 'cmake_target_skip_unavailable' from command line to 'False'
[0.125s] Level 5:colcon.colcon_core.verb:set package 'wildbot_slam' build argument 'cmake_clean_cache' from command line to 'False'
[0.125s] Level 5:colcon.colcon_core.verb:set package 'wildbot_slam' build argument 'cmake_clean_first' from command line to 'False'
[0.125s] Level 5:colcon.colcon_core.verb:set package 'wildbot_slam' build argument 'cmake_force_configure' from command line to 'False'
[0.125s] Level 5:colcon.colcon_core.verb:set package 'wildbot_slam' build argument 'ament_cmake_args' from command line to 'None'
[0.125s] Level 5:colcon.colcon_core.verb:set package 'wildbot_slam' build argument 'catkin_cmake_args' from command line to 'None'
[0.125s] Level 5:colcon.colcon_core.verb:set package 'wildbot_slam' build argument 'catkin_skip_building_tests' from command line to 'False'
[0.125s] DEBUG:colcon.colcon_core.verb:Building package 'wildbot_slam' with the following arguments: {'ament_cmake_args': None, 'build_base': '/workspaces/build/wildbot_slam', 'catkin_cmake_args': None, 'catkin_skip_building_tests': False, 'cmake_args': None, 'cmake_clean_cache': False, 'cmake_clean_first': False, 'cmake_force_configure': False, 'cmake_target': None, 'cmake_target_skip_unavailable': False, 'install_base': '/workspaces/install/wildbot_slam', 'merge_install': False, 'path': '/workspaces/workspaces/src/wildbot_slam', 'symlink_install': True, 'test_result_base': None}
[0.125s] Level 5:colcon.colcon_core.verb:set package 'ydlidar_ros2_driver' build argument 'cmake_args' from command line to 'None'
[0.125s] Level 5:colcon.colcon_core.verb:set package 'ydlidar_ros2_driver' build argument 'cmake_target' from command line to 'None'
[0.125s] Level 5:colcon.colcon_core.verb:set package 'ydlidar_ros2_driver' build argument 'cmake_target_skip_unavailable' from command line to 'False'
[0.125s] Level 5:colcon.colcon_core.verb:set package 'ydlidar_ros2_driver' build argument 'cmake_clean_cache' from command line to 'False'
[0.125s] Level 5:colcon.colcon_core.verb:set package 'ydlidar_ros2_driver' build argument 'cmake_clean_first' from command line to 'False'
[0.125s] Level 5:colcon.colcon_core.verb:set package 'ydlidar_ros2_driver' build argument 'cmake_force_configure' from command line to 'False'
[0.125s] Level 5:colcon.colcon_core.verb:set package 'ydlidar_ros2_driver' build argument 'ament_cmake_args' from command line to 'None'
[0.125s] Level 5:colcon.colcon_core.verb:set package 'ydlidar_ros2_driver' build argument 'catkin_cmake_args' from command line to 'None'
[0.125s] Level 5:colcon.colcon_core.verb:set package 'ydlidar_ros2_driver' build argument 'catkin_skip_building_tests' from command line to 'False'
[0.125s] DEBUG:colcon.colcon_core.verb:Building package 'ydlidar_ros2_driver' with the following arguments: {'ament_cmake_args': None, 'build_base': '/workspaces/build/ydlidar_ros2_driver', 'catkin_cmake_args': None, 'catkin_skip_building_tests': False, 'cmake_args': None, 'cmake_clean_cache': False, 'cmake_clean_first': False, 'cmake_force_configure': False, 'cmake_target': None, 'cmake_target_skip_unavailable': False, 'install_base': '/workspaces/install/ydlidar_ros2_driver', 'merge_install': False, 'path': '/workspaces/workspaces/src/ydlidar_ros2_driver', 'symlink_install': True, 'test_result_base': None}
[0.125s] Level 5:colcon.colcon_core.verb:set package 'yolo_msgs' build argument 'cmake_args' from command line to 'None'
[0.125s] Level 5:colcon.colcon_core.verb:set package 'yolo_msgs' build argument 'cmake_target' from command line to 'None'
[0.125s] Level 5:colcon.colcon_core.verb:set package 'yolo_msgs' build argument 'cmake_target_skip_unavailable' from command line to 'False'
[0.125s] Level 5:colcon.colcon_core.verb:set package 'yolo_msgs' build argument 'cmake_clean_cache' from command line to 'False'
[0.125s] Level 5:colcon.colcon_core.verb:set package 'yolo_msgs' build argument 'cmake_clean_first' from command line to 'False'
[0.125s] Level 5:colcon.colcon_core.verb:set package 'yolo_msgs' build argument 'cmake_force_configure' from command line to 'False'
[0.125s] Level 5:colcon.colcon_core.verb:set package 'yolo_msgs' build argument 'ament_cmake_args' from command line to 'None'
[0.125s] Level 5:colcon.colcon_core.verb:set package 'yolo_msgs' build argument 'catkin_cmake_args' from command line to 'None'
[0.125s] Level 5:colcon.colcon_core.verb:set package 'yolo_msgs' build argument 'catkin_skip_building_tests' from command line to 'False'
[0.125s] DEBUG:colcon.colcon_core.verb:Building package 'yolo_msgs' with the following arguments: {'ament_cmake_args': None, 'build_base': '/workspaces/build/yolo_msgs', 'catkin_cmake_args': None, 'catkin_skip_building_tests': False, 'cmake_args': None, 'cmake_clean_cache': False, 'cmake_clean_first': False, 'cmake_force_configure': False, 'cmake_target': None, 'cmake_target_skip_unavailable': False, 'install_base': '/workspaces/install/yolo_msgs', 'merge_install': False, 'path': '/workspaces/workspaces/src/yolo_ros-main/yolo_msgs', 'symlink_install': True, 'test_result_base': None}
[0.125s] Level 5:colcon.colcon_core.verb:set package 'yolo_ros' build argument 'cmake_args' from command line to 'None'
[0.125s] Level 5:colcon.colcon_core.verb:set package 'yolo_ros' build argument 'cmake_target' from command line to 'None'
[0.125s] Level 5:colcon.colcon_core.verb:set package 'yolo_ros' build argument 'cmake_target_skip_unavailable' from command line to 'False'
[0.125s] Level 5:colcon.colcon_core.verb:set package 'yolo_ros' build argument 'cmake_clean_cache' from command line to 'False'
[0.125s] Level 5:colcon.colcon_core.verb:set package 'yolo_ros' build argument 'cmake_clean_first' from command line to 'False'
[0.125s] Level 5:colcon.colcon_core.verb:set package 'yolo_ros' build argument 'cmake_force_configure' from command line to 'False'
[0.125s] Level 5:colcon.colcon_core.verb:set package 'yolo_ros' build argument 'ament_cmake_args' from command line to 'None'
[0.125s] Level 5:colcon.colcon_core.verb:set package 'yolo_ros' build argument 'catkin_cmake_args' from command line to 'None'
[0.125s] Level 5:colcon.colcon_core.verb:set package 'yolo_ros' build argument 'catkin_skip_building_tests' from command line to 'False'
[0.125s] DEBUG:colcon.colcon_core.verb:Building package 'yolo_ros' with the following arguments: {'ament_cmake_args': None, 'build_base': '/workspaces/build/yolo_ros', 'catkin_cmake_args': None, 'catkin_skip_building_tests': False, 'cmake_args': None, 'cmake_clean_cache': False, 'cmake_clean_first': False, 'cmake_force_configure': False, 'cmake_target': None, 'cmake_target_skip_unavailable': False, 'install_base': '/workspaces/install/yolo_ros', 'merge_install': False, 'path': '/workspaces/workspaces/src/yolo_ros-main/yolo_ros', 'symlink_install': True, 'test_result_base': None}
[0.125s] Level 5:colcon.colcon_core.verb:set package 'yolo_bringup' build argument 'cmake_args' from command line to 'None'
[0.125s] Level 5:colcon.colcon_core.verb:set package 'yolo_bringup' build argument 'cmake_target' from command line to 'None'
[0.125s] Level 5:colcon.colcon_core.verb:set package 'yolo_bringup' build argument 'cmake_target_skip_unavailable' from command line to 'False'
[0.125s] Level 5:colcon.colcon_core.verb:set package 'yolo_bringup' build argument 'cmake_clean_cache' from command line to 'False'
[0.125s] Level 5:colcon.colcon_core.verb:set package 'yolo_bringup' build argument 'cmake_clean_first' from command line to 'False'
[0.125s] Level 5:colcon.colcon_core.verb:set package 'yolo_bringup' build argument 'cmake_force_configure' from command line to 'False'
[0.125s] Level 5:colcon.colcon_core.verb:set package 'yolo_bringup' build argument 'ament_cmake_args' from command line to 'None'
[0.125s] Level 5:colcon.colcon_core.verb:set package 'yolo_bringup' build argument 'catkin_cmake_args' from command line to 'None'
[0.125s] Level 5:colcon.colcon_core.verb:set package 'yolo_bringup' build argument 'catkin_skip_building_tests' from command line to 'False'
[0.125s] DEBUG:colcon.colcon_core.verb:Building package 'yolo_bringup' with the following arguments: {'ament_cmake_args': None, 'build_base': '/workspaces/build/yolo_bringup', 'catkin_cmake_args': None, 'catkin_skip_building_tests': False, 'cmake_args': None, 'cmake_clean_cache': False, 'cmake_clean_first': False, 'cmake_force_configure': False, 'cmake_target': None, 'cmake_target_skip_unavailable': False, 'install_base': '/workspaces/install/yolo_bringup', 'merge_install': False, 'path': '/workspaces/workspaces/src/yolo_ros-main/yolo_bringup', 'symlink_install': True, 'test_result_base': None}
[0.125s] INFO:colcon.colcon_core.executor:Executing jobs using 'parallel' executor
[0.126s] DEBUG:colcon.colcon_parallel_executor.executor.parallel:run_until_complete
[0.127s] INFO:colcon.colcon_ros.task.ament_cmake.build:Building ROS package in '/workspaces/workspaces/src/yolo_ros-main/yolo_msgs' with build type 'ament_cmake'
[0.127s] INFO:colcon.colcon_cmake.task.cmake.build:Building CMake package in '/workspaces/workspaces/src/yolo_ros-main/yolo_msgs'
[0.128s] INFO:colcon.colcon_core.plugin_system:Skipping extension 'colcon_core.shell.bat': Not used on non-Windows systems
[0.128s] INFO:colcon.colcon_core.shell:Skip shell extension 'powershell' for command environment: Not usable outside of PowerShell
[0.128s] DEBUG:colcon.colcon_core.shell:Skip shell extension 'dsv' for command environment
[0.131s] INFO:colcon.colcon_ros.task.ament_python.build:Building ROS package in '/workspaces/workspaces/src/arm_ik' with build type 'ament_python'
[0.131s] Level 1:colcon.colcon_core.shell:create_environment_hook('arm_ik', 'ament_prefix_path')
[0.131s] INFO:colcon.colcon_core.shell:Creating environment hook '/workspaces/install/arm_ik/share/arm_ik/hook/ament_prefix_path.ps1'
[0.131s] INFO:colcon.colcon_core.shell:Creating environment descriptor '/workspaces/install/arm_ik/share/arm_ik/hook/ament_prefix_path.dsv'
[0.132s] INFO:colcon.colcon_core.shell:Creating environment hook '/workspaces/install/arm_ik/share/arm_ik/hook/ament_prefix_path.sh'
[0.132s] INFO:colcon.colcon_core.shell:Skip shell extension 'powershell' for command environment: Not usable outside of PowerShell
[0.132s] DEBUG:colcon.colcon_core.shell:Skip shell extension 'dsv' for command environment
[0.134s] INFO:colcon.colcon_ros.task.ament_python.build:Building ROS package in '/workspaces/workspaces/imu_ws/src/handsfree_imu_ros2' with build type 'ament_python'
[0.134s] Level 1:colcon.colcon_core.shell:create_environment_hook('handsfree_imu_ros2', 'ament_prefix_path')
[0.134s] INFO:colcon.colcon_core.shell:Creating environment hook '/workspaces/install/handsfree_imu_ros2/share/handsfree_imu_ros2/hook/ament_prefix_path.ps1'
[0.135s] INFO:colcon.colcon_core.shell:Creating environment descriptor '/workspaces/install/handsfree_imu_ros2/share/handsfree_imu_ros2/hook/ament_prefix_path.dsv'
[0.135s] INFO:colcon.colcon_core.shell:Creating environment hook '/workspaces/install/handsfree_imu_ros2/share/handsfree_imu_ros2/hook/ament_prefix_path.sh'
[0.135s] INFO:colcon.colcon_core.shell:Skip shell extension 'powershell' for command environment: Not usable outside of PowerShell
[0.135s] DEBUG:colcon.colcon_core.shell:Skip shell extension 'dsv' for command environment
[0.137s] INFO:colcon.colcon_ros.task.ament_python.build:Building ROS package in '/workspaces/workspaces/imu_ws/src/wildbot_control' with build type 'ament_python'
[0.137s] Level 1:colcon.colcon_core.shell:create_environment_hook('wildbot_control', 'ament_prefix_path')
[0.137s] INFO:colcon.colcon_core.shell:Creating environment hook '/workspaces/install/wildbot_control/share/wildbot_control/hook/ament_prefix_path.ps1'
[0.138s] INFO:colcon.colcon_core.shell:Creating environment descriptor '/workspaces/install/wildbot_control/share/wildbot_control/hook/ament_prefix_path.dsv'
[0.138s] INFO:colcon.colcon_core.shell:Creating environment hook '/workspaces/install/wildbot_control/share/wildbot_control/hook/ament_prefix_path.sh'
[0.138s] INFO:colcon.colcon_core.shell:Skip shell extension 'powershell' for command environment: Not usable outside of PowerShell
[0.138s] DEBUG:colcon.colcon_core.shell:Skip shell extension 'dsv' for command environment
[0.141s] INFO:colcon.colcon_ros.task.ament_cmake.build:Building ROS package in '/workspaces/workspaces/src/wildbot_localization' with build type 'ament_cmake'
[0.141s] INFO:colcon.colcon_cmake.task.cmake.build:Building CMake package in '/workspaces/workspaces/src/wildbot_localization'
[0.141s] INFO:colcon.colcon_core.shell:Skip shell extension 'powershell' for command environment: Not usable outside of PowerShell
[0.141s] DEBUG:colcon.colcon_core.shell:Skip shell extension 'dsv' for command environment
[0.143s] INFO:colcon.colcon_ros.task.ament_cmake.build:Building ROS package in '/workspaces/workspaces/src/wildbot_slam' with build type 'ament_cmake'
[0.143s] INFO:colcon.colcon_cmake.task.cmake.build:Building CMake package in '/workspaces/workspaces/src/wildbot_slam'
[0.143s] INFO:colcon.colcon_core.shell:Skip shell extension 'powershell' for command environment: Not usable outside of PowerShell
[0.143s] DEBUG:colcon.colcon_core.shell:Skip shell extension 'dsv' for command environment
[0.146s] INFO:colcon.colcon_ros.task.ament_cmake.build:Building ROS package in '/workspaces/workspaces/src/ydlidar_ros2_driver' with build type 'ament_cmake'
[0.146s] INFO:colcon.colcon_cmake.task.cmake.build:Building CMake package in '/workspaces/workspaces/src/ydlidar_ros2_driver'
[0.147s] INFO:colcon.colcon_core.shell:Skip shell extension 'powershell' for command environment: Not usable outside of PowerShell
[0.147s] DEBUG:colcon.colcon_core.shell:Skip shell extension 'dsv' for command environment
[0.154s] DEBUG:colcon.colcon_core.event_handler.log_command:Invoking command in '/workspaces/build/yolo_msgs': CMAKE_PREFIX_PATH=${CMAKE_PREFIX_PATH}:/workspaces/install/yolo_ros:/workspaces/install/wildbot_control:/workspaces/install/handsfree_imu_ros2:/workspaces/install/arm_ik:/robot_ws/install/lidar_pkg:/opt/ros/jazzy /usr/bin/cmake --build /workspaces/build/yolo_msgs -- -j16 -l16
[0.294s] INFO:colcon.colcon_core.task.python.build:Building Python package in '/workspaces/workspaces/src/arm_ik'
[0.294s] INFO:colcon.colcon_core.shell:Skip shell extension 'powershell' for command environment: Not usable outside of PowerShell
[0.294s] DEBUG:colcon.colcon_core.shell:Skip shell extension 'dsv' for command environment
[0.438s] INFO:colcon.colcon_core.task.python.build:Building Python package in '/workspaces/workspaces/imu_ws/src/handsfree_imu_ros2'
[0.438s] INFO:colcon.colcon_core.shell:Skip shell extension 'powershell' for command environment: Not usable outside of PowerShell
[0.438s] DEBUG:colcon.colcon_core.shell:Skip shell extension 'dsv' for command environment
[0.560s] INFO:colcon.colcon_core.task.python.build:Building Python package in '/workspaces/workspaces/imu_ws/src/wildbot_control'
[0.560s] INFO:colcon.colcon_core.shell:Skip shell extension 'powershell' for command environment: Not usable outside of PowerShell
[0.560s] DEBUG:colcon.colcon_core.shell:Skip shell extension 'dsv' for command environment
[0.565s] DEBUG:colcon.colcon_core.event_handler.log_command:Invoking command in '/workspaces/build/wildbot_localization': CMAKE_PREFIX_PATH=${CMAKE_PREFIX_PATH}:/workspaces/install/yolo_ros:/workspaces/install/wildbot_control:/workspaces/install/handsfree_imu_ros2:/workspaces/install/arm_ik:/robot_ws/install/lidar_pkg:/opt/ros/jazzy /usr/bin/cmake --build /workspaces/build/wildbot_localization -- -j16 -l16
[0.566s] DEBUG:colcon.colcon_core.event_handler.log_command:Invoking command in '/workspaces/build/wildbot_slam': CMAKE_PREFIX_PATH=${CMAKE_PREFIX_PATH}:/workspaces/install/yolo_ros:/workspaces/install/wildbot_control:/workspaces/install/handsfree_imu_ros2:/workspaces/install/arm_ik:/robot_ws/install/lidar_pkg:/opt/ros/jazzy /usr/bin/cmake --build /workspaces/build/wildbot_slam -- -j16 -l16
[0.571s] DEBUG:colcon.colcon_core.event_handler.log_command:Invoked command in '/workspaces/build/yolo_msgs' returned '0': CMAKE_PREFIX_PATH=${CMAKE_PREFIX_PATH}:/workspaces/install/yolo_ros:/workspaces/install/wildbot_control:/workspaces/install/handsfree_imu_ros2:/workspaces/install/arm_ik:/robot_ws/install/lidar_pkg:/opt/ros/jazzy /usr/bin/cmake --build /workspaces/build/yolo_msgs -- -j16 -l16
[0.578s] DEBUG:colcon.colcon_core.event_handler.log_command:Invoking command in '/workspaces/build/yolo_msgs': CMAKE_PREFIX_PATH=${CMAKE_PREFIX_PATH}:/workspaces/install/yolo_ros:/workspaces/install/wildbot_control:/workspaces/install/handsfree_imu_ros2:/workspaces/install/arm_ik:/robot_ws/install/lidar_pkg:/opt/ros/jazzy /usr/bin/cmake --install /workspaces/build/yolo_msgs
[0.580s] DEBUG:colcon.colcon_core.event_handler.log_command:Invoking command in '/workspaces/build/ydlidar_ros2_driver': CMAKE_PREFIX_PATH=${CMAKE_PREFIX_PATH}:/workspaces/install/yolo_ros:/workspaces/install/wildbot_control:/workspaces/install/handsfree_imu_ros2:/workspaces/install/arm_ik:/robot_ws/install/lidar_pkg:/opt/ros/jazzy /usr/bin/cmake --build /workspaces/build/ydlidar_ros2_driver -- -j16 -l16
[0.606s] DEBUG:colcon.colcon_core.event_handler.log_command:Invoked command in '/workspaces/build/wildbot_localization' returned '0': CMAKE_PREFIX_PATH=${CMAKE_PREFIX_PATH}:/workspaces/install/yolo_ros:/workspaces/install/wildbot_control:/workspaces/install/handsfree_imu_ros2:/workspaces/install/arm_ik:/robot_ws/install/lidar_pkg:/opt/ros/jazzy /usr/bin/cmake --build /workspaces/build/wildbot_localization -- -j16 -l16
[0.606s] DEBUG:colcon.colcon_core.event_handler.log_command:Invoking command in '/workspaces/build/wildbot_localization': CMAKE_PREFIX_PATH=${CMAKE_PREFIX_PATH}:/workspaces/install/yolo_ros:/workspaces/install/wildbot_control:/workspaces/install/handsfree_imu_ros2:/workspaces/install/arm_ik:/robot_ws/install/lidar_pkg:/opt/ros/jazzy /usr/bin/cmake --install /workspaces/build/wildbot_localization
[0.607s] DEBUG:colcon.colcon_core.event_handler.log_command:Invoked command in '/workspaces/build/wildbot_slam' returned '0': CMAKE_PREFIX_PATH=${CMAKE_PREFIX_PATH}:/workspaces/install/yolo_ros:/workspaces/install/wildbot_control:/workspaces/install/handsfree_imu_ros2:/workspaces/install/arm_ik:/robot_ws/install/lidar_pkg:/opt/ros/jazzy /usr/bin/cmake --build /workspaces/build/wildbot_slam -- -j16 -l16
[0.607s] DEBUG:colcon.colcon_core.event_handler.log_command:Invoking command in '/workspaces/build/wildbot_slam': CMAKE_PREFIX_PATH=${CMAKE_PREFIX_PATH}:/workspaces/install/yolo_ros:/workspaces/install/wildbot_control:/workspaces/install/handsfree_imu_ros2:/workspaces/install/arm_ik:/robot_ws/install/lidar_pkg:/opt/ros/jazzy /usr/bin/cmake --install /workspaces/build/wildbot_slam
[0.613s] Level 1:colcon.colcon_core.environment:create_environment_scripts_only(wildbot_slam)
[0.614s] DEBUG:colcon.colcon_core.event_handler.log_command:Invoked command in '/workspaces/build/wildbot_slam' returned '0': CMAKE_PREFIX_PATH=${CMAKE_PREFIX_PATH}:/workspaces/install/yolo_ros:/workspaces/install/wildbot_control:/workspaces/install/handsfree_imu_ros2:/workspaces/install/arm_ik:/robot_ws/install/lidar_pkg:/opt/ros/jazzy /usr/bin/cmake --install /workspaces/build/wildbot_slam
[0.617s] Level 1:colcon.colcon_core.environment:checking '/workspaces/install/wildbot_slam' for CMake module files
[0.618s] Level 1:colcon.colcon_core.environment:checking '/workspaces/install/wildbot_slam' for CMake config files
[0.618s] Level 1:colcon.colcon_core.shell:create_environment_hook('wildbot_slam', 'cmake_prefix_path')
[0.618s] INFO:colcon.colcon_core.shell:Creating environment hook '/workspaces/install/wildbot_slam/share/wildbot_slam/hook/cmake_prefix_path.ps1'
[0.619s] INFO:colcon.colcon_core.shell:Creating environment descriptor '/workspaces/install/wildbot_slam/share/wildbot_slam/hook/cmake_prefix_path.dsv'
[0.619s] INFO:colcon.colcon_core.shell:Creating environment hook '/workspaces/install/wildbot_slam/share/wildbot_slam/hook/cmake_prefix_path.sh'
[0.620s] Level 1:colcon.colcon_core.environment:checking '/workspaces/install/wildbot_slam/bin'
[0.620s] Level 1:colcon.colcon_core.environment:checking '/workspaces/install/wildbot_slam/lib/pkgconfig/wildbot_slam.pc'
[0.620s] Level 1:colcon.colcon_core.environment:checking '/workspaces/install/wildbot_slam/lib/python3.12/site-packages'
[0.621s] Level 1:colcon.colcon_core.environment:checking '/workspaces/install/wildbot_slam/bin'
[0.621s] INFO:colcon.colcon_core.shell:Creating package script '/workspaces/install/wildbot_slam/share/wildbot_slam/package.ps1'
[0.622s] INFO:colcon.colcon_core.shell:Creating package descriptor '/workspaces/install/wildbot_slam/share/wildbot_slam/package.dsv'
[0.622s] INFO:colcon.colcon_core.shell:Creating package script '/workspaces/install/wildbot_slam/share/wildbot_slam/package.sh'
[0.623s] INFO:colcon.colcon_core.shell:Creating package script '/workspaces/install/wildbot_slam/share/wildbot_slam/package.bash'
[0.624s] INFO:colcon.colcon_core.shell:Creating package script '/workspaces/install/wildbot_slam/share/wildbot_slam/package.zsh'
[0.625s] Level 1:colcon.colcon_core.environment:create_file_with_runtime_dependencies(/workspaces/install/wildbot_slam/share/colcon-core/packages/wildbot_slam)
[0.625s] Level 1:colcon.colcon_core.environment:create_environment_scripts_only(wildbot_slam)
[0.626s] Level 1:colcon.colcon_core.environment:checking '/workspaces/install/wildbot_slam' for CMake module files
[0.626s] Level 1:colcon.colcon_core.environment:checking '/workspaces/install/wildbot_slam' for CMake config files
[0.626s] Level 1:colcon.colcon_core.shell:create_environment_hook('wildbot_slam', 'cmake_prefix_path')
[0.627s] INFO:colcon.colcon_core.shell:Creating environment hook '/workspaces/install/wildbot_slam/share/wildbot_slam/hook/cmake_prefix_path.ps1'
[0.627s] INFO:colcon.colcon_core.shell:Creating environment descriptor '/workspaces/install/wildbot_slam/share/wildbot_slam/hook/cmake_prefix_path.dsv'
[0.628s] INFO:colcon.colcon_core.shell:Creating environment hook '/workspaces/install/wildbot_slam/share/wildbot_slam/hook/cmake_prefix_path.sh'
[0.629s] Level 1:colcon.colcon_core.environment:checking '/workspaces/install/wildbot_slam/bin'
[0.629s] Level 1:colcon.colcon_core.environment:checking '/workspaces/install/wildbot_slam/lib/pkgconfig/wildbot_slam.pc'
[0.629s] Level 1:colcon.colcon_core.environment:checking '/workspaces/install/wildbot_slam/lib/python3.12/site-packages'
[0.630s] Level 1:colcon.colcon_core.environment:checking '/workspaces/install/wildbot_slam/bin'
[0.630s] INFO:colcon.colcon_core.shell:Creating package script '/workspaces/install/wildbot_slam/share/wildbot_slam/package.ps1'
[0.631s] INFO:colcon.colcon_core.shell:Creating package descriptor '/workspaces/install/wildbot_slam/share/wildbot_slam/package.dsv'
[0.631s] INFO:colcon.colcon_core.shell:Creating package script '/workspaces/install/wildbot_slam/share/wildbot_slam/package.sh'
[0.632s] INFO:colcon.colcon_core.shell:Creating package script '/workspaces/install/wildbot_slam/share/wildbot_slam/package.bash'
[0.632s] INFO:colcon.colcon_core.shell:Creating package script '/workspaces/install/wildbot_slam/share/wildbot_slam/package.zsh'
[0.633s] Level 1:colcon.colcon_core.environment:create_file_with_runtime_dependencies(/workspaces/install/wildbot_slam/share/colcon-core/packages/wildbot_slam)
[0.634s] Level 1:colcon.colcon_core.environment:create_environment_scripts_only(wildbot_localization)
[0.634s] DEBUG:colcon.colcon_core.event_handler.log_command:Invoked command in '/workspaces/build/wildbot_localization' returned '0': CMAKE_PREFIX_PATH=${CMAKE_PREFIX_PATH}:/workspaces/install/yolo_ros:/workspaces/install/wildbot_control:/workspaces/install/handsfree_imu_ros2:/workspaces/install/arm_ik:/robot_ws/install/lidar_pkg:/opt/ros/jazzy /usr/bin/cmake --install /workspaces/build/wildbot_localization
[0.634s] Level 1:colcon.colcon_core.environment:checking '/workspaces/install/wildbot_localization' for CMake module files
[0.635s] Level 1:colcon.colcon_core.environment:checking '/workspaces/install/wildbot_localization' for CMake config files
[0.635s] Level 1:colcon.colcon_core.shell:create_environment_hook('wildbot_localization', 'cmake_prefix_path')
[0.635s] INFO:colcon.colcon_core.shell:Creating environment hook '/workspaces/install/wildbot_localization/share/wildbot_localization/hook/cmake_prefix_path.ps1'
[0.635s] INFO:colcon.colcon_core.shell:Creating environment descriptor '/workspaces/install/wildbot_localization/share/wildbot_localization/hook/cmake_prefix_path.dsv'
[0.636s] INFO:colcon.colcon_core.shell:Creating environment hook '/workspaces/install/wildbot_localization/share/wildbot_localization/hook/cmake_prefix_path.sh'
[0.636s] Level 1:colcon.colcon_core.environment:checking '/workspaces/install/wildbot_localization/bin'
[0.636s] Level 1:colcon.colcon_core.environment:checking '/workspaces/install/wildbot_localization/lib/pkgconfig/wildbot_localization.pc'
[0.636s] Level 1:colcon.colcon_core.environment:checking '/workspaces/install/wildbot_localization/lib/python3.12/site-packages'
[0.636s] Level 1:colcon.colcon_core.environment:checking '/workspaces/install/wildbot_localization/bin'
[0.637s] INFO:colcon.colcon_core.shell:Creating package script '/workspaces/install/wildbot_localization/share/wildbot_localization/package.ps1'
[0.637s] INFO:colcon.colcon_core.shell:Creating package descriptor '/workspaces/install/wildbot_localization/share/wildbot_localization/package.dsv'
[0.637s] INFO:colcon.colcon_core.shell:Creating package script '/workspaces/install/wildbot_localization/share/wildbot_localization/package.sh'
[0.637s] INFO:colcon.colcon_core.shell:Creating package script '/workspaces/install/wildbot_localization/share/wildbot_localization/package.bash'
[0.638s] INFO:colcon.colcon_core.shell:Creating package script '/workspaces/install/wildbot_localization/share/wildbot_localization/package.zsh'
[0.638s] Level 1:colcon.colcon_core.environment:create_file_with_runtime_dependencies(/workspaces/install/wildbot_localization/share/colcon-core/packages/wildbot_localization)
[0.638s] Level 1:colcon.colcon_core.environment:create_environment_scripts_only(wildbot_localization)
[0.638s] Level 1:colcon.colcon_core.environment:checking '/workspaces/install/wildbot_localization' for CMake module files
[0.638s] Level 1:colcon.colcon_core.environment:checking '/workspaces/install/wildbot_localization' for CMake config files
[0.638s] Level 1:colcon.colcon_core.shell:create_environment_hook('wildbot_localization', 'cmake_prefix_path')
[0.638s] INFO:colcon.colcon_core.shell:Creating environment hook '/workspaces/install/wildbot_localization/share/wildbot_localization/hook/cmake_prefix_path.ps1'
[0.639s] INFO:colcon.colcon_core.shell:Creating environment descriptor '/workspaces/install/wildbot_localization/share/wildbot_localization/hook/cmake_prefix_path.dsv'
[0.639s] INFO:colcon.colcon_core.shell:Creating environment hook '/workspaces/install/wildbot_localization/share/wildbot_localization/hook/cmake_prefix_path.sh'
[0.639s] Level 1:colcon.colcon_core.environment:checking '/workspaces/install/wildbot_localization/bin'
[0.639s] Level 1:colcon.colcon_core.environment:checking '/workspaces/install/wildbot_localization/lib/pkgconfig/wildbot_localization.pc'
[0.639s] Level 1:colcon.colcon_core.environment:checking '/workspaces/install/wildbot_localization/lib/python3.12/site-packages'
[0.639s] Level 1:colcon.colcon_core.environment:checking '/workspaces/install/wildbot_localization/bin'
[0.640s] INFO:colcon.colcon_core.shell:Creating package script '/workspaces/install/wildbot_localization/share/wildbot_localization/package.ps1'
[0.640s] INFO:colcon.colcon_core.shell:Creating package descriptor '/workspaces/install/wildbot_localization/share/wildbot_localization/package.dsv'
[0.640s] INFO:colcon.colcon_core.shell:Creating package script '/workspaces/install/wildbot_localization/share/wildbot_localization/package.sh'
[0.641s] INFO:colcon.colcon_core.shell:Creating package script '/workspaces/install/wildbot_localization/share/wildbot_localization/package.bash'
[0.641s] INFO:colcon.colcon_core.shell:Creating package script '/workspaces/install/wildbot_localization/share/wildbot_localization/package.zsh'
[0.641s] Level 1:colcon.colcon_core.environment:create_file_with_runtime_dependencies(/workspaces/install/wildbot_localization/share/colcon-core/packages/wildbot_localization)
[0.646s] DEBUG:colcon.colcon_core.event_handler.log_command:Invoked command in '/workspaces/build/ydlidar_ros2_driver' returned '0': CMAKE_PREFIX_PATH=${CMAKE_PREFIX_PATH}:/workspaces/install/yolo_ros:/workspaces/install/wildbot_control:/workspaces/install/handsfree_imu_ros2:/workspaces/install/arm_ik:/robot_ws/install/lidar_pkg:/opt/ros/jazzy /usr/bin/cmake --build /workspaces/build/ydlidar_ros2_driver -- -j16 -l16
[0.647s] DEBUG:colcon.colcon_core.event_handler.log_command:Invoking command in '/workspaces/build/ydlidar_ros2_driver': CMAKE_PREFIX_PATH=${CMAKE_PREFIX_PATH}:/workspaces/install/yolo_ros:/workspaces/install/wildbot_control:/workspaces/install/handsfree_imu_ros2:/workspaces/install/arm_ik:/robot_ws/install/lidar_pkg:/opt/ros/jazzy /usr/bin/cmake --install /workspaces/build/ydlidar_ros2_driver
[0.655s] Level 1:colcon.colcon_core.environment:create_environment_scripts_only(yolo_msgs)
[0.655s] Level 1:colcon.colcon_core.environment:checking '/workspaces/install/yolo_msgs' for CMake module files
[0.655s] DEBUG:colcon.colcon_core.event_handler.log_command:Invoked command in '/workspaces/build/yolo_msgs' returned '0': CMAKE_PREFIX_PATH=${CMAKE_PREFIX_PATH}:/workspaces/install/yolo_ros:/workspaces/install/wildbot_control:/workspaces/install/handsfree_imu_ros2:/workspaces/install/arm_ik:/robot_ws/install/lidar_pkg:/opt/ros/jazzy /usr/bin/cmake --install /workspaces/build/yolo_msgs
[0.656s] Level 1:colcon.colcon_core.environment:checking '/workspaces/install/yolo_msgs' for CMake config files
[0.656s] Level 1:colcon.colcon_core.shell:create_environment_hook('yolo_msgs', 'cmake_prefix_path')
[0.656s] INFO:colcon.colcon_core.shell:Creating environment hook '/workspaces/install/yolo_msgs/share/yolo_msgs/hook/cmake_prefix_path.ps1'
[0.657s] INFO:colcon.colcon_core.shell:Creating environment descriptor '/workspaces/install/yolo_msgs/share/yolo_msgs/hook/cmake_prefix_path.dsv'
[0.657s] INFO:colcon.colcon_core.shell:Creating environment hook '/workspaces/install/yolo_msgs/share/yolo_msgs/hook/cmake_prefix_path.sh'
[0.658s] Level 1:colcon.colcon_core.environment:checking '/workspaces/install/yolo_msgs/lib'
[0.659s] Level 1:colcon.colcon_core.shell:create_environment_hook('yolo_msgs', 'ld_library_path_lib')
[0.659s] INFO:colcon.colcon_core.shell:Creating environment hook '/workspaces/install/yolo_msgs/share/yolo_msgs/hook/ld_library_path_lib.ps1'
[0.659s] INFO:colcon.colcon_core.shell:Creating environment descriptor '/workspaces/install/yolo_msgs/share/yolo_msgs/hook/ld_library_path_lib.dsv'
[0.659s] INFO:colcon.colcon_core.shell:Creating environment hook '/workspaces/install/yolo_msgs/share/yolo_msgs/hook/ld_library_path_lib.sh'
[0.660s] Level 1:colcon.colcon_core.environment:checking '/workspaces/install/yolo_msgs/bin'
[0.660s] Level 1:colcon.colcon_core.environment:checking '/workspaces/install/yolo_msgs/lib/pkgconfig/yolo_msgs.pc'
[0.660s] Level 1:colcon.colcon_core.environment:checking '/workspaces/install/yolo_msgs/lib/python3.12/site-packages'
[0.660s] Level 1:colcon.colcon_core.shell:create_environment_hook('yolo_msgs', 'pythonpath')
[0.660s] INFO:colcon.colcon_core.shell:Creating environment hook '/workspaces/install/yolo_msgs/share/yolo_msgs/hook/pythonpath.ps1'
[0.660s] INFO:colcon.colcon_core.shell:Creating environment descriptor '/workspaces/install/yolo_msgs/share/yolo_msgs/hook/pythonpath.dsv'
[0.661s] INFO:colcon.colcon_core.shell:Creating environment hook '/workspaces/install/yolo_msgs/share/yolo_msgs/hook/pythonpath.sh'
[0.661s] Level 1:colcon.colcon_core.environment:checking '/workspaces/install/yolo_msgs/bin'
[0.661s] INFO:colcon.colcon_core.shell:Creating package script '/workspaces/install/yolo_msgs/share/yolo_msgs/package.ps1'
[0.662s] INFO:colcon.colcon_core.shell:Creating package descriptor '/workspaces/install/yolo_msgs/share/yolo_msgs/package.dsv'
[0.662s] INFO:colcon.colcon_core.shell:Creating package script '/workspaces/install/yolo_msgs/share/yolo_msgs/package.sh'
[0.662s] INFO:colcon.colcon_core.shell:Creating package script '/workspaces/install/yolo_msgs/share/yolo_msgs/package.bash'
[0.662s] INFO:colcon.colcon_core.shell:Creating package script '/workspaces/install/yolo_msgs/share/yolo_msgs/package.zsh'
[0.663s] Level 1:colcon.colcon_core.environment:create_file_with_runtime_dependencies(/workspaces/install/yolo_msgs/share/colcon-core/packages/yolo_msgs)
[0.663s] Level 1:colcon.colcon_core.environment:create_environment_scripts_only(yolo_msgs)
[0.663s] Level 1:colcon.colcon_core.environment:checking '/workspaces/install/yolo_msgs' for CMake module files
[0.663s] Level 1:colcon.colcon_core.environment:checking '/workspaces/install/yolo_msgs' for CMake config files
[0.664s] Level 1:colcon.colcon_core.shell:create_environment_hook('yolo_msgs', 'cmake_prefix_path')
[0.664s] INFO:colcon.colcon_core.shell:Creating environment hook '/workspaces/install/yolo_msgs/share/yolo_msgs/hook/cmake_prefix_path.ps1'
[0.664s] INFO:colcon.colcon_core.shell:Creating environment descriptor '/workspaces/install/yolo_msgs/share/yolo_msgs/hook/cmake_prefix_path.dsv'
[0.664s] INFO:colcon.colcon_core.shell:Creating environment hook '/workspaces/install/yolo_msgs/share/yolo_msgs/hook/cmake_prefix_path.sh'
[0.665s] Level 1:colcon.colcon_core.environment:checking '/workspaces/install/yolo_msgs/lib'
[0.665s] Level 1:colcon.colcon_core.shell:create_environment_hook('yolo_msgs', 'ld_library_path_lib')
[0.665s] INFO:colcon.colcon_core.shell:Creating environment hook '/workspaces/install/yolo_msgs/share/yolo_msgs/hook/ld_library_path_lib.ps1'
[0.665s] INFO:colcon.colcon_core.shell:Creating environment descriptor '/workspaces/install/yolo_msgs/share/yolo_msgs/hook/ld_library_path_lib.dsv'
[0.665s] INFO:colcon.colcon_core.shell:Creating environment hook '/workspaces/install/yolo_msgs/share/yolo_msgs/hook/ld_library_path_lib.sh'
[0.666s] Level 1:colcon.colcon_core.environment:checking '/workspaces/install/yolo_msgs/bin'
[0.666s] Level 1:colcon.colcon_core.environment:checking '/workspaces/install/yolo_msgs/lib/pkgconfig/yolo_msgs.pc'
[0.666s] Level 1:colcon.colcon_core.environment:checking '/workspaces/install/yolo_msgs/lib/python3.12/site-packages'
[0.666s] Level 1:colcon.colcon_core.shell:create_environment_hook('yolo_msgs', 'pythonpath')
[0.666s] INFO:colcon.colcon_core.shell:Creating environment hook '/workspaces/install/yolo_msgs/share/yolo_msgs/hook/pythonpath.ps1'
[0.666s] INFO:colcon.colcon_core.shell:Creating environment descriptor '/workspaces/install/yolo_msgs/share/yolo_msgs/hook/pythonpath.dsv'
[0.667s] INFO:colcon.colcon_core.shell:Creating environment hook '/workspaces/install/yolo_msgs/share/yolo_msgs/hook/pythonpath.sh'
[0.668s] Level 1:colcon.colcon_core.environment:checking '/workspaces/install/yolo_msgs/bin'
[0.668s] INFO:colcon.colcon_core.shell:Creating package script '/workspaces/install/yolo_msgs/share/yolo_msgs/package.ps1'
[0.669s] INFO:colcon.colcon_core.shell:Creating package descriptor '/workspaces/install/yolo_msgs/share/yolo_msgs/package.dsv'
[0.670s] INFO:colcon.colcon_core.shell:Creating package script '/workspaces/install/yolo_msgs/share/yolo_msgs/package.sh'
[0.670s] INFO:colcon.colcon_core.shell:Creating package script '/workspaces/install/yolo_msgs/share/yolo_msgs/package.bash'
[0.671s] INFO:colcon.colcon_core.shell:Creating package script '/workspaces/install/yolo_msgs/share/yolo_msgs/package.zsh'
[0.671s] Level 1:colcon.colcon_core.environment:create_file_with_runtime_dependencies(/workspaces/install/yolo_msgs/share/colcon-core/packages/yolo_msgs)
[0.672s] INFO:colcon.colcon_ros.task.ament_python.build:Building ROS package in '/workspaces/workspaces/src/yolo_ros-main/yolo_ros' with build type 'ament_python'
[0.672s] Level 1:colcon.colcon_core.shell:create_environment_hook('yolo_ros', 'ament_prefix_path')
[0.672s] INFO:colcon.colcon_core.shell:Creating environment hook '/workspaces/install/yolo_ros/share/yolo_ros/hook/ament_prefix_path.ps1'
[0.673s] INFO:colcon.colcon_core.shell:Creating environment descriptor '/workspaces/install/yolo_ros/share/yolo_ros/hook/ament_prefix_path.dsv'
[0.673s] INFO:colcon.colcon_core.shell:Creating environment hook '/workspaces/install/yolo_ros/share/yolo_ros/hook/ament_prefix_path.sh'
[0.674s] INFO:colcon.colcon_core.shell:Skip shell extension 'powershell' for command environment: Not usable outside of PowerShell
[0.674s] DEBUG:colcon.colcon_core.shell:Skip shell extension 'dsv' for command environment
[0.678s] Level 1:colcon.colcon_core.environment:create_environment_scripts_only(ydlidar_ros2_driver)
[0.678s] Level 1:colcon.colcon_core.environment:checking '/workspaces/install/ydlidar_ros2_driver' for CMake module files
[0.679s] DEBUG:colcon.colcon_core.event_handler.log_command:Invoked command in '/workspaces/build/ydlidar_ros2_driver' returned '0': CMAKE_PREFIX_PATH=${CMAKE_PREFIX_PATH}:/workspaces/install/yolo_ros:/workspaces/install/wildbot_control:/workspaces/install/handsfree_imu_ros2:/workspaces/install/arm_ik:/robot_ws/install/lidar_pkg:/opt/ros/jazzy /usr/bin/cmake --install /workspaces/build/ydlidar_ros2_driver
[0.679s] Level 1:colcon.colcon_core.environment:checking '/workspaces/install/ydlidar_ros2_driver' for CMake config files
[0.680s] Level 1:colcon.colcon_core.shell:create_environment_hook('ydlidar_ros2_driver', 'cmake_prefix_path')
[0.680s] INFO:colcon.colcon_core.shell:Creating environment hook '/workspaces/install/ydlidar_ros2_driver/share/ydlidar_ros2_driver/hook/cmake_prefix_path.ps1'
[0.680s] INFO:colcon.colcon_core.shell:Creating environment descriptor '/workspaces/install/ydlidar_ros2_driver/share/ydlidar_ros2_driver/hook/cmake_prefix_path.dsv'
[0.680s] INFO:colcon.colcon_core.shell:Creating environment hook '/workspaces/install/ydlidar_ros2_driver/share/ydlidar_ros2_driver/hook/cmake_prefix_path.sh'
[0.681s] Level 1:colcon.colcon_core.environment:checking '/workspaces/install/ydlidar_ros2_driver/lib'
[0.681s] Level 1:colcon.colcon_core.environment:checking '/workspaces/install/ydlidar_ros2_driver/bin'
[0.681s] Level 1:colcon.colcon_core.environment:checking '/workspaces/install/ydlidar_ros2_driver/lib/pkgconfig/ydlidar_ros2_driver.pc'
[0.681s] Level 1:colcon.colcon_core.environment:checking '/workspaces/install/ydlidar_ros2_driver/lib/python3.12/site-packages'
[0.681s] Level 1:colcon.colcon_core.environment:checking '/workspaces/install/ydlidar_ros2_driver/bin'
[0.682s] INFO:colcon.colcon_core.shell:Creating package script '/workspaces/install/ydlidar_ros2_driver/share/ydlidar_ros2_driver/package.ps1'
[0.682s] INFO:colcon.colcon_core.shell:Creating package descriptor '/workspaces/install/ydlidar_ros2_driver/share/ydlidar_ros2_driver/package.dsv'
[0.682s] INFO:colcon.colcon_core.shell:Creating package script '/workspaces/install/ydlidar_ros2_driver/share/ydlidar_ros2_driver/package.sh'
[0.683s] INFO:colcon.colcon_core.shell:Creating package script '/workspaces/install/ydlidar_ros2_driver/share/ydlidar_ros2_driver/package.bash'
[0.683s] INFO:colcon.colcon_core.shell:Creating package script '/workspaces/install/ydlidar_ros2_driver/share/ydlidar_ros2_driver/package.zsh'
[0.683s] Level 1:colcon.colcon_core.environment:create_file_with_runtime_dependencies(/workspaces/install/ydlidar_ros2_driver/share/colcon-core/packages/ydlidar_ros2_driver)
[0.683s] Level 1:colcon.colcon_core.environment:create_environment_scripts_only(ydlidar_ros2_driver)
[0.684s] Level 1:colcon.colcon_core.environment:checking '/workspaces/install/ydlidar_ros2_driver' for CMake module files
[0.684s] Level 1:colcon.colcon_core.environment:checking '/workspaces/install/ydlidar_ros2_driver' for CMake config files
[0.684s] Level 1:colcon.colcon_core.shell:create_environment_hook('ydlidar_ros2_driver', 'cmake_prefix_path')
[0.684s] INFO:colcon.colcon_core.shell:Creating environment hook '/workspaces/install/ydlidar_ros2_driver/share/ydlidar_ros2_driver/hook/cmake_prefix_path.ps1'
[0.684s] INFO:colcon.colcon_core.shell:Creating environment descriptor '/workspaces/install/ydlidar_ros2_driver/share/ydlidar_ros2_driver/hook/cmake_prefix_path.dsv'
[0.685s] INFO:colcon.colcon_core.shell:Creating environment hook '/workspaces/install/ydlidar_ros2_driver/share/ydlidar_ros2_driver/hook/cmake_prefix_path.sh'
[0.685s] Level 1:colcon.colcon_core.environment:checking '/workspaces/install/ydlidar_ros2_driver/lib'
[0.685s] Level 1:colcon.colcon_core.environment:checking '/workspaces/install/ydlidar_ros2_driver/bin'
[0.685s] Level 1:colcon.colcon_core.environment:checking '/workspaces/install/ydlidar_ros2_driver/lib/pkgconfig/ydlidar_ros2_driver.pc'
[0.685s] Level 1:colcon.colcon_core.environment:checking '/workspaces/install/ydlidar_ros2_driver/lib/python3.12/site-packages'
[0.685s] Level 1:colcon.colcon_core.environment:checking '/workspaces/install/ydlidar_ros2_driver/bin'
[0.685s] INFO:colcon.colcon_core.shell:Creating package script '/workspaces/install/ydlidar_ros2_driver/share/ydlidar_ros2_driver/package.ps1'
[0.686s] INFO:colcon.colcon_core.shell:Creating package descriptor '/workspaces/install/ydlidar_ros2_driver/share/ydlidar_ros2_driver/package.dsv'
[0.686s] INFO:colcon.colcon_core.shell:Creating package script '/workspaces/install/ydlidar_ros2_driver/share/ydlidar_ros2_driver/package.sh'
[0.686s] INFO:colcon.colcon_core.shell:Creating package script '/workspaces/install/ydlidar_ros2_driver/share/ydlidar_ros2_driver/package.bash'
[0.686s] INFO:colcon.colcon_core.shell:Creating package script '/workspaces/install/ydlidar_ros2_driver/share/ydlidar_ros2_driver/package.zsh'
[0.687s] Level 1:colcon.colcon_core.environment:create_file_with_runtime_dependencies(/workspaces/install/ydlidar_ros2_driver/share/colcon-core/packages/ydlidar_ros2_driver)
[0.833s] INFO:colcon.colcon_core.task.python.build:Building Python package in '/workspaces/workspaces/src/yolo_ros-main/yolo_ros'
[0.833s] INFO:colcon.colcon_core.shell:Skip shell extension 'powershell' for command environment: Not usable outside of PowerShell
[0.833s] DEBUG:colcon.colcon_core.shell:Skip shell extension 'dsv' for command environment
[0.926s] DEBUG:colcon.colcon_core.event_handler.log_command:Invoking command in '/workspaces/build/arm_ik': PYTHONPATH=/workspaces/build/arm_ik/prefix_override:/usr/lib/python3/dist-packages/colcon_core/task/python/colcon_distutils_commands:/workspaces/install/arm_ik/lib/python3.12/site-packages:${PYTHONPATH} /usr/bin/python3 -W ignore:setup.py install is deprecated -W ignore:easy_install command is deprecated setup.py develop --editable --build-directory /workspaces/build/arm_ik/build --no-deps symlink_data
[0.968s] DEBUG:colcon.colcon_core.event_handler.log_command:Invoking command in '/workspaces/build/handsfree_imu_ros2': PYTHONPATH=/workspaces/build/handsfree_imu_ros2/prefix_override:/usr/lib/python3/dist-packages/colcon_core/task/python/colcon_distutils_commands:/workspaces/install/handsfree_imu_ros2/lib/python3.12/site-packages:${PYTHONPATH} /usr/bin/python3 -W ignore:setup.py install is deprecated -W ignore:easy_install command is deprecated setup.py develop --editable --build-directory /workspaces/build/handsfree_imu_ros2/build --no-deps symlink_data
[0.970s] DEBUG:colcon.colcon_core.event_handler.log_command:Invoking command in '/workspaces/build/wildbot_control': PYTHONPATH=/workspaces/build/wildbot_control/prefix_override:/usr/lib/python3/dist-packages/colcon_core/task/python/colcon_distutils_commands:/workspaces/install/wildbot_control/lib/python3.12/site-packages:${PYTHONPATH} /usr/bin/python3 -W ignore:setup.py install is deprecated -W ignore:easy_install command is deprecated setup.py develop --editable --build-directory /workspaces/build/wildbot_control/build --no-deps symlink_data
[1.183s] DEBUG:colcon.colcon_core.event_handler.log_command:Invoking command in '/workspaces/build/yolo_ros': CMAKE_PREFIX_PATH=/workspaces/install/yolo_msgs:/workspaces/install/yolo_bringup:/workspaces/install/ydlidar_ros2_driver:/workspaces/install/wildbot_slam:/workspaces/install/wildbot_localization:/robot_ws/install/orbbec_description:/robot_ws/install/orbbec_camera:/robot_ws/install/orbbec_camera_msgs:/robot_ws/install/oradar_lidar:/robot_ws/install/kros_car:/robot_ws/install/kros_car_description:/opt/ros/jazzy/opt/sdformat_vendor:/opt/ros/jazzy/opt/gz_math_vendor:/opt/ros/jazzy/opt/gz_utils_vendor:/opt/ros/jazzy/opt/gz_tools_vendor:/opt/ros/jazzy/opt/gz_cmake_vendor PYTHONPATH=/workspaces/build/yolo_ros/prefix_override:/usr/lib/python3/dist-packages/colcon_core/task/python/colcon_distutils_commands:/workspaces/install/yolo_ros/lib/python3.12/site-packages:/workspaces/install/yolo_msgs/lib/python3.12/site-packages:/workspaces/build/yolo_ros:/workspaces/install/yolo_ros/lib/python3.12/site-packages:/workspaces/build/wildbot_control:/workspaces/install/wildbot_control/lib/python3.12/site-packages:/workspaces/build/handsfree_imu_ros2:/workspaces/install/handsfree_imu_ros2/lib/python3.12/site-packages:/workspaces/build/arm_ik:/workspaces/install/arm_ik/lib/python3.12/site-packages:/robot_ws/install/orbbec_camera_msgs/lib/python3.12/site-packages:/robot_ws/build/lidar_pkg:/robot_ws/install/lidar_pkg/lib/python3.12/site-packages:/opt/ros/jazzy/lib/python3.12/site-packages /usr/bin/python3 -W ignore:setup.py install is deprecated -W ignore:easy_install command is deprecated setup.py develop --editable --build-directory /workspaces/build/yolo_ros/build --no-deps symlink_data
[1.268s] Level 1:colcon.colcon_core.shell:create_environment_hook('arm_ik', 'pythonpath_develop')
[1.268s] INFO:colcon.colcon_core.shell:Creating environment hook '/workspaces/build/arm_ik/share/arm_ik/hook/pythonpath_develop.ps1'
[1.268s] DEBUG:colcon.colcon_core.event_handler.log_command:Invoked command in '/workspaces/build/arm_ik' returned '0': PYTHONPATH=/workspaces/build/arm_ik/prefix_override:/usr/lib/python3/dist-packages/colcon_core/task/python/colcon_distutils_commands:/workspaces/install/arm_ik/lib/python3.12/site-packages:${PYTHONPATH} /usr/bin/python3 -W ignore:setup.py install is deprecated -W ignore:easy_install command is deprecated setup.py develop --editable --build-directory /workspaces/build/arm_ik/build --no-deps symlink_data
[1.269s] INFO:colcon.colcon_core.shell:Creating environment descriptor '/workspaces/build/arm_ik/share/arm_ik/hook/pythonpath_develop.dsv'
[1.269s] INFO:colcon.colcon_core.shell:Creating environment hook '/workspaces/build/arm_ik/share/arm_ik/hook/pythonpath_develop.sh'
[1.270s] Level 1:colcon.colcon_core.environment:checking '/workspaces/install/arm_ik' for CMake module files
[1.270s] Level 1:colcon.colcon_core.environment:checking '/workspaces/install/arm_ik' for CMake config files
[1.271s] Level 1:colcon.colcon_core.environment:checking '/workspaces/install/arm_ik/lib'
[1.271s] Level 1:colcon.colcon_core.environment:checking '/workspaces/install/arm_ik/bin'
[1.271s] Level 1:colcon.colcon_core.shell:create_environment_hook('arm_ik', 'path')
[1.271s] INFO:colcon.colcon_core.shell:Creating environment hook '/workspaces/install/arm_ik/share/arm_ik/hook/path.ps1'
[1.271s] INFO:colcon.colcon_core.shell:Creating environment descriptor '/workspaces/install/arm_ik/share/arm_ik/hook/path.dsv'
[1.271s] INFO:colcon.colcon_core.shell:Creating environment hook '/workspaces/install/arm_ik/share/arm_ik/hook/path.sh'
[1.272s] Level 1:colcon.colcon_core.environment:checking '/workspaces/install/arm_ik/lib/pkgconfig/arm_ik.pc'
[1.272s] Level 1:colcon.colcon_core.environment:checking '/workspaces/install/arm_ik/lib/python3.12/site-packages'
[1.272s] Level 1:colcon.colcon_core.shell:create_environment_hook('arm_ik', 'pythonpath')
[1.272s] INFO:colcon.colcon_core.shell:Creating environment hook '/workspaces/install/arm_ik/share/arm_ik/hook/pythonpath.ps1'
[1.273s] INFO:colcon.colcon_core.shell:Creating environment descriptor '/workspaces/install/arm_ik/share/arm_ik/hook/pythonpath.dsv'
[1.274s] INFO:colcon.colcon_core.shell:Creating environment hook '/workspaces/install/arm_ik/share/arm_ik/hook/pythonpath.sh'
[1.275s] Level 1:colcon.colcon_core.environment:checking '/workspaces/install/arm_ik/bin'
[1.275s] Level 1:colcon.colcon_core.shell:create_environment_hook('arm_ik', 'pythonscriptspath')
[1.275s] INFO:colcon.colcon_core.shell:Creating environment hook '/workspaces/install/arm_ik/share/arm_ik/hook/pythonscriptspath.ps1'
[1.275s] INFO:colcon.colcon_core.shell:Creating environment descriptor '/workspaces/install/arm_ik/share/arm_ik/hook/pythonscriptspath.dsv'
[1.275s] INFO:colcon.colcon_core.shell:Creating environment hook '/workspaces/install/arm_ik/share/arm_ik/hook/pythonscriptspath.sh'
[1.276s] Level 1:colcon.colcon_core.environment:create_environment_scripts_only(arm_ik)
[1.276s] INFO:colcon.colcon_core.shell:Creating package script '/workspaces/install/arm_ik/share/arm_ik/package.ps1'
[1.277s] INFO:colcon.colcon_core.shell:Creating package descriptor '/workspaces/install/arm_ik/share/arm_ik/package.dsv'
[1.277s] INFO:colcon.colcon_core.shell:Creating package script '/workspaces/install/arm_ik/share/arm_ik/package.sh'
[1.278s] INFO:colcon.colcon_core.shell:Creating package script '/workspaces/install/arm_ik/share/arm_ik/package.bash'
[1.278s] INFO:colcon.colcon_core.shell:Creating package script '/workspaces/install/arm_ik/share/arm_ik/package.zsh'
[1.278s] Level 1:colcon.colcon_core.environment:create_file_with_runtime_dependencies(/workspaces/install/arm_ik/share/colcon-core/packages/arm_ik)
[1.301s] Level 1:colcon.colcon_core.shell:create_environment_hook('wildbot_control', 'pythonpath_develop')
[1.301s] INFO:colcon.colcon_core.shell:Creating environment hook '/workspaces/build/wildbot_control/share/wildbot_control/hook/pythonpath_develop.ps1'
[1.301s] DEBUG:colcon.colcon_core.event_handler.log_command:Invoked command in '/workspaces/build/wildbot_control' returned '0': PYTHONPATH=/workspaces/build/wildbot_control/prefix_override:/usr/lib/python3/dist-packages/colcon_core/task/python/colcon_distutils_commands:/workspaces/install/wildbot_control/lib/python3.12/site-packages:${PYTHONPATH} /usr/bin/python3 -W ignore:setup.py install is deprecated -W ignore:easy_install command is deprecated setup.py develop --editable --build-directory /workspaces/build/wildbot_control/build --no-deps symlink_data
[1.302s] INFO:colcon.colcon_core.shell:Creating environment descriptor '/workspaces/build/wildbot_control/share/wildbot_control/hook/pythonpath_develop.dsv'
[1.302s] INFO:colcon.colcon_core.shell:Creating environment hook '/workspaces/build/wildbot_control/share/wildbot_control/hook/pythonpath_develop.sh'
[1.302s] Level 1:colcon.colcon_core.environment:checking '/workspaces/install/wildbot_control' for CMake module files
[1.303s] Level 1:colcon.colcon_core.environment:checking '/workspaces/install/wildbot_control' for CMake config files
[1.303s] Level 1:colcon.colcon_core.environment:checking '/workspaces/install/wildbot_control/lib'
[1.303s] Level 1:colcon.colcon_core.environment:checking '/workspaces/install/wildbot_control/bin'
[1.303s] Level 1:colcon.colcon_core.environment:checking '/workspaces/install/wildbot_control/lib/pkgconfig/wildbot_control.pc'
[1.303s] Level 1:colcon.colcon_core.environment:checking '/workspaces/install/wildbot_control/lib/python3.12/site-packages'
[1.303s] Level 1:colcon.colcon_core.shell:create_environment_hook('wildbot_control', 'pythonpath')
[1.303s] INFO:colcon.colcon_core.shell:Creating environment hook '/workspaces/install/wildbot_control/share/wildbot_control/hook/pythonpath.ps1'
[1.304s] INFO:colcon.colcon_core.shell:Creating environment descriptor '/workspaces/install/wildbot_control/share/wildbot_control/hook/pythonpath.dsv'
[1.304s] INFO:colcon.colcon_core.shell:Creating environment hook '/workspaces/install/wildbot_control/share/wildbot_control/hook/pythonpath.sh'
[1.304s] Level 1:colcon.colcon_core.environment:checking '/workspaces/install/wildbot_control/bin'
[1.304s] Level 1:colcon.colcon_core.environment:create_environment_scripts_only(wildbot_control)
[1.304s] INFO:colcon.colcon_core.shell:Creating package script '/workspaces/install/wildbot_control/share/wildbot_control/package.ps1'
[1.305s] INFO:colcon.colcon_core.shell:Creating package descriptor '/workspaces/install/wildbot_control/share/wildbot_control/package.dsv'
[1.305s] INFO:colcon.colcon_core.shell:Creating package script '/workspaces/install/wildbot_control/share/wildbot_control/package.sh'
[1.305s] INFO:colcon.colcon_core.shell:Creating package script '/workspaces/install/wildbot_control/share/wildbot_control/package.bash'
[1.305s] INFO:colcon.colcon_core.shell:Creating package script '/workspaces/install/wildbot_control/share/wildbot_control/package.zsh'
[1.305s] Level 1:colcon.colcon_core.environment:create_file_with_runtime_dependencies(/workspaces/install/wildbot_control/share/colcon-core/packages/wildbot_control)
[1.323s] Level 1:colcon.colcon_core.shell:create_environment_hook('handsfree_imu_ros2', 'pythonpath_develop')
[1.323s] INFO:colcon.colcon_core.shell:Creating environment hook '/workspaces/build/handsfree_imu_ros2/share/handsfree_imu_ros2/hook/pythonpath_develop.ps1'
[1.323s] DEBUG:colcon.colcon_core.event_handler.log_command:Invoked command in '/workspaces/build/handsfree_imu_ros2' returned '0': PYTHONPATH=/workspaces/build/handsfree_imu_ros2/prefix_override:/usr/lib/python3/dist-packages/colcon_core/task/python/colcon_distutils_commands:/workspaces/install/handsfree_imu_ros2/lib/python3.12/site-packages:${PYTHONPATH} /usr/bin/python3 -W ignore:setup.py install is deprecated -W ignore:easy_install command is deprecated setup.py develop --editable --build-directory /workspaces/build/handsfree_imu_ros2/build --no-deps symlink_data
[1.324s] INFO:colcon.colcon_core.shell:Creating environment descriptor '/workspaces/build/handsfree_imu_ros2/share/handsfree_imu_ros2/hook/pythonpath_develop.dsv'
[1.324s] INFO:colcon.colcon_core.shell:Creating environment hook '/workspaces/build/handsfree_imu_ros2/share/handsfree_imu_ros2/hook/pythonpath_develop.sh'
[1.325s] Level 1:colcon.colcon_core.environment:checking '/workspaces/install/handsfree_imu_ros2' for CMake module files
[1.325s] Level 1:colcon.colcon_core.environment:checking '/workspaces/install/handsfree_imu_ros2' for CMake config files
[1.326s] Level 1:colcon.colcon_core.environment:checking '/workspaces/install/handsfree_imu_ros2/lib'
[1.326s] Level 1:colcon.colcon_core.environment:checking '/workspaces/install/handsfree_imu_ros2/bin'
[1.326s] Level 1:colcon.colcon_core.environment:checking '/workspaces/install/handsfree_imu_ros2/lib/pkgconfig/handsfree_imu_ros2.pc'
[1.326s] Level 1:colcon.colcon_core.environment:checking '/workspaces/install/handsfree_imu_ros2/lib/python3.12/site-packages'
[1.326s] Level 1:colcon.colcon_core.shell:create_environment_hook('handsfree_imu_ros2', 'pythonpath')
[1.326s] INFO:colcon.colcon_core.shell:Creating environment hook '/workspaces/install/handsfree_imu_ros2/share/handsfree_imu_ros2/hook/pythonpath.ps1'
[1.327s] INFO:colcon.colcon_core.shell:Creating environment descriptor '/workspaces/install/handsfree_imu_ros2/share/handsfree_imu_ros2/hook/pythonpath.dsv'
[1.327s] INFO:colcon.colcon_core.shell:Creating environment hook '/workspaces/install/handsfree_imu_ros2/share/handsfree_imu_ros2/hook/pythonpath.sh'
[1.327s] Level 1:colcon.colcon_core.environment:checking '/workspaces/install/handsfree_imu_ros2/bin'
[1.327s] Level 1:colcon.colcon_core.environment:create_environment_scripts_only(handsfree_imu_ros2)
[1.327s] INFO:colcon.colcon_core.shell:Creating package script '/workspaces/install/handsfree_imu_ros2/share/handsfree_imu_ros2/package.ps1'
[1.328s] INFO:colcon.colcon_core.shell:Creating package descriptor '/workspaces/install/handsfree_imu_ros2/share/handsfree_imu_ros2/package.dsv'
[1.328s] INFO:colcon.colcon_core.shell:Creating package script '/workspaces/install/handsfree_imu_ros2/share/handsfree_imu_ros2/package.sh'
[1.328s] INFO:colcon.colcon_core.shell:Creating package script '/workspaces/install/handsfree_imu_ros2/share/handsfree_imu_ros2/package.bash'
[1.329s] INFO:colcon.colcon_core.shell:Creating package script '/workspaces/install/handsfree_imu_ros2/share/handsfree_imu_ros2/package.zsh'
[1.329s] Level 1:colcon.colcon_core.environment:create_file_with_runtime_dependencies(/workspaces/install/handsfree_imu_ros2/share/colcon-core/packages/handsfree_imu_ros2)
[1.532s] Level 1:colcon.colcon_core.shell:create_environment_hook('yolo_ros', 'pythonpath_develop')
[1.532s] INFO:colcon.colcon_core.shell:Creating environment hook '/workspaces/build/yolo_ros/share/yolo_ros/hook/pythonpath_develop.ps1'
[1.533s] DEBUG:colcon.colcon_core.event_handler.log_command:Invoked command in '/workspaces/build/yolo_ros' returned '0': CMAKE_PREFIX_PATH=/workspaces/install/yolo_msgs:/workspaces/install/yolo_bringup:/workspaces/install/ydlidar_ros2_driver:/workspaces/install/wildbot_slam:/workspaces/install/wildbot_localization:/robot_ws/install/orbbec_description:/robot_ws/install/orbbec_camera:/robot_ws/install/orbbec_camera_msgs:/robot_ws/install/oradar_lidar:/robot_ws/install/kros_car:/robot_ws/install/kros_car_description:/opt/ros/jazzy/opt/sdformat_vendor:/opt/ros/jazzy/opt/gz_math_vendor:/opt/ros/jazzy/opt/gz_utils_vendor:/opt/ros/jazzy/opt/gz_tools_vendor:/opt/ros/jazzy/opt/gz_cmake_vendor PYTHONPATH=/workspaces/build/yolo_ros/prefix_override:/usr/lib/python3/dist-packages/colcon_core/task/python/colcon_distutils_commands:/workspaces/install/yolo_ros/lib/python3.12/site-packages:/workspaces/install/yolo_msgs/lib/python3.12/site-packages:/workspaces/build/yolo_ros:/workspaces/install/yolo_ros/lib/python3.12/site-packages:/workspaces/build/wildbot_control:/workspaces/install/wildbot_control/lib/python3.12/site-packages:/workspaces/build/handsfree_imu_ros2:/workspaces/install/handsfree_imu_ros2/lib/python3.12/site-packages:/workspaces/build/arm_ik:/workspaces/install/arm_ik/lib/python3.12/site-packages:/robot_ws/install/orbbec_camera_msgs/lib/python3.12/site-packages:/robot_ws/build/lidar_pkg:/robot_ws/install/lidar_pkg/lib/python3.12/site-packages:/opt/ros/jazzy/lib/python3.12/site-packages /usr/bin/python3 -W ignore:setup.py install is deprecated -W ignore:easy_install command is deprecated setup.py develop --editable --build-directory /workspaces/build/yolo_ros/build --no-deps symlink_data
[1.533s] INFO:colcon.colcon_core.shell:Creating environment descriptor '/workspaces/build/yolo_ros/share/yolo_ros/hook/pythonpath_develop.dsv'
[1.533s] INFO:colcon.colcon_core.shell:Creating environment hook '/workspaces/build/yolo_ros/share/yolo_ros/hook/pythonpath_develop.sh'
[1.533s] Level 1:colcon.colcon_core.environment:checking '/workspaces/install/yolo_ros' for CMake module files
[1.533s] Level 1:colcon.colcon_core.environment:checking '/workspaces/install/yolo_ros' for CMake config files
[1.534s] Level 1:colcon.colcon_core.environment:checking '/workspaces/install/yolo_ros/lib'
[1.534s] Level 1:colcon.colcon_core.environment:checking '/workspaces/install/yolo_ros/bin'
[1.534s] Level 1:colcon.colcon_core.environment:checking '/workspaces/install/yolo_ros/lib/pkgconfig/yolo_ros.pc'
[1.534s] Level 1:colcon.colcon_core.environment:checking '/workspaces/install/yolo_ros/lib/python3.12/site-packages'
[1.534s] Level 1:colcon.colcon_core.shell:create_environment_hook('yolo_ros', 'pythonpath')
[1.534s] INFO:colcon.colcon_core.shell:Creating environment hook '/workspaces/install/yolo_ros/share/yolo_ros/hook/pythonpath.ps1'
[1.534s] INFO:colcon.colcon_core.shell:Creating environment descriptor '/workspaces/install/yolo_ros/share/yolo_ros/hook/pythonpath.dsv'
[1.534s] INFO:colcon.colcon_core.shell:Creating environment hook '/workspaces/install/yolo_ros/share/yolo_ros/hook/pythonpath.sh'
[1.535s] Level 1:colcon.colcon_core.environment:checking '/workspaces/install/yolo_ros/bin'
[1.535s] Level 1:colcon.colcon_core.environment:create_environment_scripts_only(yolo_ros)
[1.535s] INFO:colcon.colcon_core.shell:Creating package script '/workspaces/install/yolo_ros/share/yolo_ros/package.ps1'
[1.535s] INFO:colcon.colcon_core.shell:Creating package descriptor '/workspaces/install/yolo_ros/share/yolo_ros/package.dsv'
[1.536s] INFO:colcon.colcon_core.shell:Creating package script '/workspaces/install/yolo_ros/share/yolo_ros/package.sh'
[1.536s] INFO:colcon.colcon_core.shell:Creating package script '/workspaces/install/yolo_ros/share/yolo_ros/package.bash'
[1.536s] INFO:colcon.colcon_core.shell:Creating package script '/workspaces/install/yolo_ros/share/yolo_ros/package.zsh'
[1.536s] Level 1:colcon.colcon_core.environment:create_file_with_runtime_dependencies(/workspaces/install/yolo_ros/share/colcon-core/packages/yolo_ros)
[1.536s] INFO:colcon.colcon_ros.task.ament_cmake.build:Building ROS package in '/workspaces/workspaces/src/yolo_ros-main/yolo_bringup' with build type 'ament_cmake'
[1.537s] INFO:colcon.colcon_cmake.task.cmake.build:Building CMake package in '/workspaces/workspaces/src/yolo_ros-main/yolo_bringup'
[1.537s] INFO:colcon.colcon_core.shell:Skip shell extension 'powershell' for command environment: Not usable outside of PowerShell
[1.537s] DEBUG:colcon.colcon_core.shell:Skip shell extension 'dsv' for command environment
[1.547s] DEBUG:colcon.colcon_core.event_handler.log_command:Invoking command in '/workspaces/build/yolo_bringup': AMENT_PREFIX_PATH=/workspaces/install/yolo_ros:/workspaces/install/yolo_bringup:/workspaces/install/yolo_msgs:/workspaces/install/ydlidar_ros2_driver:/workspaces/install/wildbot_slam:/workspaces/install/wildbot_localization:/workspaces/install/wildbot_control:/workspaces/install/handsfree_imu_ros2:/workspaces/install/arm_ik:/robot_ws/install/orbbec_description:/robot_ws/install/orbbec_camera:/robot_ws/install/orbbec_camera_msgs:/robot_ws/install/oradar_lidar:/robot_ws/install/lidar_pkg:/robot_ws/install/kros_car:/robot_ws/install/kros_car_description:/opt/ros/jazzy CMAKE_PREFIX_PATH=/workspaces/install/yolo_msgs:/workspaces/install/yolo_bringup:/workspaces/install/ydlidar_ros2_driver:/workspaces/install/wildbot_slam:/workspaces/install/wildbot_localization:/robot_ws/install/orbbec_description:/robot_ws/install/orbbec_camera:/robot_ws/install/orbbec_camera_msgs:/robot_ws/install/oradar_lidar:/robot_ws/install/kros_car:/robot_ws/install/kros_car_description:/opt/ros/jazzy/opt/sdformat_vendor:/opt/ros/jazzy/opt/gz_math_vendor:/opt/ros/jazzy/opt/gz_utils_vendor:/opt/ros/jazzy/opt/gz_tools_vendor:/opt/ros/jazzy/opt/gz_cmake_vendor:/workspaces/install/yolo_ros:/workspaces/install/wildbot_control:/workspaces/install/handsfree_imu_ros2:/workspaces/install/arm_ik:/robot_ws/install/lidar_pkg:/opt/ros/jazzy /usr/bin/cmake --build /workspaces/build/yolo_bringup -- -j16 -l16
[1.580s] DEBUG:colcon.colcon_core.event_handler.log_command:Invoked command in '/workspaces/build/yolo_bringup' returned '0': AMENT_PREFIX_PATH=/workspaces/install/yolo_ros:/workspaces/install/yolo_bringup:/workspaces/install/yolo_msgs:/workspaces/install/ydlidar_ros2_driver:/workspaces/install/wildbot_slam:/workspaces/install/wildbot_localization:/workspaces/install/wildbot_control:/workspaces/install/handsfree_imu_ros2:/workspaces/install/arm_ik:/robot_ws/install/orbbec_description:/robot_ws/install/orbbec_camera:/robot_ws/install/orbbec_camera_msgs:/robot_ws/install/oradar_lidar:/robot_ws/install/lidar_pkg:/robot_ws/install/kros_car:/robot_ws/install/kros_car_description:/opt/ros/jazzy CMAKE_PREFIX_PATH=/workspaces/install/yolo_msgs:/workspaces/install/yolo_bringup:/workspaces/install/ydlidar_ros2_driver:/workspaces/install/wildbot_slam:/workspaces/install/wildbot_localization:/robot_ws/install/orbbec_description:/robot_ws/install/orbbec_camera:/robot_ws/install/orbbec_camera_msgs:/robot_ws/install/oradar_lidar:/robot_ws/install/kros_car:/robot_ws/install/kros_car_description:/opt/ros/jazzy/opt/sdformat_vendor:/opt/ros/jazzy/opt/gz_math_vendor:/opt/ros/jazzy/opt/gz_utils_vendor:/opt/ros/jazzy/opt/gz_tools_vendor:/opt/ros/jazzy/opt/gz_cmake_vendor:/workspaces/install/yolo_ros:/workspaces/install/wildbot_control:/workspaces/install/handsfree_imu_ros2:/workspaces/install/arm_ik:/robot_ws/install/lidar_pkg:/opt/ros/jazzy /usr/bin/cmake --build /workspaces/build/yolo_bringup -- -j16 -l16
[1.581s] DEBUG:colcon.colcon_core.event_handler.log_command:Invoking command in '/workspaces/build/yolo_bringup': AMENT_PREFIX_PATH=/workspaces/install/yolo_ros:/workspaces/install/yolo_bringup:/workspaces/install/yolo_msgs:/workspaces/install/ydlidar_ros2_driver:/workspaces/install/wildbot_slam:/workspaces/install/wildbot_localization:/workspaces/install/wildbot_control:/workspaces/install/handsfree_imu_ros2:/workspaces/install/arm_ik:/robot_ws/install/orbbec_description:/robot_ws/install/orbbec_camera:/robot_ws/install/orbbec_camera_msgs:/robot_ws/install/oradar_lidar:/robot_ws/install/lidar_pkg:/robot_ws/install/kros_car:/robot_ws/install/kros_car_description:/opt/ros/jazzy CMAKE_PREFIX_PATH=/workspaces/install/yolo_msgs:/workspaces/install/yolo_bringup:/workspaces/install/ydlidar_ros2_driver:/workspaces/install/wildbot_slam:/workspaces/install/wildbot_localization:/robot_ws/install/orbbec_description:/robot_ws/install/orbbec_camera:/robot_ws/install/orbbec_camera_msgs:/robot_ws/install/oradar_lidar:/robot_ws/install/kros_car:/robot_ws/install/kros_car_description:/opt/ros/jazzy/opt/sdformat_vendor:/opt/ros/jazzy/opt/gz_math_vendor:/opt/ros/jazzy/opt/gz_utils_vendor:/opt/ros/jazzy/opt/gz_tools_vendor:/opt/ros/jazzy/opt/gz_cmake_vendor:/workspaces/install/yolo_ros:/workspaces/install/wildbot_control:/workspaces/install/handsfree_imu_ros2:/workspaces/install/arm_ik:/robot_ws/install/lidar_pkg:/opt/ros/jazzy /usr/bin/cmake --install /workspaces/build/yolo_bringup
[1.599s] Level 1:colcon.colcon_core.environment:create_environment_scripts_only(yolo_bringup)
[1.599s] Level 1:colcon.colcon_core.environment:checking '/workspaces/install/yolo_bringup' for CMake module files
[1.599s] DEBUG:colcon.colcon_core.event_handler.log_command:Invoked command in '/workspaces/build/yolo_bringup' returned '0': AMENT_PREFIX_PATH=/workspaces/install/yolo_ros:/workspaces/install/yolo_bringup:/workspaces/install/yolo_msgs:/workspaces/install/ydlidar_ros2_driver:/workspaces/install/wildbot_slam:/workspaces/install/wildbot_localization:/workspaces/install/wildbot_control:/workspaces/install/handsfree_imu_ros2:/workspaces/install/arm_ik:/robot_ws/install/orbbec_description:/robot_ws/install/orbbec_camera:/robot_ws/install/orbbec_camera_msgs:/robot_ws/install/oradar_lidar:/robot_ws/install/lidar_pkg:/robot_ws/install/kros_car:/robot_ws/install/kros_car_description:/opt/ros/jazzy CMAKE_PREFIX_PATH=/workspaces/install/yolo_msgs:/workspaces/install/yolo_bringup:/workspaces/install/ydlidar_ros2_driver:/workspaces/install/wildbot_slam:/workspaces/install/wildbot_localization:/robot_ws/install/orbbec_description:/robot_ws/install/orbbec_camera:/robot_ws/install/orbbec_camera_msgs:/robot_ws/install/oradar_lidar:/robot_ws/install/kros_car:/robot_ws/install/kros_car_description:/opt/ros/jazzy/opt/sdformat_vendor:/opt/ros/jazzy/opt/gz_math_vendor:/opt/ros/jazzy/opt/gz_utils_vendor:/opt/ros/jazzy/opt/gz_tools_vendor:/opt/ros/jazzy/opt/gz_cmake_vendor:/workspaces/install/yolo_ros:/workspaces/install/wildbot_control:/workspaces/install/handsfree_imu_ros2:/workspaces/install/arm_ik:/robot_ws/install/lidar_pkg:/opt/ros/jazzy /usr/bin/cmake --install /workspaces/build/yolo_bringup
[1.599s] Level 1:colcon.colcon_core.environment:checking '/workspaces/install/yolo_bringup' for CMake config files
[1.599s] Level 1:colcon.colcon_core.shell:create_environment_hook('yolo_bringup', 'cmake_prefix_path')
[1.600s] INFO:colcon.colcon_core.shell:Creating environment hook '/workspaces/install/yolo_bringup/share/yolo_bringup/hook/cmake_prefix_path.ps1'
[1.600s] INFO:colcon.colcon_core.shell:Creating environment descriptor '/workspaces/install/yolo_bringup/share/yolo_bringup/hook/cmake_prefix_path.dsv'
[1.600s] INFO:colcon.colcon_core.shell:Creating environment hook '/workspaces/install/yolo_bringup/share/yolo_bringup/hook/cmake_prefix_path.sh'
[1.600s] Level 1:colcon.colcon_core.environment:checking '/workspaces/install/yolo_bringup/bin'
[1.600s] Level 1:colcon.colcon_core.environment:checking '/workspaces/install/yolo_bringup/lib/pkgconfig/yolo_bringup.pc'
[1.600s] Level 1:colcon.colcon_core.environment:checking '/workspaces/install/yolo_bringup/lib/python3.12/site-packages'
[1.601s] Level 1:colcon.colcon_core.environment:checking '/workspaces/install/yolo_bringup/bin'
[1.601s] INFO:colcon.colcon_core.shell:Creating package script '/workspaces/install/yolo_bringup/share/yolo_bringup/package.ps1'
[1.601s] INFO:colcon.colcon_core.shell:Creating package descriptor '/workspaces/install/yolo_bringup/share/yolo_bringup/package.dsv'
[1.601s] INFO:colcon.colcon_core.shell:Creating package script '/workspaces/install/yolo_bringup/share/yolo_bringup/package.sh'
[1.601s] INFO:colcon.colcon_core.shell:Creating package script '/workspaces/install/yolo_bringup/share/yolo_bringup/package.bash'
[1.602s] INFO:colcon.colcon_core.shell:Creating package script '/workspaces/install/yolo_bringup/share/yolo_bringup/package.zsh'
[1.602s] Level 1:colcon.colcon_core.environment:create_file_with_runtime_dependencies(/workspaces/install/yolo_bringup/share/colcon-core/packages/yolo_bringup)
[1.602s] Level 1:colcon.colcon_core.environment:create_environment_scripts_only(yolo_bringup)
[1.602s] Level 1:colcon.colcon_core.environment:checking '/workspaces/install/yolo_bringup' for CMake module files
[1.602s] Level 1:colcon.colcon_core.environment:checking '/workspaces/install/yolo_bringup' for CMake config files
[1.602s] Level 1:colcon.colcon_core.shell:create_environment_hook('yolo_bringup', 'cmake_prefix_path')
[1.603s] INFO:colcon.colcon_core.shell:Creating environment hook '/workspaces/install/yolo_bringup/share/yolo_bringup/hook/cmake_prefix_path.ps1'
[1.603s] INFO:colcon.colcon_core.shell:Creating environment descriptor '/workspaces/install/yolo_bringup/share/yolo_bringup/hook/cmake_prefix_path.dsv'
[1.603s] INFO:colcon.colcon_core.shell:Creating environment hook '/workspaces/install/yolo_bringup/share/yolo_bringup/hook/cmake_prefix_path.sh'
[1.603s] Level 1:colcon.colcon_core.environment:checking '/workspaces/install/yolo_bringup/bin'
[1.603s] Level 1:colcon.colcon_core.environment:checking '/workspaces/install/yolo_bringup/lib/pkgconfig/yolo_bringup.pc'
[1.603s] Level 1:colcon.colcon_core.environment:checking '/workspaces/install/yolo_bringup/lib/python3.12/site-packages'
[1.603s] Level 1:colcon.colcon_core.environment:checking '/workspaces/install/yolo_bringup/bin'
[1.604s] INFO:colcon.colcon_core.shell:Creating package script '/workspaces/install/yolo_bringup/share/yolo_bringup/package.ps1'
[1.604s] INFO:colcon.colcon_core.shell:Creating package descriptor '/workspaces/install/yolo_bringup/share/yolo_bringup/package.dsv'
[1.604s] INFO:colcon.colcon_core.shell:Creating package script '/workspaces/install/yolo_bringup/share/yolo_bringup/package.sh'
[1.604s] INFO:colcon.colcon_core.shell:Creating package script '/workspaces/install/yolo_bringup/share/yolo_bringup/package.bash'
[1.605s] INFO:colcon.colcon_core.shell:Creating package script '/workspaces/install/yolo_bringup/share/yolo_bringup/package.zsh'
[1.605s] Level 1:colcon.colcon_core.environment:create_file_with_runtime_dependencies(/workspaces/install/yolo_bringup/share/colcon-core/packages/yolo_bringup)
[1.605s] DEBUG:colcon.colcon_parallel_executor.executor.parallel:closing loop
[1.605s] DEBUG:colcon.colcon_parallel_executor.executor.parallel:loop closed
[1.605s] DEBUG:colcon.colcon_parallel_executor.executor.parallel:run_until_complete finished with '0'
[1.605s] DEBUG:colcon.colcon_core.event_reactor:joining thread
[1.609s] INFO:colcon.colcon_core.plugin_system:Skipping extension 'colcon_notification.desktop_notification.notify_send': Could not find 'notify-send'
[1.609s] INFO:colcon.colcon_core.plugin_system:Skipping extension 'colcon_notification.desktop_notification.terminal_notifier': Not used on non-Darwin systems
[1.609s] INFO:colcon.colcon_core.plugin_system:Skipping extension 'colcon_notification.desktop_notification.win32': Not used on non-Windows systems
[1.609s] INFO:colcon.colcon_notification.desktop_notification:Sending desktop notification using 'notify2'
[1.609s] DEBUG:colcon.colcon_notification.desktop_notification.notify2:Failed to initialize notify2: org.freedesktop.DBus.Error.NotSupported: Unable to autolaunch a dbus-daemon without a $DISPLAY for X11
[1.609s] DEBUG:colcon.colcon_core.event_reactor:joined thread
[1.609s] INFO:colcon.colcon_core.shell:Creating prefix script '/workspaces/install/local_setup.ps1'
[1.610s] INFO:colcon.colcon_core.shell:Creating prefix util module '/workspaces/install/_local_setup_util_ps1.py'
[1.610s] INFO:colcon.colcon_core.shell:Creating prefix chain script '/workspaces/install/setup.ps1'
[1.611s] INFO:colcon.colcon_core.shell:Creating prefix script '/workspaces/install/local_setup.sh'
[1.611s] INFO:colcon.colcon_core.shell:Creating prefix util module '/workspaces/install/_local_setup_util_sh.py'
[1.611s] INFO:colcon.colcon_core.shell:Creating prefix chain script '/workspaces/install/setup.sh'
[1.612s] INFO:colcon.colcon_core.shell:Creating prefix script '/workspaces/install/local_setup.bash'
[1.612s] INFO:colcon.colcon_core.shell:Creating prefix chain script '/workspaces/install/setup.bash'
[1.613s] INFO:colcon.colcon_core.shell:Creating prefix script '/workspaces/install/local_setup.zsh'
[1.613s] INFO:colcon.colcon_core.shell:Creating prefix chain script '/workspaces/install/setup.zsh'
