[0.109s] DEBUG:colcon:Command line arguments: ['/usr/bin/colcon', 'build']
[0.109s] DEBUG:colcon:Parsed command line arguments: Namespace(log_base=None, log_level=None, verb_name='build', build_base='build', install_base='install', merge_install=False, symlink_install=False, test_result_base=None, continue_on_error=False, executor='parallel', parallel_workers=16, event_handlers=None, ignore_user_meta=False, metas=['./colcon.meta'], base_paths=['.'], packages_ignore=None, packages_ignore_regex=None, paths=None, packages_up_to=None, packages_up_to_regex=None, packages_above=None, packages_above_and_dependencies=None, packages_above_depth=None, packages_select_by_dep=None, packages_skip_by_dep=None, packages_skip_up_to=None, packages_select_build_failed=False, packages_skip_build_finished=False, packages_select_test_failures=False, packages_skip_test_passed=False, packages_select=None, packages_skip=None, packages_select_regex=None, packages_skip_regex=None, packages_start=None, packages_end=None, cmake_args=None, cmake_target=None, cmake_target_skip_unavailable=False, cmake_clean_cache=False, cmake_clean_first=False, cmake_force_configure=False, ament_cmake_args=None, catkin_cmake_args=None, catkin_skip_building_tests=False, mixin_files=None, mixin=None, verb_parser=<colcon_mixin.mixin.mixin_argument.MixinArgumentDecorator object at 0x70cb699c2870>, verb_extension=<colcon_core.verb.build.BuildVerb object at 0x70cb699c2510>, main=<bound method BuildVerb.main of <colcon_core.verb.build.BuildVerb object at 0x70cb699c2510>>, mixin_verb=('build',))
[0.145s] Level 1:colcon.colcon_core.package_discovery:discover_packages(colcon_meta) check parameters
[0.146s] INFO:colcon.colcon_metadata.package_discovery.colcon_meta:Using configuration from '/root/.colcon/metadata/default/Gazebo.meta'
[0.147s] INFO:colcon.colcon_metadata.package_discovery.colcon_meta:Using configuration from '/root/.colcon/metadata/default/fastdds.meta'
[0.147s] INFO:colcon.colcon_metadata.package_discovery.colcon_meta:Using configuration from '/root/.colcon/metadata/default/fastrtps.meta'
[0.147s] Level 1:colcon.colcon_core.package_discovery:discover_packages(recursive) check parameters
[0.147s] Level 1:colcon.colcon_core.package_discovery:discover_packages(ignore) check parameters
[0.147s] Level 1:colcon.colcon_core.package_discovery:discover_packages(path) check parameters
[0.147s] Level 1:colcon.colcon_core.package_discovery:discover_packages(colcon_meta) discover
[0.147s] Level 1:colcon.colcon_core.package_discovery:discover_packages(recursive) discover
[0.147s] INFO:colcon.colcon_core.package_discovery:Crawling recursively for packages in '/workspaces'
[0.147s] Level 1:colcon.colcon_core.package_identification:_identify(.) by extensions ['ignore', 'ignore_ament_install']
[0.147s] Level 1:colcon.colcon_core.package_identification:_identify(.) by extension 'ignore'
[0.147s] Level 1:colcon.colcon_core.package_identification:_identify(.) by extension 'ignore_ament_install'
[0.147s] Level 1:colcon.colcon_core.package_identification:_identify(.) by extensions ['colcon_pkg']
[0.147s] Level 1:colcon.colcon_core.package_identification:_identify(.) by extension 'colcon_pkg'
[0.147s] Level 1:colcon.colcon_core.package_identification:_identify(.) by extensions ['colcon_meta']
[0.147s] Level 1:colcon.colcon_core.package_identification:_identify(.) by extension 'colcon_meta'
[0.147s] Level 1:colcon.colcon_core.package_identification:_identify(.) by extensions ['ros']
[0.147s] Level 1:colcon.colcon_core.package_identification:_identify(.) by extension 'ros'
[0.170s] Level 1:colcon.colcon_core.package_identification:_identify(.) by extensions ['cmake', 'python']
[0.170s] Level 1:colcon.colcon_core.package_identification:_identify(.) by extension 'cmake'
[0.170s] Level 1:colcon.colcon_core.package_identification:_identify(.) by extension 'python'
[0.170s] Level 1:colcon.colcon_core.package_identification:_identify(.) by extensions ['python_setup_py']
[0.170s] Level 1:colcon.colcon_core.package_identification:_identify(.) by extension 'python_setup_py'
[0.170s] Level 1:colcon.colcon_core.package_identification:_identify(build) by extensions ['ignore', 'ignore_ament_install']
[0.170s] Level 1:colcon.colcon_core.package_identification:_identify(build) by extension 'ignore'
[0.170s] Level 1:colcon.colcon_core.package_identification:_identify(build) ignored
[0.170s] Level 1:colcon.colcon_core.package_identification:_identify(docker) by extensions ['ignore', 'ignore_ament_install']
[0.170s] Level 1:colcon.colcon_core.package_identification:_identify(docker) by extension 'ignore'
[0.170s] Level 1:colcon.colcon_core.package_identification:_identify(docker) by extension 'ignore_ament_install'
[0.170s] Level 1:colcon.colcon_core.package_identification:_identify(docker) by extensions ['colcon_pkg']
[0.170s] Level 1:colcon.colcon_core.package_identification:_identify(docker) by extension 'colcon_pkg'
[0.170s] Level 1:colcon.colcon_core.package_identification:_identify(docker) by extensions ['colcon_meta']
[0.170s] Level 1:colcon.colcon_core.package_identification:_identify(docker) by extension 'colcon_meta'
[0.170s] Level 1:colcon.colcon_core.package_identification:_identify(docker) by extensions ['ros']
[0.171s] Level 1:colcon.colcon_core.package_identification:_identify(docker) by extension 'ros'
[0.171s] Level 1:colcon.colcon_core.package_identification:_identify(docker) by extensions ['cmake', 'python']
[0.171s] Level 1:colcon.colcon_core.package_identification:_identify(docker) by extension 'cmake'
[0.171s] Level 1:colcon.colcon_core.package_identification:_identify(docker) by extension 'python'
[0.171s] Level 1:colcon.colcon_core.package_identification:_identify(docker) by extensions ['python_setup_py']
[0.171s] Level 1:colcon.colcon_core.package_identification:_identify(docker) by extension 'python_setup_py'
[0.171s] Level 1:colcon.colcon_core.package_identification:_identify(docker/compose) by extensions ['ignore', 'ignore_ament_install']
[0.171s] Level 1:colcon.colcon_core.package_identification:_identify(docker/compose) by extension 'ignore'
[0.171s] Level 1:colcon.colcon_core.package_identification:_identify(docker/compose) by extension 'ignore_ament_install'
[0.171s] Level 1:colcon.colcon_core.package_identification:_identify(docker/compose) by extensions ['colcon_pkg']
[0.171s] Level 1:colcon.colcon_core.package_identification:_identify(docker/compose) by extension 'colcon_pkg'
[0.171s] Level 1:colcon.colcon_core.package_identification:_identify(docker/compose) by extensions ['colcon_meta']
[0.171s] Level 1:colcon.colcon_core.package_identification:_identify(docker/compose) by extension 'colcon_meta'
[0.171s] Level 1:colcon.colcon_core.package_identification:_identify(docker/compose) by extensions ['ros']
[0.171s] Level 1:colcon.colcon_core.package_identification:_identify(docker/compose) by extension 'ros'
[0.171s] Level 1:colcon.colcon_core.package_identification:_identify(docker/compose) by extensions ['cmake', 'python']
[0.171s] Level 1:colcon.colcon_core.package_identification:_identify(docker/compose) by extension 'cmake'
[0.171s] Level 1:colcon.colcon_core.package_identification:_identify(docker/compose) by extension 'python'
[0.171s] Level 1:colcon.colcon_core.package_identification:_identify(docker/compose) by extensions ['python_setup_py']
[0.171s] Level 1:colcon.colcon_core.package_identification:_identify(docker/compose) by extension 'python_setup_py'
[0.171s] Level 1:colcon.colcon_core.package_identification:_identify(docker/compose/configs) by extensions ['ignore', 'ignore_ament_install']
[0.171s] Level 1:colcon.colcon_core.package_identification:_identify(docker/compose/configs) by extension 'ignore'
[0.171s] Level 1:colcon.colcon_core.package_identification:_identify(docker/compose/configs) by extension 'ignore_ament_install'
[0.171s] Level 1:colcon.colcon_core.package_identification:_identify(docker/compose/configs) by extensions ['colcon_pkg']
[0.171s] Level 1:colcon.colcon_core.package_identification:_identify(docker/compose/configs) by extension 'colcon_pkg'
[0.171s] Level 1:colcon.colcon_core.package_identification:_identify(docker/compose/configs) by extensions ['colcon_meta']
[0.171s] Level 1:colcon.colcon_core.package_identification:_identify(docker/compose/configs) by extension 'colcon_meta'
[0.171s] Level 1:colcon.colcon_core.package_identification:_identify(docker/compose/configs) by extensions ['ros']
[0.171s] Level 1:colcon.colcon_core.package_identification:_identify(docker/compose/configs) by extension 'ros'
[0.171s] Level 1:colcon.colcon_core.package_identification:_identify(docker/compose/configs) by extensions ['cmake', 'python']
[0.171s] Level 1:colcon.colcon_core.package_identification:_identify(docker/compose/configs) by extension 'cmake'
[0.171s] Level 1:colcon.colcon_core.package_identification:_identify(docker/compose/configs) by extension 'python'
[0.171s] Level 1:colcon.colcon_core.package_identification:_identify(docker/compose/configs) by extensions ['python_setup_py']
[0.171s] Level 1:colcon.colcon_core.package_identification:_identify(docker/compose/configs) by extension 'python_setup_py'
[0.171s] Level 1:colcon.colcon_core.package_identification:_identify(docker/compose/launch) by extensions ['ignore', 'ignore_ament_install']
[0.171s] Level 1:colcon.colcon_core.package_identification:_identify(docker/compose/launch) by extension 'ignore'
[0.171s] Level 1:colcon.colcon_core.package_identification:_identify(docker/compose/launch) by extension 'ignore_ament_install'
[0.171s] Level 1:colcon.colcon_core.package_identification:_identify(docker/compose/launch) by extensions ['colcon_pkg']
[0.171s] Level 1:colcon.colcon_core.package_identification:_identify(docker/compose/launch) by extension 'colcon_pkg'
[0.171s] Level 1:colcon.colcon_core.package_identification:_identify(docker/compose/launch) by extensions ['colcon_meta']
[0.172s] Level 1:colcon.colcon_core.package_identification:_identify(docker/compose/launch) by extension 'colcon_meta'
[0.172s] Level 1:colcon.colcon_core.package_identification:_identify(docker/compose/launch) by extensions ['ros']
[0.172s] Level 1:colcon.colcon_core.package_identification:_identify(docker/compose/launch) by extension 'ros'
[0.172s] Level 1:colcon.colcon_core.package_identification:_identify(docker/compose/launch) by extensions ['cmake', 'python']
[0.172s] Level 1:colcon.colcon_core.package_identification:_identify(docker/compose/launch) by extension 'cmake'
[0.172s] Level 1:colcon.colcon_core.package_identification:_identify(docker/compose/launch) by extension 'python'
[0.172s] Level 1:colcon.colcon_core.package_identification:_identify(docker/compose/launch) by extensions ['python_setup_py']
[0.172s] Level 1:colcon.colcon_core.package_identification:_identify(docker/compose/launch) by extension 'python_setup_py'
[0.172s] Level 1:colcon.colcon_core.package_identification:_identify(install) by extensions ['ignore', 'ignore_ament_install']
[0.172s] Level 1:colcon.colcon_core.package_identification:_identify(install) by extension 'ignore'
[0.172s] Level 1:colcon.colcon_core.package_identification:_identify(install) ignored
[0.172s] Level 1:colcon.colcon_core.package_identification:_identify(log) by extensions ['ignore', 'ignore_ament_install']
[0.172s] Level 1:colcon.colcon_core.package_identification:_identify(log) by extension 'ignore'
[0.172s] Level 1:colcon.colcon_core.package_identification:_identify(log) ignored
[0.172s] Level 1:colcon.colcon_core.package_identification:_identify(photos) by extensions ['ignore', 'ignore_ament_install']
[0.172s] Level 1:colcon.colcon_core.package_identification:_identify(photos) by extension 'ignore'
[0.172s] Level 1:colcon.colcon_core.package_identification:_identify(photos) by extension 'ignore_ament_install'
[0.172s] Level 1:colcon.colcon_core.package_identification:_identify(photos) by extensions ['colcon_pkg']
[0.172s] Level 1:colcon.colcon_core.package_identification:_identify(photos) by extension 'colcon_pkg'
[0.172s] Level 1:colcon.colcon_core.package_identification:_identify(photos) by extensions ['colcon_meta']
[0.172s] Level 1:colcon.colcon_core.package_identification:_identify(photos) by extension 'colcon_meta'
[0.172s] Level 1:colcon.colcon_core.package_identification:_identify(photos) by extensions ['ros']
[0.172s] Level 1:colcon.colcon_core.package_identification:_identify(photos) by extension 'ros'
[0.172s] Level 1:colcon.colcon_core.package_identification:_identify(photos) by extensions ['cmake', 'python']
[0.172s] Level 1:colcon.colcon_core.package_identification:_identify(photos) by extension 'cmake'
[0.172s] Level 1:colcon.colcon_core.package_identification:_identify(photos) by extension 'python'
[0.172s] Level 1:colcon.colcon_core.package_identification:_identify(photos) by extensions ['python_setup_py']
[0.172s] Level 1:colcon.colcon_core.package_identification:_identify(photos) by extension 'python_setup_py'
[0.172s] Level 1:colcon.colcon_core.package_identification:_identify(scripts) by extensions ['ignore', 'ignore_ament_install']
[0.172s] Level 1:colcon.colcon_core.package_identification:_identify(scripts) by extension 'ignore'
[0.172s] Level 1:colcon.colcon_core.package_identification:_identify(scripts) by extension 'ignore_ament_install'
[0.172s] Level 1:colcon.colcon_core.package_identification:_identify(scripts) by extensions ['colcon_pkg']
[0.172s] Level 1:colcon.colcon_core.package_identification:_identify(scripts) by extension 'colcon_pkg'
[0.172s] Level 1:colcon.colcon_core.package_identification:_identify(scripts) by extensions ['colcon_meta']
[0.172s] Level 1:colcon.colcon_core.package_identification:_identify(scripts) by extension 'colcon_meta'
[0.172s] Level 1:colcon.colcon_core.package_identification:_identify(scripts) by extensions ['ros']
[0.172s] Level 1:colcon.colcon_core.package_identification:_identify(scripts) by extension 'ros'
[0.173s] Level 1:colcon.colcon_core.package_identification:_identify(scripts) by extensions ['cmake', 'python']
[0.173s] Level 1:colcon.colcon_core.package_identification:_identify(scripts) by extension 'cmake'
[0.173s] Level 1:colcon.colcon_core.package_identification:_identify(scripts) by extension 'python'
[0.173s] Level 1:colcon.colcon_core.package_identification:_identify(scripts) by extensions ['python_setup_py']
[0.173s] Level 1:colcon.colcon_core.package_identification:_identify(scripts) by extension 'python_setup_py'
[0.173s] Level 1:colcon.colcon_core.package_identification:_identify(workspaces) by extensions ['ignore', 'ignore_ament_install']
[0.173s] Level 1:colcon.colcon_core.package_identification:_identify(workspaces) by extension 'ignore'
[0.173s] Level 1:colcon.colcon_core.package_identification:_identify(workspaces) by extension 'ignore_ament_install'
[0.173s] Level 1:colcon.colcon_core.package_identification:_identify(workspaces) by extensions ['colcon_pkg']
[0.173s] Level 1:colcon.colcon_core.package_identification:_identify(workspaces) by extension 'colcon_pkg'
[0.173s] Level 1:colcon.colcon_core.package_identification:_identify(workspaces) by extensions ['colcon_meta']
[0.173s] Level 1:colcon.colcon_core.package_identification:_identify(workspaces) by extension 'colcon_meta'
[0.173s] Level 1:colcon.colcon_core.package_identification:_identify(workspaces) by extensions ['ros']
[0.173s] Level 1:colcon.colcon_core.package_identification:_identify(workspaces) by extension 'ros'
[0.173s] Level 1:colcon.colcon_core.package_identification:_identify(workspaces) by extensions ['cmake', 'python']
[0.173s] Level 1:colcon.colcon_core.package_identification:_identify(workspaces) by extension 'cmake'
[0.173s] Level 1:colcon.colcon_core.package_identification:_identify(workspaces) by extension 'python'
[0.173s] Level 1:colcon.colcon_core.package_identification:_identify(workspaces) by extensions ['python_setup_py']
[0.173s] Level 1:colcon.colcon_core.package_identification:_identify(workspaces) by extension 'python_setup_py'
[0.173s] Level 1:colcon.colcon_core.package_identification:_identify(workspaces/imu_ws) by extensions ['ignore', 'ignore_ament_install']
[0.173s] Level 1:colcon.colcon_core.package_identification:_identify(workspaces/imu_ws) by extension 'ignore'
[0.173s] Level 1:colcon.colcon_core.package_identification:_identify(workspaces/imu_ws) by extension 'ignore_ament_install'
[0.173s] Level 1:colcon.colcon_core.package_identification:_identify(workspaces/imu_ws) by extensions ['colcon_pkg']
[0.173s] Level 1:colcon.colcon_core.package_identification:_identify(workspaces/imu_ws) by extension 'colcon_pkg'
[0.173s] Level 1:colcon.colcon_core.package_identification:_identify(workspaces/imu_ws) by extensions ['colcon_meta']
[0.173s] Level 1:colcon.colcon_core.package_identification:_identify(workspaces/imu_ws) by extension 'colcon_meta'
[0.173s] Level 1:colcon.colcon_core.package_identification:_identify(workspaces/imu_ws) by extensions ['ros']
[0.173s] Level 1:colcon.colcon_core.package_identification:_identify(workspaces/imu_ws) by extension 'ros'
[0.173s] Level 1:colcon.colcon_core.package_identification:_identify(workspaces/imu_ws) by extensions ['cmake', 'python']
[0.173s] Level 1:colcon.colcon_core.package_identification:_identify(workspaces/imu_ws) by extension 'cmake'
[0.173s] Level 1:colcon.colcon_core.package_identification:_identify(workspaces/imu_ws) by extension 'python'
[0.173s] Level 1:colcon.colcon_core.package_identification:_identify(workspaces/imu_ws) by extensions ['python_setup_py']
[0.173s] Level 1:colcon.colcon_core.package_identification:_identify(workspaces/imu_ws) by extension 'python_setup_py'
[0.173s] Level 1:colcon.colcon_core.package_identification:_identify(workspaces/imu_ws/build) by extensions ['ignore', 'ignore_ament_install']
[0.173s] Level 1:colcon.colcon_core.package_identification:_identify(workspaces/imu_ws/build) by extension 'ignore'
[0.173s] Level 1:colcon.colcon_core.package_identification:_identify(workspaces/imu_ws/build) ignored
[0.173s] Level 1:colcon.colcon_core.package_identification:_identify(workspaces/imu_ws/install) by extensions ['ignore', 'ignore_ament_install']
[0.173s] Level 1:colcon.colcon_core.package_identification:_identify(workspaces/imu_ws/install) by extension 'ignore'
[0.173s] Level 1:colcon.colcon_core.package_identification:_identify(workspaces/imu_ws/install) ignored
[0.173s] Level 1:colcon.colcon_core.package_identification:_identify(workspaces/imu_ws/log) by extensions ['ignore', 'ignore_ament_install']
[0.173s] Level 1:colcon.colcon_core.package_identification:_identify(workspaces/imu_ws/log) by extension 'ignore'
[0.174s] Level 1:colcon.colcon_core.package_identification:_identify(workspaces/imu_ws/log) ignored
[0.174s] Level 1:colcon.colcon_core.package_identification:_identify(workspaces/imu_ws/src) by extensions ['ignore', 'ignore_ament_install']
[0.174s] Level 1:colcon.colcon_core.package_identification:_identify(workspaces/imu_ws/src) by extension 'ignore'
[0.174s] Level 1:colcon.colcon_core.package_identification:_identify(workspaces/imu_ws/src) by extension 'ignore_ament_install'
[0.174s] Level 1:colcon.colcon_core.package_identification:_identify(workspaces/imu_ws/src) by extensions ['colcon_pkg']
[0.174s] Level 1:colcon.colcon_core.package_identification:_identify(workspaces/imu_ws/src) by extension 'colcon_pkg'
[0.174s] Level 1:colcon.colcon_core.package_identification:_identify(workspaces/imu_ws/src) by extensions ['colcon_meta']
[0.174s] Level 1:colcon.colcon_core.package_identification:_identify(workspaces/imu_ws/src) by extension 'colcon_meta'
[0.174s] Level 1:colcon.colcon_core.package_identification:_identify(workspaces/imu_ws/src) by extensions ['ros']
[0.174s] Level 1:colcon.colcon_core.package_identification:_identify(workspaces/imu_ws/src) by extension 'ros'
[0.174s] Level 1:colcon.colcon_core.package_identification:_identify(workspaces/imu_ws/src) by extensions ['cmake', 'python']
[0.174s] Level 1:colcon.colcon_core.package_identification:_identify(workspaces/imu_ws/src) by extension 'cmake'
[0.174s] Level 1:colcon.colcon_core.package_identification:_identify(workspaces/imu_ws/src) by extension 'python'
[0.174s] Level 1:colcon.colcon_core.package_identification:_identify(workspaces/imu_ws/src) by extensions ['python_setup_py']
[0.174s] Level 1:colcon.colcon_core.package_identification:_identify(workspaces/imu_ws/src) by extension 'python_setup_py'
[0.174s] Level 1:colcon.colcon_core.package_identification:_identify(workspaces/imu_ws/src/handsfree_imu_ros2) by extensions ['ignore', 'ignore_ament_install']
[0.174s] Level 1:colcon.colcon_core.package_identification:_identify(workspaces/imu_ws/src/handsfree_imu_ros2) by extension 'ignore'
[0.174s] Level 1:colcon.colcon_core.package_identification:_identify(workspaces/imu_ws/src/handsfree_imu_ros2) by extension 'ignore_ament_install'
[0.174s] Level 1:colcon.colcon_core.package_identification:_identify(workspaces/imu_ws/src/handsfree_imu_ros2) by extensions ['colcon_pkg']
[0.174s] Level 1:colcon.colcon_core.package_identification:_identify(workspaces/imu_ws/src/handsfree_imu_ros2) by extension 'colcon_pkg'
[0.174s] Level 1:colcon.colcon_core.package_identification:_identify(workspaces/imu_ws/src/handsfree_imu_ros2) by extensions ['colcon_meta']
[0.174s] Level 1:colcon.colcon_core.package_identification:_identify(workspaces/imu_ws/src/handsfree_imu_ros2) by extension 'colcon_meta'
[0.174s] Level 1:colcon.colcon_core.package_identification:_identify(workspaces/imu_ws/src/handsfree_imu_ros2) by extensions ['ros']
[0.174s] Level 1:colcon.colcon_core.package_identification:_identify(workspaces/imu_ws/src/handsfree_imu_ros2) by extension 'ros'
[0.176s] DEBUG:colcon.colcon_core.package_identification:Package 'workspaces/imu_ws/src/handsfree_imu_ros2' with type 'ros.ament_python' and name 'handsfree_imu_ros2'
[0.176s] Level 1:colcon.colcon_core.package_identification:_identify(workspaces/imu_ws/src/wildbot_control) by extensions ['ignore', 'ignore_ament_install']
[0.176s] Level 1:colcon.colcon_core.package_identification:_identify(workspaces/imu_ws/src/wildbot_control) by extension 'ignore'
[0.176s] Level 1:colcon.colcon_core.package_identification:_identify(workspaces/imu_ws/src/wildbot_control) by extension 'ignore_ament_install'
[0.176s] Level 1:colcon.colcon_core.package_identification:_identify(workspaces/imu_ws/src/wildbot_control) by extensions ['colcon_pkg']
[0.177s] Level 1:colcon.colcon_core.package_identification:_identify(workspaces/imu_ws/src/wildbot_control) by extension 'colcon_pkg'
[0.177s] Level 1:colcon.colcon_core.package_identification:_identify(workspaces/imu_ws/src/wildbot_control) by extensions ['colcon_meta']
[0.177s] Level 1:colcon.colcon_core.package_identification:_identify(workspaces/imu_ws/src/wildbot_control) by extension 'colcon_meta'
[0.177s] Level 1:colcon.colcon_core.package_identification:_identify(workspaces/imu_ws/src/wildbot_control) by extensions ['ros']
[0.177s] Level 1:colcon.colcon_core.package_identification:_identify(workspaces/imu_ws/src/wildbot_control) by extension 'ros'
[0.177s] DEBUG:colcon.colcon_core.package_identification:Package 'workspaces/imu_ws/src/wildbot_control' with type 'ros.ament_python' and name 'wildbot_control'
[0.177s] Level 1:colcon.colcon_core.package_identification:_identify(workspaces/src) by extensions ['ignore', 'ignore_ament_install']
[0.177s] Level 1:colcon.colcon_core.package_identification:_identify(workspaces/src) by extension 'ignore'
[0.177s] Level 1:colcon.colcon_core.package_identification:_identify(workspaces/src) by extension 'ignore_ament_install'
[0.177s] Level 1:colcon.colcon_core.package_identification:_identify(workspaces/src) by extensions ['colcon_pkg']
[0.177s] Level 1:colcon.colcon_core.package_identification:_identify(workspaces/src) by extension 'colcon_pkg'
[0.177s] Level 1:colcon.colcon_core.package_identification:_identify(workspaces/src) by extensions ['colcon_meta']
[0.177s] Level 1:colcon.colcon_core.package_identification:_identify(workspaces/src) by extension 'colcon_meta'
[0.177s] Level 1:colcon.colcon_core.package_identification:_identify(workspaces/src) by extensions ['ros']
[0.177s] Level 1:colcon.colcon_core.package_identification:_identify(workspaces/src) by extension 'ros'
[0.177s] Level 1:colcon.colcon_core.package_identification:_identify(workspaces/src) by extensions ['cmake', 'python']
[0.177s] Level 1:colcon.colcon_core.package_identification:_identify(workspaces/src) by extension 'cmake'
[0.177s] Level 1:colcon.colcon_core.package_identification:_identify(workspaces/src) by extension 'python'
[0.177s] Level 1:colcon.colcon_core.package_identification:_identify(workspaces/src) by extensions ['python_setup_py']
[0.177s] Level 1:colcon.colcon_core.package_identification:_identify(workspaces/src) by extension 'python_setup_py'
[0.177s] Level 1:colcon.colcon_core.package_identification:_identify(workspaces/src/arm_ik) by extensions ['ignore', 'ignore_ament_install']
[0.177s] Level 1:colcon.colcon_core.package_identification:_identify(workspaces/src/arm_ik) by extension 'ignore'
[0.177s] Level 1:colcon.colcon_core.package_identification:_identify(workspaces/src/arm_ik) by extension 'ignore_ament_install'
[0.177s] Level 1:colcon.colcon_core.package_identification:_identify(workspaces/src/arm_ik) by extensions ['colcon_pkg']
[0.178s] Level 1:colcon.colcon_core.package_identification:_identify(workspaces/src/arm_ik) by extension 'colcon_pkg'
[0.178s] Level 1:colcon.colcon_core.package_identification:_identify(workspaces/src/arm_ik) by extensions ['colcon_meta']
[0.178s] Level 1:colcon.colcon_core.package_identification:_identify(workspaces/src/arm_ik) by extension 'colcon_meta'
[0.178s] Level 1:colcon.colcon_core.package_identification:_identify(workspaces/src/arm_ik) by extensions ['ros']
[0.178s] Level 1:colcon.colcon_core.package_identification:_identify(workspaces/src/arm_ik) by extension 'ros'
[0.178s] DEBUG:colcon.colcon_core.package_identification:Package 'workspaces/src/arm_ik' with type 'ros.ament_python' and name 'arm_ik'
[0.178s] Level 1:colcon.colcon_core.package_identification:_identify(workspaces/src/wildbot_localization) by extensions ['ignore', 'ignore_ament_install']
[0.178s] Level 1:colcon.colcon_core.package_identification:_identify(workspaces/src/wildbot_localization) by extension 'ignore'
[0.178s] Level 1:colcon.colcon_core.package_identification:_identify(workspaces/src/wildbot_localization) by extension 'ignore_ament_install'
[0.178s] Level 1:colcon.colcon_core.package_identification:_identify(workspaces/src/wildbot_localization) by extensions ['colcon_pkg']
[0.178s] Level 1:colcon.colcon_core.package_identification:_identify(workspaces/src/wildbot_localization) by extension 'colcon_pkg'
[0.178s] Level 1:colcon.colcon_core.package_identification:_identify(workspaces/src/wildbot_localization) by extensions ['colcon_meta']
[0.178s] Level 1:colcon.colcon_core.package_identification:_identify(workspaces/src/wildbot_localization) by extension 'colcon_meta'
[0.178s] Level 1:colcon.colcon_core.package_identification:_identify(workspaces/src/wildbot_localization) by extensions ['ros']
[0.178s] Level 1:colcon.colcon_core.package_identification:_identify(workspaces/src/wildbot_localization) by extension 'ros'
[0.179s] DEBUG:colcon.colcon_core.package_identification:Package 'workspaces/src/wildbot_localization' with type 'ros.ament_cmake' and name 'wildbot_localization'
[0.179s] Level 1:colcon.colcon_core.package_identification:_identify(workspaces/src/wildbot_slam) by extensions ['ignore', 'ignore_ament_install']
[0.179s] Level 1:colcon.colcon_core.package_identification:_identify(workspaces/src/wildbot_slam) by extension 'ignore'
[0.179s] Level 1:colcon.colcon_core.package_identification:_identify(workspaces/src/wildbot_slam) by extension 'ignore_ament_install'
[0.179s] Level 1:colcon.colcon_core.package_identification:_identify(workspaces/src/wildbot_slam) by extensions ['colcon_pkg']
[0.179s] Level 1:colcon.colcon_core.package_identification:_identify(workspaces/src/wildbot_slam) by extension 'colcon_pkg'
[0.179s] Level 1:colcon.colcon_core.package_identification:_identify(workspaces/src/wildbot_slam) by extensions ['colcon_meta']
[0.179s] Level 1:colcon.colcon_core.package_identification:_identify(workspaces/src/wildbot_slam) by extension 'colcon_meta'
[0.179s] Level 1:colcon.colcon_core.package_identification:_identify(workspaces/src/wildbot_slam) by extensions ['ros']
[0.179s] Level 1:colcon.colcon_core.package_identification:_identify(workspaces/src/wildbot_slam) by extension 'ros'
[0.179s] DEBUG:colcon.colcon_core.package_identification:Package 'workspaces/src/wildbot_slam' with type 'ros.ament_cmake' and name 'wildbot_slam'
[0.179s] Level 1:colcon.colcon_core.package_identification:_identify(workspaces/src/ydlidar_ros2_driver) by extensions ['ignore', 'ignore_ament_install']
[0.179s] Level 1:colcon.colcon_core.package_identification:_identify(workspaces/src/ydlidar_ros2_driver) by extension 'ignore'
[0.179s] Level 1:colcon.colcon_core.package_identification:_identify(workspaces/src/ydlidar_ros2_driver) by extension 'ignore_ament_install'
[0.179s] Level 1:colcon.colcon_core.package_identification:_identify(workspaces/src/ydlidar_ros2_driver) by extensions ['colcon_pkg']
[0.179s] Level 1:colcon.colcon_core.package_identification:_identify(workspaces/src/ydlidar_ros2_driver) by extension 'colcon_pkg'
[0.179s] Level 1:colcon.colcon_core.package_identification:_identify(workspaces/src/ydlidar_ros2_driver) by extensions ['colcon_meta']
[0.179s] Level 1:colcon.colcon_core.package_identification:_identify(workspaces/src/ydlidar_ros2_driver) by extension 'colcon_meta'
[0.179s] Level 1:colcon.colcon_core.package_identification:_identify(workspaces/src/ydlidar_ros2_driver) by extensions ['ros']
[0.179s] Level 1:colcon.colcon_core.package_identification:_identify(workspaces/src/ydlidar_ros2_driver) by extension 'ros'
[0.180s] DEBUG:colcon.colcon_core.package_identification:Package 'workspaces/src/ydlidar_ros2_driver' with type 'ros.ament_cmake' and name 'ydlidar_ros2_driver'
[0.180s] Level 1:colcon.colcon_core.package_identification:_identify(workspaces/src/yolo_ros-main) by extensions ['ignore', 'ignore_ament_install']
[0.180s] Level 1:colcon.colcon_core.package_identification:_identify(workspaces/src/yolo_ros-main) by extension 'ignore'
[0.180s] Level 1:colcon.colcon_core.package_identification:_identify(workspaces/src/yolo_ros-main) by extension 'ignore_ament_install'
[0.180s] Level 1:colcon.colcon_core.package_identification:_identify(workspaces/src/yolo_ros-main) by extensions ['colcon_pkg']
[0.180s] Level 1:colcon.colcon_core.package_identification:_identify(workspaces/src/yolo_ros-main) by extension 'colcon_pkg'
[0.180s] Level 1:colcon.colcon_core.package_identification:_identify(workspaces/src/yolo_ros-main) by extensions ['colcon_meta']
[0.180s] Level 1:colcon.colcon_core.package_identification:_identify(workspaces/src/yolo_ros-main) by extension 'colcon_meta'
[0.180s] Level 1:colcon.colcon_core.package_identification:_identify(workspaces/src/yolo_ros-main) by extensions ['ros']
[0.180s] Level 1:colcon.colcon_core.package_identification:_identify(workspaces/src/yolo_ros-main) by extension 'ros'
[0.180s] Level 1:colcon.colcon_core.package_identification:_identify(workspaces/src/yolo_ros-main) by extensions ['cmake', 'python']
[0.180s] Level 1:colcon.colcon_core.package_identification:_identify(workspaces/src/yolo_ros-main) by extension 'cmake'
[0.180s] Level 1:colcon.colcon_core.package_identification:_identify(workspaces/src/yolo_ros-main) by extension 'python'
[0.180s] Level 1:colcon.colcon_core.package_identification:_identify(workspaces/src/yolo_ros-main) by extensions ['python_setup_py']
[0.180s] Level 1:colcon.colcon_core.package_identification:_identify(workspaces/src/yolo_ros-main) by extension 'python_setup_py'
[0.180s] Level 1:colcon.colcon_core.package_identification:_identify(workspaces/src/yolo_ros-main/docs) by extensions ['ignore', 'ignore_ament_install']
[0.180s] Level 1:colcon.colcon_core.package_identification:_identify(workspaces/src/yolo_ros-main/docs) by extension 'ignore'
[0.180s] Level 1:colcon.colcon_core.package_identification:_identify(workspaces/src/yolo_ros-main/docs) by extension 'ignore_ament_install'
[0.180s] Level 1:colcon.colcon_core.package_identification:_identify(workspaces/src/yolo_ros-main/docs) by extensions ['colcon_pkg']
[0.180s] Level 1:colcon.colcon_core.package_identification:_identify(workspaces/src/yolo_ros-main/docs) by extension 'colcon_pkg'
[0.180s] Level 1:colcon.colcon_core.package_identification:_identify(workspaces/src/yolo_ros-main/docs) by extensions ['colcon_meta']
[0.180s] Level 1:colcon.colcon_core.package_identification:_identify(workspaces/src/yolo_ros-main/docs) by extension 'colcon_meta'
[0.180s] Level 1:colcon.colcon_core.package_identification:_identify(workspaces/src/yolo_ros-main/docs) by extensions ['ros']
[0.180s] Level 1:colcon.colcon_core.package_identification:_identify(workspaces/src/yolo_ros-main/docs) by extension 'ros'
[0.180s] Level 1:colcon.colcon_core.package_identification:_identify(workspaces/src/yolo_ros-main/docs) by extensions ['cmake', 'python']
[0.180s] Level 1:colcon.colcon_core.package_identification:_identify(workspaces/src/yolo_ros-main/docs) by extension 'cmake'
[0.180s] Level 1:colcon.colcon_core.package_identification:_identify(workspaces/src/yolo_ros-main/docs) by extension 'python'
[0.180s] Level 1:colcon.colcon_core.package_identification:_identify(workspaces/src/yolo_ros-main/docs) by extensions ['python_setup_py']
[0.180s] Level 1:colcon.colcon_core.package_identification:_identify(workspaces/src/yolo_ros-main/docs) by extension 'python_setup_py'
[0.180s] Level 1:colcon.colcon_core.package_identification:_identify(workspaces/src/yolo_ros-main/model) by extensions ['ignore', 'ignore_ament_install']
[0.180s] Level 1:colcon.colcon_core.package_identification:_identify(workspaces/src/yolo_ros-main/model) by extension 'ignore'
[0.180s] Level 1:colcon.colcon_core.package_identification:_identify(workspaces/src/yolo_ros-main/model) by extension 'ignore_ament_install'
[0.180s] Level 1:colcon.colcon_core.package_identification:_identify(workspaces/src/yolo_ros-main/model) by extensions ['colcon_pkg']
[0.180s] Level 1:colcon.colcon_core.package_identification:_identify(workspaces/src/yolo_ros-main/model) by extension 'colcon_pkg'
[0.180s] Level 1:colcon.colcon_core.package_identification:_identify(workspaces/src/yolo_ros-main/model) by extensions ['colcon_meta']
[0.180s] Level 1:colcon.colcon_core.package_identification:_identify(workspaces/src/yolo_ros-main/model) by extension 'colcon_meta'
[0.180s] Level 1:colcon.colcon_core.package_identification:_identify(workspaces/src/yolo_ros-main/model) by extensions ['ros']
[0.180s] Level 1:colcon.colcon_core.package_identification:_identify(workspaces/src/yolo_ros-main/model) by extension 'ros'
[0.180s] Level 1:colcon.colcon_core.package_identification:_identify(workspaces/src/yolo_ros-main/model) by extensions ['cmake', 'python']
[0.180s] Level 1:colcon.colcon_core.package_identification:_identify(workspaces/src/yolo_ros-main/model) by extension 'cmake'
[0.181s] Level 1:colcon.colcon_core.package_identification:_identify(workspaces/src/yolo_ros-main/model) by extension 'python'
[0.181s] Level 1:colcon.colcon_core.package_identification:_identify(workspaces/src/yolo_ros-main/model) by extensions ['python_setup_py']
[0.181s] Level 1:colcon.colcon_core.package_identification:_identify(workspaces/src/yolo_ros-main/model) by extension 'python_setup_py'
[0.181s] Level 1:colcon.colcon_core.package_identification:_identify(workspaces/src/yolo_ros-main/yolo_bringup) by extensions ['ignore', 'ignore_ament_install']
[0.181s] Level 1:colcon.colcon_core.package_identification:_identify(workspaces/src/yolo_ros-main/yolo_bringup) by extension 'ignore'
[0.181s] Level 1:colcon.colcon_core.package_identification:_identify(workspaces/src/yolo_ros-main/yolo_bringup) by extension 'ignore_ament_install'
[0.181s] Level 1:colcon.colcon_core.package_identification:_identify(workspaces/src/yolo_ros-main/yolo_bringup) by extensions ['colcon_pkg']
[0.181s] Level 1:colcon.colcon_core.package_identification:_identify(workspaces/src/yolo_ros-main/yolo_bringup) by extension 'colcon_pkg'
[0.181s] Level 1:colcon.colcon_core.package_identification:_identify(workspaces/src/yolo_ros-main/yolo_bringup) by extensions ['colcon_meta']
[0.181s] Level 1:colcon.colcon_core.package_identification:_identify(workspaces/src/yolo_ros-main/yolo_bringup) by extension 'colcon_meta'
[0.181s] Level 1:colcon.colcon_core.package_identification:_identify(workspaces/src/yolo_ros-main/yolo_bringup) by extensions ['ros']
[0.181s] Level 1:colcon.colcon_core.package_identification:_identify(workspaces/src/yolo_ros-main/yolo_bringup) by extension 'ros'
[0.181s] DEBUG:colcon.colcon_core.package_identification:Package 'workspaces/src/yolo_ros-main/yolo_bringup' with type 'ros.ament_cmake' and name 'yolo_bringup'
[0.181s] Level 1:colcon.colcon_core.package_identification:_identify(workspaces/src/yolo_ros-main/yolo_msgs) by extensions ['ignore', 'ignore_ament_install']
[0.181s] Level 1:colcon.colcon_core.package_identification:_identify(workspaces/src/yolo_ros-main/yolo_msgs) by extension 'ignore'
[0.181s] Level 1:colcon.colcon_core.package_identification:_identify(workspaces/src/yolo_ros-main/yolo_msgs) by extension 'ignore_ament_install'
[0.181s] Level 1:colcon.colcon_core.package_identification:_identify(workspaces/src/yolo_ros-main/yolo_msgs) by extensions ['colcon_pkg']
[0.181s] Level 1:colcon.colcon_core.package_identification:_identify(workspaces/src/yolo_ros-main/yolo_msgs) by extension 'colcon_pkg'
[0.181s] Level 1:colcon.colcon_core.package_identification:_identify(workspaces/src/yolo_ros-main/yolo_msgs) by extensions ['colcon_meta']
[0.181s] Level 1:colcon.colcon_core.package_identification:_identify(workspaces/src/yolo_ros-main/yolo_msgs) by extension 'colcon_meta'
[0.181s] Level 1:colcon.colcon_core.package_identification:_identify(workspaces/src/yolo_ros-main/yolo_msgs) by extensions ['ros']
[0.181s] Level 1:colcon.colcon_core.package_identification:_identify(workspaces/src/yolo_ros-main/yolo_msgs) by extension 'ros'
[0.182s] DEBUG:colcon.colcon_core.package_identification:Package 'workspaces/src/yolo_ros-main/yolo_msgs' with type 'ros.ament_cmake' and name 'yolo_msgs'
[0.182s] Level 1:colcon.colcon_core.package_identification:_identify(workspaces/src/yolo_ros-main/yolo_ros) by extensions ['ignore', 'ignore_ament_install']
[0.182s] Level 1:colcon.colcon_core.package_identification:_identify(workspaces/src/yolo_ros-main/yolo_ros) by extension 'ignore'
[0.182s] Level 1:colcon.colcon_core.package_identification:_identify(workspaces/src/yolo_ros-main/yolo_ros) by extension 'ignore_ament_install'
[0.182s] Level 1:colcon.colcon_core.package_identification:_identify(workspaces/src/yolo_ros-main/yolo_ros) by extensions ['colcon_pkg']
[0.182s] Level 1:colcon.colcon_core.package_identification:_identify(workspaces/src/yolo_ros-main/yolo_ros) by extension 'colcon_pkg'
[0.182s] Level 1:colcon.colcon_core.package_identification:_identify(workspaces/src/yolo_ros-main/yolo_ros) by extensions ['colcon_meta']
[0.182s] Level 1:colcon.colcon_core.package_identification:_identify(workspaces/src/yolo_ros-main/yolo_ros) by extension 'colcon_meta'
[0.182s] Level 1:colcon.colcon_core.package_identification:_identify(workspaces/src/yolo_ros-main/yolo_ros) by extensions ['ros']
[0.182s] Level 1:colcon.colcon_core.package_identification:_identify(workspaces/src/yolo_ros-main/yolo_ros) by extension 'ros'
[0.182s] DEBUG:colcon.colcon_core.package_identification:Package 'workspaces/src/yolo_ros-main/yolo_ros' with type 'ros.ament_python' and name 'yolo_ros'
[0.182s] Level 1:colcon.colcon_core.package_discovery:discover_packages(recursive) using defaults
[0.182s] Level 1:colcon.colcon_core.package_discovery:discover_packages(ignore) discover
[0.182s] Level 1:colcon.colcon_core.package_discovery:discover_packages(ignore) using defaults
[0.182s] Level 1:colcon.colcon_core.package_discovery:discover_packages(path) discover
[0.182s] Level 1:colcon.colcon_core.package_discovery:discover_packages(path) using defaults
[0.196s] Level 5:colcon.colcon_core.verb:set package 'arm_ik' build argument 'cmake_args' from command line to 'None'
[0.196s] Level 5:colcon.colcon_core.verb:set package 'arm_ik' build argument 'cmake_target' from command line to 'None'
[0.197s] Level 5:colcon.colcon_core.verb:set package 'arm_ik' build argument 'cmake_target_skip_unavailable' from command line to 'False'
[0.197s] Level 5:colcon.colcon_core.verb:set package 'arm_ik' build argument 'cmake_clean_cache' from command line to 'False'
[0.197s] Level 5:colcon.colcon_core.verb:set package 'arm_ik' build argument 'cmake_clean_first' from command line to 'False'
[0.197s] Level 5:colcon.colcon_core.verb:set package 'arm_ik' build argument 'cmake_force_configure' from command line to 'False'
[0.197s] Level 5:colcon.colcon_core.verb:set package 'arm_ik' build argument 'ament_cmake_args' from command line to 'None'
[0.197s] Level 5:colcon.colcon_core.verb:set package 'arm_ik' build argument 'catkin_cmake_args' from command line to 'None'
[0.197s] Level 5:colcon.colcon_core.verb:set package 'arm_ik' build argument 'catkin_skip_building_tests' from command line to 'False'
[0.197s] DEBUG:colcon.colcon_core.verb:Building package 'arm_ik' with the following arguments: {'ament_cmake_args': None, 'build_base': '/workspaces/build/arm_ik', 'catkin_cmake_args': None, 'catkin_skip_building_tests': False, 'cmake_args': None, 'cmake_clean_cache': False, 'cmake_clean_first': False, 'cmake_force_configure': False, 'cmake_target': None, 'cmake_target_skip_unavailable': False, 'install_base': '/workspaces/install/arm_ik', 'merge_install': False, 'path': '/workspaces/workspaces/src/arm_ik', 'symlink_install': False, 'test_result_base': None}
[0.197s] Level 5:colcon.colcon_core.verb:set package 'handsfree_imu_ros2' build argument 'cmake_args' from command line to 'None'
[0.197s] Level 5:colcon.colcon_core.verb:set package 'handsfree_imu_ros2' build argument 'cmake_target' from command line to 'None'
[0.197s] Level 5:colcon.colcon_core.verb:set package 'handsfree_imu_ros2' build argument 'cmake_target_skip_unavailable' from command line to 'False'
[0.197s] Level 5:colcon.colcon_core.verb:set package 'handsfree_imu_ros2' build argument 'cmake_clean_cache' from command line to 'False'
[0.197s] Level 5:colcon.colcon_core.verb:set package 'handsfree_imu_ros2' build argument 'cmake_clean_first' from command line to 'False'
[0.197s] Level 5:colcon.colcon_core.verb:set package 'handsfree_imu_ros2' build argument 'cmake_force_configure' from command line to 'False'
[0.197s] Level 5:colcon.colcon_core.verb:set package 'handsfree_imu_ros2' build argument 'ament_cmake_args' from command line to 'None'
[0.197s] Level 5:colcon.colcon_core.verb:set package 'handsfree_imu_ros2' build argument 'catkin_cmake_args' from command line to 'None'
[0.197s] Level 5:colcon.colcon_core.verb:set package 'handsfree_imu_ros2' build argument 'catkin_skip_building_tests' from command line to 'False'
[0.197s] DEBUG:colcon.colcon_core.verb:Building package 'handsfree_imu_ros2' with the following arguments: {'ament_cmake_args': None, 'build_base': '/workspaces/build/handsfree_imu_ros2', 'catkin_cmake_args': None, 'catkin_skip_building_tests': False, 'cmake_args': None, 'cmake_clean_cache': False, 'cmake_clean_first': False, 'cmake_force_configure': False, 'cmake_target': None, 'cmake_target_skip_unavailable': False, 'install_base': '/workspaces/install/handsfree_imu_ros2', 'merge_install': False, 'path': '/workspaces/workspaces/imu_ws/src/handsfree_imu_ros2', 'symlink_install': False, 'test_result_base': None}
[0.197s] Level 5:colcon.colcon_core.verb:set package 'wildbot_control' build argument 'cmake_args' from command line to 'None'
[0.197s] Level 5:colcon.colcon_core.verb:set package 'wildbot_control' build argument 'cmake_target' from command line to 'None'
[0.197s] Level 5:colcon.colcon_core.verb:set package 'wildbot_control' build argument 'cmake_target_skip_unavailable' from command line to 'False'
[0.197s] Level 5:colcon.colcon_core.verb:set package 'wildbot_control' build argument 'cmake_clean_cache' from command line to 'False'
[0.197s] Level 5:colcon.colcon_core.verb:set package 'wildbot_control' build argument 'cmake_clean_first' from command line to 'False'
[0.197s] Level 5:colcon.colcon_core.verb:set package 'wildbot_control' build argument 'cmake_force_configure' from command line to 'False'
[0.197s] Level 5:colcon.colcon_core.verb:set package 'wildbot_control' build argument 'ament_cmake_args' from command line to 'None'
[0.197s] Level 5:colcon.colcon_core.verb:set package 'wildbot_control' build argument 'catkin_cmake_args' from command line to 'None'
[0.197s] Level 5:colcon.colcon_core.verb:set package 'wildbot_control' build argument 'catkin_skip_building_tests' from command line to 'False'
[0.197s] DEBUG:colcon.colcon_core.verb:Building package 'wildbot_control' with the following arguments: {'ament_cmake_args': None, 'build_base': '/workspaces/build/wildbot_control', 'catkin_cmake_args': None, 'catkin_skip_building_tests': False, 'cmake_args': None, 'cmake_clean_cache': False, 'cmake_clean_first': False, 'cmake_force_configure': False, 'cmake_target': None, 'cmake_target_skip_unavailable': False, 'install_base': '/workspaces/install/wildbot_control', 'merge_install': False, 'path': '/workspaces/workspaces/imu_ws/src/wildbot_control', 'symlink_install': False, 'test_result_base': None}
[0.197s] Level 5:colcon.colcon_core.verb:set package 'wildbot_localization' build argument 'cmake_args' from command line to 'None'
[0.197s] Level 5:colcon.colcon_core.verb:set package 'wildbot_localization' build argument 'cmake_target' from command line to 'None'
[0.197s] Level 5:colcon.colcon_core.verb:set package 'wildbot_localization' build argument 'cmake_target_skip_unavailable' from command line to 'False'
[0.197s] Level 5:colcon.colcon_core.verb:set package 'wildbot_localization' build argument 'cmake_clean_cache' from command line to 'False'
[0.197s] Level 5:colcon.colcon_core.verb:set package 'wildbot_localization' build argument 'cmake_clean_first' from command line to 'False'
[0.197s] Level 5:colcon.colcon_core.verb:set package 'wildbot_localization' build argument 'cmake_force_configure' from command line to 'False'
[0.197s] Level 5:colcon.colcon_core.verb:set package 'wildbot_localization' build argument 'ament_cmake_args' from command line to 'None'
[0.197s] Level 5:colcon.colcon_core.verb:set package 'wildbot_localization' build argument 'catkin_cmake_args' from command line to 'None'
[0.197s] Level 5:colcon.colcon_core.verb:set package 'wildbot_localization' build argument 'catkin_skip_building_tests' from command line to 'False'
[0.197s] DEBUG:colcon.colcon_core.verb:Building package 'wildbot_localization' with the following arguments: {'ament_cmake_args': None, 'build_base': '/workspaces/build/wildbot_localization', 'catkin_cmake_args': None, 'catkin_skip_building_tests': False, 'cmake_args': None, 'cmake_clean_cache': False, 'cmake_clean_first': False, 'cmake_force_configure': False, 'cmake_target': None, 'cmake_target_skip_unavailable': False, 'install_base': '/workspaces/install/wildbot_localization', 'merge_install': False, 'path': '/workspaces/workspaces/src/wildbot_localization', 'symlink_install': False, 'test_result_base': None}
[0.197s] Level 5:colcon.colcon_core.verb:set package 'wildbot_slam' build argument 'cmake_args' from command line to 'None'
[0.198s] Level 5:colcon.colcon_core.verb:set package 'wildbot_slam' build argument 'cmake_target' from command line to 'None'
[0.198s] Level 5:colcon.colcon_core.verb:set package 'wildbot_slam' build argument 'cmake_target_skip_unavailable' from command line to 'False'
[0.198s] Level 5:colcon.colcon_core.verb:set package 'wildbot_slam' build argument 'cmake_clean_cache' from command line to 'False'
[0.198s] Level 5:colcon.colcon_core.verb:set package 'wildbot_slam' build argument 'cmake_clean_first' from command line to 'False'
[0.198s] Level 5:colcon.colcon_core.verb:set package 'wildbot_slam' build argument 'cmake_force_configure' from command line to 'False'
[0.198s] Level 5:colcon.colcon_core.verb:set package 'wildbot_slam' build argument 'ament_cmake_args' from command line to 'None'
[0.198s] Level 5:colcon.colcon_core.verb:set package 'wildbot_slam' build argument 'catkin_cmake_args' from command line to 'None'
[0.198s] Level 5:colcon.colcon_core.verb:set package 'wildbot_slam' build argument 'catkin_skip_building_tests' from command line to 'False'
[0.198s] DEBUG:colcon.colcon_core.verb:Building package 'wildbot_slam' with the following arguments: {'ament_cmake_args': None, 'build_base': '/workspaces/build/wildbot_slam', 'catkin_cmake_args': None, 'catkin_skip_building_tests': False, 'cmake_args': None, 'cmake_clean_cache': False, 'cmake_clean_first': False, 'cmake_force_configure': False, 'cmake_target': None, 'cmake_target_skip_unavailable': False, 'install_base': '/workspaces/install/wildbot_slam', 'merge_install': False, 'path': '/workspaces/workspaces/src/wildbot_slam', 'symlink_install': False, 'test_result_base': None}
[0.198s] Level 5:colcon.colcon_core.verb:set package 'ydlidar_ros2_driver' build argument 'cmake_args' from command line to 'None'
[0.198s] Level 5:colcon.colcon_core.verb:set package 'ydlidar_ros2_driver' build argument 'cmake_target' from command line to 'None'
[0.198s] Level 5:colcon.colcon_core.verb:set package 'ydlidar_ros2_driver' build argument 'cmake_target_skip_unavailable' from command line to 'False'
[0.198s] Level 5:colcon.colcon_core.verb:set package 'ydlidar_ros2_driver' build argument 'cmake_clean_cache' from command line to 'False'
[0.198s] Level 5:colcon.colcon_core.verb:set package 'ydlidar_ros2_driver' build argument 'cmake_clean_first' from command line to 'False'
[0.198s] Level 5:colcon.colcon_core.verb:set package 'ydlidar_ros2_driver' build argument 'cmake_force_configure' from command line to 'False'
[0.198s] Level 5:colcon.colcon_core.verb:set package 'ydlidar_ros2_driver' build argument 'ament_cmake_args' from command line to 'None'
[0.198s] Level 5:colcon.colcon_core.verb:set package 'ydlidar_ros2_driver' build argument 'catkin_cmake_args' from command line to 'None'
[0.198s] Level 5:colcon.colcon_core.verb:set package 'ydlidar_ros2_driver' build argument 'catkin_skip_building_tests' from command line to 'False'
[0.198s] DEBUG:colcon.colcon_core.verb:Building package 'ydlidar_ros2_driver' with the following arguments: {'ament_cmake_args': None, 'build_base': '/workspaces/build/ydlidar_ros2_driver', 'catkin_cmake_args': None, 'catkin_skip_building_tests': False, 'cmake_args': None, 'cmake_clean_cache': False, 'cmake_clean_first': False, 'cmake_force_configure': False, 'cmake_target': None, 'cmake_target_skip_unavailable': False, 'install_base': '/workspaces/install/ydlidar_ros2_driver', 'merge_install': False, 'path': '/workspaces/workspaces/src/ydlidar_ros2_driver', 'symlink_install': False, 'test_result_base': None}
[0.198s] Level 5:colcon.colcon_core.verb:set package 'yolo_msgs' build argument 'cmake_args' from command line to 'None'
[0.198s] Level 5:colcon.colcon_core.verb:set package 'yolo_msgs' build argument 'cmake_target' from command line to 'None'
[0.198s] Level 5:colcon.colcon_core.verb:set package 'yolo_msgs' build argument 'cmake_target_skip_unavailable' from command line to 'False'
[0.198s] Level 5:colcon.colcon_core.verb:set package 'yolo_msgs' build argument 'cmake_clean_cache' from command line to 'False'
[0.198s] Level 5:colcon.colcon_core.verb:set package 'yolo_msgs' build argument 'cmake_clean_first' from command line to 'False'
[0.198s] Level 5:colcon.colcon_core.verb:set package 'yolo_msgs' build argument 'cmake_force_configure' from command line to 'False'
[0.198s] Level 5:colcon.colcon_core.verb:set package 'yolo_msgs' build argument 'ament_cmake_args' from command line to 'None'
[0.198s] Level 5:colcon.colcon_core.verb:set package 'yolo_msgs' build argument 'catkin_cmake_args' from command line to 'None'
[0.198s] Level 5:colcon.colcon_core.verb:set package 'yolo_msgs' build argument 'catkin_skip_building_tests' from command line to 'False'
[0.198s] DEBUG:colcon.colcon_core.verb:Building package 'yolo_msgs' with the following arguments: {'ament_cmake_args': None, 'build_base': '/workspaces/build/yolo_msgs', 'catkin_cmake_args': None, 'catkin_skip_building_tests': False, 'cmake_args': None, 'cmake_clean_cache': False, 'cmake_clean_first': False, 'cmake_force_configure': False, 'cmake_target': None, 'cmake_target_skip_unavailable': False, 'install_base': '/workspaces/install/yolo_msgs', 'merge_install': False, 'path': '/workspaces/workspaces/src/yolo_ros-main/yolo_msgs', 'symlink_install': False, 'test_result_base': None}
[0.198s] Level 5:colcon.colcon_core.verb:set package 'yolo_ros' build argument 'cmake_args' from command line to 'None'
[0.198s] Level 5:colcon.colcon_core.verb:set package 'yolo_ros' build argument 'cmake_target' from command line to 'None'
[0.198s] Level 5:colcon.colcon_core.verb:set package 'yolo_ros' build argument 'cmake_target_skip_unavailable' from command line to 'False'
[0.198s] Level 5:colcon.colcon_core.verb:set package 'yolo_ros' build argument 'cmake_clean_cache' from command line to 'False'
[0.198s] Level 5:colcon.colcon_core.verb:set package 'yolo_ros' build argument 'cmake_clean_first' from command line to 'False'
[0.198s] Level 5:colcon.colcon_core.verb:set package 'yolo_ros' build argument 'cmake_force_configure' from command line to 'False'
[0.198s] Level 5:colcon.colcon_core.verb:set package 'yolo_ros' build argument 'ament_cmake_args' from command line to 'None'
[0.198s] Level 5:colcon.colcon_core.verb:set package 'yolo_ros' build argument 'catkin_cmake_args' from command line to 'None'
[0.198s] Level 5:colcon.colcon_core.verb:set package 'yolo_ros' build argument 'catkin_skip_building_tests' from command line to 'False'
[0.198s] DEBUG:colcon.colcon_core.verb:Building package 'yolo_ros' with the following arguments: {'ament_cmake_args': None, 'build_base': '/workspaces/build/yolo_ros', 'catkin_cmake_args': None, 'catkin_skip_building_tests': False, 'cmake_args': None, 'cmake_clean_cache': False, 'cmake_clean_first': False, 'cmake_force_configure': False, 'cmake_target': None, 'cmake_target_skip_unavailable': False, 'install_base': '/workspaces/install/yolo_ros', 'merge_install': False, 'path': '/workspaces/workspaces/src/yolo_ros-main/yolo_ros', 'symlink_install': False, 'test_result_base': None}
[0.198s] Level 5:colcon.colcon_core.verb:set package 'yolo_bringup' build argument 'cmake_args' from command line to 'None'
[0.198s] Level 5:colcon.colcon_core.verb:set package 'yolo_bringup' build argument 'cmake_target' from command line to 'None'
[0.198s] Level 5:colcon.colcon_core.verb:set package 'yolo_bringup' build argument 'cmake_target_skip_unavailable' from command line to 'False'
[0.198s] Level 5:colcon.colcon_core.verb:set package 'yolo_bringup' build argument 'cmake_clean_cache' from command line to 'False'
[0.198s] Level 5:colcon.colcon_core.verb:set package 'yolo_bringup' build argument 'cmake_clean_first' from command line to 'False'
[0.198s] Level 5:colcon.colcon_core.verb:set package 'yolo_bringup' build argument 'cmake_force_configure' from command line to 'False'
[0.198s] Level 5:colcon.colcon_core.verb:set package 'yolo_bringup' build argument 'ament_cmake_args' from command line to 'None'
[0.198s] Level 5:colcon.colcon_core.verb:set package 'yolo_bringup' build argument 'catkin_cmake_args' from command line to 'None'
[0.198s] Level 5:colcon.colcon_core.verb:set package 'yolo_bringup' build argument 'catkin_skip_building_tests' from command line to 'False'
[0.199s] DEBUG:colcon.colcon_core.verb:Building package 'yolo_bringup' with the following arguments: {'ament_cmake_args': None, 'build_base': '/workspaces/build/yolo_bringup', 'catkin_cmake_args': None, 'catkin_skip_building_tests': False, 'cmake_args': None, 'cmake_clean_cache': False, 'cmake_clean_first': False, 'cmake_force_configure': False, 'cmake_target': None, 'cmake_target_skip_unavailable': False, 'install_base': '/workspaces/install/yolo_bringup', 'merge_install': False, 'path': '/workspaces/workspaces/src/yolo_ros-main/yolo_bringup', 'symlink_install': False, 'test_result_base': None}
[0.199s] INFO:colcon.colcon_core.executor:Executing jobs using 'parallel' executor
[0.199s] DEBUG:colcon.colcon_parallel_executor.executor.parallel:run_until_complete
[0.200s] INFO:colcon.colcon_ros.task.ament_cmake.build:Building ROS package in '/workspaces/workspaces/src/yolo_ros-main/yolo_msgs' with build type 'ament_cmake'
[0.200s] INFO:colcon.colcon_cmake.task.cmake.build:Building CMake package in '/workspaces/workspaces/src/yolo_ros-main/yolo_msgs'
[0.202s] INFO:colcon.colcon_core.plugin_system:Skipping extension 'colcon_core.shell.bat': Not used on non-Windows systems
[0.202s] INFO:colcon.colcon_core.shell:Skip shell extension 'powershell' for command environment: Not usable outside of PowerShell
[0.202s] DEBUG:colcon.colcon_core.shell:Skip shell extension 'dsv' for command environment
[0.206s] INFO:colcon.colcon_ros.task.ament_python.build:Building ROS package in '/workspaces/workspaces/src/arm_ik' with build type 'ament_python'
[0.206s] Level 1:colcon.colcon_core.shell:create_environment_hook('arm_ik', 'ament_prefix_path')
[0.206s] INFO:colcon.colcon_core.shell:Creating environment hook '/workspaces/install/arm_ik/share/arm_ik/hook/ament_prefix_path.ps1'
[0.206s] INFO:colcon.colcon_core.shell:Creating environment descriptor '/workspaces/install/arm_ik/share/arm_ik/hook/ament_prefix_path.dsv'
[0.207s] INFO:colcon.colcon_core.shell:Creating environment hook '/workspaces/install/arm_ik/share/arm_ik/hook/ament_prefix_path.sh'
[0.207s] INFO:colcon.colcon_core.shell:Skip shell extension 'powershell' for command environment: Not usable outside of PowerShell
[0.207s] DEBUG:colcon.colcon_core.shell:Skip shell extension 'dsv' for command environment
[0.210s] INFO:colcon.colcon_ros.task.ament_python.build:Building ROS package in '/workspaces/workspaces/imu_ws/src/handsfree_imu_ros2' with build type 'ament_python'
[0.210s] Level 1:colcon.colcon_core.shell:create_environment_hook('handsfree_imu_ros2', 'ament_prefix_path')
[0.210s] INFO:colcon.colcon_core.shell:Creating environment hook '/workspaces/install/handsfree_imu_ros2/share/handsfree_imu_ros2/hook/ament_prefix_path.ps1'
[0.210s] INFO:colcon.colcon_core.shell:Creating environment descriptor '/workspaces/install/handsfree_imu_ros2/share/handsfree_imu_ros2/hook/ament_prefix_path.dsv'
[0.211s] INFO:colcon.colcon_core.shell:Creating environment hook '/workspaces/install/handsfree_imu_ros2/share/handsfree_imu_ros2/hook/ament_prefix_path.sh'
[0.211s] INFO:colcon.colcon_core.shell:Skip shell extension 'powershell' for command environment: Not usable outside of PowerShell
[0.211s] DEBUG:colcon.colcon_core.shell:Skip shell extension 'dsv' for command environment
[0.215s] INFO:colcon.colcon_ros.task.ament_python.build:Building ROS package in '/workspaces/workspaces/imu_ws/src/wildbot_control' with build type 'ament_python'
[0.215s] Level 1:colcon.colcon_core.shell:create_environment_hook('wildbot_control', 'ament_prefix_path')
[0.215s] INFO:colcon.colcon_core.shell:Creating environment hook '/workspaces/install/wildbot_control/share/wildbot_control/hook/ament_prefix_path.ps1'
[0.215s] INFO:colcon.colcon_core.shell:Creating environment descriptor '/workspaces/install/wildbot_control/share/wildbot_control/hook/ament_prefix_path.dsv'
[0.215s] INFO:colcon.colcon_core.shell:Creating environment hook '/workspaces/install/wildbot_control/share/wildbot_control/hook/ament_prefix_path.sh'
[0.216s] INFO:colcon.colcon_core.shell:Skip shell extension 'powershell' for command environment: Not usable outside of PowerShell
[0.216s] DEBUG:colcon.colcon_core.shell:Skip shell extension 'dsv' for command environment
[0.218s] INFO:colcon.colcon_ros.task.ament_cmake.build:Building ROS package in '/workspaces/workspaces/src/wildbot_localization' with build type 'ament_cmake'
[0.218s] INFO:colcon.colcon_cmake.task.cmake.build:Building CMake package in '/workspaces/workspaces/src/wildbot_localization'
[0.218s] INFO:colcon.colcon_core.shell:Skip shell extension 'powershell' for command environment: Not usable outside of PowerShell
[0.218s] DEBUG:colcon.colcon_core.shell:Skip shell extension 'dsv' for command environment
[0.221s] INFO:colcon.colcon_ros.task.ament_cmake.build:Building ROS package in '/workspaces/workspaces/src/wildbot_slam' with build type 'ament_cmake'
[0.221s] INFO:colcon.colcon_cmake.task.cmake.build:Building CMake package in '/workspaces/workspaces/src/wildbot_slam'
[0.221s] INFO:colcon.colcon_core.shell:Skip shell extension 'powershell' for command environment: Not usable outside of PowerShell
[0.221s] DEBUG:colcon.colcon_core.shell:Skip shell extension 'dsv' for command environment
[0.224s] INFO:colcon.colcon_ros.task.ament_cmake.build:Building ROS package in '/workspaces/workspaces/src/ydlidar_ros2_driver' with build type 'ament_cmake'
[0.224s] INFO:colcon.colcon_cmake.task.cmake.build:Building CMake package in '/workspaces/workspaces/src/ydlidar_ros2_driver'
[0.224s] INFO:colcon.colcon_core.shell:Skip shell extension 'powershell' for command environment: Not usable outside of PowerShell
[0.224s] DEBUG:colcon.colcon_core.shell:Skip shell extension 'dsv' for command environment
[0.231s] DEBUG:colcon.colcon_core.event_handler.log_command:Invoking command in '/workspaces/build/yolo_msgs': CMAKE_PREFIX_PATH=${CMAKE_PREFIX_PATH}:/workspaces/install/yolo_ros:/workspaces/install/wildbot_control:/workspaces/install/handsfree_imu_ros2:/workspaces/install/arm_ik:/robot_ws/install/lidar_pkg:/opt/ros/jazzy /usr/bin/cmake /workspaces/workspaces/src/yolo_ros-main/yolo_msgs -DCMAKE_INSTALL_PREFIX=/workspaces/install/yolo_msgs
[0.366s] INFO:colcon.colcon_core.task.python.build:Building Python package in '/workspaces/workspaces/src/arm_ik'
[0.366s] INFO:colcon.colcon_core.shell:Skip shell extension 'powershell' for command environment: Not usable outside of PowerShell
[0.366s] DEBUG:colcon.colcon_core.shell:Skip shell extension 'dsv' for command environment
[0.502s] INFO:colcon.colcon_core.task.python.build:Building Python package in '/workspaces/workspaces/imu_ws/src/handsfree_imu_ros2'
[0.503s] INFO:colcon.colcon_core.shell:Skip shell extension 'powershell' for command environment: Not usable outside of PowerShell
[0.503s] DEBUG:colcon.colcon_core.shell:Skip shell extension 'dsv' for command environment
[0.624s] INFO:colcon.colcon_core.task.python.build:Building Python package in '/workspaces/workspaces/imu_ws/src/wildbot_control'
[0.624s] INFO:colcon.colcon_core.shell:Skip shell extension 'powershell' for command environment: Not usable outside of PowerShell
[0.624s] DEBUG:colcon.colcon_core.shell:Skip shell extension 'dsv' for command environment
[0.628s] DEBUG:colcon.colcon_core.event_handler.log_command:Invoking command in '/workspaces/build/wildbot_localization': CMAKE_PREFIX_PATH=${CMAKE_PREFIX_PATH}:/workspaces/install/yolo_ros:/workspaces/install/wildbot_control:/workspaces/install/handsfree_imu_ros2:/workspaces/install/arm_ik:/robot_ws/install/lidar_pkg:/opt/ros/jazzy /usr/bin/cmake /workspaces/workspaces/src/wildbot_localization -DCMAKE_INSTALL_PREFIX=/workspaces/install/wildbot_localization
[0.629s] DEBUG:colcon.colcon_core.event_handler.log_command:Invoking command in '/workspaces/build/wildbot_slam': CMAKE_PREFIX_PATH=${CMAKE_PREFIX_PATH}:/workspaces/install/yolo_ros:/workspaces/install/wildbot_control:/workspaces/install/handsfree_imu_ros2:/workspaces/install/arm_ik:/robot_ws/install/lidar_pkg:/opt/ros/jazzy /usr/bin/cmake /workspaces/workspaces/src/wildbot_slam -DCMAKE_INSTALL_PREFIX=/workspaces/install/wildbot_slam
[0.633s] DEBUG:colcon.colcon_core.event_handler.log_command:Invoking command in '/workspaces/build/ydlidar_ros2_driver': CMAKE_PREFIX_PATH=${CMAKE_PREFIX_PATH}:/workspaces/install/yolo_ros:/workspaces/install/wildbot_control:/workspaces/install/handsfree_imu_ros2:/workspaces/install/arm_ik:/robot_ws/install/lidar_pkg:/opt/ros/jazzy /usr/bin/cmake /workspaces/workspaces/src/ydlidar_ros2_driver -DCMAKE_INSTALL_PREFIX=/workspaces/install/ydlidar_ros2_driver
[0.853s] DEBUG:colcon.colcon_core.event_handler.log_command:Invoked command in '/workspaces/build/wildbot_localization' returned '0': CMAKE_PREFIX_PATH=${CMAKE_PREFIX_PATH}:/workspaces/install/yolo_ros:/workspaces/install/wildbot_control:/workspaces/install/handsfree_imu_ros2:/workspaces/install/arm_ik:/robot_ws/install/lidar_pkg:/opt/ros/jazzy /usr/bin/cmake /workspaces/workspaces/src/wildbot_localization -DCMAKE_INSTALL_PREFIX=/workspaces/install/wildbot_localization
[0.854s] DEBUG:colcon.colcon_core.event_handler.log_command:Invoking command in '/workspaces/build/wildbot_localization': CMAKE_PREFIX_PATH=${CMAKE_PREFIX_PATH}:/workspaces/install/yolo_ros:/workspaces/install/wildbot_control:/workspaces/install/handsfree_imu_ros2:/workspaces/install/arm_ik:/robot_ws/install/lidar_pkg:/opt/ros/jazzy /usr/bin/cmake --build /workspaces/build/wildbot_localization -- -j16 -l16
[0.880s] DEBUG:colcon.colcon_core.event_handler.log_command:Invoked command in '/workspaces/build/wildbot_localization' returned '0': CMAKE_PREFIX_PATH=${CMAKE_PREFIX_PATH}:/workspaces/install/yolo_ros:/workspaces/install/wildbot_control:/workspaces/install/handsfree_imu_ros2:/workspaces/install/arm_ik:/robot_ws/install/lidar_pkg:/opt/ros/jazzy /usr/bin/cmake --build /workspaces/build/wildbot_localization -- -j16 -l16
[0.889s] DEBUG:colcon.colcon_core.event_handler.log_command:Invoking command in '/workspaces/build/wildbot_localization': CMAKE_PREFIX_PATH=${CMAKE_PREFIX_PATH}:/workspaces/install/yolo_ros:/workspaces/install/wildbot_control:/workspaces/install/handsfree_imu_ros2:/workspaces/install/arm_ik:/robot_ws/install/lidar_pkg:/opt/ros/jazzy /usr/bin/cmake --install /workspaces/build/wildbot_localization
[0.905s] DEBUG:colcon.colcon_core.event_handler.log_command:Invoked command in '/workspaces/build/wildbot_slam' returned '0': CMAKE_PREFIX_PATH=${CMAKE_PREFIX_PATH}:/workspaces/install/yolo_ros:/workspaces/install/wildbot_control:/workspaces/install/handsfree_imu_ros2:/workspaces/install/arm_ik:/robot_ws/install/lidar_pkg:/opt/ros/jazzy /usr/bin/cmake /workspaces/workspaces/src/wildbot_slam -DCMAKE_INSTALL_PREFIX=/workspaces/install/wildbot_slam
[0.905s] DEBUG:colcon.colcon_core.event_handler.log_command:Invoking command in '/workspaces/build/wildbot_slam': CMAKE_PREFIX_PATH=${CMAKE_PREFIX_PATH}:/workspaces/install/yolo_ros:/workspaces/install/wildbot_control:/workspaces/install/handsfree_imu_ros2:/workspaces/install/arm_ik:/robot_ws/install/lidar_pkg:/opt/ros/jazzy /usr/bin/cmake --build /workspaces/build/wildbot_slam -- -j16 -l16
[0.907s] Level 1:colcon.colcon_core.environment:create_environment_scripts_only(wildbot_localization)
[0.907s] DEBUG:colcon.colcon_core.event_handler.log_command:Invoked command in '/workspaces/build/wildbot_localization' returned '0': CMAKE_PREFIX_PATH=${CMAKE_PREFIX_PATH}:/workspaces/install/yolo_ros:/workspaces/install/wildbot_control:/workspaces/install/handsfree_imu_ros2:/workspaces/install/arm_ik:/robot_ws/install/lidar_pkg:/opt/ros/jazzy /usr/bin/cmake --install /workspaces/build/wildbot_localization
[0.911s] Level 1:colcon.colcon_core.environment:checking '/workspaces/install/wildbot_localization' for CMake module files
[0.911s] Level 1:colcon.colcon_core.environment:checking '/workspaces/install/wildbot_localization' for CMake config files
[0.911s] Level 1:colcon.colcon_core.shell:create_environment_hook('wildbot_localization', 'cmake_prefix_path')
[0.912s] INFO:colcon.colcon_core.shell:Creating environment hook '/workspaces/install/wildbot_localization/share/wildbot_localization/hook/cmake_prefix_path.ps1'
[0.912s] INFO:colcon.colcon_core.shell:Creating environment descriptor '/workspaces/install/wildbot_localization/share/wildbot_localization/hook/cmake_prefix_path.dsv'
[0.913s] INFO:colcon.colcon_core.shell:Creating environment hook '/workspaces/install/wildbot_localization/share/wildbot_localization/hook/cmake_prefix_path.sh'
[0.914s] Level 1:colcon.colcon_core.environment:checking '/workspaces/install/wildbot_localization/bin'
[0.914s] Level 1:colcon.colcon_core.environment:checking '/workspaces/install/wildbot_localization/lib/pkgconfig/wildbot_localization.pc'
[0.914s] Level 1:colcon.colcon_core.environment:checking '/workspaces/install/wildbot_localization/lib/python3.12/site-packages'
[0.914s] Level 1:colcon.colcon_core.environment:checking '/workspaces/install/wildbot_localization/bin'
[0.915s] INFO:colcon.colcon_core.shell:Creating package script '/workspaces/install/wildbot_localization/share/wildbot_localization/package.ps1'
[0.916s] INFO:colcon.colcon_core.shell:Creating package descriptor '/workspaces/install/wildbot_localization/share/wildbot_localization/package.dsv'
[0.917s] INFO:colcon.colcon_core.shell:Creating package script '/workspaces/install/wildbot_localization/share/wildbot_localization/package.sh'
[0.917s] INFO:colcon.colcon_core.shell:Creating package script '/workspaces/install/wildbot_localization/share/wildbot_localization/package.bash'
[0.918s] INFO:colcon.colcon_core.shell:Creating package script '/workspaces/install/wildbot_localization/share/wildbot_localization/package.zsh'
[0.918s] Level 1:colcon.colcon_core.environment:create_file_with_runtime_dependencies(/workspaces/install/wildbot_localization/share/colcon-core/packages/wildbot_localization)
[0.919s] Level 1:colcon.colcon_core.environment:create_environment_scripts_only(wildbot_localization)
[0.919s] Level 1:colcon.colcon_core.environment:checking '/workspaces/install/wildbot_localization' for CMake module files
[0.920s] Level 1:colcon.colcon_core.environment:checking '/workspaces/install/wildbot_localization' for CMake config files
[0.920s] Level 1:colcon.colcon_core.shell:create_environment_hook('wildbot_localization', 'cmake_prefix_path')
[0.920s] INFO:colcon.colcon_core.shell:Creating environment hook '/workspaces/install/wildbot_localization/share/wildbot_localization/hook/cmake_prefix_path.ps1'
[0.920s] INFO:colcon.colcon_core.shell:Creating environment descriptor '/workspaces/install/wildbot_localization/share/wildbot_localization/hook/cmake_prefix_path.dsv'
[0.921s] INFO:colcon.colcon_core.shell:Creating environment hook '/workspaces/install/wildbot_localization/share/wildbot_localization/hook/cmake_prefix_path.sh'
[0.921s] Level 1:colcon.colcon_core.environment:checking '/workspaces/install/wildbot_localization/bin'
[0.921s] Level 1:colcon.colcon_core.environment:checking '/workspaces/install/wildbot_localization/lib/pkgconfig/wildbot_localization.pc'
[0.922s] Level 1:colcon.colcon_core.environment:checking '/workspaces/install/wildbot_localization/lib/python3.12/site-packages'
[0.922s] Level 1:colcon.colcon_core.environment:checking '/workspaces/install/wildbot_localization/bin'
[0.922s] INFO:colcon.colcon_core.shell:Creating package script '/workspaces/install/wildbot_localization/share/wildbot_localization/package.ps1'
[0.923s] INFO:colcon.colcon_core.shell:Creating package descriptor '/workspaces/install/wildbot_localization/share/wildbot_localization/package.dsv'
[0.923s] INFO:colcon.colcon_core.shell:Creating package script '/workspaces/install/wildbot_localization/share/wildbot_localization/package.sh'
[0.924s] INFO:colcon.colcon_core.shell:Creating package script '/workspaces/install/wildbot_localization/share/wildbot_localization/package.bash'
[0.924s] INFO:colcon.colcon_core.shell:Creating package script '/workspaces/install/wildbot_localization/share/wildbot_localization/package.zsh'
[0.924s] Level 1:colcon.colcon_core.environment:create_file_with_runtime_dependencies(/workspaces/install/wildbot_localization/share/colcon-core/packages/wildbot_localization)
[0.942s] DEBUG:colcon.colcon_core.event_handler.log_command:Invoking command in '/workspaces/build/wildbot_control': PYTHONPATH=/workspaces/build/wildbot_control/prefix_override:/usr/lib/python3/dist-packages/colcon_core/task/python/colcon_distutils_commands:/workspaces/install/wildbot_control/lib/python3.12/site-packages:${PYTHONPATH} /usr/bin/python3 -W ignore:setup.py install is deprecated -W ignore:easy_install command is deprecated setup.py develop --uninstall --editable --build-directory /workspaces/build/wildbot_control/build
[0.942s] DEBUG:colcon.colcon_core.event_handler.log_command:Invoked command in '/workspaces/build/wildbot_slam' returned '0': CMAKE_PREFIX_PATH=${CMAKE_PREFIX_PATH}:/workspaces/install/yolo_ros:/workspaces/install/wildbot_control:/workspaces/install/handsfree_imu_ros2:/workspaces/install/arm_ik:/robot_ws/install/lidar_pkg:/opt/ros/jazzy /usr/bin/cmake --build /workspaces/build/wildbot_slam -- -j16 -l16
[0.944s] DEBUG:colcon.colcon_core.event_handler.log_command:Invoking command in '/workspaces/build/wildbot_slam': CMAKE_PREFIX_PATH=${CMAKE_PREFIX_PATH}:/workspaces/install/yolo_ros:/workspaces/install/wildbot_control:/workspaces/install/handsfree_imu_ros2:/workspaces/install/arm_ik:/robot_ws/install/lidar_pkg:/opt/ros/jazzy /usr/bin/cmake --install /workspaces/build/wildbot_slam
[0.952s] DEBUG:colcon.colcon_core.event_handler.log_command:Invoking command in '/workspaces/build/handsfree_imu_ros2': PYTHONPATH=/workspaces/build/handsfree_imu_ros2/prefix_override:/usr/lib/python3/dist-packages/colcon_core/task/python/colcon_distutils_commands:/workspaces/install/handsfree_imu_ros2/lib/python3.12/site-packages:${PYTHONPATH} /usr/bin/python3 -W ignore:setup.py install is deprecated -W ignore:easy_install command is deprecated setup.py develop --uninstall --editable --build-directory /workspaces/build/handsfree_imu_ros2/build
[0.959s] Level 1:colcon.colcon_core.environment:create_environment_scripts_only(wildbot_slam)
[0.959s] Level 1:colcon.colcon_core.environment:checking '/workspaces/install/wildbot_slam' for CMake module files
[0.960s] DEBUG:colcon.colcon_core.event_handler.log_command:Invoked command in '/workspaces/build/wildbot_slam' returned '0': CMAKE_PREFIX_PATH=${CMAKE_PREFIX_PATH}:/workspaces/install/yolo_ros:/workspaces/install/wildbot_control:/workspaces/install/handsfree_imu_ros2:/workspaces/install/arm_ik:/robot_ws/install/lidar_pkg:/opt/ros/jazzy /usr/bin/cmake --install /workspaces/build/wildbot_slam
[0.960s] Level 1:colcon.colcon_core.environment:checking '/workspaces/install/wildbot_slam' for CMake config files
[0.960s] Level 1:colcon.colcon_core.shell:create_environment_hook('wildbot_slam', 'cmake_prefix_path')
[0.960s] INFO:colcon.colcon_core.shell:Creating environment hook '/workspaces/install/wildbot_slam/share/wildbot_slam/hook/cmake_prefix_path.ps1'
[0.961s] INFO:colcon.colcon_core.shell:Creating environment descriptor '/workspaces/install/wildbot_slam/share/wildbot_slam/hook/cmake_prefix_path.dsv'
[0.961s] INFO:colcon.colcon_core.shell:Creating environment hook '/workspaces/install/wildbot_slam/share/wildbot_slam/hook/cmake_prefix_path.sh'
[0.961s] Level 1:colcon.colcon_core.environment:checking '/workspaces/install/wildbot_slam/bin'
[0.961s] Level 1:colcon.colcon_core.environment:checking '/workspaces/install/wildbot_slam/lib/pkgconfig/wildbot_slam.pc'
[0.961s] Level 1:colcon.colcon_core.environment:checking '/workspaces/install/wildbot_slam/lib/python3.12/site-packages'
[0.961s] Level 1:colcon.colcon_core.environment:checking '/workspaces/install/wildbot_slam/bin'
[0.962s] INFO:colcon.colcon_core.shell:Creating package script '/workspaces/install/wildbot_slam/share/wildbot_slam/package.ps1'
[0.962s] INFO:colcon.colcon_core.shell:Creating package descriptor '/workspaces/install/wildbot_slam/share/wildbot_slam/package.dsv'
[0.962s] INFO:colcon.colcon_core.shell:Creating package script '/workspaces/install/wildbot_slam/share/wildbot_slam/package.sh'
[0.962s] INFO:colcon.colcon_core.shell:Creating package script '/workspaces/install/wildbot_slam/share/wildbot_slam/package.bash'
[0.962s] INFO:colcon.colcon_core.shell:Creating package script '/workspaces/install/wildbot_slam/share/wildbot_slam/package.zsh'
[0.963s] Level 1:colcon.colcon_core.environment:create_file_with_runtime_dependencies(/workspaces/install/wildbot_slam/share/colcon-core/packages/wildbot_slam)
[0.963s] Level 1:colcon.colcon_core.environment:create_environment_scripts_only(wildbot_slam)
[0.963s] Level 1:colcon.colcon_core.environment:checking '/workspaces/install/wildbot_slam' for CMake module files
[0.963s] Level 1:colcon.colcon_core.environment:checking '/workspaces/install/wildbot_slam' for CMake config files
[0.963s] Level 1:colcon.colcon_core.shell:create_environment_hook('wildbot_slam', 'cmake_prefix_path')
[0.963s] INFO:colcon.colcon_core.shell:Creating environment hook '/workspaces/install/wildbot_slam/share/wildbot_slam/hook/cmake_prefix_path.ps1'
[0.964s] INFO:colcon.colcon_core.shell:Creating environment descriptor '/workspaces/install/wildbot_slam/share/wildbot_slam/hook/cmake_prefix_path.dsv'
[0.964s] INFO:colcon.colcon_core.shell:Creating environment hook '/workspaces/install/wildbot_slam/share/wildbot_slam/hook/cmake_prefix_path.sh'
[0.964s] Level 1:colcon.colcon_core.environment:checking '/workspaces/install/wildbot_slam/bin'
[0.964s] Level 1:colcon.colcon_core.environment:checking '/workspaces/install/wildbot_slam/lib/pkgconfig/wildbot_slam.pc'
[0.964s] Level 1:colcon.colcon_core.environment:checking '/workspaces/install/wildbot_slam/lib/python3.12/site-packages'
[0.964s] Level 1:colcon.colcon_core.environment:checking '/workspaces/install/wildbot_slam/bin'
[0.964s] INFO:colcon.colcon_core.shell:Creating package script '/workspaces/install/wildbot_slam/share/wildbot_slam/package.ps1'
[0.965s] INFO:colcon.colcon_core.shell:Creating package descriptor '/workspaces/install/wildbot_slam/share/wildbot_slam/package.dsv'
[0.965s] INFO:colcon.colcon_core.shell:Creating package script '/workspaces/install/wildbot_slam/share/wildbot_slam/package.sh'
[0.965s] INFO:colcon.colcon_core.shell:Creating package script '/workspaces/install/wildbot_slam/share/wildbot_slam/package.bash'
[0.965s] INFO:colcon.colcon_core.shell:Creating package script '/workspaces/install/wildbot_slam/share/wildbot_slam/package.zsh'
[0.965s] Level 1:colcon.colcon_core.environment:create_file_with_runtime_dependencies(/workspaces/install/wildbot_slam/share/colcon-core/packages/wildbot_slam)
[1.047s] DEBUG:colcon.colcon_core.event_handler.log_command:Invoking command in '/workspaces/build/arm_ik': PYTHONPATH=/workspaces/build/arm_ik/prefix_override:/usr/lib/python3/dist-packages/colcon_core/task/python/colcon_distutils_commands:/workspaces/install/arm_ik/lib/python3.12/site-packages:${PYTHONPATH} /usr/bin/python3 -W ignore:setup.py install is deprecated -W ignore:easy_install command is deprecated setup.py develop --uninstall --editable --build-directory /workspaces/build/arm_ik/build
[1.235s] DEBUG:colcon.colcon_core.event_handler.log_command:Invoked command in '/workspaces/build/handsfree_imu_ros2' returned '0': PYTHONPATH=/workspaces/build/handsfree_imu_ros2/prefix_override:/usr/lib/python3/dist-packages/colcon_core/task/python/colcon_distutils_commands:/workspaces/install/handsfree_imu_ros2/lib/python3.12/site-packages:${PYTHONPATH} /usr/bin/python3 -W ignore:setup.py install is deprecated -W ignore:easy_install command is deprecated setup.py develop --uninstall --editable --build-directory /workspaces/build/handsfree_imu_ros2/build
[1.236s] DEBUG:colcon.colcon_core.event_handler.log_command:Invoking command in '/workspaces/workspaces/imu_ws/src/handsfree_imu_ros2': PYTHONPATH=/workspaces/build/handsfree_imu_ros2/prefix_override:/usr/lib/python3/dist-packages/colcon_core/task/python/colcon_distutils_commands:/workspaces/install/handsfree_imu_ros2/lib/python3.12/site-packages:${PYTHONPATH} /usr/bin/python3 -W ignore:setup.py install is deprecated -W ignore:easy_install command is deprecated setup.py egg_info --egg-base ../../../../build/handsfree_imu_ros2 build --build-base /workspaces/build/handsfree_imu_ros2/build install --record /workspaces/build/handsfree_imu_ros2/install.log --single-version-externally-managed install_data --force
[1.254s] DEBUG:colcon.colcon_core.event_handler.log_command:Invoked command in '/workspaces/build/wildbot_control' returned '0': PYTHONPATH=/workspaces/build/wildbot_control/prefix_override:/usr/lib/python3/dist-packages/colcon_core/task/python/colcon_distutils_commands:/workspaces/install/wildbot_control/lib/python3.12/site-packages:${PYTHONPATH} /usr/bin/python3 -W ignore:setup.py install is deprecated -W ignore:easy_install command is deprecated setup.py develop --uninstall --editable --build-directory /workspaces/build/wildbot_control/build
[1.255s] DEBUG:colcon.colcon_core.event_handler.log_command:Invoking command in '/workspaces/workspaces/imu_ws/src/wildbot_control': PYTHONPATH=/workspaces/build/wildbot_control/prefix_override:/usr/lib/python3/dist-packages/colcon_core/task/python/colcon_distutils_commands:/workspaces/install/wildbot_control/lib/python3.12/site-packages:${PYTHONPATH} /usr/bin/python3 -W ignore:setup.py install is deprecated -W ignore:easy_install command is deprecated setup.py egg_info --egg-base ../../../../build/wildbot_control build --build-base /workspaces/build/wildbot_control/build install --record /workspaces/build/wildbot_control/install.log --single-version-externally-managed install_data --force
[1.270s] DEBUG:colcon.colcon_core.event_handler.log_command:Invoked command in '/workspaces/build/ydlidar_ros2_driver' returned '0': CMAKE_PREFIX_PATH=${CMAKE_PREFIX_PATH}:/workspaces/install/yolo_ros:/workspaces/install/wildbot_control:/workspaces/install/handsfree_imu_ros2:/workspaces/install/arm_ik:/robot_ws/install/lidar_pkg:/opt/ros/jazzy /usr/bin/cmake /workspaces/workspaces/src/ydlidar_ros2_driver -DCMAKE_INSTALL_PREFIX=/workspaces/install/ydlidar_ros2_driver
[1.271s] DEBUG:colcon.colcon_core.event_handler.log_command:Invoking command in '/workspaces/build/ydlidar_ros2_driver': CMAKE_PREFIX_PATH=${CMAKE_PREFIX_PATH}:/workspaces/install/yolo_ros:/workspaces/install/wildbot_control:/workspaces/install/handsfree_imu_ros2:/workspaces/install/arm_ik:/robot_ws/install/lidar_pkg:/opt/ros/jazzy /usr/bin/cmake --build /workspaces/build/ydlidar_ros2_driver -- -j16 -l16
[1.282s] DEBUG:colcon.colcon_core.event_handler.log_command:Invoked command in '/workspaces/build/yolo_msgs' returned '0': CMAKE_PREFIX_PATH=${CMAKE_PREFIX_PATH}:/workspaces/install/yolo_ros:/workspaces/install/wildbot_control:/workspaces/install/handsfree_imu_ros2:/workspaces/install/arm_ik:/robot_ws/install/lidar_pkg:/opt/ros/jazzy /usr/bin/cmake /workspaces/workspaces/src/yolo_ros-main/yolo_msgs -DCMAKE_INSTALL_PREFIX=/workspaces/install/yolo_msgs
[1.283s] DEBUG:colcon.colcon_core.event_handler.log_command:Invoking command in '/workspaces/build/yolo_msgs': CMAKE_PREFIX_PATH=${CMAKE_PREFIX_PATH}:/workspaces/install/yolo_ros:/workspaces/install/wildbot_control:/workspaces/install/handsfree_imu_ros2:/workspaces/install/arm_ik:/robot_ws/install/lidar_pkg:/opt/ros/jazzy /usr/bin/cmake --build /workspaces/build/yolo_msgs -- -j16 -l16
[1.315s] DEBUG:colcon.colcon_core.event_handler.log_command:Invoked command in '/workspaces/build/ydlidar_ros2_driver' returned '0': CMAKE_PREFIX_PATH=${CMAKE_PREFIX_PATH}:/workspaces/install/yolo_ros:/workspaces/install/wildbot_control:/workspaces/install/handsfree_imu_ros2:/workspaces/install/arm_ik:/robot_ws/install/lidar_pkg:/opt/ros/jazzy /usr/bin/cmake --build /workspaces/build/ydlidar_ros2_driver -- -j16 -l16
[1.316s] DEBUG:colcon.colcon_core.event_handler.log_command:Invoking command in '/workspaces/build/ydlidar_ros2_driver': CMAKE_PREFIX_PATH=${CMAKE_PREFIX_PATH}:/workspaces/install/yolo_ros:/workspaces/install/wildbot_control:/workspaces/install/handsfree_imu_ros2:/workspaces/install/arm_ik:/robot_ws/install/lidar_pkg:/opt/ros/jazzy /usr/bin/cmake --install /workspaces/build/ydlidar_ros2_driver
[1.327s] Level 1:colcon.colcon_core.environment:create_environment_scripts_only(ydlidar_ros2_driver)
[1.328s] Level 1:colcon.colcon_core.environment:checking '/workspaces/install/ydlidar_ros2_driver' for CMake module files
[1.328s] DEBUG:colcon.colcon_core.event_handler.log_command:Invoked command in '/workspaces/build/ydlidar_ros2_driver' returned '0': CMAKE_PREFIX_PATH=${CMAKE_PREFIX_PATH}:/workspaces/install/yolo_ros:/workspaces/install/wildbot_control:/workspaces/install/handsfree_imu_ros2:/workspaces/install/arm_ik:/robot_ws/install/lidar_pkg:/opt/ros/jazzy /usr/bin/cmake --install /workspaces/build/ydlidar_ros2_driver
[1.328s] Level 1:colcon.colcon_core.environment:checking '/workspaces/install/ydlidar_ros2_driver' for CMake config files
[1.329s] Level 1:colcon.colcon_core.shell:create_environment_hook('ydlidar_ros2_driver', 'cmake_prefix_path')
[1.329s] INFO:colcon.colcon_core.shell:Creating environment hook '/workspaces/install/ydlidar_ros2_driver/share/ydlidar_ros2_driver/hook/cmake_prefix_path.ps1'
[1.330s] INFO:colcon.colcon_core.shell:Creating environment descriptor '/workspaces/install/ydlidar_ros2_driver/share/ydlidar_ros2_driver/hook/cmake_prefix_path.dsv'
[1.330s] INFO:colcon.colcon_core.shell:Creating environment hook '/workspaces/install/ydlidar_ros2_driver/share/ydlidar_ros2_driver/hook/cmake_prefix_path.sh'
[1.331s] Level 1:colcon.colcon_core.environment:checking '/workspaces/install/ydlidar_ros2_driver/lib'
[1.331s] Level 1:colcon.colcon_core.environment:checking '/workspaces/install/ydlidar_ros2_driver/bin'
[1.331s] Level 1:colcon.colcon_core.environment:checking '/workspaces/install/ydlidar_ros2_driver/lib/pkgconfig/ydlidar_ros2_driver.pc'
[1.331s] Level 1:colcon.colcon_core.environment:checking '/workspaces/install/ydlidar_ros2_driver/lib/python3.12/site-packages'
[1.332s] Level 1:colcon.colcon_core.environment:checking '/workspaces/install/ydlidar_ros2_driver/bin'
[1.332s] INFO:colcon.colcon_core.shell:Creating package script '/workspaces/install/ydlidar_ros2_driver/share/ydlidar_ros2_driver/package.ps1'
[1.333s] INFO:colcon.colcon_core.shell:Creating package descriptor '/workspaces/install/ydlidar_ros2_driver/share/ydlidar_ros2_driver/package.dsv'
[1.334s] INFO:colcon.colcon_core.shell:Creating package script '/workspaces/install/ydlidar_ros2_driver/share/ydlidar_ros2_driver/package.sh'
[1.334s] INFO:colcon.colcon_core.shell:Creating package script '/workspaces/install/ydlidar_ros2_driver/share/ydlidar_ros2_driver/package.bash'
[1.334s] INFO:colcon.colcon_core.shell:Creating package script '/workspaces/install/ydlidar_ros2_driver/share/ydlidar_ros2_driver/package.zsh'
[1.335s] Level 1:colcon.colcon_core.environment:create_file_with_runtime_dependencies(/workspaces/install/ydlidar_ros2_driver/share/colcon-core/packages/ydlidar_ros2_driver)
[1.335s] Level 1:colcon.colcon_core.environment:create_environment_scripts_only(ydlidar_ros2_driver)
[1.335s] Level 1:colcon.colcon_core.environment:checking '/workspaces/install/ydlidar_ros2_driver' for CMake module files
[1.335s] Level 1:colcon.colcon_core.environment:checking '/workspaces/install/ydlidar_ros2_driver' for CMake config files
[1.336s] Level 1:colcon.colcon_core.shell:create_environment_hook('ydlidar_ros2_driver', 'cmake_prefix_path')
[1.336s] INFO:colcon.colcon_core.shell:Creating environment hook '/workspaces/install/ydlidar_ros2_driver/share/ydlidar_ros2_driver/hook/cmake_prefix_path.ps1'
[1.336s] INFO:colcon.colcon_core.shell:Creating environment descriptor '/workspaces/install/ydlidar_ros2_driver/share/ydlidar_ros2_driver/hook/cmake_prefix_path.dsv'
[1.336s] INFO:colcon.colcon_core.shell:Creating environment hook '/workspaces/install/ydlidar_ros2_driver/share/ydlidar_ros2_driver/hook/cmake_prefix_path.sh'
[1.337s] Level 1:colcon.colcon_core.environment:checking '/workspaces/install/ydlidar_ros2_driver/lib'
[1.337s] Level 1:colcon.colcon_core.environment:checking '/workspaces/install/ydlidar_ros2_driver/bin'
[1.337s] Level 1:colcon.colcon_core.environment:checking '/workspaces/install/ydlidar_ros2_driver/lib/pkgconfig/ydlidar_ros2_driver.pc'
[1.337s] Level 1:colcon.colcon_core.environment:checking '/workspaces/install/ydlidar_ros2_driver/lib/python3.12/site-packages'
[1.337s] Level 1:colcon.colcon_core.environment:checking '/workspaces/install/ydlidar_ros2_driver/bin'
[1.338s] INFO:colcon.colcon_core.shell:Creating package script '/workspaces/install/ydlidar_ros2_driver/share/ydlidar_ros2_driver/package.ps1'
[1.338s] INFO:colcon.colcon_core.shell:Creating package descriptor '/workspaces/install/ydlidar_ros2_driver/share/ydlidar_ros2_driver/package.dsv'
[1.338s] INFO:colcon.colcon_core.shell:Creating package script '/workspaces/install/ydlidar_ros2_driver/share/ydlidar_ros2_driver/package.sh'
[1.339s] INFO:colcon.colcon_core.shell:Creating package script '/workspaces/install/ydlidar_ros2_driver/share/ydlidar_ros2_driver/package.bash'
[1.339s] INFO:colcon.colcon_core.shell:Creating package script '/workspaces/install/ydlidar_ros2_driver/share/ydlidar_ros2_driver/package.zsh'
[1.339s] Level 1:colcon.colcon_core.environment:create_file_with_runtime_dependencies(/workspaces/install/ydlidar_ros2_driver/share/colcon-core/packages/ydlidar_ros2_driver)
[1.407s] DEBUG:colcon.colcon_core.event_handler.log_command:Invoked command in '/workspaces/build/arm_ik' returned '0': PYTHONPATH=/workspaces/build/arm_ik/prefix_override:/usr/lib/python3/dist-packages/colcon_core/task/python/colcon_distutils_commands:/workspaces/install/arm_ik/lib/python3.12/site-packages:${PYTHONPATH} /usr/bin/python3 -W ignore:setup.py install is deprecated -W ignore:easy_install command is deprecated setup.py develop --uninstall --editable --build-directory /workspaces/build/arm_ik/build
[1.408s] DEBUG:colcon.colcon_core.event_handler.log_command:Invoking command in '/workspaces/workspaces/src/arm_ik': PYTHONPATH=/workspaces/build/arm_ik/prefix_override:/usr/lib/python3/dist-packages/colcon_core/task/python/colcon_distutils_commands:/workspaces/install/arm_ik/lib/python3.12/site-packages:${PYTHONPATH} /usr/bin/python3 -W ignore:setup.py install is deprecated -W ignore:easy_install command is deprecated setup.py egg_info --egg-base ../../../build/arm_ik build --build-base /workspaces/build/arm_ik/build install --record /workspaces/build/arm_ik/install.log --single-version-externally-managed install_data --force
[1.527s] DEBUG:colcon.colcon_core.event_handler.log_command:Invoked command in '/workspaces/build/yolo_msgs' returned '0': CMAKE_PREFIX_PATH=${CMAKE_PREFIX_PATH}:/workspaces/install/yolo_ros:/workspaces/install/wildbot_control:/workspaces/install/handsfree_imu_ros2:/workspaces/install/arm_ik:/robot_ws/install/lidar_pkg:/opt/ros/jazzy /usr/bin/cmake --build /workspaces/build/yolo_msgs -- -j16 -l16
[1.527s] DEBUG:colcon.colcon_core.event_handler.log_command:Invoking command in '/workspaces/build/yolo_msgs': CMAKE_PREFIX_PATH=${CMAKE_PREFIX_PATH}:/workspaces/install/yolo_ros:/workspaces/install/wildbot_control:/workspaces/install/handsfree_imu_ros2:/workspaces/install/arm_ik:/robot_ws/install/lidar_pkg:/opt/ros/jazzy /usr/bin/cmake --install /workspaces/build/yolo_msgs
[1.554s] Level 1:colcon.colcon_core.environment:checking '/workspaces/install/handsfree_imu_ros2' for CMake module files
[1.555s] DEBUG:colcon.colcon_core.event_handler.log_command:Invoked command in '/workspaces/workspaces/imu_ws/src/handsfree_imu_ros2' returned '0': PYTHONPATH=/workspaces/build/handsfree_imu_ros2/prefix_override:/usr/lib/python3/dist-packages/colcon_core/task/python/colcon_distutils_commands:/workspaces/install/handsfree_imu_ros2/lib/python3.12/site-packages:${PYTHONPATH} /usr/bin/python3 -W ignore:setup.py install is deprecated -W ignore:easy_install command is deprecated setup.py egg_info --egg-base ../../../../build/handsfree_imu_ros2 build --build-base /workspaces/build/handsfree_imu_ros2/build install --record /workspaces/build/handsfree_imu_ros2/install.log --single-version-externally-managed install_data --force
[1.555s] Level 1:colcon.colcon_core.environment:checking '/workspaces/install/handsfree_imu_ros2' for CMake config files
[1.556s] Level 1:colcon.colcon_core.environment:checking '/workspaces/install/handsfree_imu_ros2/lib'
[1.556s] Level 1:colcon.colcon_core.environment:checking '/workspaces/install/handsfree_imu_ros2/bin'
[1.556s] Level 1:colcon.colcon_core.environment:checking '/workspaces/install/handsfree_imu_ros2/lib/pkgconfig/handsfree_imu_ros2.pc'
[1.556s] Level 1:colcon.colcon_core.environment:checking '/workspaces/install/handsfree_imu_ros2/lib/python3.12/site-packages'
[1.556s] Level 1:colcon.colcon_core.shell:create_environment_hook('handsfree_imu_ros2', 'pythonpath')
[1.556s] INFO:colcon.colcon_core.shell:Creating environment hook '/workspaces/install/handsfree_imu_ros2/share/handsfree_imu_ros2/hook/pythonpath.ps1'
[1.556s] INFO:colcon.colcon_core.shell:Creating environment descriptor '/workspaces/install/handsfree_imu_ros2/share/handsfree_imu_ros2/hook/pythonpath.dsv'
[1.557s] INFO:colcon.colcon_core.shell:Creating environment hook '/workspaces/install/handsfree_imu_ros2/share/handsfree_imu_ros2/hook/pythonpath.sh'
[1.557s] Level 1:colcon.colcon_core.environment:checking '/workspaces/install/handsfree_imu_ros2/bin'
[1.557s] Level 1:colcon.colcon_core.environment:create_environment_scripts_only(handsfree_imu_ros2)
[1.557s] INFO:colcon.colcon_core.shell:Creating package script '/workspaces/install/handsfree_imu_ros2/share/handsfree_imu_ros2/package.ps1'
[1.558s] INFO:colcon.colcon_core.shell:Creating package descriptor '/workspaces/install/handsfree_imu_ros2/share/handsfree_imu_ros2/package.dsv'
[1.558s] INFO:colcon.colcon_core.shell:Creating package script '/workspaces/install/handsfree_imu_ros2/share/handsfree_imu_ros2/package.sh'
[1.558s] INFO:colcon.colcon_core.shell:Creating package script '/workspaces/install/handsfree_imu_ros2/share/handsfree_imu_ros2/package.bash'
[1.558s] INFO:colcon.colcon_core.shell:Creating package script '/workspaces/install/handsfree_imu_ros2/share/handsfree_imu_ros2/package.zsh'
[1.559s] Level 1:colcon.colcon_core.environment:create_file_with_runtime_dependencies(/workspaces/install/handsfree_imu_ros2/share/colcon-core/packages/handsfree_imu_ros2)
[1.583s] Level 1:colcon.colcon_core.environment:create_environment_scripts_only(yolo_msgs)
[1.583s] Level 1:colcon.colcon_core.environment:checking '/workspaces/install/yolo_msgs' for CMake module files
[1.583s] DEBUG:colcon.colcon_core.event_handler.log_command:Invoked command in '/workspaces/build/yolo_msgs' returned '0': CMAKE_PREFIX_PATH=${CMAKE_PREFIX_PATH}:/workspaces/install/yolo_ros:/workspaces/install/wildbot_control:/workspaces/install/handsfree_imu_ros2:/workspaces/install/arm_ik:/robot_ws/install/lidar_pkg:/opt/ros/jazzy /usr/bin/cmake --install /workspaces/build/yolo_msgs
[1.584s] Level 1:colcon.colcon_core.environment:checking '/workspaces/install/yolo_msgs' for CMake config files
[1.584s] Level 1:colcon.colcon_core.shell:create_environment_hook('yolo_msgs', 'cmake_prefix_path')
[1.584s] INFO:colcon.colcon_core.shell:Creating environment hook '/workspaces/install/yolo_msgs/share/yolo_msgs/hook/cmake_prefix_path.ps1'
[1.585s] INFO:colcon.colcon_core.shell:Creating environment descriptor '/workspaces/install/yolo_msgs/share/yolo_msgs/hook/cmake_prefix_path.dsv'
[1.585s] INFO:colcon.colcon_core.shell:Creating environment hook '/workspaces/install/yolo_msgs/share/yolo_msgs/hook/cmake_prefix_path.sh'
[1.585s] Level 1:colcon.colcon_core.environment:checking '/workspaces/install/yolo_msgs/lib'
[1.585s] Level 1:colcon.colcon_core.shell:create_environment_hook('yolo_msgs', 'ld_library_path_lib')
[1.585s] INFO:colcon.colcon_core.shell:Creating environment hook '/workspaces/install/yolo_msgs/share/yolo_msgs/hook/ld_library_path_lib.ps1'
[1.586s] INFO:colcon.colcon_core.shell:Creating environment descriptor '/workspaces/install/yolo_msgs/share/yolo_msgs/hook/ld_library_path_lib.dsv'
[1.586s] INFO:colcon.colcon_core.shell:Creating environment hook '/workspaces/install/yolo_msgs/share/yolo_msgs/hook/ld_library_path_lib.sh'
[1.586s] Level 1:colcon.colcon_core.environment:checking '/workspaces/install/yolo_msgs/bin'
[1.586s] Level 1:colcon.colcon_core.environment:checking '/workspaces/install/yolo_msgs/lib/pkgconfig/yolo_msgs.pc'
[1.586s] Level 1:colcon.colcon_core.environment:checking '/workspaces/install/yolo_msgs/lib/python3.12/site-packages'
[1.586s] Level 1:colcon.colcon_core.shell:create_environment_hook('yolo_msgs', 'pythonpath')
[1.586s] INFO:colcon.colcon_core.shell:Creating environment hook '/workspaces/install/yolo_msgs/share/yolo_msgs/hook/pythonpath.ps1'
[1.587s] INFO:colcon.colcon_core.shell:Creating environment descriptor '/workspaces/install/yolo_msgs/share/yolo_msgs/hook/pythonpath.dsv'
[1.587s] INFO:colcon.colcon_core.shell:Creating environment hook '/workspaces/install/yolo_msgs/share/yolo_msgs/hook/pythonpath.sh'
[1.587s] Level 1:colcon.colcon_core.environment:checking '/workspaces/install/yolo_msgs/bin'
[1.587s] INFO:colcon.colcon_core.shell:Creating package script '/workspaces/install/yolo_msgs/share/yolo_msgs/package.ps1'
[1.588s] INFO:colcon.colcon_core.shell:Creating package descriptor '/workspaces/install/yolo_msgs/share/yolo_msgs/package.dsv'
[1.588s] INFO:colcon.colcon_core.shell:Creating package script '/workspaces/install/yolo_msgs/share/yolo_msgs/package.sh'
[1.589s] INFO:colcon.colcon_core.shell:Creating package script '/workspaces/install/yolo_msgs/share/yolo_msgs/package.bash'
[1.589s] INFO:colcon.colcon_core.shell:Creating package script '/workspaces/install/yolo_msgs/share/yolo_msgs/package.zsh'
[1.589s] Level 1:colcon.colcon_core.environment:create_file_with_runtime_dependencies(/workspaces/install/yolo_msgs/share/colcon-core/packages/yolo_msgs)
[1.589s] Level 1:colcon.colcon_core.environment:create_environment_scripts_only(yolo_msgs)
[1.589s] Level 1:colcon.colcon_core.environment:checking '/workspaces/install/yolo_msgs' for CMake module files
[1.590s] Level 1:colcon.colcon_core.environment:checking '/workspaces/install/yolo_msgs' for CMake config files
[1.590s] Level 1:colcon.colcon_core.shell:create_environment_hook('yolo_msgs', 'cmake_prefix_path')
[1.590s] INFO:colcon.colcon_core.shell:Creating environment hook '/workspaces/install/yolo_msgs/share/yolo_msgs/hook/cmake_prefix_path.ps1'
[1.591s] INFO:colcon.colcon_core.shell:Creating environment descriptor '/workspaces/install/yolo_msgs/share/yolo_msgs/hook/cmake_prefix_path.dsv'
[1.591s] INFO:colcon.colcon_core.shell:Creating environment hook '/workspaces/install/yolo_msgs/share/yolo_msgs/hook/cmake_prefix_path.sh'
[1.591s] Level 1:colcon.colcon_core.environment:checking '/workspaces/install/yolo_msgs/lib'
[1.591s] Level 1:colcon.colcon_core.shell:create_environment_hook('yolo_msgs', 'ld_library_path_lib')
[1.591s] INFO:colcon.colcon_core.shell:Creating environment hook '/workspaces/install/yolo_msgs/share/yolo_msgs/hook/ld_library_path_lib.ps1'
[1.591s] INFO:colcon.colcon_core.shell:Creating environment descriptor '/workspaces/install/yolo_msgs/share/yolo_msgs/hook/ld_library_path_lib.dsv'
[1.592s] INFO:colcon.colcon_core.shell:Creating environment hook '/workspaces/install/yolo_msgs/share/yolo_msgs/hook/ld_library_path_lib.sh'
[1.592s] Level 1:colcon.colcon_core.environment:checking '/workspaces/install/yolo_msgs/bin'
[1.592s] Level 1:colcon.colcon_core.environment:checking '/workspaces/install/yolo_msgs/lib/pkgconfig/yolo_msgs.pc'
[1.592s] Level 1:colcon.colcon_core.environment:checking '/workspaces/install/yolo_msgs/lib/python3.12/site-packages'
[1.592s] Level 1:colcon.colcon_core.shell:create_environment_hook('yolo_msgs', 'pythonpath')
[1.592s] INFO:colcon.colcon_core.shell:Creating environment hook '/workspaces/install/yolo_msgs/share/yolo_msgs/hook/pythonpath.ps1'
[1.592s] INFO:colcon.colcon_core.shell:Creating environment descriptor '/workspaces/install/yolo_msgs/share/yolo_msgs/hook/pythonpath.dsv'
[1.593s] INFO:colcon.colcon_core.shell:Creating environment hook '/workspaces/install/yolo_msgs/share/yolo_msgs/hook/pythonpath.sh'
[1.593s] Level 1:colcon.colcon_core.environment:checking '/workspaces/install/yolo_msgs/bin'
[1.593s] INFO:colcon.colcon_core.shell:Creating package script '/workspaces/install/yolo_msgs/share/yolo_msgs/package.ps1'
[1.594s] INFO:colcon.colcon_core.shell:Creating package descriptor '/workspaces/install/yolo_msgs/share/yolo_msgs/package.dsv'
[1.594s] INFO:colcon.colcon_core.shell:Creating package script '/workspaces/install/yolo_msgs/share/yolo_msgs/package.sh'
[1.594s] INFO:colcon.colcon_core.shell:Creating package script '/workspaces/install/yolo_msgs/share/yolo_msgs/package.bash'
[1.595s] INFO:colcon.colcon_core.shell:Creating package script '/workspaces/install/yolo_msgs/share/yolo_msgs/package.zsh'
[1.595s] Level 1:colcon.colcon_core.environment:create_file_with_runtime_dependencies(/workspaces/install/yolo_msgs/share/colcon-core/packages/yolo_msgs)
[1.595s] INFO:colcon.colcon_ros.task.ament_python.build:Building ROS package in '/workspaces/workspaces/src/yolo_ros-main/yolo_ros' with build type 'ament_python'
[1.595s] Level 1:colcon.colcon_core.shell:create_environment_hook('yolo_ros', 'ament_prefix_path')
[1.595s] INFO:colcon.colcon_core.shell:Creating environment hook '/workspaces/install/yolo_ros/share/yolo_ros/hook/ament_prefix_path.ps1'
[1.596s] INFO:colcon.colcon_core.shell:Creating environment descriptor '/workspaces/install/yolo_ros/share/yolo_ros/hook/ament_prefix_path.dsv'
[1.596s] INFO:colcon.colcon_core.shell:Creating environment hook '/workspaces/install/yolo_ros/share/yolo_ros/hook/ament_prefix_path.sh'
[1.596s] INFO:colcon.colcon_core.shell:Skip shell extension 'powershell' for command environment: Not usable outside of PowerShell
[1.596s] DEBUG:colcon.colcon_core.shell:Skip shell extension 'dsv' for command environment
[1.599s] Level 1:colcon.colcon_core.environment:checking '/workspaces/install/wildbot_control' for CMake module files
[1.599s] DEBUG:colcon.colcon_core.event_handler.log_command:Invoked command in '/workspaces/workspaces/imu_ws/src/wildbot_control' returned '0': PYTHONPATH=/workspaces/build/wildbot_control/prefix_override:/usr/lib/python3/dist-packages/colcon_core/task/python/colcon_distutils_commands:/workspaces/install/wildbot_control/lib/python3.12/site-packages:${PYTHONPATH} /usr/bin/python3 -W ignore:setup.py install is deprecated -W ignore:easy_install command is deprecated setup.py egg_info --egg-base ../../../../build/wildbot_control build --build-base /workspaces/build/wildbot_control/build install --record /workspaces/build/wildbot_control/install.log --single-version-externally-managed install_data --force
[1.599s] Level 1:colcon.colcon_core.environment:checking '/workspaces/install/wildbot_control' for CMake config files
[1.600s] Level 1:colcon.colcon_core.environment:checking '/workspaces/install/wildbot_control/lib'
[1.600s] Level 1:colcon.colcon_core.environment:checking '/workspaces/install/wildbot_control/bin'
[1.600s] Level 1:colcon.colcon_core.environment:checking '/workspaces/install/wildbot_control/lib/pkgconfig/wildbot_control.pc'
[1.600s] Level 1:colcon.colcon_core.environment:checking '/workspaces/install/wildbot_control/lib/python3.12/site-packages'
[1.600s] Level 1:colcon.colcon_core.shell:create_environment_hook('wildbot_control', 'pythonpath')
[1.600s] INFO:colcon.colcon_core.shell:Creating environment hook '/workspaces/install/wildbot_control/share/wildbot_control/hook/pythonpath.ps1'
[1.601s] INFO:colcon.colcon_core.shell:Creating environment descriptor '/workspaces/install/wildbot_control/share/wildbot_control/hook/pythonpath.dsv'
[1.601s] INFO:colcon.colcon_core.shell:Creating environment hook '/workspaces/install/wildbot_control/share/wildbot_control/hook/pythonpath.sh'
[1.601s] Level 1:colcon.colcon_core.environment:checking '/workspaces/install/wildbot_control/bin'
[1.601s] Level 1:colcon.colcon_core.environment:create_environment_scripts_only(wildbot_control)
[1.601s] INFO:colcon.colcon_core.shell:Creating package script '/workspaces/install/wildbot_control/share/wildbot_control/package.ps1'
[1.602s] INFO:colcon.colcon_core.shell:Creating package descriptor '/workspaces/install/wildbot_control/share/wildbot_control/package.dsv'
[1.603s] INFO:colcon.colcon_core.shell:Creating package script '/workspaces/install/wildbot_control/share/wildbot_control/package.sh'
[1.603s] INFO:colcon.colcon_core.shell:Creating package script '/workspaces/install/wildbot_control/share/wildbot_control/package.bash'
[1.603s] INFO:colcon.colcon_core.shell:Creating package script '/workspaces/install/wildbot_control/share/wildbot_control/package.zsh'
[1.603s] Level 1:colcon.colcon_core.environment:create_file_with_runtime_dependencies(/workspaces/install/wildbot_control/share/colcon-core/packages/wildbot_control)
[1.716s] INFO:colcon.colcon_core.task.python.build:Building Python package in '/workspaces/workspaces/src/yolo_ros-main/yolo_ros'
[1.716s] INFO:colcon.colcon_core.shell:Skip shell extension 'powershell' for command environment: Not usable outside of PowerShell
[1.716s] DEBUG:colcon.colcon_core.shell:Skip shell extension 'dsv' for command environment
[1.719s] Level 1:colcon.colcon_core.environment:checking '/workspaces/install/arm_ik' for CMake module files
[1.720s] DEBUG:colcon.colcon_core.event_handler.log_command:Invoked command in '/workspaces/workspaces/src/arm_ik' returned '0': PYTHONPATH=/workspaces/build/arm_ik/prefix_override:/usr/lib/python3/dist-packages/colcon_core/task/python/colcon_distutils_commands:/workspaces/install/arm_ik/lib/python3.12/site-packages:${PYTHONPATH} /usr/bin/python3 -W ignore:setup.py install is deprecated -W ignore:easy_install command is deprecated setup.py egg_info --egg-base ../../../build/arm_ik build --build-base /workspaces/build/arm_ik/build install --record /workspaces/build/arm_ik/install.log --single-version-externally-managed install_data --force
[1.720s] Level 1:colcon.colcon_core.environment:checking '/workspaces/install/arm_ik' for CMake config files
[1.720s] Level 1:colcon.colcon_core.environment:checking '/workspaces/install/arm_ik/lib'
[1.720s] Level 1:colcon.colcon_core.environment:checking '/workspaces/install/arm_ik/bin'
[1.720s] Level 1:colcon.colcon_core.shell:create_environment_hook('arm_ik', 'path')
[1.721s] INFO:colcon.colcon_core.shell:Creating environment hook '/workspaces/install/arm_ik/share/arm_ik/hook/path.ps1'
[1.721s] INFO:colcon.colcon_core.shell:Creating environment descriptor '/workspaces/install/arm_ik/share/arm_ik/hook/path.dsv'
[1.721s] INFO:colcon.colcon_core.shell:Creating environment hook '/workspaces/install/arm_ik/share/arm_ik/hook/path.sh'
[1.721s] Level 1:colcon.colcon_core.environment:checking '/workspaces/install/arm_ik/lib/pkgconfig/arm_ik.pc'
[1.721s] Level 1:colcon.colcon_core.environment:checking '/workspaces/install/arm_ik/lib/python3.12/site-packages'
[1.721s] Level 1:colcon.colcon_core.shell:create_environment_hook('arm_ik', 'pythonpath')
[1.722s] INFO:colcon.colcon_core.shell:Creating environment hook '/workspaces/install/arm_ik/share/arm_ik/hook/pythonpath.ps1'
[1.722s] INFO:colcon.colcon_core.shell:Creating environment descriptor '/workspaces/install/arm_ik/share/arm_ik/hook/pythonpath.dsv'
[1.722s] INFO:colcon.colcon_core.shell:Creating environment hook '/workspaces/install/arm_ik/share/arm_ik/hook/pythonpath.sh'
[1.722s] Level 1:colcon.colcon_core.environment:checking '/workspaces/install/arm_ik/bin'
[1.722s] Level 1:colcon.colcon_core.shell:create_environment_hook('arm_ik', 'pythonscriptspath')
[1.722s] INFO:colcon.colcon_core.shell:Creating environment hook '/workspaces/install/arm_ik/share/arm_ik/hook/pythonscriptspath.ps1'
[1.722s] INFO:colcon.colcon_core.shell:Creating environment descriptor '/workspaces/install/arm_ik/share/arm_ik/hook/pythonscriptspath.dsv'
[1.723s] INFO:colcon.colcon_core.shell:Creating environment hook '/workspaces/install/arm_ik/share/arm_ik/hook/pythonscriptspath.sh'
[1.723s] Level 1:colcon.colcon_core.environment:create_environment_scripts_only(arm_ik)
[1.723s] INFO:colcon.colcon_core.shell:Creating package script '/workspaces/install/arm_ik/share/arm_ik/package.ps1'
[1.723s] INFO:colcon.colcon_core.shell:Creating package descriptor '/workspaces/install/arm_ik/share/arm_ik/package.dsv'
[1.723s] INFO:colcon.colcon_core.shell:Creating package script '/workspaces/install/arm_ik/share/arm_ik/package.sh'
[1.724s] INFO:colcon.colcon_core.shell:Creating package script '/workspaces/install/arm_ik/share/arm_ik/package.bash'
[1.724s] INFO:colcon.colcon_core.shell:Creating package script '/workspaces/install/arm_ik/share/arm_ik/package.zsh'
[1.724s] Level 1:colcon.colcon_core.environment:create_file_with_runtime_dependencies(/workspaces/install/arm_ik/share/colcon-core/packages/arm_ik)
[1.977s] DEBUG:colcon.colcon_core.event_handler.log_command:Invoking command in '/workspaces/build/yolo_ros': CMAKE_PREFIX_PATH=/workspaces/install/yolo_msgs:/workspaces/install/yolo_bringup:/workspaces/install/ydlidar_ros2_driver:/workspaces/install/wildbot_slam:/workspaces/install/wildbot_localization:/robot_ws/install/orbbec_description:/robot_ws/install/orbbec_camera:/robot_ws/install/orbbec_camera_msgs:/robot_ws/install/oradar_lidar:/robot_ws/install/kros_car:/robot_ws/install/kros_car_description:/opt/ros/jazzy/opt/sdformat_vendor:/opt/ros/jazzy/opt/gz_math_vendor:/opt/ros/jazzy/opt/gz_utils_vendor:/opt/ros/jazzy/opt/gz_tools_vendor:/opt/ros/jazzy/opt/gz_cmake_vendor PYTHONPATH=/workspaces/build/yolo_ros/prefix_override:/usr/lib/python3/dist-packages/colcon_core/task/python/colcon_distutils_commands:/workspaces/install/yolo_ros/lib/python3.12/site-packages:/workspaces/install/yolo_msgs/lib/python3.12/site-packages:/workspaces/build/arm_ik:/workspaces/build/yolo_ros:/workspaces/install/yolo_ros/lib/python3.12/site-packages:/workspaces/build/wildbot_control:/workspaces/install/wildbot_control/lib/python3.12/site-packages:/workspaces/build/handsfree_imu_ros2:/workspaces/install/handsfree_imu_ros2/lib/python3.12/site-packages:/workspaces/install/arm_ik/lib/python3.12/site-packages:/robot_ws/install/orbbec_camera_msgs/lib/python3.12/site-packages:/robot_ws/build/lidar_pkg:/robot_ws/install/lidar_pkg/lib/python3.12/site-packages:/opt/ros/jazzy/lib/python3.12/site-packages /usr/bin/python3 -W ignore:setup.py install is deprecated -W ignore:easy_install command is deprecated setup.py develop --uninstall --editable --build-directory /workspaces/build/yolo_ros/build
[2.198s] DEBUG:colcon.colcon_core.event_handler.log_command:Invoked command in '/workspaces/build/yolo_ros' returned '0': CMAKE_PREFIX_PATH=/workspaces/install/yolo_msgs:/workspaces/install/yolo_bringup:/workspaces/install/ydlidar_ros2_driver:/workspaces/install/wildbot_slam:/workspaces/install/wildbot_localization:/robot_ws/install/orbbec_description:/robot_ws/install/orbbec_camera:/robot_ws/install/orbbec_camera_msgs:/robot_ws/install/oradar_lidar:/robot_ws/install/kros_car:/robot_ws/install/kros_car_description:/opt/ros/jazzy/opt/sdformat_vendor:/opt/ros/jazzy/opt/gz_math_vendor:/opt/ros/jazzy/opt/gz_utils_vendor:/opt/ros/jazzy/opt/gz_tools_vendor:/opt/ros/jazzy/opt/gz_cmake_vendor PYTHONPATH=/workspaces/build/yolo_ros/prefix_override:/usr/lib/python3/dist-packages/colcon_core/task/python/colcon_distutils_commands:/workspaces/install/yolo_ros/lib/python3.12/site-packages:/workspaces/install/yolo_msgs/lib/python3.12/site-packages:/workspaces/build/arm_ik:/workspaces/build/yolo_ros:/workspaces/install/yolo_ros/lib/python3.12/site-packages:/workspaces/build/wildbot_control:/workspaces/install/wildbot_control/lib/python3.12/site-packages:/workspaces/build/handsfree_imu_ros2:/workspaces/install/handsfree_imu_ros2/lib/python3.12/site-packages:/workspaces/install/arm_ik/lib/python3.12/site-packages:/robot_ws/install/orbbec_camera_msgs/lib/python3.12/site-packages:/robot_ws/build/lidar_pkg:/robot_ws/install/lidar_pkg/lib/python3.12/site-packages:/opt/ros/jazzy/lib/python3.12/site-packages /usr/bin/python3 -W ignore:setup.py install is deprecated -W ignore:easy_install command is deprecated setup.py develop --uninstall --editable --build-directory /workspaces/build/yolo_ros/build
[2.198s] DEBUG:colcon.colcon_core.event_handler.log_command:Invoking command in '/workspaces/workspaces/src/yolo_ros-main/yolo_ros': CMAKE_PREFIX_PATH=/workspaces/install/yolo_msgs:/workspaces/install/yolo_bringup:/workspaces/install/ydlidar_ros2_driver:/workspaces/install/wildbot_slam:/workspaces/install/wildbot_localization:/robot_ws/install/orbbec_description:/robot_ws/install/orbbec_camera:/robot_ws/install/orbbec_camera_msgs:/robot_ws/install/oradar_lidar:/robot_ws/install/kros_car:/robot_ws/install/kros_car_description:/opt/ros/jazzy/opt/sdformat_vendor:/opt/ros/jazzy/opt/gz_math_vendor:/opt/ros/jazzy/opt/gz_utils_vendor:/opt/ros/jazzy/opt/gz_tools_vendor:/opt/ros/jazzy/opt/gz_cmake_vendor PYTHONPATH=/workspaces/build/yolo_ros/prefix_override:/usr/lib/python3/dist-packages/colcon_core/task/python/colcon_distutils_commands:/workspaces/install/yolo_ros/lib/python3.12/site-packages:/workspaces/install/yolo_msgs/lib/python3.12/site-packages:/workspaces/build/arm_ik:/workspaces/build/yolo_ros:/workspaces/install/yolo_ros/lib/python3.12/site-packages:/workspaces/build/wildbot_control:/workspaces/install/wildbot_control/lib/python3.12/site-packages:/workspaces/build/handsfree_imu_ros2:/workspaces/install/handsfree_imu_ros2/lib/python3.12/site-packages:/workspaces/install/arm_ik/lib/python3.12/site-packages:/robot_ws/install/orbbec_camera_msgs/lib/python3.12/site-packages:/robot_ws/build/lidar_pkg:/robot_ws/install/lidar_pkg/lib/python3.12/site-packages:/opt/ros/jazzy/lib/python3.12/site-packages /usr/bin/python3 -W ignore:setup.py install is deprecated -W ignore:easy_install command is deprecated setup.py egg_info --egg-base ../../../../build/yolo_ros build --build-base /workspaces/build/yolo_ros/build install --record /workspaces/build/yolo_ros/install.log --single-version-externally-managed install_data --force
[2.427s] Level 1:colcon.colcon_core.environment:checking '/workspaces/install/yolo_ros' for CMake module files
[2.427s] DEBUG:colcon.colcon_core.event_handler.log_command:Invoked command in '/workspaces/workspaces/src/yolo_ros-main/yolo_ros' returned '0': CMAKE_PREFIX_PATH=/workspaces/install/yolo_msgs:/workspaces/install/yolo_bringup:/workspaces/install/ydlidar_ros2_driver:/workspaces/install/wildbot_slam:/workspaces/install/wildbot_localization:/robot_ws/install/orbbec_description:/robot_ws/install/orbbec_camera:/robot_ws/install/orbbec_camera_msgs:/robot_ws/install/oradar_lidar:/robot_ws/install/kros_car:/robot_ws/install/kros_car_description:/opt/ros/jazzy/opt/sdformat_vendor:/opt/ros/jazzy/opt/gz_math_vendor:/opt/ros/jazzy/opt/gz_utils_vendor:/opt/ros/jazzy/opt/gz_tools_vendor:/opt/ros/jazzy/opt/gz_cmake_vendor PYTHONPATH=/workspaces/build/yolo_ros/prefix_override:/usr/lib/python3/dist-packages/colcon_core/task/python/colcon_distutils_commands:/workspaces/install/yolo_ros/lib/python3.12/site-packages:/workspaces/install/yolo_msgs/lib/python3.12/site-packages:/workspaces/build/arm_ik:/workspaces/build/yolo_ros:/workspaces/install/yolo_ros/lib/python3.12/site-packages:/workspaces/build/wildbot_control:/workspaces/install/wildbot_control/lib/python3.12/site-packages:/workspaces/build/handsfree_imu_ros2:/workspaces/install/handsfree_imu_ros2/lib/python3.12/site-packages:/workspaces/install/arm_ik/lib/python3.12/site-packages:/robot_ws/install/orbbec_camera_msgs/lib/python3.12/site-packages:/robot_ws/build/lidar_pkg:/robot_ws/install/lidar_pkg/lib/python3.12/site-packages:/opt/ros/jazzy/lib/python3.12/site-packages /usr/bin/python3 -W ignore:setup.py install is deprecated -W ignore:easy_install command is deprecated setup.py egg_info --egg-base ../../../../build/yolo_ros build --build-base /workspaces/build/yolo_ros/build install --record /workspaces/build/yolo_ros/install.log --single-version-externally-managed install_data --force
[2.427s] Level 1:colcon.colcon_core.environment:checking '/workspaces/install/yolo_ros' for CMake config files
[2.428s] Level 1:colcon.colcon_core.environment:checking '/workspaces/install/yolo_ros/lib'
[2.428s] Level 1:colcon.colcon_core.environment:checking '/workspaces/install/yolo_ros/bin'
[2.428s] Level 1:colcon.colcon_core.environment:checking '/workspaces/install/yolo_ros/lib/pkgconfig/yolo_ros.pc'
[2.428s] Level 1:colcon.colcon_core.environment:checking '/workspaces/install/yolo_ros/lib/python3.12/site-packages'
[2.428s] Level 1:colcon.colcon_core.shell:create_environment_hook('yolo_ros', 'pythonpath')
[2.428s] INFO:colcon.colcon_core.shell:Creating environment hook '/workspaces/install/yolo_ros/share/yolo_ros/hook/pythonpath.ps1'
[2.428s] INFO:colcon.colcon_core.shell:Creating environment descriptor '/workspaces/install/yolo_ros/share/yolo_ros/hook/pythonpath.dsv'
[2.429s] INFO:colcon.colcon_core.shell:Creating environment hook '/workspaces/install/yolo_ros/share/yolo_ros/hook/pythonpath.sh'
[2.429s] Level 1:colcon.colcon_core.environment:checking '/workspaces/install/yolo_ros/bin'
[2.429s] Level 1:colcon.colcon_core.environment:create_environment_scripts_only(yolo_ros)
[2.429s] INFO:colcon.colcon_core.shell:Creating package script '/workspaces/install/yolo_ros/share/yolo_ros/package.ps1'
[2.429s] INFO:colcon.colcon_core.shell:Creating package descriptor '/workspaces/install/yolo_ros/share/yolo_ros/package.dsv'
[2.430s] INFO:colcon.colcon_core.shell:Creating package script '/workspaces/install/yolo_ros/share/yolo_ros/package.sh'
[2.430s] INFO:colcon.colcon_core.shell:Creating package script '/workspaces/install/yolo_ros/share/yolo_ros/package.bash'
[2.430s] INFO:colcon.colcon_core.shell:Creating package script '/workspaces/install/yolo_ros/share/yolo_ros/package.zsh'
[2.430s] Level 1:colcon.colcon_core.environment:create_file_with_runtime_dependencies(/workspaces/install/yolo_ros/share/colcon-core/packages/yolo_ros)
[2.430s] INFO:colcon.colcon_ros.task.ament_cmake.build:Building ROS package in '/workspaces/workspaces/src/yolo_ros-main/yolo_bringup' with build type 'ament_cmake'
[2.430s] INFO:colcon.colcon_cmake.task.cmake.build:Building CMake package in '/workspaces/workspaces/src/yolo_ros-main/yolo_bringup'
[2.430s] INFO:colcon.colcon_core.shell:Skip shell extension 'powershell' for command environment: Not usable outside of PowerShell
[2.430s] DEBUG:colcon.colcon_core.shell:Skip shell extension 'dsv' for command environment
[2.437s] DEBUG:colcon.colcon_core.event_handler.log_command:Invoking command in '/workspaces/build/yolo_bringup': AMENT_PREFIX_PATH=/workspaces/install/yolo_ros:/workspaces/install/yolo_bringup:/workspaces/install/yolo_msgs:/workspaces/install/ydlidar_ros2_driver:/workspaces/install/wildbot_slam:/workspaces/install/wildbot_localization:/workspaces/install/wildbot_control:/workspaces/install/handsfree_imu_ros2:/workspaces/install/arm_ik:/robot_ws/install/orbbec_description:/robot_ws/install/orbbec_camera:/robot_ws/install/orbbec_camera_msgs:/robot_ws/install/oradar_lidar:/robot_ws/install/lidar_pkg:/robot_ws/install/kros_car:/robot_ws/install/kros_car_description:/opt/ros/jazzy CMAKE_PREFIX_PATH=/workspaces/install/yolo_msgs:/workspaces/install/yolo_bringup:/workspaces/install/ydlidar_ros2_driver:/workspaces/install/wildbot_slam:/workspaces/install/wildbot_localization:/robot_ws/install/orbbec_description:/robot_ws/install/orbbec_camera:/robot_ws/install/orbbec_camera_msgs:/robot_ws/install/oradar_lidar:/robot_ws/install/kros_car:/robot_ws/install/kros_car_description:/opt/ros/jazzy/opt/sdformat_vendor:/opt/ros/jazzy/opt/gz_math_vendor:/opt/ros/jazzy/opt/gz_utils_vendor:/opt/ros/jazzy/opt/gz_tools_vendor:/opt/ros/jazzy/opt/gz_cmake_vendor:/workspaces/install/yolo_ros:/workspaces/install/wildbot_control:/workspaces/install/handsfree_imu_ros2:/workspaces/install/arm_ik:/robot_ws/install/lidar_pkg:/opt/ros/jazzy PYTHONPATH=/workspaces/install/yolo_ros/lib/python3.12/site-packages:/workspaces/install/yolo_msgs/lib/python3.12/site-packages:/workspaces/build/arm_ik:/workspaces/build/yolo_ros:/workspaces/build/wildbot_control:/workspaces/install/wildbot_control/lib/python3.12/site-packages:/workspaces/build/handsfree_imu_ros2:/workspaces/install/handsfree_imu_ros2/lib/python3.12/site-packages:/workspaces/install/arm_ik/lib/python3.12/site-packages:/robot_ws/install/orbbec_camera_msgs/lib/python3.12/site-packages:/robot_ws/build/lidar_pkg:/robot_ws/install/lidar_pkg/lib/python3.12/site-packages:/opt/ros/jazzy/lib/python3.12/site-packages /usr/bin/cmake /workspaces/workspaces/src/yolo_ros-main/yolo_bringup -DCMAKE_INSTALL_PREFIX=/workspaces/install/yolo_bringup
[2.630s] DEBUG:colcon.colcon_core.event_handler.log_command:Invoked command in '/workspaces/build/yolo_bringup' returned '0': AMENT_PREFIX_PATH=/workspaces/install/yolo_ros:/workspaces/install/yolo_bringup:/workspaces/install/yolo_msgs:/workspaces/install/ydlidar_ros2_driver:/workspaces/install/wildbot_slam:/workspaces/install/wildbot_localization:/workspaces/install/wildbot_control:/workspaces/install/handsfree_imu_ros2:/workspaces/install/arm_ik:/robot_ws/install/orbbec_description:/robot_ws/install/orbbec_camera:/robot_ws/install/orbbec_camera_msgs:/robot_ws/install/oradar_lidar:/robot_ws/install/lidar_pkg:/robot_ws/install/kros_car:/robot_ws/install/kros_car_description:/opt/ros/jazzy CMAKE_PREFIX_PATH=/workspaces/install/yolo_msgs:/workspaces/install/yolo_bringup:/workspaces/install/ydlidar_ros2_driver:/workspaces/install/wildbot_slam:/workspaces/install/wildbot_localization:/robot_ws/install/orbbec_description:/robot_ws/install/orbbec_camera:/robot_ws/install/orbbec_camera_msgs:/robot_ws/install/oradar_lidar:/robot_ws/install/kros_car:/robot_ws/install/kros_car_description:/opt/ros/jazzy/opt/sdformat_vendor:/opt/ros/jazzy/opt/gz_math_vendor:/opt/ros/jazzy/opt/gz_utils_vendor:/opt/ros/jazzy/opt/gz_tools_vendor:/opt/ros/jazzy/opt/gz_cmake_vendor:/workspaces/install/yolo_ros:/workspaces/install/wildbot_control:/workspaces/install/handsfree_imu_ros2:/workspaces/install/arm_ik:/robot_ws/install/lidar_pkg:/opt/ros/jazzy PYTHONPATH=/workspaces/install/yolo_ros/lib/python3.12/site-packages:/workspaces/install/yolo_msgs/lib/python3.12/site-packages:/workspaces/build/arm_ik:/workspaces/build/yolo_ros:/workspaces/build/wildbot_control:/workspaces/install/wildbot_control/lib/python3.12/site-packages:/workspaces/build/handsfree_imu_ros2:/workspaces/install/handsfree_imu_ros2/lib/python3.12/site-packages:/workspaces/install/arm_ik/lib/python3.12/site-packages:/robot_ws/install/orbbec_camera_msgs/lib/python3.12/site-packages:/robot_ws/build/lidar_pkg:/robot_ws/install/lidar_pkg/lib/python3.12/site-packages:/opt/ros/jazzy/lib/python3.12/site-packages /usr/bin/cmake /workspaces/workspaces/src/yolo_ros-main/yolo_bringup -DCMAKE_INSTALL_PREFIX=/workspaces/install/yolo_bringup
[2.631s] DEBUG:colcon.colcon_core.event_handler.log_command:Invoking command in '/workspaces/build/yolo_bringup': AMENT_PREFIX_PATH=/workspaces/install/yolo_ros:/workspaces/install/yolo_bringup:/workspaces/install/yolo_msgs:/workspaces/install/ydlidar_ros2_driver:/workspaces/install/wildbot_slam:/workspaces/install/wildbot_localization:/workspaces/install/wildbot_control:/workspaces/install/handsfree_imu_ros2:/workspaces/install/arm_ik:/robot_ws/install/orbbec_description:/robot_ws/install/orbbec_camera:/robot_ws/install/orbbec_camera_msgs:/robot_ws/install/oradar_lidar:/robot_ws/install/lidar_pkg:/robot_ws/install/kros_car:/robot_ws/install/kros_car_description:/opt/ros/jazzy CMAKE_PREFIX_PATH=/workspaces/install/yolo_msgs:/workspaces/install/yolo_bringup:/workspaces/install/ydlidar_ros2_driver:/workspaces/install/wildbot_slam:/workspaces/install/wildbot_localization:/robot_ws/install/orbbec_description:/robot_ws/install/orbbec_camera:/robot_ws/install/orbbec_camera_msgs:/robot_ws/install/oradar_lidar:/robot_ws/install/kros_car:/robot_ws/install/kros_car_description:/opt/ros/jazzy/opt/sdformat_vendor:/opt/ros/jazzy/opt/gz_math_vendor:/opt/ros/jazzy/opt/gz_utils_vendor:/opt/ros/jazzy/opt/gz_tools_vendor:/opt/ros/jazzy/opt/gz_cmake_vendor:/workspaces/install/yolo_ros:/workspaces/install/wildbot_control:/workspaces/install/handsfree_imu_ros2:/workspaces/install/arm_ik:/robot_ws/install/lidar_pkg:/opt/ros/jazzy PYTHONPATH=/workspaces/install/yolo_ros/lib/python3.12/site-packages:/workspaces/install/yolo_msgs/lib/python3.12/site-packages:/workspaces/build/arm_ik:/workspaces/build/yolo_ros:/workspaces/build/wildbot_control:/workspaces/install/wildbot_control/lib/python3.12/site-packages:/workspaces/build/handsfree_imu_ros2:/workspaces/install/handsfree_imu_ros2/lib/python3.12/site-packages:/workspaces/install/arm_ik/lib/python3.12/site-packages:/robot_ws/install/orbbec_camera_msgs/lib/python3.12/site-packages:/robot_ws/build/lidar_pkg:/robot_ws/install/lidar_pkg/lib/python3.12/site-packages:/opt/ros/jazzy/lib/python3.12/site-packages /usr/bin/cmake --build /workspaces/build/yolo_bringup -- -j16 -l16
[2.659s] DEBUG:colcon.colcon_core.event_handler.log_command:Invoked command in '/workspaces/build/yolo_bringup' returned '0': AMENT_PREFIX_PATH=/workspaces/install/yolo_ros:/workspaces/install/yolo_bringup:/workspaces/install/yolo_msgs:/workspaces/install/ydlidar_ros2_driver:/workspaces/install/wildbot_slam:/workspaces/install/wildbot_localization:/workspaces/install/wildbot_control:/workspaces/install/handsfree_imu_ros2:/workspaces/install/arm_ik:/robot_ws/install/orbbec_description:/robot_ws/install/orbbec_camera:/robot_ws/install/orbbec_camera_msgs:/robot_ws/install/oradar_lidar:/robot_ws/install/lidar_pkg:/robot_ws/install/kros_car:/robot_ws/install/kros_car_description:/opt/ros/jazzy CMAKE_PREFIX_PATH=/workspaces/install/yolo_msgs:/workspaces/install/yolo_bringup:/workspaces/install/ydlidar_ros2_driver:/workspaces/install/wildbot_slam:/workspaces/install/wildbot_localization:/robot_ws/install/orbbec_description:/robot_ws/install/orbbec_camera:/robot_ws/install/orbbec_camera_msgs:/robot_ws/install/oradar_lidar:/robot_ws/install/kros_car:/robot_ws/install/kros_car_description:/opt/ros/jazzy/opt/sdformat_vendor:/opt/ros/jazzy/opt/gz_math_vendor:/opt/ros/jazzy/opt/gz_utils_vendor:/opt/ros/jazzy/opt/gz_tools_vendor:/opt/ros/jazzy/opt/gz_cmake_vendor:/workspaces/install/yolo_ros:/workspaces/install/wildbot_control:/workspaces/install/handsfree_imu_ros2:/workspaces/install/arm_ik:/robot_ws/install/lidar_pkg:/opt/ros/jazzy PYTHONPATH=/workspaces/install/yolo_ros/lib/python3.12/site-packages:/workspaces/install/yolo_msgs/lib/python3.12/site-packages:/workspaces/build/arm_ik:/workspaces/build/yolo_ros:/workspaces/build/wildbot_control:/workspaces/install/wildbot_control/lib/python3.12/site-packages:/workspaces/build/handsfree_imu_ros2:/workspaces/install/handsfree_imu_ros2/lib/python3.12/site-packages:/workspaces/install/arm_ik/lib/python3.12/site-packages:/robot_ws/install/orbbec_camera_msgs/lib/python3.12/site-packages:/robot_ws/build/lidar_pkg:/robot_ws/install/lidar_pkg/lib/python3.12/site-packages:/opt/ros/jazzy/lib/python3.12/site-packages /usr/bin/cmake --build /workspaces/build/yolo_bringup -- -j16 -l16
[2.660s] DEBUG:colcon.colcon_core.event_handler.log_command:Invoking command in '/workspaces/build/yolo_bringup': AMENT_PREFIX_PATH=/workspaces/install/yolo_ros:/workspaces/install/yolo_bringup:/workspaces/install/yolo_msgs:/workspaces/install/ydlidar_ros2_driver:/workspaces/install/wildbot_slam:/workspaces/install/wildbot_localization:/workspaces/install/wildbot_control:/workspaces/install/handsfree_imu_ros2:/workspaces/install/arm_ik:/robot_ws/install/orbbec_description:/robot_ws/install/orbbec_camera:/robot_ws/install/orbbec_camera_msgs:/robot_ws/install/oradar_lidar:/robot_ws/install/lidar_pkg:/robot_ws/install/kros_car:/robot_ws/install/kros_car_description:/opt/ros/jazzy CMAKE_PREFIX_PATH=/workspaces/install/yolo_msgs:/workspaces/install/yolo_bringup:/workspaces/install/ydlidar_ros2_driver:/workspaces/install/wildbot_slam:/workspaces/install/wildbot_localization:/robot_ws/install/orbbec_description:/robot_ws/install/orbbec_camera:/robot_ws/install/orbbec_camera_msgs:/robot_ws/install/oradar_lidar:/robot_ws/install/kros_car:/robot_ws/install/kros_car_description:/opt/ros/jazzy/opt/sdformat_vendor:/opt/ros/jazzy/opt/gz_math_vendor:/opt/ros/jazzy/opt/gz_utils_vendor:/opt/ros/jazzy/opt/gz_tools_vendor:/opt/ros/jazzy/opt/gz_cmake_vendor:/workspaces/install/yolo_ros:/workspaces/install/wildbot_control:/workspaces/install/handsfree_imu_ros2:/workspaces/install/arm_ik:/robot_ws/install/lidar_pkg:/opt/ros/jazzy PYTHONPATH=/workspaces/install/yolo_ros/lib/python3.12/site-packages:/workspaces/install/yolo_msgs/lib/python3.12/site-packages:/workspaces/build/arm_ik:/workspaces/build/yolo_ros:/workspaces/build/wildbot_control:/workspaces/install/wildbot_control/lib/python3.12/site-packages:/workspaces/build/handsfree_imu_ros2:/workspaces/install/handsfree_imu_ros2/lib/python3.12/site-packages:/workspaces/install/arm_ik/lib/python3.12/site-packages:/robot_ws/install/orbbec_camera_msgs/lib/python3.12/site-packages:/robot_ws/build/lidar_pkg:/robot_ws/install/lidar_pkg/lib/python3.12/site-packages:/opt/ros/jazzy/lib/python3.12/site-packages /usr/bin/cmake --install /workspaces/build/yolo_bringup
[2.675s] Level 1:colcon.colcon_core.environment:create_environment_scripts_only(yolo_bringup)
[2.675s] Level 1:colcon.colcon_core.environment:checking '/workspaces/install/yolo_bringup' for CMake module files
[2.676s] DEBUG:colcon.colcon_core.event_handler.log_command:Invoked command in '/workspaces/build/yolo_bringup' returned '0': AMENT_PREFIX_PATH=/workspaces/install/yolo_ros:/workspaces/install/yolo_bringup:/workspaces/install/yolo_msgs:/workspaces/install/ydlidar_ros2_driver:/workspaces/install/wildbot_slam:/workspaces/install/wildbot_localization:/workspaces/install/wildbot_control:/workspaces/install/handsfree_imu_ros2:/workspaces/install/arm_ik:/robot_ws/install/orbbec_description:/robot_ws/install/orbbec_camera:/robot_ws/install/orbbec_camera_msgs:/robot_ws/install/oradar_lidar:/robot_ws/install/lidar_pkg:/robot_ws/install/kros_car:/robot_ws/install/kros_car_description:/opt/ros/jazzy CMAKE_PREFIX_PATH=/workspaces/install/yolo_msgs:/workspaces/install/yolo_bringup:/workspaces/install/ydlidar_ros2_driver:/workspaces/install/wildbot_slam:/workspaces/install/wildbot_localization:/robot_ws/install/orbbec_description:/robot_ws/install/orbbec_camera:/robot_ws/install/orbbec_camera_msgs:/robot_ws/install/oradar_lidar:/robot_ws/install/kros_car:/robot_ws/install/kros_car_description:/opt/ros/jazzy/opt/sdformat_vendor:/opt/ros/jazzy/opt/gz_math_vendor:/opt/ros/jazzy/opt/gz_utils_vendor:/opt/ros/jazzy/opt/gz_tools_vendor:/opt/ros/jazzy/opt/gz_cmake_vendor:/workspaces/install/yolo_ros:/workspaces/install/wildbot_control:/workspaces/install/handsfree_imu_ros2:/workspaces/install/arm_ik:/robot_ws/install/lidar_pkg:/opt/ros/jazzy PYTHONPATH=/workspaces/install/yolo_ros/lib/python3.12/site-packages:/workspaces/install/yolo_msgs/lib/python3.12/site-packages:/workspaces/build/arm_ik:/workspaces/build/yolo_ros:/workspaces/build/wildbot_control:/workspaces/install/wildbot_control/lib/python3.12/site-packages:/workspaces/build/handsfree_imu_ros2:/workspaces/install/handsfree_imu_ros2/lib/python3.12/site-packages:/workspaces/install/arm_ik/lib/python3.12/site-packages:/robot_ws/install/orbbec_camera_msgs/lib/python3.12/site-packages:/robot_ws/build/lidar_pkg:/robot_ws/install/lidar_pkg/lib/python3.12/site-packages:/opt/ros/jazzy/lib/python3.12/site-packages /usr/bin/cmake --install /workspaces/build/yolo_bringup
[2.676s] Level 1:colcon.colcon_core.environment:checking '/workspaces/install/yolo_bringup' for CMake config files
[2.676s] Level 1:colcon.colcon_core.shell:create_environment_hook('yolo_bringup', 'cmake_prefix_path')
[2.676s] INFO:colcon.colcon_core.shell:Creating environment hook '/workspaces/install/yolo_bringup/share/yolo_bringup/hook/cmake_prefix_path.ps1'
[2.677s] INFO:colcon.colcon_core.shell:Creating environment descriptor '/workspaces/install/yolo_bringup/share/yolo_bringup/hook/cmake_prefix_path.dsv'
[2.677s] INFO:colcon.colcon_core.shell:Creating environment hook '/workspaces/install/yolo_bringup/share/yolo_bringup/hook/cmake_prefix_path.sh'
[2.678s] Level 1:colcon.colcon_core.environment:checking '/workspaces/install/yolo_bringup/bin'
[2.678s] Level 1:colcon.colcon_core.environment:checking '/workspaces/install/yolo_bringup/lib/pkgconfig/yolo_bringup.pc'
[2.678s] Level 1:colcon.colcon_core.environment:checking '/workspaces/install/yolo_bringup/lib/python3.12/site-packages'
[2.678s] Level 1:colcon.colcon_core.environment:checking '/workspaces/install/yolo_bringup/bin'
[2.678s] INFO:colcon.colcon_core.shell:Creating package script '/workspaces/install/yolo_bringup/share/yolo_bringup/package.ps1'
[2.679s] INFO:colcon.colcon_core.shell:Creating package descriptor '/workspaces/install/yolo_bringup/share/yolo_bringup/package.dsv'
[2.679s] INFO:colcon.colcon_core.shell:Creating package script '/workspaces/install/yolo_bringup/share/yolo_bringup/package.sh'
[2.679s] INFO:colcon.colcon_core.shell:Creating package script '/workspaces/install/yolo_bringup/share/yolo_bringup/package.bash'
[2.680s] INFO:colcon.colcon_core.shell:Creating package script '/workspaces/install/yolo_bringup/share/yolo_bringup/package.zsh'
[2.680s] Level 1:colcon.colcon_core.environment:create_file_with_runtime_dependencies(/workspaces/install/yolo_bringup/share/colcon-core/packages/yolo_bringup)
[2.680s] Level 1:colcon.colcon_core.environment:create_environment_scripts_only(yolo_bringup)
[2.680s] Level 1:colcon.colcon_core.environment:checking '/workspaces/install/yolo_bringup' for CMake module files
[2.681s] Level 1:colcon.colcon_core.environment:checking '/workspaces/install/yolo_bringup' for CMake config files
[2.681s] Level 1:colcon.colcon_core.shell:create_environment_hook('yolo_bringup', 'cmake_prefix_path')
[2.681s] INFO:colcon.colcon_core.shell:Creating environment hook '/workspaces/install/yolo_bringup/share/yolo_bringup/hook/cmake_prefix_path.ps1'
[2.681s] INFO:colcon.colcon_core.shell:Creating environment descriptor '/workspaces/install/yolo_bringup/share/yolo_bringup/hook/cmake_prefix_path.dsv'
[2.682s] INFO:colcon.colcon_core.shell:Creating environment hook '/workspaces/install/yolo_bringup/share/yolo_bringup/hook/cmake_prefix_path.sh'
[2.682s] Level 1:colcon.colcon_core.environment:checking '/workspaces/install/yolo_bringup/bin'
[2.682s] Level 1:colcon.colcon_core.environment:checking '/workspaces/install/yolo_bringup/lib/pkgconfig/yolo_bringup.pc'
[2.683s] Level 1:colcon.colcon_core.environment:checking '/workspaces/install/yolo_bringup/lib/python3.12/site-packages'
[2.683s] Level 1:colcon.colcon_core.environment:checking '/workspaces/install/yolo_bringup/bin'
[2.683s] INFO:colcon.colcon_core.shell:Creating package script '/workspaces/install/yolo_bringup/share/yolo_bringup/package.ps1'
[2.683s] INFO:colcon.colcon_core.shell:Creating package descriptor '/workspaces/install/yolo_bringup/share/yolo_bringup/package.dsv'
[2.684s] INFO:colcon.colcon_core.shell:Creating package script '/workspaces/install/yolo_bringup/share/yolo_bringup/package.sh'
[2.684s] INFO:colcon.colcon_core.shell:Creating package script '/workspaces/install/yolo_bringup/share/yolo_bringup/package.bash'
[2.684s] INFO:colcon.colcon_core.shell:Creating package script '/workspaces/install/yolo_bringup/share/yolo_bringup/package.zsh'
[2.684s] Level 1:colcon.colcon_core.environment:create_file_with_runtime_dependencies(/workspaces/install/yolo_bringup/share/colcon-core/packages/yolo_bringup)
[2.685s] DEBUG:colcon.colcon_parallel_executor.executor.parallel:closing loop
[2.685s] DEBUG:colcon.colcon_parallel_executor.executor.parallel:loop closed
[2.685s] DEBUG:colcon.colcon_parallel_executor.executor.parallel:run_until_complete finished with '0'
[2.685s] DEBUG:colcon.colcon_core.event_reactor:joining thread
[2.690s] INFO:colcon.colcon_core.plugin_system:Skipping extension 'colcon_notification.desktop_notification.notify_send': Could not find 'notify-send'
[2.690s] INFO:colcon.colcon_core.plugin_system:Skipping extension 'colcon_notification.desktop_notification.terminal_notifier': Not used on non-Darwin systems
[2.690s] INFO:colcon.colcon_core.plugin_system:Skipping extension 'colcon_notification.desktop_notification.win32': Not used on non-Windows systems
[2.690s] INFO:colcon.colcon_notification.desktop_notification:Sending desktop notification using 'notify2'
[2.690s] DEBUG:colcon.colcon_notification.desktop_notification.notify2:Failed to initialize notify2: org.freedesktop.DBus.Error.NotSupported: Unable to autolaunch a dbus-daemon without a $DISPLAY for X11
[2.690s] DEBUG:colcon.colcon_core.event_reactor:joined thread
[2.690s] INFO:colcon.colcon_core.shell:Creating prefix script '/workspaces/install/local_setup.ps1'
[2.690s] INFO:colcon.colcon_core.shell:Creating prefix util module '/workspaces/install/_local_setup_util_ps1.py'
[2.691s] INFO:colcon.colcon_core.shell:Creating prefix chain script '/workspaces/install/setup.ps1'
[2.691s] INFO:colcon.colcon_core.shell:Creating prefix script '/workspaces/install/local_setup.sh'
[2.692s] INFO:colcon.colcon_core.shell:Creating prefix util module '/workspaces/install/_local_setup_util_sh.py'
[2.692s] INFO:colcon.colcon_core.shell:Creating prefix chain script '/workspaces/install/setup.sh'
[2.693s] INFO:colcon.colcon_core.shell:Creating prefix script '/workspaces/install/local_setup.bash'
[2.693s] INFO:colcon.colcon_core.shell:Creating prefix chain script '/workspaces/install/setup.bash'
[2.693s] INFO:colcon.colcon_core.shell:Creating prefix script '/workspaces/install/local_setup.zsh'
[2.694s] INFO:colcon.colcon_core.shell:Creating prefix chain script '/workspaces/install/setup.zsh'
